Wed, 08 Jan 2025 16:58:17 -0500 [2600:1006:b024:dd93:7534:315d:67d3:3898] 500: Undefined variable $i18n trace: [lib/base.php:2375] Base->error()
Wed, 08 Jan 2025 16:58:17 -0500 [2600:1006:b024:dd93:7534:315d:67d3:3898] [tmp/3hn69l4qoa804.2ruqocuopbmsk.php:145] Base->{closure}()
Wed, 08 Jan 2025 16:58:17 -0500 [2600:1006:b024:dd93:7534:315d:67d3:3898] [lib/base.php:2939] require('/home/u991737198/domains/tas2023.online/public_html/tmp/3hn69l4qoa804.2ruqocuopbmsk.php')
Wed, 08 Jan 2025 16:58:17 -0500 [2600:1006:b024:dd93:7534:315d:67d3:3898] [lib/base.php:3183] View->sandbox()
Wed, 08 Jan 2025 16:58:17 -0500 [2600:1006:b024:dd93:7534:315d:67d3:3898] [tmp/3hn69l4qoa804.3gyrojkfdpa8w.php:57] Preview->render()
Wed, 08 Jan 2025 16:58:17 -0500 [2600:1006:b024:dd93:7534:315d:67d3:3898] [lib/base.php:2939] require('/home/u991737198/domains/tas2023.online/public_html/tmp/3hn69l4qoa804.3gyrojkfdpa8w.php')
Wed, 08 Jan 2025 16:58:17 -0500 [2600:1006:b024:dd93:7534:315d:67d3:3898] [lib/base.php:3183] View->sandbox()
Wed, 08 Jan 2025 16:58:17 -0500 [2600:1006:b024:dd93:7534:315d:67d3:3898] [tmp/3hn69l4qoa804.3h31n1yj254w8.php:1] Preview->render()
Wed, 08 Jan 2025 16:58:17 -0500 [2600:1006:b024:dd93:7534:315d:67d3:3898] [lib/base.php:2939] require('/home/u991737198/domains/tas2023.online/public_html/tmp/3hn69l4qoa804.3h31n1yj254w8.php')
Wed, 08 Jan 2025 16:58:17 -0500 [2600:1006:b024:dd93:7534:315d:67d3:3898] [lib/base.php:3183] View->sandbox()
Wed, 08 Jan 2025 16:58:17 -0500 [2600:1006:b024:dd93:7534:315d:67d3:3898] [app/controllers/Controller.php:85] Preview->render()
Wed, 08 Jan 2025 16:58:17 -0500 [2600:1006:b024:dd93:7534:315d:67d3:3898] [lib/base.php:1990] Controller->afterroute()
Wed, 08 Jan 2025 16:58:17 -0500 [2600:1006:b024:dd93:7534:315d:67d3:3898] [lib/base.php:1783] Base->call()
Wed, 08 Jan 2025 16:58:17 -0500 [2600:1006:b024:dd93:7534:315d:67d3:3898] [index.php:19] Base->run()
Wed, 08 Jan 2025 17:15:59 -0500 [2600:1006:b024:dd93:7534:315d:67d3:3898] 500: Undefined variable $i18n trace: [lib/base.php:2375] Base->error()
Wed, 08 Jan 2025 17:15:59 -0500 [2600:1006:b024:dd93:7534:315d:67d3:3898] [tmp/3hn69l4qoa804.2ruqocuopbmsk.php:145] Base->{closure}()
Wed, 08 Jan 2025 17:15:59 -0500 [2600:1006:b024:dd93:7534:315d:67d3:3898] [lib/base.php:2939] require('/home/u991737198/domains/tas2023.online/public_html/tmp/3hn69l4qoa804.2ruqocuopbmsk.php')
Wed, 08 Jan 2025 17:15:59 -0500 [2600:1006:b024:dd93:7534:315d:67d3:3898] [lib/base.php:3183] View->sandbox()
Wed, 08 Jan 2025 17:15:59 -0500 [2600:1006:b024:dd93:7534:315d:67d3:3898] [tmp/3hn69l4qoa804.3gyrojkfdpa8w.php:57] Preview->render()
Wed, 08 Jan 2025 17:15:59 -0500 [2600:1006:b024:dd93:7534:315d:67d3:3898] [lib/base.php:2939] require('/home/u991737198/domains/tas2023.online/public_html/tmp/3hn69l4qoa804.3gyrojkfdpa8w.php')
Wed, 08 Jan 2025 17:15:59 -0500 [2600:1006:b024:dd93:7534:315d:67d3:3898] [lib/base.php:3183] View->sandbox()
Wed, 08 Jan 2025 17:15:59 -0500 [2600:1006:b024:dd93:7534:315d:67d3:3898] [tmp/3hn69l4qoa804.3h31n1yj254w8.php:1] Preview->render()
Wed, 08 Jan 2025 17:15:59 -0500 [2600:1006:b024:dd93:7534:315d:67d3:3898] [lib/base.php:2939] require('/home/u991737198/domains/tas2023.online/public_html/tmp/3hn69l4qoa804.3h31n1yj254w8.php')
Wed, 08 Jan 2025 17:15:59 -0500 [2600:1006:b024:dd93:7534:315d:67d3:3898] [lib/base.php:3183] View->sandbox()
Wed, 08 Jan 2025 17:15:59 -0500 [2600:1006:b024:dd93:7534:315d:67d3:3898] [app/controllers/Controller.php:85] Preview->render()
Wed, 08 Jan 2025 17:15:59 -0500 [2600:1006:b024:dd93:7534:315d:67d3:3898] [lib/base.php:1990] Controller->afterroute()
Wed, 08 Jan 2025 17:15:59 -0500 [2600:1006:b024:dd93:7534:315d:67d3:3898] [lib/base.php:1783] Base->call()
Wed, 08 Jan 2025 17:15:59 -0500 [2600:1006:b024:dd93:7534:315d:67d3:3898] [index.php:19] Base->run()
Wed, 08 Jan 2025 17:38:19 -0500 [2600:1006:b024:dd93:7534:315d:67d3:3898] 500: Undefined variable $i18n trace: [lib/base.php:2375] Base->error()
Wed, 08 Jan 2025 17:38:19 -0500 [2600:1006:b024:dd93:7534:315d:67d3:3898] [tmp/3hn69l4qoa804.2ruqocuopbmsk.php:145] Base->{closure}()
Wed, 08 Jan 2025 17:38:19 -0500 [2600:1006:b024:dd93:7534:315d:67d3:3898] [lib/base.php:2939] require('/home/u991737198/domains/tas2023.online/public_html/tmp/3hn69l4qoa804.2ruqocuopbmsk.php')
Wed, 08 Jan 2025 17:38:19 -0500 [2600:1006:b024:dd93:7534:315d:67d3:3898] [lib/base.php:3183] View->sandbox()
Wed, 08 Jan 2025 17:38:19 -0500 [2600:1006:b024:dd93:7534:315d:67d3:3898] [tmp/3hn69l4qoa804.3gyrojkfdpa8w.php:57] Preview->render()
Wed, 08 Jan 2025 17:38:19 -0500 [2600:1006:b024:dd93:7534:315d:67d3:3898] [lib/base.php:2939] require('/home/u991737198/domains/tas2023.online/public_html/tmp/3hn69l4qoa804.3gyrojkfdpa8w.php')
Wed, 08 Jan 2025 17:38:19 -0500 [2600:1006:b024:dd93:7534:315d:67d3:3898] [lib/base.php:3183] View->sandbox()
Wed, 08 Jan 2025 17:38:19 -0500 [2600:1006:b024:dd93:7534:315d:67d3:3898] [tmp/3hn69l4qoa804.3h31n1yj254w8.php:1] Preview->render()
Wed, 08 Jan 2025 17:38:19 -0500 [2600:1006:b024:dd93:7534:315d:67d3:3898] [lib/base.php:2939] require('/home/u991737198/domains/tas2023.online/public_html/tmp/3hn69l4qoa804.3h31n1yj254w8.php')
Wed, 08 Jan 2025 17:38:19 -0500 [2600:1006:b024:dd93:7534:315d:67d3:3898] [lib/base.php:3183] View->sandbox()
Wed, 08 Jan 2025 17:38:19 -0500 [2600:1006:b024:dd93:7534:315d:67d3:3898] [app/controllers/Controller.php:85] Preview->render()
Wed, 08 Jan 2025 17:38:19 -0500 [2600:1006:b024:dd93:7534:315d:67d3:3898] [lib/base.php:1990] Controller->afterroute()
Wed, 08 Jan 2025 17:38:19 -0500 [2600:1006:b024:dd93:7534:315d:67d3:3898] [lib/base.php:1783] Base->call()
Wed, 08 Jan 2025 17:38:19 -0500 [2600:1006:b024:dd93:7534:315d:67d3:3898] [index.php:19] Base->run()
Wed, 08 Jan 2025 17:49:25 -0500 [2600:1006:b024:dd93:7534:315d:67d3:3898] 500: Undefined variable $i18n trace: [lib/base.php:2375] Base->error()
Wed, 08 Jan 2025 17:49:25 -0500 [2600:1006:b024:dd93:7534:315d:67d3:3898] [tmp/3hn69l4qoa804.2ruqocuopbmsk.php:145] Base->{closure}()
Wed, 08 Jan 2025 17:49:25 -0500 [2600:1006:b024:dd93:7534:315d:67d3:3898] [lib/base.php:2939] require('/home/u991737198/domains/tas2023.online/public_html/tmp/3hn69l4qoa804.2ruqocuopbmsk.php')
Wed, 08 Jan 2025 17:49:25 -0500 [2600:1006:b024:dd93:7534:315d:67d3:3898] [lib/base.php:3183] View->sandbox()
Wed, 08 Jan 2025 17:49:25 -0500 [2600:1006:b024:dd93:7534:315d:67d3:3898] [tmp/3hn69l4qoa804.3gyrojkfdpa8w.php:57] Preview->render()
Wed, 08 Jan 2025 17:49:25 -0500 [2600:1006:b024:dd93:7534:315d:67d3:3898] [lib/base.php:2939] require('/home/u991737198/domains/tas2023.online/public_html/tmp/3hn69l4qoa804.3gyrojkfdpa8w.php')
Wed, 08 Jan 2025 17:49:25 -0500 [2600:1006:b024:dd93:7534:315d:67d3:3898] [lib/base.php:3183] View->sandbox()
Wed, 08 Jan 2025 17:49:25 -0500 [2600:1006:b024:dd93:7534:315d:67d3:3898] [tmp/3hn69l4qoa804.3h31n1yj254w8.php:1] Preview->render()
Wed, 08 Jan 2025 17:49:25 -0500 [2600:1006:b024:dd93:7534:315d:67d3:3898] [lib/base.php:2939] require('/home/u991737198/domains/tas2023.online/public_html/tmp/3hn69l4qoa804.3h31n1yj254w8.php')
Wed, 08 Jan 2025 17:49:25 -0500 [2600:1006:b024:dd93:7534:315d:67d3:3898] [lib/base.php:3183] View->sandbox()
Wed, 08 Jan 2025 17:49:25 -0500 [2600:1006:b024:dd93:7534:315d:67d3:3898] [app/controllers/Controller.php:85] Preview->render()
Wed, 08 Jan 2025 17:49:25 -0500 [2600:1006:b024:dd93:7534:315d:67d3:3898] [lib/base.php:1990] Controller->afterroute()
Wed, 08 Jan 2025 17:49:25 -0500 [2600:1006:b024:dd93:7534:315d:67d3:3898] [lib/base.php:1783] Base->call()
Wed, 08 Jan 2025 17:49:25 -0500 [2600:1006:b024:dd93:7534:315d:67d3:3898] [index.php:19] Base->run()
Wed, 08 Jan 2025 17:57:47 -0500 [2600:1006:b024:dd93:7534:315d:67d3:3898] 500: Undefined variable $i18n trace: [lib/base.php:2375] Base->error()
Wed, 08 Jan 2025 17:57:47 -0500 [2600:1006:b024:dd93:7534:315d:67d3:3898] [tmp/3hn69l4qoa804.2ruqocuopbmsk.php:145] Base->{closure}()
Wed, 08 Jan 2025 17:57:47 -0500 [2600:1006:b024:dd93:7534:315d:67d3:3898] [lib/base.php:2939] require('/home/u991737198/domains/tas2023.online/public_html/tmp/3hn69l4qoa804.2ruqocuopbmsk.php')
Wed, 08 Jan 2025 17:57:47 -0500 [2600:1006:b024:dd93:7534:315d:67d3:3898] [lib/base.php:3183] View->sandbox()
Wed, 08 Jan 2025 17:57:47 -0500 [2600:1006:b024:dd93:7534:315d:67d3:3898] [tmp/3hn69l4qoa804.3gyrojkfdpa8w.php:57] Preview->render()
Wed, 08 Jan 2025 17:57:47 -0500 [2600:1006:b024:dd93:7534:315d:67d3:3898] [lib/base.php:2939] require('/home/u991737198/domains/tas2023.online/public_html/tmp/3hn69l4qoa804.3gyrojkfdpa8w.php')
Wed, 08 Jan 2025 17:57:47 -0500 [2600:1006:b024:dd93:7534:315d:67d3:3898] [lib/base.php:3183] View->sandbox()
Wed, 08 Jan 2025 17:57:47 -0500 [2600:1006:b024:dd93:7534:315d:67d3:3898] [tmp/3hn69l4qoa804.3h31n1yj254w8.php:1] Preview->render()
Wed, 08 Jan 2025 17:57:47 -0500 [2600:1006:b024:dd93:7534:315d:67d3:3898] [lib/base.php:2939] require('/home/u991737198/domains/tas2023.online/public_html/tmp/3hn69l4qoa804.3h31n1yj254w8.php')
Wed, 08 Jan 2025 17:57:47 -0500 [2600:1006:b024:dd93:7534:315d:67d3:3898] [lib/base.php:3183] View->sandbox()
Wed, 08 Jan 2025 17:57:47 -0500 [2600:1006:b024:dd93:7534:315d:67d3:3898] [app/controllers/Controller.php:85] Preview->render()
Wed, 08 Jan 2025 17:57:47 -0500 [2600:1006:b024:dd93:7534:315d:67d3:3898] [lib/base.php:1990] Controller->afterroute()
Wed, 08 Jan 2025 17:57:47 -0500 [2600:1006:b024:dd93:7534:315d:67d3:3898] [lib/base.php:1783] Base->call()
Wed, 08 Jan 2025 17:57:47 -0500 [2600:1006:b024:dd93:7534:315d:67d3:3898] [index.php:19] Base->run()
Wed, 08 Jan 2025 17:58:43 -0500 [2600:1006:b024:dd93:7534:315d:67d3:3898] 500: Undefined variable $i18n trace: [lib/base.php:2375] Base->error()
Wed, 08 Jan 2025 17:58:43 -0500 [2600:1006:b024:dd93:7534:315d:67d3:3898] [tmp/3hn69l4qoa804.2ruqocuopbmsk.php:145] Base->{closure}()
Wed, 08 Jan 2025 17:58:43 -0500 [2600:1006:b024:dd93:7534:315d:67d3:3898] [lib/base.php:2939] require('/home/u991737198/domains/tas2023.online/public_html/tmp/3hn69l4qoa804.2ruqocuopbmsk.php')
Wed, 08 Jan 2025 17:58:43 -0500 [2600:1006:b024:dd93:7534:315d:67d3:3898] [lib/base.php:3183] View->sandbox()
Wed, 08 Jan 2025 17:58:43 -0500 [2600:1006:b024:dd93:7534:315d:67d3:3898] [tmp/3hn69l4qoa804.3gyrojkfdpa8w.php:57] Preview->render()
Wed, 08 Jan 2025 17:58:43 -0500 [2600:1006:b024:dd93:7534:315d:67d3:3898] [lib/base.php:2939] require('/home/u991737198/domains/tas2023.online/public_html/tmp/3hn69l4qoa804.3gyrojkfdpa8w.php')
Wed, 08 Jan 2025 17:58:43 -0500 [2600:1006:b024:dd93:7534:315d:67d3:3898] [lib/base.php:3183] View->sandbox()
Wed, 08 Jan 2025 17:58:43 -0500 [2600:1006:b024:dd93:7534:315d:67d3:3898] [tmp/3hn69l4qoa804.3h31n1yj254w8.php:1] Preview->render()
Wed, 08 Jan 2025 17:58:43 -0500 [2600:1006:b024:dd93:7534:315d:67d3:3898] [lib/base.php:2939] require('/home/u991737198/domains/tas2023.online/public_html/tmp/3hn69l4qoa804.3h31n1yj254w8.php')
Wed, 08 Jan 2025 17:58:43 -0500 [2600:1006:b024:dd93:7534:315d:67d3:3898] [lib/base.php:3183] View->sandbox()
Wed, 08 Jan 2025 17:58:43 -0500 [2600:1006:b024:dd93:7534:315d:67d3:3898] [app/controllers/Controller.php:85] Preview->render()
Wed, 08 Jan 2025 17:58:43 -0500 [2600:1006:b024:dd93:7534:315d:67d3:3898] [lib/base.php:1990] Controller->afterroute()
Wed, 08 Jan 2025 17:58:43 -0500 [2600:1006:b024:dd93:7534:315d:67d3:3898] [lib/base.php:1783] Base->call()
Wed, 08 Jan 2025 17:58:43 -0500 [2600:1006:b024:dd93:7534:315d:67d3:3898] [index.php:19] Base->run()
Wed, 08 Jan 2025 17:59:52 -0500 [2600:1006:b024:dd93:7534:315d:67d3:3898] 500: Undefined variable $i18n trace: [lib/base.php:2375] Base->error()
Wed, 08 Jan 2025 17:59:52 -0500 [2600:1006:b024:dd93:7534:315d:67d3:3898] [tmp/3hn69l4qoa804.2ruqocuopbmsk.php:145] Base->{closure}()
Wed, 08 Jan 2025 17:59:52 -0500 [2600:1006:b024:dd93:7534:315d:67d3:3898] [lib/base.php:2939] require('/home/u991737198/domains/tas2023.online/public_html/tmp/3hn69l4qoa804.2ruqocuopbmsk.php')
Wed, 08 Jan 2025 17:59:52 -0500 [2600:1006:b024:dd93:7534:315d:67d3:3898] [lib/base.php:3183] View->sandbox()
Wed, 08 Jan 2025 17:59:52 -0500 [2600:1006:b024:dd93:7534:315d:67d3:3898] [tmp/3hn69l4qoa804.3gyrojkfdpa8w.php:57] Preview->render()
Wed, 08 Jan 2025 17:59:52 -0500 [2600:1006:b024:dd93:7534:315d:67d3:3898] [lib/base.php:2939] require('/home/u991737198/domains/tas2023.online/public_html/tmp/3hn69l4qoa804.3gyrojkfdpa8w.php')
Wed, 08 Jan 2025 17:59:52 -0500 [2600:1006:b024:dd93:7534:315d:67d3:3898] [lib/base.php:3183] View->sandbox()
Wed, 08 Jan 2025 17:59:52 -0500 [2600:1006:b024:dd93:7534:315d:67d3:3898] [tmp/3hn69l4qoa804.3h31n1yj254w8.php:1] Preview->render()
Wed, 08 Jan 2025 17:59:52 -0500 [2600:1006:b024:dd93:7534:315d:67d3:3898] [lib/base.php:2939] require('/home/u991737198/domains/tas2023.online/public_html/tmp/3hn69l4qoa804.3h31n1yj254w8.php')
Wed, 08 Jan 2025 17:59:52 -0500 [2600:1006:b024:dd93:7534:315d:67d3:3898] [lib/base.php:3183] View->sandbox()
Wed, 08 Jan 2025 17:59:52 -0500 [2600:1006:b024:dd93:7534:315d:67d3:3898] [app/controllers/Controller.php:85] Preview->render()
Wed, 08 Jan 2025 17:59:52 -0500 [2600:1006:b024:dd93:7534:315d:67d3:3898] [lib/base.php:1990] Controller->afterroute()
Wed, 08 Jan 2025 17:59:52 -0500 [2600:1006:b024:dd93:7534:315d:67d3:3898] [lib/base.php:1783] Base->call()
Wed, 08 Jan 2025 17:59:52 -0500 [2600:1006:b024:dd93:7534:315d:67d3:3898] [index.php:19] Base->run()
Wed, 08 Jan 2025 18:01:35 -0500 [2600:1006:b024:dd93:7534:315d:67d3:3898] 500: Undefined variable $i18n trace: [lib/base.php:2375] Base->error()
Wed, 08 Jan 2025 18:01:35 -0500 [2600:1006:b024:dd93:7534:315d:67d3:3898] [tmp/3hn69l4qoa804.2ruqocuopbmsk.php:145] Base->{closure}()
Wed, 08 Jan 2025 18:01:35 -0500 [2600:1006:b024:dd93:7534:315d:67d3:3898] [lib/base.php:2939] require('/home/u991737198/domains/tas2023.online/public_html/tmp/3hn69l4qoa804.2ruqocuopbmsk.php')
Wed, 08 Jan 2025 18:01:35 -0500 [2600:1006:b024:dd93:7534:315d:67d3:3898] [lib/base.php:3183] View->sandbox()
Wed, 08 Jan 2025 18:01:35 -0500 [2600:1006:b024:dd93:7534:315d:67d3:3898] [tmp/3hn69l4qoa804.3gyrojkfdpa8w.php:57] Preview->render()
Wed, 08 Jan 2025 18:01:35 -0500 [2600:1006:b024:dd93:7534:315d:67d3:3898] [lib/base.php:2939] require('/home/u991737198/domains/tas2023.online/public_html/tmp/3hn69l4qoa804.3gyrojkfdpa8w.php')
Wed, 08 Jan 2025 18:01:35 -0500 [2600:1006:b024:dd93:7534:315d:67d3:3898] [lib/base.php:3183] View->sandbox()
Wed, 08 Jan 2025 18:01:35 -0500 [2600:1006:b024:dd93:7534:315d:67d3:3898] [tmp/3hn69l4qoa804.3h31n1yj254w8.php:1] Preview->render()
Wed, 08 Jan 2025 18:01:35 -0500 [2600:1006:b024:dd93:7534:315d:67d3:3898] [lib/base.php:2939] require('/home/u991737198/domains/tas2023.online/public_html/tmp/3hn69l4qoa804.3h31n1yj254w8.php')
Wed, 08 Jan 2025 18:01:35 -0500 [2600:1006:b024:dd93:7534:315d:67d3:3898] [lib/base.php:3183] View->sandbox()
Wed, 08 Jan 2025 18:01:35 -0500 [2600:1006:b024:dd93:7534:315d:67d3:3898] [app/controllers/Controller.php:85] Preview->render()
Wed, 08 Jan 2025 18:01:35 -0500 [2600:1006:b024:dd93:7534:315d:67d3:3898] [lib/base.php:1990] Controller->afterroute()
Wed, 08 Jan 2025 18:01:35 -0500 [2600:1006:b024:dd93:7534:315d:67d3:3898] [lib/base.php:1783] Base->call()
Wed, 08 Jan 2025 18:01:35 -0500 [2600:1006:b024:dd93:7534:315d:67d3:3898] [index.php:19] Base->run()
Wed, 08 Jan 2025 18:02:29 -0500 [2600:1006:b024:dd93:7534:315d:67d3:3898] 500: Undefined variable $i18n trace: [lib/base.php:2375] Base->error()
Wed, 08 Jan 2025 18:02:29 -0500 [2600:1006:b024:dd93:7534:315d:67d3:3898] [tmp/3hn69l4qoa804.2ruqocuopbmsk.php:145] Base->{closure}()
Wed, 08 Jan 2025 18:02:29 -0500 [2600:1006:b024:dd93:7534:315d:67d3:3898] [lib/base.php:2939] require('/home/u991737198/domains/tas2023.online/public_html/tmp/3hn69l4qoa804.2ruqocuopbmsk.php')
Wed, 08 Jan 2025 18:02:29 -0500 [2600:1006:b024:dd93:7534:315d:67d3:3898] [lib/base.php:3183] View->sandbox()
Wed, 08 Jan 2025 18:02:29 -0500 [2600:1006:b024:dd93:7534:315d:67d3:3898] [tmp/3hn69l4qoa804.3gyrojkfdpa8w.php:57] Preview->render()
Wed, 08 Jan 2025 18:02:29 -0500 [2600:1006:b024:dd93:7534:315d:67d3:3898] [lib/base.php:2939] require('/home/u991737198/domains/tas2023.online/public_html/tmp/3hn69l4qoa804.3gyrojkfdpa8w.php')
Wed, 08 Jan 2025 18:02:29 -0500 [2600:1006:b024:dd93:7534:315d:67d3:3898] [lib/base.php:3183] View->sandbox()
Wed, 08 Jan 2025 18:02:29 -0500 [2600:1006:b024:dd93:7534:315d:67d3:3898] [tmp/3hn69l4qoa804.3h31n1yj254w8.php:1] Preview->render()
Wed, 08 Jan 2025 18:02:29 -0500 [2600:1006:b024:dd93:7534:315d:67d3:3898] [lib/base.php:2939] require('/home/u991737198/domains/tas2023.online/public_html/tmp/3hn69l4qoa804.3h31n1yj254w8.php')
Wed, 08 Jan 2025 18:02:29 -0500 [2600:1006:b024:dd93:7534:315d:67d3:3898] [lib/base.php:3183] View->sandbox()
Wed, 08 Jan 2025 18:02:29 -0500 [2600:1006:b024:dd93:7534:315d:67d3:3898] [app/controllers/Controller.php:85] Preview->render()
Wed, 08 Jan 2025 18:02:29 -0500 [2600:1006:b024:dd93:7534:315d:67d3:3898] [lib/base.php:1990] Controller->afterroute()
Wed, 08 Jan 2025 18:02:29 -0500 [2600:1006:b024:dd93:7534:315d:67d3:3898] [lib/base.php:1783] Base->call()
Wed, 08 Jan 2025 18:02:29 -0500 [2600:1006:b024:dd93:7534:315d:67d3:3898] [index.php:19] Base->run()
Wed, 08 Jan 2025 18:03:07 -0500 [2600:1006:b024:dd93:7534:315d:67d3:3898] 500: Undefined variable $i18n trace: [lib/base.php:2375] Base->error()
Wed, 08 Jan 2025 18:03:07 -0500 [2600:1006:b024:dd93:7534:315d:67d3:3898] [tmp/3hn69l4qoa804.2ruqocuopbmsk.php:145] Base->{closure}()
Wed, 08 Jan 2025 18:03:07 -0500 [2600:1006:b024:dd93:7534:315d:67d3:3898] [lib/base.php:2939] require('/home/u991737198/domains/tas2023.online/public_html/tmp/3hn69l4qoa804.2ruqocuopbmsk.php')
Wed, 08 Jan 2025 18:03:07 -0500 [2600:1006:b024:dd93:7534:315d:67d3:3898] [lib/base.php:3183] View->sandbox()
Wed, 08 Jan 2025 18:03:07 -0500 [2600:1006:b024:dd93:7534:315d:67d3:3898] [tmp/3hn69l4qoa804.3gyrojkfdpa8w.php:57] Preview->render()
Wed, 08 Jan 2025 18:03:07 -0500 [2600:1006:b024:dd93:7534:315d:67d3:3898] [lib/base.php:2939] require('/home/u991737198/domains/tas2023.online/public_html/tmp/3hn69l4qoa804.3gyrojkfdpa8w.php')
Wed, 08 Jan 2025 18:03:07 -0500 [2600:1006:b024:dd93:7534:315d:67d3:3898] [lib/base.php:3183] View->sandbox()
Wed, 08 Jan 2025 18:03:07 -0500 [2600:1006:b024:dd93:7534:315d:67d3:3898] [tmp/3hn69l4qoa804.3h31n1yj254w8.php:1] Preview->render()
Wed, 08 Jan 2025 18:03:07 -0500 [2600:1006:b024:dd93:7534:315d:67d3:3898] [lib/base.php:2939] require('/home/u991737198/domains/tas2023.online/public_html/tmp/3hn69l4qoa804.3h31n1yj254w8.php')
Wed, 08 Jan 2025 18:03:07 -0500 [2600:1006:b024:dd93:7534:315d:67d3:3898] [lib/base.php:3183] View->sandbox()
Wed, 08 Jan 2025 18:03:07 -0500 [2600:1006:b024:dd93:7534:315d:67d3:3898] [app/controllers/Controller.php:85] Preview->render()
Wed, 08 Jan 2025 18:03:07 -0500 [2600:1006:b024:dd93:7534:315d:67d3:3898] [lib/base.php:1990] Controller->afterroute()
Wed, 08 Jan 2025 18:03:07 -0500 [2600:1006:b024:dd93:7534:315d:67d3:3898] [lib/base.php:1783] Base->call()
Wed, 08 Jan 2025 18:03:07 -0500 [2600:1006:b024:dd93:7534:315d:67d3:3898] [index.php:19] Base->run()
Wed, 08 Jan 2025 18:04:28 -0500 [2600:1006:b024:dd93:7534:315d:67d3:3898] 500: Undefined variable $i18n trace: [lib/base.php:2375] Base->error()
Wed, 08 Jan 2025 18:04:28 -0500 [2600:1006:b024:dd93:7534:315d:67d3:3898] [tmp/3hn69l4qoa804.2ruqocuopbmsk.php:145] Base->{closure}()
Wed, 08 Jan 2025 18:04:28 -0500 [2600:1006:b024:dd93:7534:315d:67d3:3898] [lib/base.php:2939] require('/home/u991737198/domains/tas2023.online/public_html/tmp/3hn69l4qoa804.2ruqocuopbmsk.php')
Wed, 08 Jan 2025 18:04:28 -0500 [2600:1006:b024:dd93:7534:315d:67d3:3898] [lib/base.php:3183] View->sandbox()
Wed, 08 Jan 2025 18:04:28 -0500 [2600:1006:b024:dd93:7534:315d:67d3:3898] [tmp/3hn69l4qoa804.3gyrojkfdpa8w.php:57] Preview->render()
Wed, 08 Jan 2025 18:04:28 -0500 [2600:1006:b024:dd93:7534:315d:67d3:3898] [lib/base.php:2939] require('/home/u991737198/domains/tas2023.online/public_html/tmp/3hn69l4qoa804.3gyrojkfdpa8w.php')
Wed, 08 Jan 2025 18:04:28 -0500 [2600:1006:b024:dd93:7534:315d:67d3:3898] [lib/base.php:3183] View->sandbox()
Wed, 08 Jan 2025 18:04:28 -0500 [2600:1006:b024:dd93:7534:315d:67d3:3898] [tmp/3hn69l4qoa804.3h31n1yj254w8.php:1] Preview->render()
Wed, 08 Jan 2025 18:04:28 -0500 [2600:1006:b024:dd93:7534:315d:67d3:3898] [lib/base.php:2939] require('/home/u991737198/domains/tas2023.online/public_html/tmp/3hn69l4qoa804.3h31n1yj254w8.php')
Wed, 08 Jan 2025 18:04:28 -0500 [2600:1006:b024:dd93:7534:315d:67d3:3898] [lib/base.php:3183] View->sandbox()
Wed, 08 Jan 2025 18:04:28 -0500 [2600:1006:b024:dd93:7534:315d:67d3:3898] [app/controllers/Controller.php:85] Preview->render()
Wed, 08 Jan 2025 18:04:28 -0500 [2600:1006:b024:dd93:7534:315d:67d3:3898] [lib/base.php:1990] Controller->afterroute()
Wed, 08 Jan 2025 18:04:28 -0500 [2600:1006:b024:dd93:7534:315d:67d3:3898] [lib/base.php:1783] Base->call()
Wed, 08 Jan 2025 18:04:28 -0500 [2600:1006:b024:dd93:7534:315d:67d3:3898] [index.php:19] Base->run()
Wed, 08 Jan 2025 18:05:03 -0500 [2600:1006:b024:dd93:7534:315d:67d3:3898] 500: Undefined variable $i18n trace: [lib/base.php:2375] Base->error()
Wed, 08 Jan 2025 18:05:03 -0500 [2600:1006:b024:dd93:7534:315d:67d3:3898] [tmp/3hn69l4qoa804.2ruqocuopbmsk.php:145] Base->{closure}()
Wed, 08 Jan 2025 18:05:03 -0500 [2600:1006:b024:dd93:7534:315d:67d3:3898] [lib/base.php:2939] require('/home/u991737198/domains/tas2023.online/public_html/tmp/3hn69l4qoa804.2ruqocuopbmsk.php')
Wed, 08 Jan 2025 18:05:03 -0500 [2600:1006:b024:dd93:7534:315d:67d3:3898] [lib/base.php:3183] View->sandbox()
Wed, 08 Jan 2025 18:05:03 -0500 [2600:1006:b024:dd93:7534:315d:67d3:3898] [tmp/3hn69l4qoa804.3gyrojkfdpa8w.php:57] Preview->render()
Wed, 08 Jan 2025 18:05:03 -0500 [2600:1006:b024:dd93:7534:315d:67d3:3898] [lib/base.php:2939] require('/home/u991737198/domains/tas2023.online/public_html/tmp/3hn69l4qoa804.3gyrojkfdpa8w.php')
Wed, 08 Jan 2025 18:05:03 -0500 [2600:1006:b024:dd93:7534:315d:67d3:3898] [lib/base.php:3183] View->sandbox()
Wed, 08 Jan 2025 18:05:03 -0500 [2600:1006:b024:dd93:7534:315d:67d3:3898] [tmp/3hn69l4qoa804.3h31n1yj254w8.php:1] Preview->render()
Wed, 08 Jan 2025 18:05:03 -0500 [2600:1006:b024:dd93:7534:315d:67d3:3898] [lib/base.php:2939] require('/home/u991737198/domains/tas2023.online/public_html/tmp/3hn69l4qoa804.3h31n1yj254w8.php')
Wed, 08 Jan 2025 18:05:03 -0500 [2600:1006:b024:dd93:7534:315d:67d3:3898] [lib/base.php:3183] View->sandbox()
Wed, 08 Jan 2025 18:05:03 -0500 [2600:1006:b024:dd93:7534:315d:67d3:3898] [app/controllers/Controller.php:85] Preview->render()
Wed, 08 Jan 2025 18:05:03 -0500 [2600:1006:b024:dd93:7534:315d:67d3:3898] [lib/base.php:1990] Controller->afterroute()
Wed, 08 Jan 2025 18:05:03 -0500 [2600:1006:b024:dd93:7534:315d:67d3:3898] [lib/base.php:1783] Base->call()
Wed, 08 Jan 2025 18:05:03 -0500 [2600:1006:b024:dd93:7534:315d:67d3:3898] [index.php:19] Base->run()
Wed, 08 Jan 2025 18:05:18 -0500 [2600:1006:b024:dd93:7534:315d:67d3:3898] 500: Undefined variable $i18n trace: [lib/base.php:2375] Base->error()
Wed, 08 Jan 2025 18:05:18 -0500 [2600:1006:b024:dd93:7534:315d:67d3:3898] [tmp/3hn69l4qoa804.2ruqocuopbmsk.php:145] Base->{closure}()
Wed, 08 Jan 2025 18:05:18 -0500 [2600:1006:b024:dd93:7534:315d:67d3:3898] [lib/base.php:2939] require('/home/u991737198/domains/tas2023.online/public_html/tmp/3hn69l4qoa804.2ruqocuopbmsk.php')
Wed, 08 Jan 2025 18:05:18 -0500 [2600:1006:b024:dd93:7534:315d:67d3:3898] [lib/base.php:3183] View->sandbox()
Wed, 08 Jan 2025 18:05:18 -0500 [2600:1006:b024:dd93:7534:315d:67d3:3898] [tmp/3hn69l4qoa804.3gyrojkfdpa8w.php:57] Preview->render()
Wed, 08 Jan 2025 18:05:18 -0500 [2600:1006:b024:dd93:7534:315d:67d3:3898] [lib/base.php:2939] require('/home/u991737198/domains/tas2023.online/public_html/tmp/3hn69l4qoa804.3gyrojkfdpa8w.php')
Wed, 08 Jan 2025 18:05:18 -0500 [2600:1006:b024:dd93:7534:315d:67d3:3898] [lib/base.php:3183] View->sandbox()
Wed, 08 Jan 2025 18:05:18 -0500 [2600:1006:b024:dd93:7534:315d:67d3:3898] [tmp/3hn69l4qoa804.3h31n1yj254w8.php:1] Preview->render()
Wed, 08 Jan 2025 18:05:18 -0500 [2600:1006:b024:dd93:7534:315d:67d3:3898] [lib/base.php:2939] require('/home/u991737198/domains/tas2023.online/public_html/tmp/3hn69l4qoa804.3h31n1yj254w8.php')
Wed, 08 Jan 2025 18:05:18 -0500 [2600:1006:b024:dd93:7534:315d:67d3:3898] [lib/base.php:3183] View->sandbox()
Wed, 08 Jan 2025 18:05:18 -0500 [2600:1006:b024:dd93:7534:315d:67d3:3898] [app/controllers/Controller.php:85] Preview->render()
Wed, 08 Jan 2025 18:05:18 -0500 [2600:1006:b024:dd93:7534:315d:67d3:3898] [lib/base.php:1990] Controller->afterroute()
Wed, 08 Jan 2025 18:05:18 -0500 [2600:1006:b024:dd93:7534:315d:67d3:3898] [lib/base.php:1783] Base->call()
Wed, 08 Jan 2025 18:05:18 -0500 [2600:1006:b024:dd93:7534:315d:67d3:3898] [index.php:19] Base->run()
Wed, 08 Jan 2025 18:08:54 -0500 [2600:1006:b024:dd93:7534:315d:67d3:3898] 500: Undefined variable $i18n trace: [lib/base.php:2375] Base->error()
Wed, 08 Jan 2025 18:08:54 -0500 [2600:1006:b024:dd93:7534:315d:67d3:3898] [tmp/3hn69l4qoa804.2ruqocuopbmsk.php:145] Base->{closure}()
Wed, 08 Jan 2025 18:08:54 -0500 [2600:1006:b024:dd93:7534:315d:67d3:3898] [lib/base.php:2939] require('/home/u991737198/domains/tas2023.online/public_html/tmp/3hn69l4qoa804.2ruqocuopbmsk.php')
Wed, 08 Jan 2025 18:08:54 -0500 [2600:1006:b024:dd93:7534:315d:67d3:3898] [lib/base.php:3183] View->sandbox()
Wed, 08 Jan 2025 18:08:54 -0500 [2600:1006:b024:dd93:7534:315d:67d3:3898] [tmp/3hn69l4qoa804.3gyrojkfdpa8w.php:57] Preview->render()
Wed, 08 Jan 2025 18:08:54 -0500 [2600:1006:b024:dd93:7534:315d:67d3:3898] [lib/base.php:2939] require('/home/u991737198/domains/tas2023.online/public_html/tmp/3hn69l4qoa804.3gyrojkfdpa8w.php')
Wed, 08 Jan 2025 18:08:54 -0500 [2600:1006:b024:dd93:7534:315d:67d3:3898] [lib/base.php:3183] View->sandbox()
Wed, 08 Jan 2025 18:08:54 -0500 [2600:1006:b024:dd93:7534:315d:67d3:3898] [tmp/3hn69l4qoa804.3h31n1yj254w8.php:1] Preview->render()
Wed, 08 Jan 2025 18:08:54 -0500 [2600:1006:b024:dd93:7534:315d:67d3:3898] [lib/base.php:2939] require('/home/u991737198/domains/tas2023.online/public_html/tmp/3hn69l4qoa804.3h31n1yj254w8.php')
Wed, 08 Jan 2025 18:08:54 -0500 [2600:1006:b024:dd93:7534:315d:67d3:3898] [lib/base.php:3183] View->sandbox()
Wed, 08 Jan 2025 18:08:54 -0500 [2600:1006:b024:dd93:7534:315d:67d3:3898] [app/controllers/Controller.php:85] Preview->render()
Wed, 08 Jan 2025 18:08:54 -0500 [2600:1006:b024:dd93:7534:315d:67d3:3898] [lib/base.php:1990] Controller->afterroute()
Wed, 08 Jan 2025 18:08:54 -0500 [2600:1006:b024:dd93:7534:315d:67d3:3898] [lib/base.php:1783] Base->call()
Wed, 08 Jan 2025 18:08:54 -0500 [2600:1006:b024:dd93:7534:315d:67d3:3898] [index.php:19] Base->run()
Wed, 08 Jan 2025 18:10:41 -0500 [2600:1006:b024:dd93:7534:315d:67d3:3898] 500: Undefined variable $i18n trace: [lib/base.php:2375] Base->error()
Wed, 08 Jan 2025 18:10:41 -0500 [2600:1006:b024:dd93:7534:315d:67d3:3898] [tmp/3hn69l4qoa804.2ruqocuopbmsk.php:145] Base->{closure}()
Wed, 08 Jan 2025 18:10:41 -0500 [2600:1006:b024:dd93:7534:315d:67d3:3898] [lib/base.php:2939] require('/home/u991737198/domains/tas2023.online/public_html/tmp/3hn69l4qoa804.2ruqocuopbmsk.php')
Wed, 08 Jan 2025 18:10:41 -0500 [2600:1006:b024:dd93:7534:315d:67d3:3898] [lib/base.php:3183] View->sandbox()
Wed, 08 Jan 2025 18:10:41 -0500 [2600:1006:b024:dd93:7534:315d:67d3:3898] [tmp/3hn69l4qoa804.3gyrojkfdpa8w.php:57] Preview->render()
Wed, 08 Jan 2025 18:10:41 -0500 [2600:1006:b024:dd93:7534:315d:67d3:3898] [lib/base.php:2939] require('/home/u991737198/domains/tas2023.online/public_html/tmp/3hn69l4qoa804.3gyrojkfdpa8w.php')
Wed, 08 Jan 2025 18:10:41 -0500 [2600:1006:b024:dd93:7534:315d:67d3:3898] [lib/base.php:3183] View->sandbox()
Wed, 08 Jan 2025 18:10:41 -0500 [2600:1006:b024:dd93:7534:315d:67d3:3898] [tmp/3hn69l4qoa804.3h31n1yj254w8.php:1] Preview->render()
Wed, 08 Jan 2025 18:10:41 -0500 [2600:1006:b024:dd93:7534:315d:67d3:3898] [lib/base.php:2939] require('/home/u991737198/domains/tas2023.online/public_html/tmp/3hn69l4qoa804.3h31n1yj254w8.php')
Wed, 08 Jan 2025 18:10:41 -0500 [2600:1006:b024:dd93:7534:315d:67d3:3898] [lib/base.php:3183] View->sandbox()
Wed, 08 Jan 2025 18:10:41 -0500 [2600:1006:b024:dd93:7534:315d:67d3:3898] [app/controllers/Controller.php:85] Preview->render()
Wed, 08 Jan 2025 18:10:41 -0500 [2600:1006:b024:dd93:7534:315d:67d3:3898] [lib/base.php:1990] Controller->afterroute()
Wed, 08 Jan 2025 18:10:41 -0500 [2600:1006:b024:dd93:7534:315d:67d3:3898] [lib/base.php:1783] Base->call()
Wed, 08 Jan 2025 18:10:41 -0500 [2600:1006:b024:dd93:7534:315d:67d3:3898] [index.php:19] Base->run()
Wed, 08 Jan 2025 18:10:56 -0500 [2600:1006:b024:dd93:7534:315d:67d3:3898] 500: Undefined variable $i18n trace: [lib/base.php:2375] Base->error()
Wed, 08 Jan 2025 18:10:56 -0500 [2600:1006:b024:dd93:7534:315d:67d3:3898] [tmp/3hn69l4qoa804.2ruqocuopbmsk.php:145] Base->{closure}()
Wed, 08 Jan 2025 18:10:56 -0500 [2600:1006:b024:dd93:7534:315d:67d3:3898] [lib/base.php:2939] require('/home/u991737198/domains/tas2023.online/public_html/tmp/3hn69l4qoa804.2ruqocuopbmsk.php')
Wed, 08 Jan 2025 18:10:56 -0500 [2600:1006:b024:dd93:7534:315d:67d3:3898] [lib/base.php:3183] View->sandbox()
Wed, 08 Jan 2025 18:10:56 -0500 [2600:1006:b024:dd93:7534:315d:67d3:3898] [tmp/3hn69l4qoa804.3gyrojkfdpa8w.php:57] Preview->render()
Wed, 08 Jan 2025 18:10:56 -0500 [2600:1006:b024:dd93:7534:315d:67d3:3898] [lib/base.php:2939] require('/home/u991737198/domains/tas2023.online/public_html/tmp/3hn69l4qoa804.3gyrojkfdpa8w.php')
Wed, 08 Jan 2025 18:10:56 -0500 [2600:1006:b024:dd93:7534:315d:67d3:3898] [lib/base.php:3183] View->sandbox()
Wed, 08 Jan 2025 18:10:56 -0500 [2600:1006:b024:dd93:7534:315d:67d3:3898] [tmp/3hn69l4qoa804.3h31n1yj254w8.php:1] Preview->render()
Wed, 08 Jan 2025 18:10:56 -0500 [2600:1006:b024:dd93:7534:315d:67d3:3898] [lib/base.php:2939] require('/home/u991737198/domains/tas2023.online/public_html/tmp/3hn69l4qoa804.3h31n1yj254w8.php')
Wed, 08 Jan 2025 18:10:56 -0500 [2600:1006:b024:dd93:7534:315d:67d3:3898] [lib/base.php:3183] View->sandbox()
Wed, 08 Jan 2025 18:10:56 -0500 [2600:1006:b024:dd93:7534:315d:67d3:3898] [app/controllers/Controller.php:85] Preview->render()
Wed, 08 Jan 2025 18:10:56 -0500 [2600:1006:b024:dd93:7534:315d:67d3:3898] [lib/base.php:1990] Controller->afterroute()
Wed, 08 Jan 2025 18:10:56 -0500 [2600:1006:b024:dd93:7534:315d:67d3:3898] [lib/base.php:1783] Base->call()
Wed, 08 Jan 2025 18:10:56 -0500 [2600:1006:b024:dd93:7534:315d:67d3:3898] [index.php:19] Base->run()
Wed, 08 Jan 2025 18:26:23 -0500 [2600:1006:b024:dd93:7534:315d:67d3:3898] 500: Undefined variable $i18n trace: [tmp/3hn69l4qoa804.2ruqocuopbmsk.php:145]
Wed, 08 Jan 2025 18:26:23 -0500 [2600:1006:b024:dd93:7534:315d:67d3:3898] [tmp/3hn69l4qoa804.2ruqocuopbmsk.php:145] Base->{closure}()
Wed, 08 Jan 2025 18:26:23 -0500 [2600:1006:b024:dd93:7534:315d:67d3:3898] [lib/base.php:3036] require('/home/u991737198/domains/tas2023.online/public_html/tmp/3hn69l4qoa804.2ruqocuopbmsk.php')
Wed, 08 Jan 2025 18:26:23 -0500 [2600:1006:b024:dd93:7534:315d:67d3:3898] [lib/base.php:3281] View->sandbox()
Wed, 08 Jan 2025 18:26:23 -0500 [2600:1006:b024:dd93:7534:315d:67d3:3898] [tmp/3hn69l4qoa804.3gyrojkfdpa8w.php:57] Preview->render()
Wed, 08 Jan 2025 18:26:23 -0500 [2600:1006:b024:dd93:7534:315d:67d3:3898] [lib/base.php:3036] require('/home/u991737198/domains/tas2023.online/public_html/tmp/3hn69l4qoa804.3gyrojkfdpa8w.php')
Wed, 08 Jan 2025 18:26:23 -0500 [2600:1006:b024:dd93:7534:315d:67d3:3898] [lib/base.php:3281] View->sandbox()
Wed, 08 Jan 2025 18:26:23 -0500 [2600:1006:b024:dd93:7534:315d:67d3:3898] [tmp/3hn69l4qoa804.3h31n1yj254w8.php:1] Preview->render()
Wed, 08 Jan 2025 18:26:23 -0500 [2600:1006:b024:dd93:7534:315d:67d3:3898] [lib/base.php:3036] require('/home/u991737198/domains/tas2023.online/public_html/tmp/3hn69l4qoa804.3h31n1yj254w8.php')
Wed, 08 Jan 2025 18:26:23 -0500 [2600:1006:b024:dd93:7534:315d:67d3:3898] [lib/base.php:3281] View->sandbox()
Wed, 08 Jan 2025 18:26:23 -0500 [2600:1006:b024:dd93:7534:315d:67d3:3898] [app/controllers/Controller.php:85] Preview->render()
Wed, 08 Jan 2025 18:26:23 -0500 [2600:1006:b024:dd93:7534:315d:67d3:3898] [lib/base.php:2078] Controller->afterroute()
Wed, 08 Jan 2025 18:26:23 -0500 [2600:1006:b024:dd93:7534:315d:67d3:3898] [lib/base.php:1871] Base->call()
Wed, 08 Jan 2025 18:26:23 -0500 [2600:1006:b024:dd93:7534:315d:67d3:3898] [index.php:20] Base->run()
Wed, 08 Jan 2025 18:28:14 -0500 [2600:1006:b024:dd93:7534:315d:67d3:3898] 500: Undefined variable $i18n trace: [/home/u991737198/domains/tas2023.online/public_html/tmp/3hn69l4qoa804.22phmm30e0u84.php:42]
Wed, 08 Jan 2025 18:28:14 -0500 [2600:1006:b024:dd93:7534:315d:67d3:3898] [/home/u991737198/domains/tas2023.online/public_html/tmp/3hn69l4qoa804.22phmm30e0u84.php:42] Base->{closure}()
Wed, 08 Jan 2025 18:28:14 -0500 [2600:1006:b024:dd93:7534:315d:67d3:3898] [/home/u991737198/domains/tas2023.online/public_html/lib/base.php:3036] require('/home/u991737198/domains/tas2023.online/public_html/tmp/3hn69l4qoa804.22phmm30e0u84.php')
Wed, 08 Jan 2025 18:28:14 -0500 [2600:1006:b024:dd93:7534:315d:67d3:3898] [/home/u991737198/domains/tas2023.online/public_html/lib/base.php:3281] View->sandbox()
Wed, 08 Jan 2025 18:28:14 -0500 [2600:1006:b024:dd93:7534:315d:67d3:3898] [/home/u991737198/domains/tas2023.online/public_html/tmp/3hn69l4qoa804.3h31n1yj254w8.php:7] Preview->render()
Wed, 08 Jan 2025 18:28:14 -0500 [2600:1006:b024:dd93:7534:315d:67d3:3898] [/home/u991737198/domains/tas2023.online/public_html/lib/base.php:3036] require('/home/u991737198/domains/tas2023.online/public_html/tmp/3hn69l4qoa804.3h31n1yj254w8.php')
Wed, 08 Jan 2025 18:28:14 -0500 [2600:1006:b024:dd93:7534:315d:67d3:3898] [/home/u991737198/domains/tas2023.online/public_html/lib/base.php:3281] View->sandbox()
Wed, 08 Jan 2025 18:28:14 -0500 [2600:1006:b024:dd93:7534:315d:67d3:3898] [/home/u991737198/domains/tas2023.online/public_html/app/controllers/Controller.php:85] Preview->render()
Wed, 08 Jan 2025 18:28:14 -0500 [2600:1006:b024:dd93:7534:315d:67d3:3898] [/home/u991737198/domains/tas2023.online/public_html/lib/base.php:2078] Controller->afterroute()
Wed, 08 Jan 2025 18:28:14 -0500 [2600:1006:b024:dd93:7534:315d:67d3:3898] [/home/u991737198/domains/tas2023.online/public_html/lib/base.php:1871] Base->call()
Wed, 08 Jan 2025 18:28:14 -0500 [2600:1006:b024:dd93:7534:315d:67d3:3898] [/home/u991737198/domains/tas2023.online/public_html/index.php:20] Base->run()
Wed, 08 Jan 2025 18:28:22 -0500 [2600:1006:b024:dd93:7534:315d:67d3:3898] 500: Undefined variable $i18n trace: [tmp/3hn69l4qoa804.1zo7dt0fljr4w.php:32]
Wed, 08 Jan 2025 18:28:22 -0500 [2600:1006:b024:dd93:7534:315d:67d3:3898] [tmp/3hn69l4qoa804.1zo7dt0fljr4w.php:32] Base->{closure}()
Wed, 08 Jan 2025 18:28:22 -0500 [2600:1006:b024:dd93:7534:315d:67d3:3898] [lib/base.php:3036] require('/home/u991737198/domains/tas2023.online/public_html/tmp/3hn69l4qoa804.1zo7dt0fljr4w.php')
Wed, 08 Jan 2025 18:28:22 -0500 [2600:1006:b024:dd93:7534:315d:67d3:3898] [lib/base.php:3281] View->sandbox()
Wed, 08 Jan 2025 18:28:22 -0500 [2600:1006:b024:dd93:7534:315d:67d3:3898] [tmp/3hn69l4qoa804.3h31n1yj254w8.php:7] Preview->render()
Wed, 08 Jan 2025 18:28:22 -0500 [2600:1006:b024:dd93:7534:315d:67d3:3898] [lib/base.php:3036] require('/home/u991737198/domains/tas2023.online/public_html/tmp/3hn69l4qoa804.3h31n1yj254w8.php')
Wed, 08 Jan 2025 18:28:22 -0500 [2600:1006:b024:dd93:7534:315d:67d3:3898] [lib/base.php:3281] View->sandbox()
Wed, 08 Jan 2025 18:28:22 -0500 [2600:1006:b024:dd93:7534:315d:67d3:3898] [app/controllers/Controller.php:85] Preview->render()
Wed, 08 Jan 2025 18:28:22 -0500 [2600:1006:b024:dd93:7534:315d:67d3:3898] [lib/base.php:2078] Controller->afterroute()
Wed, 08 Jan 2025 18:28:22 -0500 [2600:1006:b024:dd93:7534:315d:67d3:3898] [lib/base.php:1871] Base->call()
Wed, 08 Jan 2025 18:28:22 -0500 [2600:1006:b024:dd93:7534:315d:67d3:3898] [index.php:20] Base->run()
Wed, 08 Jan 2025 18:28:28 -0500 [2600:1006:b024:dd93:7534:315d:67d3:3898] 500: Undefined variable $i18n trace: [tmp/3hn69l4qoa804.man4oes5p0l2.php:34]
Wed, 08 Jan 2025 18:28:28 -0500 [2600:1006:b024:dd93:7534:315d:67d3:3898] [tmp/3hn69l4qoa804.man4oes5p0l2.php:34] Base->{closure}()
Wed, 08 Jan 2025 18:28:28 -0500 [2600:1006:b024:dd93:7534:315d:67d3:3898] [lib/base.php:3036] require('/home/u991737198/domains/tas2023.online/public_html/tmp/3hn69l4qoa804.man4oes5p0l2.php')
Wed, 08 Jan 2025 18:28:28 -0500 [2600:1006:b024:dd93:7534:315d:67d3:3898] [lib/base.php:3281] View->sandbox()
Wed, 08 Jan 2025 18:28:28 -0500 [2600:1006:b024:dd93:7534:315d:67d3:3898] [tmp/3hn69l4qoa804.3h31n1yj254w8.php:7] Preview->render()
Wed, 08 Jan 2025 18:28:28 -0500 [2600:1006:b024:dd93:7534:315d:67d3:3898] [lib/base.php:3036] require('/home/u991737198/domains/tas2023.online/public_html/tmp/3hn69l4qoa804.3h31n1yj254w8.php')
Wed, 08 Jan 2025 18:28:28 -0500 [2600:1006:b024:dd93:7534:315d:67d3:3898] [lib/base.php:3281] View->sandbox()
Wed, 08 Jan 2025 18:28:28 -0500 [2600:1006:b024:dd93:7534:315d:67d3:3898] [app/controllers/Controller.php:85] Preview->render()
Wed, 08 Jan 2025 18:28:28 -0500 [2600:1006:b024:dd93:7534:315d:67d3:3898] [lib/base.php:2078] Controller->afterroute()
Wed, 08 Jan 2025 18:28:28 -0500 [2600:1006:b024:dd93:7534:315d:67d3:3898] [lib/base.php:1871] Base->call()
Wed, 08 Jan 2025 18:28:28 -0500 [2600:1006:b024:dd93:7534:315d:67d3:3898] [index.php:20] Base->run()
Wed, 08 Jan 2025 18:29:29 -0500 [2600:1006:b024:dd93:7534:315d:67d3:3898] 500: Undefined variable $entity_num trace: [tmp/3hn69l4qoa804.1zo7dt0fljr4w.php:196]
Wed, 08 Jan 2025 18:29:29 -0500 [2600:1006:b024:dd93:7534:315d:67d3:3898] [tmp/3hn69l4qoa804.1zo7dt0fljr4w.php:196] Base->{closure}()
Wed, 08 Jan 2025 18:29:29 -0500 [2600:1006:b024:dd93:7534:315d:67d3:3898] [lib/base.php:3036] require('/home/u991737198/domains/tas2023.online/public_html/tmp/3hn69l4qoa804.1zo7dt0fljr4w.php')
Wed, 08 Jan 2025 18:29:29 -0500 [2600:1006:b024:dd93:7534:315d:67d3:3898] [lib/base.php:3281] View->sandbox()
Wed, 08 Jan 2025 18:29:29 -0500 [2600:1006:b024:dd93:7534:315d:67d3:3898] [tmp/3hn69l4qoa804.3h31n1yj254w8.php:7] Preview->render()
Wed, 08 Jan 2025 18:29:29 -0500 [2600:1006:b024:dd93:7534:315d:67d3:3898] [lib/base.php:3036] require('/home/u991737198/domains/tas2023.online/public_html/tmp/3hn69l4qoa804.3h31n1yj254w8.php')
Wed, 08 Jan 2025 18:29:29 -0500 [2600:1006:b024:dd93:7534:315d:67d3:3898] [lib/base.php:3281] View->sandbox()
Wed, 08 Jan 2025 18:29:29 -0500 [2600:1006:b024:dd93:7534:315d:67d3:3898] [app/controllers/Controller.php:85] Preview->render()
Wed, 08 Jan 2025 18:29:29 -0500 [2600:1006:b024:dd93:7534:315d:67d3:3898] [lib/base.php:2078] Controller->afterroute()
Wed, 08 Jan 2025 18:29:29 -0500 [2600:1006:b024:dd93:7534:315d:67d3:3898] [lib/base.php:1871] Base->call()
Wed, 08 Jan 2025 18:29:29 -0500 [2600:1006:b024:dd93:7534:315d:67d3:3898] [index.php:20] Base->run()
Wed, 08 Jan 2025 18:29:41 -0500 [2600:1006:b024:dd93:7534:315d:67d3:3898] 500: Undefined variable $token trace: [tmp/3hn69l4qoa804.2r4f9cgm96ecs.php:191]
Wed, 08 Jan 2025 18:29:41 -0500 [2600:1006:b024:dd93:7534:315d:67d3:3898] [tmp/3hn69l4qoa804.2r4f9cgm96ecs.php:191] Base->{closure}()
Wed, 08 Jan 2025 18:29:41 -0500 [2600:1006:b024:dd93:7534:315d:67d3:3898] [lib/base.php:3036] require('/home/u991737198/domains/tas2023.online/public_html/tmp/3hn69l4qoa804.2r4f9cgm96ecs.php')
Wed, 08 Jan 2025 18:29:41 -0500 [2600:1006:b024:dd93:7534:315d:67d3:3898] [lib/base.php:3281] View->sandbox()
Wed, 08 Jan 2025 18:29:41 -0500 [2600:1006:b024:dd93:7534:315d:67d3:3898] [tmp/3hn69l4qoa804.3h31n1yj254w8.php:7] Preview->render()
Wed, 08 Jan 2025 18:29:41 -0500 [2600:1006:b024:dd93:7534:315d:67d3:3898] [lib/base.php:3036] require('/home/u991737198/domains/tas2023.online/public_html/tmp/3hn69l4qoa804.3h31n1yj254w8.php')
Wed, 08 Jan 2025 18:29:41 -0500 [2600:1006:b024:dd93:7534:315d:67d3:3898] [lib/base.php:3281] View->sandbox()
Wed, 08 Jan 2025 18:29:41 -0500 [2600:1006:b024:dd93:7534:315d:67d3:3898] [app/controllers/Controller.php:85] Preview->render()
Wed, 08 Jan 2025 18:29:41 -0500 [2600:1006:b024:dd93:7534:315d:67d3:3898] [lib/base.php:2078] Controller->afterroute()
Wed, 08 Jan 2025 18:29:41 -0500 [2600:1006:b024:dd93:7534:315d:67d3:3898] [lib/base.php:1871] Base->call()
Wed, 08 Jan 2025 18:29:41 -0500 [2600:1006:b024:dd93:7534:315d:67d3:3898] [index.php:20] Base->run()
Wed, 08 Jan 2025 18:30:02 -0500 [2600:1006:b024:dd93:7534:315d:67d3:3898] 500: Undefined variable $i18n trace: [/home/u991737198/domains/tas2023.online/public_html/tmp/3hn69l4qoa804.22phmm30e0u84.php:42]
Wed, 08 Jan 2025 18:30:02 -0500 [2600:1006:b024:dd93:7534:315d:67d3:3898] [/home/u991737198/domains/tas2023.online/public_html/tmp/3hn69l4qoa804.22phmm30e0u84.php:42] Base->{closure}()
Wed, 08 Jan 2025 18:30:02 -0500 [2600:1006:b024:dd93:7534:315d:67d3:3898] [/home/u991737198/domains/tas2023.online/public_html/lib/base.php:3036] require('/home/u991737198/domains/tas2023.online/public_html/tmp/3hn69l4qoa804.22phmm30e0u84.php')
Wed, 08 Jan 2025 18:30:02 -0500 [2600:1006:b024:dd93:7534:315d:67d3:3898] [/home/u991737198/domains/tas2023.online/public_html/lib/base.php:3281] View->sandbox()
Wed, 08 Jan 2025 18:30:02 -0500 [2600:1006:b024:dd93:7534:315d:67d3:3898] [/home/u991737198/domains/tas2023.online/public_html/tmp/3hn69l4qoa804.3h31n1yj254w8.php:7] Preview->render()
Wed, 08 Jan 2025 18:30:02 -0500 [2600:1006:b024:dd93:7534:315d:67d3:3898] [/home/u991737198/domains/tas2023.online/public_html/lib/base.php:3036] require('/home/u991737198/domains/tas2023.online/public_html/tmp/3hn69l4qoa804.3h31n1yj254w8.php')
Wed, 08 Jan 2025 18:30:02 -0500 [2600:1006:b024:dd93:7534:315d:67d3:3898] [/home/u991737198/domains/tas2023.online/public_html/lib/base.php:3281] View->sandbox()
Wed, 08 Jan 2025 18:30:02 -0500 [2600:1006:b024:dd93:7534:315d:67d3:3898] [/home/u991737198/domains/tas2023.online/public_html/app/controllers/Controller.php:85] Preview->render()
Wed, 08 Jan 2025 18:30:02 -0500 [2600:1006:b024:dd93:7534:315d:67d3:3898] [/home/u991737198/domains/tas2023.online/public_html/lib/base.php:2078] Controller->afterroute()
Wed, 08 Jan 2025 18:30:02 -0500 [2600:1006:b024:dd93:7534:315d:67d3:3898] [/home/u991737198/domains/tas2023.online/public_html/lib/base.php:1871] Base->call()
Wed, 08 Jan 2025 18:30:02 -0500 [2600:1006:b024:dd93:7534:315d:67d3:3898] [/home/u991737198/domains/tas2023.online/public_html/index.php:20] Base->run()
Wed, 08 Jan 2025 18:30:05 -0500 [2600:1006:b024:dd93:7534:315d:67d3:3898] 500: Undefined variable $i18n trace: [/home/u991737198/domains/tas2023.online/public_html/tmp/3hn69l4qoa804.9b9764piwerh.php:32]
Wed, 08 Jan 2025 18:30:05 -0500 [2600:1006:b024:dd93:7534:315d:67d3:3898] [/home/u991737198/domains/tas2023.online/public_html/tmp/3hn69l4qoa804.9b9764piwerh.php:32] Base->{closure}()
Wed, 08 Jan 2025 18:30:05 -0500 [2600:1006:b024:dd93:7534:315d:67d3:3898] [/home/u991737198/domains/tas2023.online/public_html/lib/base.php:3036] require('/home/u991737198/domains/tas2023.online/public_html/tmp/3hn69l4qoa804.9b9764piwerh.php')
Wed, 08 Jan 2025 18:30:05 -0500 [2600:1006:b024:dd93:7534:315d:67d3:3898] [/home/u991737198/domains/tas2023.online/public_html/lib/base.php:3281] View->sandbox()
Wed, 08 Jan 2025 18:30:05 -0500 [2600:1006:b024:dd93:7534:315d:67d3:3898] [/home/u991737198/domains/tas2023.online/public_html/tmp/3hn69l4qoa804.3h31n1yj254w8.php:7] Preview->render()
Wed, 08 Jan 2025 18:30:05 -0500 [2600:1006:b024:dd93:7534:315d:67d3:3898] [/home/u991737198/domains/tas2023.online/public_html/lib/base.php:3036] require('/home/u991737198/domains/tas2023.online/public_html/tmp/3hn69l4qoa804.3h31n1yj254w8.php')
Wed, 08 Jan 2025 18:30:05 -0500 [2600:1006:b024:dd93:7534:315d:67d3:3898] [/home/u991737198/domains/tas2023.online/public_html/lib/base.php:3281] View->sandbox()
Wed, 08 Jan 2025 18:30:05 -0500 [2600:1006:b024:dd93:7534:315d:67d3:3898] [/home/u991737198/domains/tas2023.online/public_html/app/controllers/Controller.php:85] Preview->render()
Wed, 08 Jan 2025 18:30:05 -0500 [2600:1006:b024:dd93:7534:315d:67d3:3898] [/home/u991737198/domains/tas2023.online/public_html/lib/base.php:2078] Controller->afterroute()
Wed, 08 Jan 2025 18:30:05 -0500 [2600:1006:b024:dd93:7534:315d:67d3:3898] [/home/u991737198/domains/tas2023.online/public_html/lib/base.php:1871] Base->call()
Wed, 08 Jan 2025 18:30:05 -0500 [2600:1006:b024:dd93:7534:315d:67d3:3898] [/home/u991737198/domains/tas2023.online/public_html/index.php:20] Base->run()
Wed, 08 Jan 2025 18:30:40 -0500 [2600:1006:b024:dd93:7534:315d:67d3:3898] 500: Undefined variable $i18n trace: [tmp/3hn69l4qoa804.dbc0jad66ldx.php:47]
Wed, 08 Jan 2025 18:30:40 -0500 [2600:1006:b024:dd93:7534:315d:67d3:3898] [tmp/3hn69l4qoa804.dbc0jad66ldx.php:47] Base->{closure}()
Wed, 08 Jan 2025 18:30:40 -0500 [2600:1006:b024:dd93:7534:315d:67d3:3898] [lib/base.php:3036] require('/home/u991737198/domains/tas2023.online/public_html/tmp/3hn69l4qoa804.dbc0jad66ldx.php')
Wed, 08 Jan 2025 18:30:40 -0500 [2600:1006:b024:dd93:7534:315d:67d3:3898] [lib/base.php:3281] View->sandbox()
Wed, 08 Jan 2025 18:30:40 -0500 [2600:1006:b024:dd93:7534:315d:67d3:3898] [tmp/3hn69l4qoa804.3h31n1yj254w8.php:7] Preview->render()
Wed, 08 Jan 2025 18:30:40 -0500 [2600:1006:b024:dd93:7534:315d:67d3:3898] [lib/base.php:3036] require('/home/u991737198/domains/tas2023.online/public_html/tmp/3hn69l4qoa804.3h31n1yj254w8.php')
Wed, 08 Jan 2025 18:30:40 -0500 [2600:1006:b024:dd93:7534:315d:67d3:3898] [lib/base.php:3281] View->sandbox()
Wed, 08 Jan 2025 18:30:40 -0500 [2600:1006:b024:dd93:7534:315d:67d3:3898] [app/controllers/Controller.php:85] Preview->render()
Wed, 08 Jan 2025 18:30:40 -0500 [2600:1006:b024:dd93:7534:315d:67d3:3898] [lib/base.php:2078] Controller->afterroute()
Wed, 08 Jan 2025 18:30:40 -0500 [2600:1006:b024:dd93:7534:315d:67d3:3898] [lib/base.php:1871] Base->call()
Wed, 08 Jan 2025 18:30:40 -0500 [2600:1006:b024:dd93:7534:315d:67d3:3898] [index.php:20] Base->run()
Wed, 08 Jan 2025 18:31:32 -0500 [2600:1006:b024:dd93:7534:315d:67d3:3898] 500: Undefined variable $i18n trace: [/home/u991737198/domains/tas2023.online/public_html/tmp/3hn69l4qoa804.3tzgu6a6f1gkg.php:5]
Wed, 08 Jan 2025 18:31:32 -0500 [2600:1006:b024:dd93:7534:315d:67d3:3898] [/home/u991737198/domains/tas2023.online/public_html/tmp/3hn69l4qoa804.3tzgu6a6f1gkg.php:5] Base->{closure}()
Wed, 08 Jan 2025 18:31:32 -0500 [2600:1006:b024:dd93:7534:315d:67d3:3898] [/home/u991737198/domains/tas2023.online/public_html/lib/base.php:3036] require('/home/u991737198/domains/tas2023.online/public_html/tmp/3hn69l4qoa804.3tzgu6a6f1gkg.php')
Wed, 08 Jan 2025 18:31:32 -0500 [2600:1006:b024:dd93:7534:315d:67d3:3898] [/home/u991737198/domains/tas2023.online/public_html/lib/base.php:3281] View->sandbox()
Wed, 08 Jan 2025 18:31:32 -0500 [2600:1006:b024:dd93:7534:315d:67d3:3898] [/home/u991737198/domains/tas2023.online/public_html/tmp/3hn69l4qoa804.22phmm30e0u84.php:227] Preview->render()
Wed, 08 Jan 2025 18:31:32 -0500 [2600:1006:b024:dd93:7534:315d:67d3:3898] [/home/u991737198/domains/tas2023.online/public_html/lib/base.php:3036] require('/home/u991737198/domains/tas2023.online/public_html/tmp/3hn69l4qoa804.22phmm30e0u84.php')
Wed, 08 Jan 2025 18:31:32 -0500 [2600:1006:b024:dd93:7534:315d:67d3:3898] [/home/u991737198/domains/tas2023.online/public_html/lib/base.php:3281] View->sandbox()
Wed, 08 Jan 2025 18:31:32 -0500 [2600:1006:b024:dd93:7534:315d:67d3:3898] [/home/u991737198/domains/tas2023.online/public_html/tmp/3hn69l4qoa804.3h31n1yj254w8.php:7] Preview->render()
Wed, 08 Jan 2025 18:31:32 -0500 [2600:1006:b024:dd93:7534:315d:67d3:3898] [/home/u991737198/domains/tas2023.online/public_html/lib/base.php:3036] require('/home/u991737198/domains/tas2023.online/public_html/tmp/3hn69l4qoa804.3h31n1yj254w8.php')
Wed, 08 Jan 2025 18:31:32 -0500 [2600:1006:b024:dd93:7534:315d:67d3:3898] [/home/u991737198/domains/tas2023.online/public_html/lib/base.php:3281] View->sandbox()
Wed, 08 Jan 2025 18:31:32 -0500 [2600:1006:b024:dd93:7534:315d:67d3:3898] [/home/u991737198/domains/tas2023.online/public_html/app/controllers/Controller.php:85] Preview->render()
Wed, 08 Jan 2025 18:31:32 -0500 [2600:1006:b024:dd93:7534:315d:67d3:3898] [/home/u991737198/domains/tas2023.online/public_html/lib/base.php:2078] Controller->afterroute()
Wed, 08 Jan 2025 18:31:32 -0500 [2600:1006:b024:dd93:7534:315d:67d3:3898] [/home/u991737198/domains/tas2023.online/public_html/lib/base.php:1871] Base->call()
Wed, 08 Jan 2025 18:31:32 -0500 [2600:1006:b024:dd93:7534:315d:67d3:3898] [/home/u991737198/domains/tas2023.online/public_html/index.php:20] Base->run()
Wed, 08 Jan 2025 18:31:36 -0500 [2600:1006:b024:dd93:7534:315d:67d3:3898] 500: Undefined variable $i18n trace: [/home/u991737198/domains/tas2023.online/public_html/tmp/3hn69l4qoa804.3tzgu6a6f1gkg.php:5]
Wed, 08 Jan 2025 18:31:36 -0500 [2600:1006:b024:dd93:7534:315d:67d3:3898] [/home/u991737198/domains/tas2023.online/public_html/tmp/3hn69l4qoa804.3tzgu6a6f1gkg.php:5] Base->{closure}()
Wed, 08 Jan 2025 18:31:36 -0500 [2600:1006:b024:dd93:7534:315d:67d3:3898] [/home/u991737198/domains/tas2023.online/public_html/lib/base.php:3036] require('/home/u991737198/domains/tas2023.online/public_html/tmp/3hn69l4qoa804.3tzgu6a6f1gkg.php')
Wed, 08 Jan 2025 18:31:36 -0500 [2600:1006:b024:dd93:7534:315d:67d3:3898] [/home/u991737198/domains/tas2023.online/public_html/lib/base.php:3281] View->sandbox()
Wed, 08 Jan 2025 18:31:36 -0500 [2600:1006:b024:dd93:7534:315d:67d3:3898] [/home/u991737198/domains/tas2023.online/public_html/tmp/3hn69l4qoa804.22phmm30e0u84.php:227] Preview->render()
Wed, 08 Jan 2025 18:31:36 -0500 [2600:1006:b024:dd93:7534:315d:67d3:3898] [/home/u991737198/domains/tas2023.online/public_html/lib/base.php:3036] require('/home/u991737198/domains/tas2023.online/public_html/tmp/3hn69l4qoa804.22phmm30e0u84.php')
Wed, 08 Jan 2025 18:31:36 -0500 [2600:1006:b024:dd93:7534:315d:67d3:3898] [/home/u991737198/domains/tas2023.online/public_html/lib/base.php:3281] View->sandbox()
Wed, 08 Jan 2025 18:31:36 -0500 [2600:1006:b024:dd93:7534:315d:67d3:3898] [/home/u991737198/domains/tas2023.online/public_html/tmp/3hn69l4qoa804.3h31n1yj254w8.php:7] Preview->render()
Wed, 08 Jan 2025 18:31:36 -0500 [2600:1006:b024:dd93:7534:315d:67d3:3898] [/home/u991737198/domains/tas2023.online/public_html/lib/base.php:3036] require('/home/u991737198/domains/tas2023.online/public_html/tmp/3hn69l4qoa804.3h31n1yj254w8.php')
Wed, 08 Jan 2025 18:31:36 -0500 [2600:1006:b024:dd93:7534:315d:67d3:3898] [/home/u991737198/domains/tas2023.online/public_html/lib/base.php:3281] View->sandbox()
Wed, 08 Jan 2025 18:31:36 -0500 [2600:1006:b024:dd93:7534:315d:67d3:3898] [/home/u991737198/domains/tas2023.online/public_html/app/controllers/Controller.php:85] Preview->render()
Wed, 08 Jan 2025 18:31:36 -0500 [2600:1006:b024:dd93:7534:315d:67d3:3898] [/home/u991737198/domains/tas2023.online/public_html/lib/base.php:2078] Controller->afterroute()
Wed, 08 Jan 2025 18:31:36 -0500 [2600:1006:b024:dd93:7534:315d:67d3:3898] [/home/u991737198/domains/tas2023.online/public_html/lib/base.php:1871] Base->call()
Wed, 08 Jan 2025 18:31:36 -0500 [2600:1006:b024:dd93:7534:315d:67d3:3898] [/home/u991737198/domains/tas2023.online/public_html/index.php:20] Base->run()
Wed, 08 Jan 2025 18:31:38 -0500 [2600:1006:b024:dd93:7534:315d:67d3:3898] 500: Undefined variable $i18n trace: [/home/u991737198/domains/tas2023.online/public_html/tmp/3hn69l4qoa804.3tzgu6a6f1gkg.php:5]
Wed, 08 Jan 2025 18:31:38 -0500 [2600:1006:b024:dd93:7534:315d:67d3:3898] [/home/u991737198/domains/tas2023.online/public_html/tmp/3hn69l4qoa804.3tzgu6a6f1gkg.php:5] Base->{closure}()
Wed, 08 Jan 2025 18:31:38 -0500 [2600:1006:b024:dd93:7534:315d:67d3:3898] [/home/u991737198/domains/tas2023.online/public_html/lib/base.php:3036] require('/home/u991737198/domains/tas2023.online/public_html/tmp/3hn69l4qoa804.3tzgu6a6f1gkg.php')
Wed, 08 Jan 2025 18:31:38 -0500 [2600:1006:b024:dd93:7534:315d:67d3:3898] [/home/u991737198/domains/tas2023.online/public_html/lib/base.php:3281] View->sandbox()
Wed, 08 Jan 2025 18:31:38 -0500 [2600:1006:b024:dd93:7534:315d:67d3:3898] [/home/u991737198/domains/tas2023.online/public_html/tmp/3hn69l4qoa804.22phmm30e0u84.php:227] Preview->render()
Wed, 08 Jan 2025 18:31:38 -0500 [2600:1006:b024:dd93:7534:315d:67d3:3898] [/home/u991737198/domains/tas2023.online/public_html/lib/base.php:3036] require('/home/u991737198/domains/tas2023.online/public_html/tmp/3hn69l4qoa804.22phmm30e0u84.php')
Wed, 08 Jan 2025 18:31:38 -0500 [2600:1006:b024:dd93:7534:315d:67d3:3898] [/home/u991737198/domains/tas2023.online/public_html/lib/base.php:3281] View->sandbox()
Wed, 08 Jan 2025 18:31:38 -0500 [2600:1006:b024:dd93:7534:315d:67d3:3898] [/home/u991737198/domains/tas2023.online/public_html/tmp/3hn69l4qoa804.3h31n1yj254w8.php:7] Preview->render()
Wed, 08 Jan 2025 18:31:38 -0500 [2600:1006:b024:dd93:7534:315d:67d3:3898] [/home/u991737198/domains/tas2023.online/public_html/lib/base.php:3036] require('/home/u991737198/domains/tas2023.online/public_html/tmp/3hn69l4qoa804.3h31n1yj254w8.php')
Wed, 08 Jan 2025 18:31:38 -0500 [2600:1006:b024:dd93:7534:315d:67d3:3898] [/home/u991737198/domains/tas2023.online/public_html/lib/base.php:3281] View->sandbox()
Wed, 08 Jan 2025 18:31:38 -0500 [2600:1006:b024:dd93:7534:315d:67d3:3898] [/home/u991737198/domains/tas2023.online/public_html/app/controllers/Controller.php:85] Preview->render()
Wed, 08 Jan 2025 18:31:38 -0500 [2600:1006:b024:dd93:7534:315d:67d3:3898] [/home/u991737198/domains/tas2023.online/public_html/lib/base.php:2078] Controller->afterroute()
Wed, 08 Jan 2025 18:31:38 -0500 [2600:1006:b024:dd93:7534:315d:67d3:3898] [/home/u991737198/domains/tas2023.online/public_html/lib/base.php:1871] Base->call()
Wed, 08 Jan 2025 18:31:38 -0500 [2600:1006:b024:dd93:7534:315d:67d3:3898] [/home/u991737198/domains/tas2023.online/public_html/index.php:20] Base->run()
Wed, 08 Jan 2025 18:31:40 -0500 [2600:1006:b024:dd93:7534:315d:67d3:3898] 500: Undefined variable $i18n trace: [/home/u991737198/domains/tas2023.online/public_html/tmp/3hn69l4qoa804.3tzgu6a6f1gkg.php:5]
Wed, 08 Jan 2025 18:31:40 -0500 [2600:1006:b024:dd93:7534:315d:67d3:3898] [/home/u991737198/domains/tas2023.online/public_html/tmp/3hn69l4qoa804.3tzgu6a6f1gkg.php:5] Base->{closure}()
Wed, 08 Jan 2025 18:31:40 -0500 [2600:1006:b024:dd93:7534:315d:67d3:3898] [/home/u991737198/domains/tas2023.online/public_html/lib/base.php:3036] require('/home/u991737198/domains/tas2023.online/public_html/tmp/3hn69l4qoa804.3tzgu6a6f1gkg.php')
Wed, 08 Jan 2025 18:31:40 -0500 [2600:1006:b024:dd93:7534:315d:67d3:3898] [/home/u991737198/domains/tas2023.online/public_html/lib/base.php:3281] View->sandbox()
Wed, 08 Jan 2025 18:31:40 -0500 [2600:1006:b024:dd93:7534:315d:67d3:3898] [/home/u991737198/domains/tas2023.online/public_html/tmp/3hn69l4qoa804.22phmm30e0u84.php:227] Preview->render()
Wed, 08 Jan 2025 18:31:40 -0500 [2600:1006:b024:dd93:7534:315d:67d3:3898] [/home/u991737198/domains/tas2023.online/public_html/lib/base.php:3036] require('/home/u991737198/domains/tas2023.online/public_html/tmp/3hn69l4qoa804.22phmm30e0u84.php')
Wed, 08 Jan 2025 18:31:40 -0500 [2600:1006:b024:dd93:7534:315d:67d3:3898] [/home/u991737198/domains/tas2023.online/public_html/lib/base.php:3281] View->sandbox()
Wed, 08 Jan 2025 18:31:40 -0500 [2600:1006:b024:dd93:7534:315d:67d3:3898] [/home/u991737198/domains/tas2023.online/public_html/tmp/3hn69l4qoa804.3h31n1yj254w8.php:7] Preview->render()
Wed, 08 Jan 2025 18:31:40 -0500 [2600:1006:b024:dd93:7534:315d:67d3:3898] [/home/u991737198/domains/tas2023.online/public_html/lib/base.php:3036] require('/home/u991737198/domains/tas2023.online/public_html/tmp/3hn69l4qoa804.3h31n1yj254w8.php')
Wed, 08 Jan 2025 18:31:40 -0500 [2600:1006:b024:dd93:7534:315d:67d3:3898] [/home/u991737198/domains/tas2023.online/public_html/lib/base.php:3281] View->sandbox()
Wed, 08 Jan 2025 18:31:40 -0500 [2600:1006:b024:dd93:7534:315d:67d3:3898] [/home/u991737198/domains/tas2023.online/public_html/app/controllers/Controller.php:85] Preview->render()
Wed, 08 Jan 2025 18:31:40 -0500 [2600:1006:b024:dd93:7534:315d:67d3:3898] [/home/u991737198/domains/tas2023.online/public_html/lib/base.php:2078] Controller->afterroute()
Wed, 08 Jan 2025 18:31:40 -0500 [2600:1006:b024:dd93:7534:315d:67d3:3898] [/home/u991737198/domains/tas2023.online/public_html/lib/base.php:1871] Base->call()
Wed, 08 Jan 2025 18:31:40 -0500 [2600:1006:b024:dd93:7534:315d:67d3:3898] [/home/u991737198/domains/tas2023.online/public_html/index.php:20] Base->run()
Wed, 08 Jan 2025 18:31:52 -0500 [2600:1006:b024:dd93:7534:315d:67d3:3898] 500: Undefined variable $i18n trace: [/home/u991737198/domains/tas2023.online/public_html/tmp/3hn69l4qoa804.3tzgu6a6f1gkg.php:5]
Wed, 08 Jan 2025 18:31:52 -0500 [2600:1006:b024:dd93:7534:315d:67d3:3898] [/home/u991737198/domains/tas2023.online/public_html/tmp/3hn69l4qoa804.3tzgu6a6f1gkg.php:5] Base->{closure}()
Wed, 08 Jan 2025 18:31:52 -0500 [2600:1006:b024:dd93:7534:315d:67d3:3898] [/home/u991737198/domains/tas2023.online/public_html/lib/base.php:3036] require('/home/u991737198/domains/tas2023.online/public_html/tmp/3hn69l4qoa804.3tzgu6a6f1gkg.php')
Wed, 08 Jan 2025 18:31:52 -0500 [2600:1006:b024:dd93:7534:315d:67d3:3898] [/home/u991737198/domains/tas2023.online/public_html/lib/base.php:3281] View->sandbox()
Wed, 08 Jan 2025 18:31:52 -0500 [2600:1006:b024:dd93:7534:315d:67d3:3898] [/home/u991737198/domains/tas2023.online/public_html/tmp/3hn69l4qoa804.22phmm30e0u84.php:227] Preview->render()
Wed, 08 Jan 2025 18:31:52 -0500 [2600:1006:b024:dd93:7534:315d:67d3:3898] [/home/u991737198/domains/tas2023.online/public_html/lib/base.php:3036] require('/home/u991737198/domains/tas2023.online/public_html/tmp/3hn69l4qoa804.22phmm30e0u84.php')
Wed, 08 Jan 2025 18:31:52 -0500 [2600:1006:b024:dd93:7534:315d:67d3:3898] [/home/u991737198/domains/tas2023.online/public_html/lib/base.php:3281] View->sandbox()
Wed, 08 Jan 2025 18:31:52 -0500 [2600:1006:b024:dd93:7534:315d:67d3:3898] [/home/u991737198/domains/tas2023.online/public_html/tmp/3hn69l4qoa804.3h31n1yj254w8.php:7] Preview->render()
Wed, 08 Jan 2025 18:31:52 -0500 [2600:1006:b024:dd93:7534:315d:67d3:3898] [/home/u991737198/domains/tas2023.online/public_html/lib/base.php:3036] require('/home/u991737198/domains/tas2023.online/public_html/tmp/3hn69l4qoa804.3h31n1yj254w8.php')
Wed, 08 Jan 2025 18:31:52 -0500 [2600:1006:b024:dd93:7534:315d:67d3:3898] [/home/u991737198/domains/tas2023.online/public_html/lib/base.php:3281] View->sandbox()
Wed, 08 Jan 2025 18:31:52 -0500 [2600:1006:b024:dd93:7534:315d:67d3:3898] [/home/u991737198/domains/tas2023.online/public_html/app/controllers/Controller.php:85] Preview->render()
Wed, 08 Jan 2025 18:31:52 -0500 [2600:1006:b024:dd93:7534:315d:67d3:3898] [/home/u991737198/domains/tas2023.online/public_html/lib/base.php:2078] Controller->afterroute()
Wed, 08 Jan 2025 18:31:52 -0500 [2600:1006:b024:dd93:7534:315d:67d3:3898] [/home/u991737198/domains/tas2023.online/public_html/lib/base.php:1871] Base->call()
Wed, 08 Jan 2025 18:31:52 -0500 [2600:1006:b024:dd93:7534:315d:67d3:3898] [/home/u991737198/domains/tas2023.online/public_html/index.php:20] Base->run()
Wed, 08 Jan 2025 18:31:53 -0500 [2600:1006:b024:dd93:7534:315d:67d3:3898] 500: Undefined variable $i18n trace: [/home/u991737198/domains/tas2023.online/public_html/tmp/3hn69l4qoa804.3tzgu6a6f1gkg.php:5]
Wed, 08 Jan 2025 18:31:53 -0500 [2600:1006:b024:dd93:7534:315d:67d3:3898] [/home/u991737198/domains/tas2023.online/public_html/tmp/3hn69l4qoa804.3tzgu6a6f1gkg.php:5] Base->{closure}()
Wed, 08 Jan 2025 18:31:53 -0500 [2600:1006:b024:dd93:7534:315d:67d3:3898] [/home/u991737198/domains/tas2023.online/public_html/lib/base.php:3036] require('/home/u991737198/domains/tas2023.online/public_html/tmp/3hn69l4qoa804.3tzgu6a6f1gkg.php')
Wed, 08 Jan 2025 18:31:53 -0500 [2600:1006:b024:dd93:7534:315d:67d3:3898] [/home/u991737198/domains/tas2023.online/public_html/lib/base.php:3281] View->sandbox()
Wed, 08 Jan 2025 18:31:53 -0500 [2600:1006:b024:dd93:7534:315d:67d3:3898] [/home/u991737198/domains/tas2023.online/public_html/tmp/3hn69l4qoa804.22phmm30e0u84.php:227] Preview->render()
Wed, 08 Jan 2025 18:31:53 -0500 [2600:1006:b024:dd93:7534:315d:67d3:3898] [/home/u991737198/domains/tas2023.online/public_html/lib/base.php:3036] require('/home/u991737198/domains/tas2023.online/public_html/tmp/3hn69l4qoa804.22phmm30e0u84.php')
Wed, 08 Jan 2025 18:31:53 -0500 [2600:1006:b024:dd93:7534:315d:67d3:3898] [/home/u991737198/domains/tas2023.online/public_html/lib/base.php:3281] View->sandbox()
Wed, 08 Jan 2025 18:31:53 -0500 [2600:1006:b024:dd93:7534:315d:67d3:3898] [/home/u991737198/domains/tas2023.online/public_html/tmp/3hn69l4qoa804.3h31n1yj254w8.php:7] Preview->render()
Wed, 08 Jan 2025 18:31:53 -0500 [2600:1006:b024:dd93:7534:315d:67d3:3898] [/home/u991737198/domains/tas2023.online/public_html/lib/base.php:3036] require('/home/u991737198/domains/tas2023.online/public_html/tmp/3hn69l4qoa804.3h31n1yj254w8.php')
Wed, 08 Jan 2025 18:31:53 -0500 [2600:1006:b024:dd93:7534:315d:67d3:3898] [/home/u991737198/domains/tas2023.online/public_html/lib/base.php:3281] View->sandbox()
Wed, 08 Jan 2025 18:31:53 -0500 [2600:1006:b024:dd93:7534:315d:67d3:3898] [/home/u991737198/domains/tas2023.online/public_html/app/controllers/Controller.php:85] Preview->render()
Wed, 08 Jan 2025 18:31:53 -0500 [2600:1006:b024:dd93:7534:315d:67d3:3898] [/home/u991737198/domains/tas2023.online/public_html/lib/base.php:2078] Controller->afterroute()
Wed, 08 Jan 2025 18:31:53 -0500 [2600:1006:b024:dd93:7534:315d:67d3:3898] [/home/u991737198/domains/tas2023.online/public_html/lib/base.php:1871] Base->call()
Wed, 08 Jan 2025 18:31:53 -0500 [2600:1006:b024:dd93:7534:315d:67d3:3898] [/home/u991737198/domains/tas2023.online/public_html/index.php:20] Base->run()
Wed, 08 Jan 2025 18:35:21 -0500 [2600:1006:b024:dd93:7534:315d:67d3:3898] 500: Undefined variable $i18n trace: [/home/u991737198/domains/tas2023.online/public_html/tmp/3hn69l4qoa804.3tzgu6a6f1gkg.php:5]
Wed, 08 Jan 2025 18:35:21 -0500 [2600:1006:b024:dd93:7534:315d:67d3:3898] [/home/u991737198/domains/tas2023.online/public_html/tmp/3hn69l4qoa804.3tzgu6a6f1gkg.php:5] Base->{closure}()
Wed, 08 Jan 2025 18:35:21 -0500 [2600:1006:b024:dd93:7534:315d:67d3:3898] [/home/u991737198/domains/tas2023.online/public_html/lib/base.php:3036] require('/home/u991737198/domains/tas2023.online/public_html/tmp/3hn69l4qoa804.3tzgu6a6f1gkg.php')
Wed, 08 Jan 2025 18:35:21 -0500 [2600:1006:b024:dd93:7534:315d:67d3:3898] [/home/u991737198/domains/tas2023.online/public_html/lib/base.php:3281] View->sandbox()
Wed, 08 Jan 2025 18:35:21 -0500 [2600:1006:b024:dd93:7534:315d:67d3:3898] [/home/u991737198/domains/tas2023.online/public_html/tmp/3hn69l4qoa804.22phmm30e0u84.php:231] Preview->render()
Wed, 08 Jan 2025 18:35:21 -0500 [2600:1006:b024:dd93:7534:315d:67d3:3898] [/home/u991737198/domains/tas2023.online/public_html/lib/base.php:3036] require('/home/u991737198/domains/tas2023.online/public_html/tmp/3hn69l4qoa804.22phmm30e0u84.php')
Wed, 08 Jan 2025 18:35:21 -0500 [2600:1006:b024:dd93:7534:315d:67d3:3898] [/home/u991737198/domains/tas2023.online/public_html/lib/base.php:3281] View->sandbox()
Wed, 08 Jan 2025 18:35:21 -0500 [2600:1006:b024:dd93:7534:315d:67d3:3898] [/home/u991737198/domains/tas2023.online/public_html/tmp/3hn69l4qoa804.3h31n1yj254w8.php:7] Preview->render()
Wed, 08 Jan 2025 18:35:21 -0500 [2600:1006:b024:dd93:7534:315d:67d3:3898] [/home/u991737198/domains/tas2023.online/public_html/lib/base.php:3036] require('/home/u991737198/domains/tas2023.online/public_html/tmp/3hn69l4qoa804.3h31n1yj254w8.php')
Wed, 08 Jan 2025 18:35:21 -0500 [2600:1006:b024:dd93:7534:315d:67d3:3898] [/home/u991737198/domains/tas2023.online/public_html/lib/base.php:3281] View->sandbox()
Wed, 08 Jan 2025 18:35:21 -0500 [2600:1006:b024:dd93:7534:315d:67d3:3898] [/home/u991737198/domains/tas2023.online/public_html/app/controllers/Controller.php:85] Preview->render()
Wed, 08 Jan 2025 18:35:21 -0500 [2600:1006:b024:dd93:7534:315d:67d3:3898] [/home/u991737198/domains/tas2023.online/public_html/lib/base.php:2078] Controller->afterroute()
Wed, 08 Jan 2025 18:35:21 -0500 [2600:1006:b024:dd93:7534:315d:67d3:3898] [/home/u991737198/domains/tas2023.online/public_html/lib/base.php:1871] Base->call()
Wed, 08 Jan 2025 18:35:21 -0500 [2600:1006:b024:dd93:7534:315d:67d3:3898] [/home/u991737198/domains/tas2023.online/public_html/index.php:20] Base->run()
Wed, 08 Jan 2025 18:35:26 -0500 [2600:1006:b024:dd93:7534:315d:67d3:3898] 500: Undefined variable $i18n trace: [/home/u991737198/domains/tas2023.online/public_html/tmp/3hn69l4qoa804.3tzgu6a6f1gkg.php:5]
Wed, 08 Jan 2025 18:35:26 -0500 [2600:1006:b024:dd93:7534:315d:67d3:3898] [/home/u991737198/domains/tas2023.online/public_html/tmp/3hn69l4qoa804.3tzgu6a6f1gkg.php:5] Base->{closure}()
Wed, 08 Jan 2025 18:35:26 -0500 [2600:1006:b024:dd93:7534:315d:67d3:3898] [/home/u991737198/domains/tas2023.online/public_html/lib/base.php:3036] require('/home/u991737198/domains/tas2023.online/public_html/tmp/3hn69l4qoa804.3tzgu6a6f1gkg.php')
Wed, 08 Jan 2025 18:35:26 -0500 [2600:1006:b024:dd93:7534:315d:67d3:3898] [/home/u991737198/domains/tas2023.online/public_html/lib/base.php:3281] View->sandbox()
Wed, 08 Jan 2025 18:35:26 -0500 [2600:1006:b024:dd93:7534:315d:67d3:3898] [/home/u991737198/domains/tas2023.online/public_html/tmp/3hn69l4qoa804.22phmm30e0u84.php:231] Preview->render()
Wed, 08 Jan 2025 18:35:26 -0500 [2600:1006:b024:dd93:7534:315d:67d3:3898] [/home/u991737198/domains/tas2023.online/public_html/lib/base.php:3036] require('/home/u991737198/domains/tas2023.online/public_html/tmp/3hn69l4qoa804.22phmm30e0u84.php')
Wed, 08 Jan 2025 18:35:26 -0500 [2600:1006:b024:dd93:7534:315d:67d3:3898] [/home/u991737198/domains/tas2023.online/public_html/lib/base.php:3281] View->sandbox()
Wed, 08 Jan 2025 18:35:26 -0500 [2600:1006:b024:dd93:7534:315d:67d3:3898] [/home/u991737198/domains/tas2023.online/public_html/tmp/3hn69l4qoa804.3h31n1yj254w8.php:7] Preview->render()
Wed, 08 Jan 2025 18:35:26 -0500 [2600:1006:b024:dd93:7534:315d:67d3:3898] [/home/u991737198/domains/tas2023.online/public_html/lib/base.php:3036] require('/home/u991737198/domains/tas2023.online/public_html/tmp/3hn69l4qoa804.3h31n1yj254w8.php')
Wed, 08 Jan 2025 18:35:26 -0500 [2600:1006:b024:dd93:7534:315d:67d3:3898] [/home/u991737198/domains/tas2023.online/public_html/lib/base.php:3281] View->sandbox()
Wed, 08 Jan 2025 18:35:26 -0500 [2600:1006:b024:dd93:7534:315d:67d3:3898] [/home/u991737198/domains/tas2023.online/public_html/app/controllers/Controller.php:85] Preview->render()
Wed, 08 Jan 2025 18:35:26 -0500 [2600:1006:b024:dd93:7534:315d:67d3:3898] [/home/u991737198/domains/tas2023.online/public_html/lib/base.php:2078] Controller->afterroute()
Wed, 08 Jan 2025 18:35:26 -0500 [2600:1006:b024:dd93:7534:315d:67d3:3898] [/home/u991737198/domains/tas2023.online/public_html/lib/base.php:1871] Base->call()
Wed, 08 Jan 2025 18:35:26 -0500 [2600:1006:b024:dd93:7534:315d:67d3:3898] [/home/u991737198/domains/tas2023.online/public_html/index.php:20] Base->run()
Wed, 08 Jan 2025 18:35:35 -0500 [2600:1006:b024:dd93:7534:315d:67d3:3898] 500: Undefined variable $i18n trace: [/home/u991737198/domains/tas2023.online/public_html/tmp/3hn69l4qoa804.3tzgu6a6f1gkg.php:5]
Wed, 08 Jan 2025 18:35:35 -0500 [2600:1006:b024:dd93:7534:315d:67d3:3898] [/home/u991737198/domains/tas2023.online/public_html/tmp/3hn69l4qoa804.3tzgu6a6f1gkg.php:5] Base->{closure}()
Wed, 08 Jan 2025 18:35:35 -0500 [2600:1006:b024:dd93:7534:315d:67d3:3898] [/home/u991737198/domains/tas2023.online/public_html/lib/base.php:3036] require('/home/u991737198/domains/tas2023.online/public_html/tmp/3hn69l4qoa804.3tzgu6a6f1gkg.php')
Wed, 08 Jan 2025 18:35:35 -0500 [2600:1006:b024:dd93:7534:315d:67d3:3898] [/home/u991737198/domains/tas2023.online/public_html/lib/base.php:3281] View->sandbox()
Wed, 08 Jan 2025 18:35:35 -0500 [2600:1006:b024:dd93:7534:315d:67d3:3898] [/home/u991737198/domains/tas2023.online/public_html/tmp/3hn69l4qoa804.22phmm30e0u84.php:231] Preview->render()
Wed, 08 Jan 2025 18:35:35 -0500 [2600:1006:b024:dd93:7534:315d:67d3:3898] [/home/u991737198/domains/tas2023.online/public_html/lib/base.php:3036] require('/home/u991737198/domains/tas2023.online/public_html/tmp/3hn69l4qoa804.22phmm30e0u84.php')
Wed, 08 Jan 2025 18:35:35 -0500 [2600:1006:b024:dd93:7534:315d:67d3:3898] [/home/u991737198/domains/tas2023.online/public_html/lib/base.php:3281] View->sandbox()
Wed, 08 Jan 2025 18:35:35 -0500 [2600:1006:b024:dd93:7534:315d:67d3:3898] [/home/u991737198/domains/tas2023.online/public_html/tmp/3hn69l4qoa804.3h31n1yj254w8.php:7] Preview->render()
Wed, 08 Jan 2025 18:35:35 -0500 [2600:1006:b024:dd93:7534:315d:67d3:3898] [/home/u991737198/domains/tas2023.online/public_html/lib/base.php:3036] require('/home/u991737198/domains/tas2023.online/public_html/tmp/3hn69l4qoa804.3h31n1yj254w8.php')
Wed, 08 Jan 2025 18:35:35 -0500 [2600:1006:b024:dd93:7534:315d:67d3:3898] [/home/u991737198/domains/tas2023.online/public_html/lib/base.php:3281] View->sandbox()
Wed, 08 Jan 2025 18:35:35 -0500 [2600:1006:b024:dd93:7534:315d:67d3:3898] [/home/u991737198/domains/tas2023.online/public_html/app/controllers/Controller.php:85] Preview->render()
Wed, 08 Jan 2025 18:35:35 -0500 [2600:1006:b024:dd93:7534:315d:67d3:3898] [/home/u991737198/domains/tas2023.online/public_html/lib/base.php:2078] Controller->afterroute()
Wed, 08 Jan 2025 18:35:35 -0500 [2600:1006:b024:dd93:7534:315d:67d3:3898] [/home/u991737198/domains/tas2023.online/public_html/lib/base.php:1871] Base->call()
Wed, 08 Jan 2025 18:35:35 -0500 [2600:1006:b024:dd93:7534:315d:67d3:3898] [/home/u991737198/domains/tas2023.online/public_html/index.php:20] Base->run()
Wed, 08 Jan 2025 18:35:37 -0500 [2600:1006:b024:dd93:7534:315d:67d3:3898] 500: Undefined variable $i18n trace: [/home/u991737198/domains/tas2023.online/public_html/tmp/3hn69l4qoa804.3tzgu6a6f1gkg.php:5]
Wed, 08 Jan 2025 18:35:37 -0500 [2600:1006:b024:dd93:7534:315d:67d3:3898] [/home/u991737198/domains/tas2023.online/public_html/tmp/3hn69l4qoa804.3tzgu6a6f1gkg.php:5] Base->{closure}()
Wed, 08 Jan 2025 18:35:37 -0500 [2600:1006:b024:dd93:7534:315d:67d3:3898] [/home/u991737198/domains/tas2023.online/public_html/lib/base.php:3036] require('/home/u991737198/domains/tas2023.online/public_html/tmp/3hn69l4qoa804.3tzgu6a6f1gkg.php')
Wed, 08 Jan 2025 18:35:37 -0500 [2600:1006:b024:dd93:7534:315d:67d3:3898] [/home/u991737198/domains/tas2023.online/public_html/lib/base.php:3281] View->sandbox()
Wed, 08 Jan 2025 18:35:37 -0500 [2600:1006:b024:dd93:7534:315d:67d3:3898] [/home/u991737198/domains/tas2023.online/public_html/tmp/3hn69l4qoa804.22phmm30e0u84.php:231] Preview->render()
Wed, 08 Jan 2025 18:35:37 -0500 [2600:1006:b024:dd93:7534:315d:67d3:3898] [/home/u991737198/domains/tas2023.online/public_html/lib/base.php:3036] require('/home/u991737198/domains/tas2023.online/public_html/tmp/3hn69l4qoa804.22phmm30e0u84.php')
Wed, 08 Jan 2025 18:35:37 -0500 [2600:1006:b024:dd93:7534:315d:67d3:3898] [/home/u991737198/domains/tas2023.online/public_html/lib/base.php:3281] View->sandbox()
Wed, 08 Jan 2025 18:35:37 -0500 [2600:1006:b024:dd93:7534:315d:67d3:3898] [/home/u991737198/domains/tas2023.online/public_html/tmp/3hn69l4qoa804.3h31n1yj254w8.php:7] Preview->render()
Wed, 08 Jan 2025 18:35:37 -0500 [2600:1006:b024:dd93:7534:315d:67d3:3898] [/home/u991737198/domains/tas2023.online/public_html/lib/base.php:3036] require('/home/u991737198/domains/tas2023.online/public_html/tmp/3hn69l4qoa804.3h31n1yj254w8.php')
Wed, 08 Jan 2025 18:35:37 -0500 [2600:1006:b024:dd93:7534:315d:67d3:3898] [/home/u991737198/domains/tas2023.online/public_html/lib/base.php:3281] View->sandbox()
Wed, 08 Jan 2025 18:35:37 -0500 [2600:1006:b024:dd93:7534:315d:67d3:3898] [/home/u991737198/domains/tas2023.online/public_html/app/controllers/Controller.php:85] Preview->render()
Wed, 08 Jan 2025 18:35:37 -0500 [2600:1006:b024:dd93:7534:315d:67d3:3898] [/home/u991737198/domains/tas2023.online/public_html/lib/base.php:2078] Controller->afterroute()
Wed, 08 Jan 2025 18:35:37 -0500 [2600:1006:b024:dd93:7534:315d:67d3:3898] [/home/u991737198/domains/tas2023.online/public_html/lib/base.php:1871] Base->call()
Wed, 08 Jan 2025 18:35:37 -0500 [2600:1006:b024:dd93:7534:315d:67d3:3898] [/home/u991737198/domains/tas2023.online/public_html/index.php:20] Base->run()
Wed, 08 Jan 2025 18:36:40 -0500 [2600:1006:b024:dd93:7534:315d:67d3:3898] 500: Undefined variable $i18n trace: [/home/u991737198/domains/tas2023.online/public_html/tmp/3hn69l4qoa804.3tzgu6a6f1gkg.php:5]
Wed, 08 Jan 2025 18:36:40 -0500 [2600:1006:b024:dd93:7534:315d:67d3:3898] [/home/u991737198/domains/tas2023.online/public_html/tmp/3hn69l4qoa804.3tzgu6a6f1gkg.php:5] Base->{closure}()
Wed, 08 Jan 2025 18:36:40 -0500 [2600:1006:b024:dd93:7534:315d:67d3:3898] [/home/u991737198/domains/tas2023.online/public_html/lib/base.php:3036] require('/home/u991737198/domains/tas2023.online/public_html/tmp/3hn69l4qoa804.3tzgu6a6f1gkg.php')
Wed, 08 Jan 2025 18:36:40 -0500 [2600:1006:b024:dd93:7534:315d:67d3:3898] [/home/u991737198/domains/tas2023.online/public_html/lib/base.php:3281] View->sandbox()
Wed, 08 Jan 2025 18:36:40 -0500 [2600:1006:b024:dd93:7534:315d:67d3:3898] [/home/u991737198/domains/tas2023.online/public_html/tmp/3hn69l4qoa804.3g8shy2588w00.php:246] Preview->render()
Wed, 08 Jan 2025 18:36:40 -0500 [2600:1006:b024:dd93:7534:315d:67d3:3898] [/home/u991737198/domains/tas2023.online/public_html/lib/base.php:3036] require('/home/u991737198/domains/tas2023.online/public_html/tmp/3hn69l4qoa804.3g8shy2588w00.php')
Wed, 08 Jan 2025 18:36:40 -0500 [2600:1006:b024:dd93:7534:315d:67d3:3898] [/home/u991737198/domains/tas2023.online/public_html/lib/base.php:3281] View->sandbox()
Wed, 08 Jan 2025 18:36:40 -0500 [2600:1006:b024:dd93:7534:315d:67d3:3898] [/home/u991737198/domains/tas2023.online/public_html/tmp/3hn69l4qoa804.3h31n1yj254w8.php:7] Preview->render()
Wed, 08 Jan 2025 18:36:40 -0500 [2600:1006:b024:dd93:7534:315d:67d3:3898] [/home/u991737198/domains/tas2023.online/public_html/lib/base.php:3036] require('/home/u991737198/domains/tas2023.online/public_html/tmp/3hn69l4qoa804.3h31n1yj254w8.php')
Wed, 08 Jan 2025 18:36:40 -0500 [2600:1006:b024:dd93:7534:315d:67d3:3898] [/home/u991737198/domains/tas2023.online/public_html/lib/base.php:3281] View->sandbox()
Wed, 08 Jan 2025 18:36:40 -0500 [2600:1006:b024:dd93:7534:315d:67d3:3898] [/home/u991737198/domains/tas2023.online/public_html/app/controllers/Controller.php:85] Preview->render()
Wed, 08 Jan 2025 18:36:40 -0500 [2600:1006:b024:dd93:7534:315d:67d3:3898] [/home/u991737198/domains/tas2023.online/public_html/lib/base.php:2078] Controller->afterroute()
Wed, 08 Jan 2025 18:36:40 -0500 [2600:1006:b024:dd93:7534:315d:67d3:3898] [/home/u991737198/domains/tas2023.online/public_html/lib/base.php:1871] Base->call()
Wed, 08 Jan 2025 18:36:40 -0500 [2600:1006:b024:dd93:7534:315d:67d3:3898] [/home/u991737198/domains/tas2023.online/public_html/index.php:20] Base->run()
Wed, 08 Jan 2025 18:36:51 -0500 [2600:1006:b024:dd93:7534:315d:67d3:3898] 500: Undefined variable $i18n trace: [/home/u991737198/domains/tas2023.online/public_html/tmp/3hn69l4qoa804.3tzgu6a6f1gkg.php:5]
Wed, 08 Jan 2025 18:36:51 -0500 [2600:1006:b024:dd93:7534:315d:67d3:3898] [/home/u991737198/domains/tas2023.online/public_html/tmp/3hn69l4qoa804.3tzgu6a6f1gkg.php:5] Base->{closure}()
Wed, 08 Jan 2025 18:36:51 -0500 [2600:1006:b024:dd93:7534:315d:67d3:3898] [/home/u991737198/domains/tas2023.online/public_html/lib/base.php:3036] require('/home/u991737198/domains/tas2023.online/public_html/tmp/3hn69l4qoa804.3tzgu6a6f1gkg.php')
Wed, 08 Jan 2025 18:36:51 -0500 [2600:1006:b024:dd93:7534:315d:67d3:3898] [/home/u991737198/domains/tas2023.online/public_html/lib/base.php:3281] View->sandbox()
Wed, 08 Jan 2025 18:36:51 -0500 [2600:1006:b024:dd93:7534:315d:67d3:3898] [/home/u991737198/domains/tas2023.online/public_html/tmp/3hn69l4qoa804.22phmm30e0u84.php:231] Preview->render()
Wed, 08 Jan 2025 18:36:51 -0500 [2600:1006:b024:dd93:7534:315d:67d3:3898] [/home/u991737198/domains/tas2023.online/public_html/lib/base.php:3036] require('/home/u991737198/domains/tas2023.online/public_html/tmp/3hn69l4qoa804.22phmm30e0u84.php')
Wed, 08 Jan 2025 18:36:51 -0500 [2600:1006:b024:dd93:7534:315d:67d3:3898] [/home/u991737198/domains/tas2023.online/public_html/lib/base.php:3281] View->sandbox()
Wed, 08 Jan 2025 18:36:51 -0500 [2600:1006:b024:dd93:7534:315d:67d3:3898] [/home/u991737198/domains/tas2023.online/public_html/tmp/3hn69l4qoa804.3h31n1yj254w8.php:7] Preview->render()
Wed, 08 Jan 2025 18:36:51 -0500 [2600:1006:b024:dd93:7534:315d:67d3:3898] [/home/u991737198/domains/tas2023.online/public_html/lib/base.php:3036] require('/home/u991737198/domains/tas2023.online/public_html/tmp/3hn69l4qoa804.3h31n1yj254w8.php')
Wed, 08 Jan 2025 18:36:51 -0500 [2600:1006:b024:dd93:7534:315d:67d3:3898] [/home/u991737198/domains/tas2023.online/public_html/lib/base.php:3281] View->sandbox()
Wed, 08 Jan 2025 18:36:51 -0500 [2600:1006:b024:dd93:7534:315d:67d3:3898] [/home/u991737198/domains/tas2023.online/public_html/app/controllers/Controller.php:85] Preview->render()
Wed, 08 Jan 2025 18:36:51 -0500 [2600:1006:b024:dd93:7534:315d:67d3:3898] [/home/u991737198/domains/tas2023.online/public_html/lib/base.php:2078] Controller->afterroute()
Wed, 08 Jan 2025 18:36:51 -0500 [2600:1006:b024:dd93:7534:315d:67d3:3898] [/home/u991737198/domains/tas2023.online/public_html/lib/base.php:1871] Base->call()
Wed, 08 Jan 2025 18:36:51 -0500 [2600:1006:b024:dd93:7534:315d:67d3:3898] [/home/u991737198/domains/tas2023.online/public_html/index.php:20] Base->run()
Wed, 08 Jan 2025 18:36:54 -0500 [2600:1006:b024:dd93:7534:315d:67d3:3898] 500: Undefined variable $i18n trace: [/home/u991737198/domains/tas2023.online/public_html/tmp/3hn69l4qoa804.3tzgu6a6f1gkg.php:5]
Wed, 08 Jan 2025 18:36:54 -0500 [2600:1006:b024:dd93:7534:315d:67d3:3898] [/home/u991737198/domains/tas2023.online/public_html/tmp/3hn69l4qoa804.3tzgu6a6f1gkg.php:5] Base->{closure}()
Wed, 08 Jan 2025 18:36:54 -0500 [2600:1006:b024:dd93:7534:315d:67d3:3898] [/home/u991737198/domains/tas2023.online/public_html/lib/base.php:3036] require('/home/u991737198/domains/tas2023.online/public_html/tmp/3hn69l4qoa804.3tzgu6a6f1gkg.php')
Wed, 08 Jan 2025 18:36:54 -0500 [2600:1006:b024:dd93:7534:315d:67d3:3898] [/home/u991737198/domains/tas2023.online/public_html/lib/base.php:3281] View->sandbox()
Wed, 08 Jan 2025 18:36:54 -0500 [2600:1006:b024:dd93:7534:315d:67d3:3898] [/home/u991737198/domains/tas2023.online/public_html/tmp/3hn69l4qoa804.22phmm30e0u84.php:231] Preview->render()
Wed, 08 Jan 2025 18:36:54 -0500 [2600:1006:b024:dd93:7534:315d:67d3:3898] [/home/u991737198/domains/tas2023.online/public_html/lib/base.php:3036] require('/home/u991737198/domains/tas2023.online/public_html/tmp/3hn69l4qoa804.22phmm30e0u84.php')
Wed, 08 Jan 2025 18:36:54 -0500 [2600:1006:b024:dd93:7534:315d:67d3:3898] [/home/u991737198/domains/tas2023.online/public_html/lib/base.php:3281] View->sandbox()
Wed, 08 Jan 2025 18:36:54 -0500 [2600:1006:b024:dd93:7534:315d:67d3:3898] [/home/u991737198/domains/tas2023.online/public_html/tmp/3hn69l4qoa804.3h31n1yj254w8.php:7] Preview->render()
Wed, 08 Jan 2025 18:36:54 -0500 [2600:1006:b024:dd93:7534:315d:67d3:3898] [/home/u991737198/domains/tas2023.online/public_html/lib/base.php:3036] require('/home/u991737198/domains/tas2023.online/public_html/tmp/3hn69l4qoa804.3h31n1yj254w8.php')
Wed, 08 Jan 2025 18:36:54 -0500 [2600:1006:b024:dd93:7534:315d:67d3:3898] [/home/u991737198/domains/tas2023.online/public_html/lib/base.php:3281] View->sandbox()
Wed, 08 Jan 2025 18:36:54 -0500 [2600:1006:b024:dd93:7534:315d:67d3:3898] [/home/u991737198/domains/tas2023.online/public_html/app/controllers/Controller.php:85] Preview->render()
Wed, 08 Jan 2025 18:36:54 -0500 [2600:1006:b024:dd93:7534:315d:67d3:3898] [/home/u991737198/domains/tas2023.online/public_html/lib/base.php:2078] Controller->afterroute()
Wed, 08 Jan 2025 18:36:54 -0500 [2600:1006:b024:dd93:7534:315d:67d3:3898] [/home/u991737198/domains/tas2023.online/public_html/lib/base.php:1871] Base->call()
Wed, 08 Jan 2025 18:36:54 -0500 [2600:1006:b024:dd93:7534:315d:67d3:3898] [/home/u991737198/domains/tas2023.online/public_html/index.php:20] Base->run()
Wed, 08 Jan 2025 18:37:29 -0500 [2600:1006:b024:dd93:7534:315d:67d3:3898] 500: Undefined variable $entity_num trace: [tmp/3hn69l4qoa804.1zo7dt0fljr4w.php:196]
Wed, 08 Jan 2025 18:37:29 -0500 [2600:1006:b024:dd93:7534:315d:67d3:3898] [tmp/3hn69l4qoa804.1zo7dt0fljr4w.php:196] Base->{closure}()
Wed, 08 Jan 2025 18:37:29 -0500 [2600:1006:b024:dd93:7534:315d:67d3:3898] [lib/base.php:3036] require('/home/u991737198/domains/tas2023.online/public_html/tmp/3hn69l4qoa804.1zo7dt0fljr4w.php')
Wed, 08 Jan 2025 18:37:29 -0500 [2600:1006:b024:dd93:7534:315d:67d3:3898] [lib/base.php:3281] View->sandbox()
Wed, 08 Jan 2025 18:37:29 -0500 [2600:1006:b024:dd93:7534:315d:67d3:3898] [tmp/3hn69l4qoa804.3h31n1yj254w8.php:7] Preview->render()
Wed, 08 Jan 2025 18:37:29 -0500 [2600:1006:b024:dd93:7534:315d:67d3:3898] [lib/base.php:3036] require('/home/u991737198/domains/tas2023.online/public_html/tmp/3hn69l4qoa804.3h31n1yj254w8.php')
Wed, 08 Jan 2025 18:37:29 -0500 [2600:1006:b024:dd93:7534:315d:67d3:3898] [lib/base.php:3281] View->sandbox()
Wed, 08 Jan 2025 18:37:29 -0500 [2600:1006:b024:dd93:7534:315d:67d3:3898] [app/controllers/Controller.php:85] Preview->render()
Wed, 08 Jan 2025 18:37:29 -0500 [2600:1006:b024:dd93:7534:315d:67d3:3898] [lib/base.php:2078] Controller->afterroute()
Wed, 08 Jan 2025 18:37:29 -0500 [2600:1006:b024:dd93:7534:315d:67d3:3898] [lib/base.php:1871] Base->call()
Wed, 08 Jan 2025 18:37:29 -0500 [2600:1006:b024:dd93:7534:315d:67d3:3898] [index.php:20] Base->run()
Wed, 08 Jan 2025 18:37:36 -0500 [2600:1006:b024:dd93:7534:315d:67d3:3898] 500: Undefined variable $i18n trace: [tmp/3hn69l4qoa804.man4oes5p0l2.php:34]
Wed, 08 Jan 2025 18:37:36 -0500 [2600:1006:b024:dd93:7534:315d:67d3:3898] [tmp/3hn69l4qoa804.man4oes5p0l2.php:34] Base->{closure}()
Wed, 08 Jan 2025 18:37:36 -0500 [2600:1006:b024:dd93:7534:315d:67d3:3898] [lib/base.php:3036] require('/home/u991737198/domains/tas2023.online/public_html/tmp/3hn69l4qoa804.man4oes5p0l2.php')
Wed, 08 Jan 2025 18:37:36 -0500 [2600:1006:b024:dd93:7534:315d:67d3:3898] [lib/base.php:3281] View->sandbox()
Wed, 08 Jan 2025 18:37:36 -0500 [2600:1006:b024:dd93:7534:315d:67d3:3898] [tmp/3hn69l4qoa804.3h31n1yj254w8.php:7] Preview->render()
Wed, 08 Jan 2025 18:37:36 -0500 [2600:1006:b024:dd93:7534:315d:67d3:3898] [lib/base.php:3036] require('/home/u991737198/domains/tas2023.online/public_html/tmp/3hn69l4qoa804.3h31n1yj254w8.php')
Wed, 08 Jan 2025 18:37:36 -0500 [2600:1006:b024:dd93:7534:315d:67d3:3898] [lib/base.php:3281] View->sandbox()
Wed, 08 Jan 2025 18:37:36 -0500 [2600:1006:b024:dd93:7534:315d:67d3:3898] [app/controllers/Controller.php:85] Preview->render()
Wed, 08 Jan 2025 18:37:36 -0500 [2600:1006:b024:dd93:7534:315d:67d3:3898] [lib/base.php:2078] Controller->afterroute()
Wed, 08 Jan 2025 18:37:36 -0500 [2600:1006:b024:dd93:7534:315d:67d3:3898] [lib/base.php:1871] Base->call()
Wed, 08 Jan 2025 18:37:36 -0500 [2600:1006:b024:dd93:7534:315d:67d3:3898] [index.php:20] Base->run()
Wed, 08 Jan 2025 18:38:53 -0500 [2600:1006:b024:dd93:7534:315d:67d3:3898] 500: Undefined variable $i18n trace: [/home/u991737198/domains/tas2023.online/public_html/tmp/3hn69l4qoa804.3tzgu6a6f1gkg.php:5]
Wed, 08 Jan 2025 18:38:53 -0500 [2600:1006:b024:dd93:7534:315d:67d3:3898] [/home/u991737198/domains/tas2023.online/public_html/tmp/3hn69l4qoa804.3tzgu6a6f1gkg.php:5] Base->{closure}()
Wed, 08 Jan 2025 18:38:53 -0500 [2600:1006:b024:dd93:7534:315d:67d3:3898] [/home/u991737198/domains/tas2023.online/public_html/lib/base.php:3036] require('/home/u991737198/domains/tas2023.online/public_html/tmp/3hn69l4qoa804.3tzgu6a6f1gkg.php')
Wed, 08 Jan 2025 18:38:53 -0500 [2600:1006:b024:dd93:7534:315d:67d3:3898] [/home/u991737198/domains/tas2023.online/public_html/lib/base.php:3281] View->sandbox()
Wed, 08 Jan 2025 18:38:53 -0500 [2600:1006:b024:dd93:7534:315d:67d3:3898] [/home/u991737198/domains/tas2023.online/public_html/tmp/3hn69l4qoa804.22phmm30e0u84.php:231] Preview->render()
Wed, 08 Jan 2025 18:38:53 -0500 [2600:1006:b024:dd93:7534:315d:67d3:3898] [/home/u991737198/domains/tas2023.online/public_html/lib/base.php:3036] require('/home/u991737198/domains/tas2023.online/public_html/tmp/3hn69l4qoa804.22phmm30e0u84.php')
Wed, 08 Jan 2025 18:38:53 -0500 [2600:1006:b024:dd93:7534:315d:67d3:3898] [/home/u991737198/domains/tas2023.online/public_html/lib/base.php:3281] View->sandbox()
Wed, 08 Jan 2025 18:38:53 -0500 [2600:1006:b024:dd93:7534:315d:67d3:3898] [/home/u991737198/domains/tas2023.online/public_html/tmp/3hn69l4qoa804.3h31n1yj254w8.php:7] Preview->render()
Wed, 08 Jan 2025 18:38:53 -0500 [2600:1006:b024:dd93:7534:315d:67d3:3898] [/home/u991737198/domains/tas2023.online/public_html/lib/base.php:3036] require('/home/u991737198/domains/tas2023.online/public_html/tmp/3hn69l4qoa804.3h31n1yj254w8.php')
Wed, 08 Jan 2025 18:38:53 -0500 [2600:1006:b024:dd93:7534:315d:67d3:3898] [/home/u991737198/domains/tas2023.online/public_html/lib/base.php:3281] View->sandbox()
Wed, 08 Jan 2025 18:38:53 -0500 [2600:1006:b024:dd93:7534:315d:67d3:3898] [/home/u991737198/domains/tas2023.online/public_html/app/controllers/Controller.php:85] Preview->render()
Wed, 08 Jan 2025 18:38:53 -0500 [2600:1006:b024:dd93:7534:315d:67d3:3898] [/home/u991737198/domains/tas2023.online/public_html/lib/base.php:2078] Controller->afterroute()
Wed, 08 Jan 2025 18:38:53 -0500 [2600:1006:b024:dd93:7534:315d:67d3:3898] [/home/u991737198/domains/tas2023.online/public_html/lib/base.php:1871] Base->call()
Wed, 08 Jan 2025 18:38:53 -0500 [2600:1006:b024:dd93:7534:315d:67d3:3898] [/home/u991737198/domains/tas2023.online/public_html/index.php:20] Base->run()
Wed, 08 Jan 2025 18:38:56 -0500 [2600:1006:b024:dd93:7534:315d:67d3:3898] 500: Undefined variable $entity_num trace: [tmp/3hn69l4qoa804.man4oes5p0l2.php:156]
Wed, 08 Jan 2025 18:38:56 -0500 [2600:1006:b024:dd93:7534:315d:67d3:3898] [tmp/3hn69l4qoa804.man4oes5p0l2.php:156] Base->{closure}()
Wed, 08 Jan 2025 18:38:56 -0500 [2600:1006:b024:dd93:7534:315d:67d3:3898] [lib/base.php:3036] require('/home/u991737198/domains/tas2023.online/public_html/tmp/3hn69l4qoa804.man4oes5p0l2.php')
Wed, 08 Jan 2025 18:38:56 -0500 [2600:1006:b024:dd93:7534:315d:67d3:3898] [lib/base.php:3281] View->sandbox()
Wed, 08 Jan 2025 18:38:56 -0500 [2600:1006:b024:dd93:7534:315d:67d3:3898] [tmp/3hn69l4qoa804.3h31n1yj254w8.php:7] Preview->render()
Wed, 08 Jan 2025 18:38:56 -0500 [2600:1006:b024:dd93:7534:315d:67d3:3898] [lib/base.php:3036] require('/home/u991737198/domains/tas2023.online/public_html/tmp/3hn69l4qoa804.3h31n1yj254w8.php')
Wed, 08 Jan 2025 18:38:56 -0500 [2600:1006:b024:dd93:7534:315d:67d3:3898] [lib/base.php:3281] View->sandbox()
Wed, 08 Jan 2025 18:38:56 -0500 [2600:1006:b024:dd93:7534:315d:67d3:3898] [app/controllers/Controller.php:85] Preview->render()
Wed, 08 Jan 2025 18:38:56 -0500 [2600:1006:b024:dd93:7534:315d:67d3:3898] [lib/base.php:2078] Controller->afterroute()
Wed, 08 Jan 2025 18:38:56 -0500 [2600:1006:b024:dd93:7534:315d:67d3:3898] [lib/base.php:1871] Base->call()
Wed, 08 Jan 2025 18:38:56 -0500 [2600:1006:b024:dd93:7534:315d:67d3:3898] [index.php:20] Base->run()
Wed, 08 Jan 2025 18:39:04 -0500 [2600:1006:b024:dd93:7534:315d:67d3:3898] 500: Undefined variable $i18n trace: [/home/u991737198/domains/tas2023.online/public_html/tmp/3hn69l4qoa804.3tzgu6a6f1gkg.php:5]
Wed, 08 Jan 2025 18:39:04 -0500 [2600:1006:b024:dd93:7534:315d:67d3:3898] [/home/u991737198/domains/tas2023.online/public_html/tmp/3hn69l4qoa804.3tzgu6a6f1gkg.php:5] Base->{closure}()
Wed, 08 Jan 2025 18:39:04 -0500 [2600:1006:b024:dd93:7534:315d:67d3:3898] [/home/u991737198/domains/tas2023.online/public_html/lib/base.php:3036] require('/home/u991737198/domains/tas2023.online/public_html/tmp/3hn69l4qoa804.3tzgu6a6f1gkg.php')
Wed, 08 Jan 2025 18:39:04 -0500 [2600:1006:b024:dd93:7534:315d:67d3:3898] [/home/u991737198/domains/tas2023.online/public_html/lib/base.php:3281] View->sandbox()
Wed, 08 Jan 2025 18:39:04 -0500 [2600:1006:b024:dd93:7534:315d:67d3:3898] [/home/u991737198/domains/tas2023.online/public_html/tmp/3hn69l4qoa804.3g8shy2588w00.php:246] Preview->render()
Wed, 08 Jan 2025 18:39:04 -0500 [2600:1006:b024:dd93:7534:315d:67d3:3898] [/home/u991737198/domains/tas2023.online/public_html/lib/base.php:3036] require('/home/u991737198/domains/tas2023.online/public_html/tmp/3hn69l4qoa804.3g8shy2588w00.php')
Wed, 08 Jan 2025 18:39:04 -0500 [2600:1006:b024:dd93:7534:315d:67d3:3898] [/home/u991737198/domains/tas2023.online/public_html/lib/base.php:3281] View->sandbox()
Wed, 08 Jan 2025 18:39:04 -0500 [2600:1006:b024:dd93:7534:315d:67d3:3898] [/home/u991737198/domains/tas2023.online/public_html/tmp/3hn69l4qoa804.3h31n1yj254w8.php:7] Preview->render()
Wed, 08 Jan 2025 18:39:04 -0500 [2600:1006:b024:dd93:7534:315d:67d3:3898] [/home/u991737198/domains/tas2023.online/public_html/lib/base.php:3036] require('/home/u991737198/domains/tas2023.online/public_html/tmp/3hn69l4qoa804.3h31n1yj254w8.php')
Wed, 08 Jan 2025 18:39:04 -0500 [2600:1006:b024:dd93:7534:315d:67d3:3898] [/home/u991737198/domains/tas2023.online/public_html/lib/base.php:3281] View->sandbox()
Wed, 08 Jan 2025 18:39:04 -0500 [2600:1006:b024:dd93:7534:315d:67d3:3898] [/home/u991737198/domains/tas2023.online/public_html/app/controllers/Controller.php:85] Preview->render()
Wed, 08 Jan 2025 18:39:04 -0500 [2600:1006:b024:dd93:7534:315d:67d3:3898] [/home/u991737198/domains/tas2023.online/public_html/lib/base.php:2078] Controller->afterroute()
Wed, 08 Jan 2025 18:39:04 -0500 [2600:1006:b024:dd93:7534:315d:67d3:3898] [/home/u991737198/domains/tas2023.online/public_html/lib/base.php:1871] Base->call()
Wed, 08 Jan 2025 18:39:04 -0500 [2600:1006:b024:dd93:7534:315d:67d3:3898] [/home/u991737198/domains/tas2023.online/public_html/index.php:20] Base->run()
Wed, 08 Jan 2025 19:27:26 -0500 [2600:1006:b024:dd93:7534:315d:67d3:3898] 500: Undefined variable $i18n_titleapp trace: [tmp/3hn69l4qoa804.3gyrojkfdpa8w.php:7]
Wed, 08 Jan 2025 19:27:26 -0500 [2600:1006:b024:dd93:7534:315d:67d3:3898] [tmp/3hn69l4qoa804.3gyrojkfdpa8w.php:7] Base->{closure}()
Wed, 08 Jan 2025 19:27:26 -0500 [2600:1006:b024:dd93:7534:315d:67d3:3898] [lib/base.php:3036] require('/home/u991737198/domains/tas2023.online/public_html/tmp/3hn69l4qoa804.3gyrojkfdpa8w.php')
Wed, 08 Jan 2025 19:27:26 -0500 [2600:1006:b024:dd93:7534:315d:67d3:3898] [lib/base.php:3281] View->sandbox()
Wed, 08 Jan 2025 19:27:26 -0500 [2600:1006:b024:dd93:7534:315d:67d3:3898] [tmp/3hn69l4qoa804.3h31n1yj254w8.php:1] Preview->render()
Wed, 08 Jan 2025 19:27:26 -0500 [2600:1006:b024:dd93:7534:315d:67d3:3898] [lib/base.php:3036] require('/home/u991737198/domains/tas2023.online/public_html/tmp/3hn69l4qoa804.3h31n1yj254w8.php')
Wed, 08 Jan 2025 19:27:26 -0500 [2600:1006:b024:dd93:7534:315d:67d3:3898] [lib/base.php:3281] View->sandbox()
Wed, 08 Jan 2025 19:27:26 -0500 [2600:1006:b024:dd93:7534:315d:67d3:3898] [app/controllers/Controller.php:85] Preview->render()
Wed, 08 Jan 2025 19:27:26 -0500 [2600:1006:b024:dd93:7534:315d:67d3:3898] [lib/base.php:2078] Controller->afterroute()
Wed, 08 Jan 2025 19:27:26 -0500 [2600:1006:b024:dd93:7534:315d:67d3:3898] [lib/base.php:1871] Base->call()
Wed, 08 Jan 2025 19:27:26 -0500 [2600:1006:b024:dd93:7534:315d:67d3:3898] [index.php:19] Base->run()
Wed, 08 Jan 2025 19:29:04 -0500 [2600:1006:b024:dd93:7534:315d:67d3:3898] 500: Undefined variable $i18n_titleapp trace: [tmp/3hn69l4qoa804.2ruqocuopbmsk.php:4]
Wed, 08 Jan 2025 19:29:04 -0500 [2600:1006:b024:dd93:7534:315d:67d3:3898] [tmp/3hn69l4qoa804.2ruqocuopbmsk.php:4] Base->{closure}()
Wed, 08 Jan 2025 19:29:04 -0500 [2600:1006:b024:dd93:7534:315d:67d3:3898] [lib/base.php:3036] require('/home/u991737198/domains/tas2023.online/public_html/tmp/3hn69l4qoa804.2ruqocuopbmsk.php')
Wed, 08 Jan 2025 19:29:04 -0500 [2600:1006:b024:dd93:7534:315d:67d3:3898] [lib/base.php:3281] View->sandbox()
Wed, 08 Jan 2025 19:29:04 -0500 [2600:1006:b024:dd93:7534:315d:67d3:3898] [tmp/3hn69l4qoa804.3gyrojkfdpa8w.php:40] Preview->render()
Wed, 08 Jan 2025 19:29:04 -0500 [2600:1006:b024:dd93:7534:315d:67d3:3898] [lib/base.php:3036] require('/home/u991737198/domains/tas2023.online/public_html/tmp/3hn69l4qoa804.3gyrojkfdpa8w.php')
Wed, 08 Jan 2025 19:29:04 -0500 [2600:1006:b024:dd93:7534:315d:67d3:3898] [lib/base.php:3281] View->sandbox()
Wed, 08 Jan 2025 19:29:04 -0500 [2600:1006:b024:dd93:7534:315d:67d3:3898] [tmp/3hn69l4qoa804.3h31n1yj254w8.php:1] Preview->render()
Wed, 08 Jan 2025 19:29:04 -0500 [2600:1006:b024:dd93:7534:315d:67d3:3898] [lib/base.php:3036] require('/home/u991737198/domains/tas2023.online/public_html/tmp/3hn69l4qoa804.3h31n1yj254w8.php')
Wed, 08 Jan 2025 19:29:04 -0500 [2600:1006:b024:dd93:7534:315d:67d3:3898] [lib/base.php:3281] View->sandbox()
Wed, 08 Jan 2025 19:29:04 -0500 [2600:1006:b024:dd93:7534:315d:67d3:3898] [app/controllers/Controller.php:85] Preview->render()
Wed, 08 Jan 2025 19:29:04 -0500 [2600:1006:b024:dd93:7534:315d:67d3:3898] [lib/base.php:2078] Controller->afterroute()
Wed, 08 Jan 2025 19:29:04 -0500 [2600:1006:b024:dd93:7534:315d:67d3:3898] [lib/base.php:1871] Base->call()
Wed, 08 Jan 2025 19:29:04 -0500 [2600:1006:b024:dd93:7534:315d:67d3:3898] [index.php:19] Base->run()
Wed, 08 Jan 2025 19:29:09 -0500 [2600:1006:b024:dd93:7534:315d:67d3:3898] 500: Undefined variable $i18n_login trace: [tmp/3hn69l4qoa804.2gyp5vfg64cg8.php:9]
Wed, 08 Jan 2025 19:29:09 -0500 [2600:1006:b024:dd93:7534:315d:67d3:3898] [tmp/3hn69l4qoa804.2gyp5vfg64cg8.php:9] Base->{closure}()
Wed, 08 Jan 2025 19:29:09 -0500 [2600:1006:b024:dd93:7534:315d:67d3:3898] [lib/base.php:3036] require('/home/u991737198/domains/tas2023.online/public_html/tmp/3hn69l4qoa804.2gyp5vfg64cg8.php')
Wed, 08 Jan 2025 19:29:09 -0500 [2600:1006:b024:dd93:7534:315d:67d3:3898] [lib/base.php:3281] View->sandbox()
Wed, 08 Jan 2025 19:29:09 -0500 [2600:1006:b024:dd93:7534:315d:67d3:3898] [tmp/3hn69l4qoa804.3cndbbhzhn8ko.php:19] Preview->render()
Wed, 08 Jan 2025 19:29:09 -0500 [2600:1006:b024:dd93:7534:315d:67d3:3898] [lib/base.php:3036] require('/home/u991737198/domains/tas2023.online/public_html/tmp/3hn69l4qoa804.3cndbbhzhn8ko.php')
Wed, 08 Jan 2025 19:29:09 -0500 [2600:1006:b024:dd93:7534:315d:67d3:3898] [lib/base.php:3281] View->sandbox()
Wed, 08 Jan 2025 19:29:09 -0500 [2600:1006:b024:dd93:7534:315d:67d3:3898] [app/controllers/Controller.php:88] Preview->render()
Wed, 08 Jan 2025 19:29:09 -0500 [2600:1006:b024:dd93:7534:315d:67d3:3898] [lib/base.php:2078] Controller->afterroute()
Wed, 08 Jan 2025 19:29:09 -0500 [2600:1006:b024:dd93:7534:315d:67d3:3898] [lib/base.php:1871] Base->call()
Wed, 08 Jan 2025 19:29:09 -0500 [2600:1006:b024:dd93:7534:315d:67d3:3898] [index.php:19] Base->run()
Wed, 08 Jan 2025 19:31:02 -0500 [2600:1006:b024:dd93:7534:315d:67d3:3898] 500: Undefined variable $i18n_titleapp trace: [tmp/3hn69l4qoa804.2ruqocuopbmsk.php:4]
Wed, 08 Jan 2025 19:31:02 -0500 [2600:1006:b024:dd93:7534:315d:67d3:3898] [tmp/3hn69l4qoa804.2ruqocuopbmsk.php:4] Base->{closure}()
Wed, 08 Jan 2025 19:31:02 -0500 [2600:1006:b024:dd93:7534:315d:67d3:3898] [lib/base.php:3036] require('/home/u991737198/domains/tas2023.online/public_html/tmp/3hn69l4qoa804.2ruqocuopbmsk.php')
Wed, 08 Jan 2025 19:31:02 -0500 [2600:1006:b024:dd93:7534:315d:67d3:3898] [lib/base.php:3281] View->sandbox()
Wed, 08 Jan 2025 19:31:02 -0500 [2600:1006:b024:dd93:7534:315d:67d3:3898] [tmp/3hn69l4qoa804.3gyrojkfdpa8w.php:40] Preview->render()
Wed, 08 Jan 2025 19:31:02 -0500 [2600:1006:b024:dd93:7534:315d:67d3:3898] [lib/base.php:3036] require('/home/u991737198/domains/tas2023.online/public_html/tmp/3hn69l4qoa804.3gyrojkfdpa8w.php')
Wed, 08 Jan 2025 19:31:02 -0500 [2600:1006:b024:dd93:7534:315d:67d3:3898] [lib/base.php:3281] View->sandbox()
Wed, 08 Jan 2025 19:31:02 -0500 [2600:1006:b024:dd93:7534:315d:67d3:3898] [tmp/3hn69l4qoa804.3h31n1yj254w8.php:1] Preview->render()
Wed, 08 Jan 2025 19:31:02 -0500 [2600:1006:b024:dd93:7534:315d:67d3:3898] [lib/base.php:3036] require('/home/u991737198/domains/tas2023.online/public_html/tmp/3hn69l4qoa804.3h31n1yj254w8.php')
Wed, 08 Jan 2025 19:31:02 -0500 [2600:1006:b024:dd93:7534:315d:67d3:3898] [lib/base.php:3281] View->sandbox()
Wed, 08 Jan 2025 19:31:02 -0500 [2600:1006:b024:dd93:7534:315d:67d3:3898] [app/controllers/Controller.php:85] Preview->render()
Wed, 08 Jan 2025 19:31:02 -0500 [2600:1006:b024:dd93:7534:315d:67d3:3898] [lib/base.php:2078] Controller->afterroute()
Wed, 08 Jan 2025 19:31:02 -0500 [2600:1006:b024:dd93:7534:315d:67d3:3898] [lib/base.php:1871] Base->call()
Wed, 08 Jan 2025 19:31:02 -0500 [2600:1006:b024:dd93:7534:315d:67d3:3898] [index.php:19] Base->run()
Wed, 08 Jan 2025 19:34:02 -0500 [2600:1006:b024:dd93:7534:315d:67d3:3898] 500: Undefined variable $i18n_changepassword trace: [tmp/3hn69l4qoa804.2ruqocuopbmsk.php:139]
Wed, 08 Jan 2025 19:34:02 -0500 [2600:1006:b024:dd93:7534:315d:67d3:3898] [tmp/3hn69l4qoa804.2ruqocuopbmsk.php:139] Base->{closure}()
Wed, 08 Jan 2025 19:34:02 -0500 [2600:1006:b024:dd93:7534:315d:67d3:3898] [lib/base.php:3036] require('/home/u991737198/domains/tas2023.online/public_html/tmp/3hn69l4qoa804.2ruqocuopbmsk.php')
Wed, 08 Jan 2025 19:34:02 -0500 [2600:1006:b024:dd93:7534:315d:67d3:3898] [lib/base.php:3281] View->sandbox()
Wed, 08 Jan 2025 19:34:02 -0500 [2600:1006:b024:dd93:7534:315d:67d3:3898] [tmp/3hn69l4qoa804.3gyrojkfdpa8w.php:40] Preview->render()
Wed, 08 Jan 2025 19:34:02 -0500 [2600:1006:b024:dd93:7534:315d:67d3:3898] [lib/base.php:3036] require('/home/u991737198/domains/tas2023.online/public_html/tmp/3hn69l4qoa804.3gyrojkfdpa8w.php')
Wed, 08 Jan 2025 19:34:02 -0500 [2600:1006:b024:dd93:7534:315d:67d3:3898] [lib/base.php:3281] View->sandbox()
Wed, 08 Jan 2025 19:34:02 -0500 [2600:1006:b024:dd93:7534:315d:67d3:3898] [tmp/3hn69l4qoa804.3h31n1yj254w8.php:1] Preview->render()
Wed, 08 Jan 2025 19:34:02 -0500 [2600:1006:b024:dd93:7534:315d:67d3:3898] [lib/base.php:3036] require('/home/u991737198/domains/tas2023.online/public_html/tmp/3hn69l4qoa804.3h31n1yj254w8.php')
Wed, 08 Jan 2025 19:34:02 -0500 [2600:1006:b024:dd93:7534:315d:67d3:3898] [lib/base.php:3281] View->sandbox()
Wed, 08 Jan 2025 19:34:02 -0500 [2600:1006:b024:dd93:7534:315d:67d3:3898] [app/controllers/Controller.php:85] Preview->render()
Wed, 08 Jan 2025 19:34:02 -0500 [2600:1006:b024:dd93:7534:315d:67d3:3898] [lib/base.php:2078] Controller->afterroute()
Wed, 08 Jan 2025 19:34:02 -0500 [2600:1006:b024:dd93:7534:315d:67d3:3898] [lib/base.php:1871] Base->call()
Wed, 08 Jan 2025 19:34:02 -0500 [2600:1006:b024:dd93:7534:315d:67d3:3898] [index.php:19] Base->run()
Wed, 08 Jan 2025 19:34:16 -0500 [2600:1006:b024:dd93:7534:315d:67d3:3898] 500: Undefined variable $i18n_changepassword trace: [tmp/3hn69l4qoa804.2ruqocuopbmsk.php:139]
Wed, 08 Jan 2025 19:34:16 -0500 [2600:1006:b024:dd93:7534:315d:67d3:3898] [tmp/3hn69l4qoa804.2ruqocuopbmsk.php:139] Base->{closure}()
Wed, 08 Jan 2025 19:34:16 -0500 [2600:1006:b024:dd93:7534:315d:67d3:3898] [lib/base.php:3036] require('/home/u991737198/domains/tas2023.online/public_html/tmp/3hn69l4qoa804.2ruqocuopbmsk.php')
Wed, 08 Jan 2025 19:34:16 -0500 [2600:1006:b024:dd93:7534:315d:67d3:3898] [lib/base.php:3281] View->sandbox()
Wed, 08 Jan 2025 19:34:16 -0500 [2600:1006:b024:dd93:7534:315d:67d3:3898] [tmp/3hn69l4qoa804.3gyrojkfdpa8w.php:40] Preview->render()
Wed, 08 Jan 2025 19:34:16 -0500 [2600:1006:b024:dd93:7534:315d:67d3:3898] [lib/base.php:3036] require('/home/u991737198/domains/tas2023.online/public_html/tmp/3hn69l4qoa804.3gyrojkfdpa8w.php')
Wed, 08 Jan 2025 19:34:16 -0500 [2600:1006:b024:dd93:7534:315d:67d3:3898] [lib/base.php:3281] View->sandbox()
Wed, 08 Jan 2025 19:34:16 -0500 [2600:1006:b024:dd93:7534:315d:67d3:3898] [tmp/3hn69l4qoa804.3h31n1yj254w8.php:1] Preview->render()
Wed, 08 Jan 2025 19:34:16 -0500 [2600:1006:b024:dd93:7534:315d:67d3:3898] [lib/base.php:3036] require('/home/u991737198/domains/tas2023.online/public_html/tmp/3hn69l4qoa804.3h31n1yj254w8.php')
Wed, 08 Jan 2025 19:34:16 -0500 [2600:1006:b024:dd93:7534:315d:67d3:3898] [lib/base.php:3281] View->sandbox()
Wed, 08 Jan 2025 19:34:16 -0500 [2600:1006:b024:dd93:7534:315d:67d3:3898] [app/controllers/Controller.php:85] Preview->render()
Wed, 08 Jan 2025 19:34:16 -0500 [2600:1006:b024:dd93:7534:315d:67d3:3898] [lib/base.php:2078] Controller->afterroute()
Wed, 08 Jan 2025 19:34:16 -0500 [2600:1006:b024:dd93:7534:315d:67d3:3898] [lib/base.php:1871] Base->call()
Wed, 08 Jan 2025 19:34:16 -0500 [2600:1006:b024:dd93:7534:315d:67d3:3898] [index.php:19] Base->run()
Wed, 08 Jan 2025 19:41:12 -0500 [2600:1006:b024:dd93:7534:315d:67d3:3898] 500: Undefined variable $i18n_changepassword trace: [tmp/3hn69l4qoa804.2ruqocuopbmsk.php:139]
Wed, 08 Jan 2025 19:41:12 -0500 [2600:1006:b024:dd93:7534:315d:67d3:3898] [tmp/3hn69l4qoa804.2ruqocuopbmsk.php:139] Base->{closure}()
Wed, 08 Jan 2025 19:41:12 -0500 [2600:1006:b024:dd93:7534:315d:67d3:3898] [lib/base.php:3036] require('/home/u991737198/domains/tas2023.online/public_html/tmp/3hn69l4qoa804.2ruqocuopbmsk.php')
Wed, 08 Jan 2025 19:41:12 -0500 [2600:1006:b024:dd93:7534:315d:67d3:3898] [lib/base.php:3281] View->sandbox()
Wed, 08 Jan 2025 19:41:12 -0500 [2600:1006:b024:dd93:7534:315d:67d3:3898] [tmp/3hn69l4qoa804.3gyrojkfdpa8w.php:40] Preview->render()
Wed, 08 Jan 2025 19:41:12 -0500 [2600:1006:b024:dd93:7534:315d:67d3:3898] [lib/base.php:3036] require('/home/u991737198/domains/tas2023.online/public_html/tmp/3hn69l4qoa804.3gyrojkfdpa8w.php')
Wed, 08 Jan 2025 19:41:12 -0500 [2600:1006:b024:dd93:7534:315d:67d3:3898] [lib/base.php:3281] View->sandbox()
Wed, 08 Jan 2025 19:41:12 -0500 [2600:1006:b024:dd93:7534:315d:67d3:3898] [tmp/3hn69l4qoa804.3h31n1yj254w8.php:1] Preview->render()
Wed, 08 Jan 2025 19:41:12 -0500 [2600:1006:b024:dd93:7534:315d:67d3:3898] [lib/base.php:3036] require('/home/u991737198/domains/tas2023.online/public_html/tmp/3hn69l4qoa804.3h31n1yj254w8.php')
Wed, 08 Jan 2025 19:41:12 -0500 [2600:1006:b024:dd93:7534:315d:67d3:3898] [lib/base.php:3281] View->sandbox()
Wed, 08 Jan 2025 19:41:12 -0500 [2600:1006:b024:dd93:7534:315d:67d3:3898] [app/controllers/Controller.php:85] Preview->render()
Wed, 08 Jan 2025 19:41:12 -0500 [2600:1006:b024:dd93:7534:315d:67d3:3898] [lib/base.php:2078] Controller->afterroute()
Wed, 08 Jan 2025 19:41:12 -0500 [2600:1006:b024:dd93:7534:315d:67d3:3898] [lib/base.php:1871] Base->call()
Wed, 08 Jan 2025 19:41:12 -0500 [2600:1006:b024:dd93:7534:315d:67d3:3898] [index.php:19] Base->run()
Wed, 08 Jan 2025 19:41:14 -0500 [2600:1006:b024:dd93:7534:315d:67d3:3898] 500: Undefined variable $i18n_changepassword trace: [tmp/3hn69l4qoa804.2ruqocuopbmsk.php:139]
Wed, 08 Jan 2025 19:41:14 -0500 [2600:1006:b024:dd93:7534:315d:67d3:3898] [tmp/3hn69l4qoa804.2ruqocuopbmsk.php:139] Base->{closure}()
Wed, 08 Jan 2025 19:41:14 -0500 [2600:1006:b024:dd93:7534:315d:67d3:3898] [lib/base.php:3036] require('/home/u991737198/domains/tas2023.online/public_html/tmp/3hn69l4qoa804.2ruqocuopbmsk.php')
Wed, 08 Jan 2025 19:41:14 -0500 [2600:1006:b024:dd93:7534:315d:67d3:3898] [lib/base.php:3281] View->sandbox()
Wed, 08 Jan 2025 19:41:14 -0500 [2600:1006:b024:dd93:7534:315d:67d3:3898] [tmp/3hn69l4qoa804.3gyrojkfdpa8w.php:40] Preview->render()
Wed, 08 Jan 2025 19:41:14 -0500 [2600:1006:b024:dd93:7534:315d:67d3:3898] [lib/base.php:3036] require('/home/u991737198/domains/tas2023.online/public_html/tmp/3hn69l4qoa804.3gyrojkfdpa8w.php')
Wed, 08 Jan 2025 19:41:14 -0500 [2600:1006:b024:dd93:7534:315d:67d3:3898] [lib/base.php:3281] View->sandbox()
Wed, 08 Jan 2025 19:41:14 -0500 [2600:1006:b024:dd93:7534:315d:67d3:3898] [tmp/3hn69l4qoa804.3h31n1yj254w8.php:1] Preview->render()
Wed, 08 Jan 2025 19:41:14 -0500 [2600:1006:b024:dd93:7534:315d:67d3:3898] [lib/base.php:3036] require('/home/u991737198/domains/tas2023.online/public_html/tmp/3hn69l4qoa804.3h31n1yj254w8.php')
Wed, 08 Jan 2025 19:41:14 -0500 [2600:1006:b024:dd93:7534:315d:67d3:3898] [lib/base.php:3281] View->sandbox()
Wed, 08 Jan 2025 19:41:14 -0500 [2600:1006:b024:dd93:7534:315d:67d3:3898] [app/controllers/Controller.php:85] Preview->render()
Wed, 08 Jan 2025 19:41:14 -0500 [2600:1006:b024:dd93:7534:315d:67d3:3898] [lib/base.php:2078] Controller->afterroute()
Wed, 08 Jan 2025 19:41:14 -0500 [2600:1006:b024:dd93:7534:315d:67d3:3898] [lib/base.php:1871] Base->call()
Wed, 08 Jan 2025 19:41:14 -0500 [2600:1006:b024:dd93:7534:315d:67d3:3898] [index.php:19] Base->run()
Wed, 08 Jan 2025 19:49:11 -0500 [2600:1006:b024:dd93:7534:315d:67d3:3898] 500: Undefined variable $i18n_compacttable trace: [tmp/3hn69l4qoa804.2ruqocuopbmsk.php:50]
Wed, 08 Jan 2025 19:49:11 -0500 [2600:1006:b024:dd93:7534:315d:67d3:3898] [tmp/3hn69l4qoa804.2ruqocuopbmsk.php:50] Base->{closure}()
Wed, 08 Jan 2025 19:49:11 -0500 [2600:1006:b024:dd93:7534:315d:67d3:3898] [lib/base.php:3036] require('/home/u991737198/domains/tas2023.online/public_html/tmp/3hn69l4qoa804.2ruqocuopbmsk.php')
Wed, 08 Jan 2025 19:49:11 -0500 [2600:1006:b024:dd93:7534:315d:67d3:3898] [lib/base.php:3281] View->sandbox()
Wed, 08 Jan 2025 19:49:11 -0500 [2600:1006:b024:dd93:7534:315d:67d3:3898] [tmp/3hn69l4qoa804.3gyrojkfdpa8w.php:40] Preview->render()
Wed, 08 Jan 2025 19:49:11 -0500 [2600:1006:b024:dd93:7534:315d:67d3:3898] [lib/base.php:3036] require('/home/u991737198/domains/tas2023.online/public_html/tmp/3hn69l4qoa804.3gyrojkfdpa8w.php')
Wed, 08 Jan 2025 19:49:11 -0500 [2600:1006:b024:dd93:7534:315d:67d3:3898] [lib/base.php:3281] View->sandbox()
Wed, 08 Jan 2025 19:49:11 -0500 [2600:1006:b024:dd93:7534:315d:67d3:3898] [tmp/3hn69l4qoa804.3h31n1yj254w8.php:1] Preview->render()
Wed, 08 Jan 2025 19:49:11 -0500 [2600:1006:b024:dd93:7534:315d:67d3:3898] [lib/base.php:3036] require('/home/u991737198/domains/tas2023.online/public_html/tmp/3hn69l4qoa804.3h31n1yj254w8.php')
Wed, 08 Jan 2025 19:49:11 -0500 [2600:1006:b024:dd93:7534:315d:67d3:3898] [lib/base.php:3281] View->sandbox()
Wed, 08 Jan 2025 19:49:11 -0500 [2600:1006:b024:dd93:7534:315d:67d3:3898] [app/controllers/Controller.php:85] Preview->render()
Wed, 08 Jan 2025 19:49:11 -0500 [2600:1006:b024:dd93:7534:315d:67d3:3898] [lib/base.php:2078] Controller->afterroute()
Wed, 08 Jan 2025 19:49:11 -0500 [2600:1006:b024:dd93:7534:315d:67d3:3898] [lib/base.php:1871] Base->call()
Wed, 08 Jan 2025 19:49:11 -0500 [2600:1006:b024:dd93:7534:315d:67d3:3898] [index.php:19] Base->run()
Wed, 08 Jan 2025 19:49:44 -0500 [2600:1006:b024:dd93:7534:315d:67d3:3898] 500: Undefined variable $i18n_changepassword trace: [tmp/3hn69l4qoa804.2ruqocuopbmsk.php:139]
Wed, 08 Jan 2025 19:49:44 -0500 [2600:1006:b024:dd93:7534:315d:67d3:3898] [tmp/3hn69l4qoa804.2ruqocuopbmsk.php:139] Base->{closure}()
Wed, 08 Jan 2025 19:49:44 -0500 [2600:1006:b024:dd93:7534:315d:67d3:3898] [lib/base.php:3036] require('/home/u991737198/domains/tas2023.online/public_html/tmp/3hn69l4qoa804.2ruqocuopbmsk.php')
Wed, 08 Jan 2025 19:49:44 -0500 [2600:1006:b024:dd93:7534:315d:67d3:3898] [lib/base.php:3281] View->sandbox()
Wed, 08 Jan 2025 19:49:44 -0500 [2600:1006:b024:dd93:7534:315d:67d3:3898] [tmp/3hn69l4qoa804.3gyrojkfdpa8w.php:40] Preview->render()
Wed, 08 Jan 2025 19:49:44 -0500 [2600:1006:b024:dd93:7534:315d:67d3:3898] [lib/base.php:3036] require('/home/u991737198/domains/tas2023.online/public_html/tmp/3hn69l4qoa804.3gyrojkfdpa8w.php')
Wed, 08 Jan 2025 19:49:44 -0500 [2600:1006:b024:dd93:7534:315d:67d3:3898] [lib/base.php:3281] View->sandbox()
Wed, 08 Jan 2025 19:49:44 -0500 [2600:1006:b024:dd93:7534:315d:67d3:3898] [tmp/3hn69l4qoa804.3h31n1yj254w8.php:1] Preview->render()
Wed, 08 Jan 2025 19:49:44 -0500 [2600:1006:b024:dd93:7534:315d:67d3:3898] [lib/base.php:3036] require('/home/u991737198/domains/tas2023.online/public_html/tmp/3hn69l4qoa804.3h31n1yj254w8.php')
Wed, 08 Jan 2025 19:49:44 -0500 [2600:1006:b024:dd93:7534:315d:67d3:3898] [lib/base.php:3281] View->sandbox()
Wed, 08 Jan 2025 19:49:44 -0500 [2600:1006:b024:dd93:7534:315d:67d3:3898] [app/controllers/Controller.php:85] Preview->render()
Wed, 08 Jan 2025 19:49:44 -0500 [2600:1006:b024:dd93:7534:315d:67d3:3898] [lib/base.php:2078] Controller->afterroute()
Wed, 08 Jan 2025 19:49:44 -0500 [2600:1006:b024:dd93:7534:315d:67d3:3898] [lib/base.php:1871] Base->call()
Wed, 08 Jan 2025 19:49:44 -0500 [2600:1006:b024:dd93:7534:315d:67d3:3898] [index.php:19] Base->run()
Wed, 08 Jan 2025 19:50:54 -0500 [2600:1006:b024:dd93:7534:315d:67d3:3898] 500: Undefined variable $i18n_changepassword trace: [tmp/3hn69l4qoa804.2ruqocuopbmsk.php:139]
Wed, 08 Jan 2025 19:50:54 -0500 [2600:1006:b024:dd93:7534:315d:67d3:3898] [tmp/3hn69l4qoa804.2ruqocuopbmsk.php:139] Base->{closure}()
Wed, 08 Jan 2025 19:50:54 -0500 [2600:1006:b024:dd93:7534:315d:67d3:3898] [lib/base.php:3036] require('/home/u991737198/domains/tas2023.online/public_html/tmp/3hn69l4qoa804.2ruqocuopbmsk.php')
Wed, 08 Jan 2025 19:50:54 -0500 [2600:1006:b024:dd93:7534:315d:67d3:3898] [lib/base.php:3281] View->sandbox()
Wed, 08 Jan 2025 19:50:54 -0500 [2600:1006:b024:dd93:7534:315d:67d3:3898] [tmp/3hn69l4qoa804.3gyrojkfdpa8w.php:40] Preview->render()
Wed, 08 Jan 2025 19:50:54 -0500 [2600:1006:b024:dd93:7534:315d:67d3:3898] [lib/base.php:3036] require('/home/u991737198/domains/tas2023.online/public_html/tmp/3hn69l4qoa804.3gyrojkfdpa8w.php')
Wed, 08 Jan 2025 19:50:54 -0500 [2600:1006:b024:dd93:7534:315d:67d3:3898] [lib/base.php:3281] View->sandbox()
Wed, 08 Jan 2025 19:50:54 -0500 [2600:1006:b024:dd93:7534:315d:67d3:3898] [tmp/3hn69l4qoa804.3h31n1yj254w8.php:1] Preview->render()
Wed, 08 Jan 2025 19:50:54 -0500 [2600:1006:b024:dd93:7534:315d:67d3:3898] [lib/base.php:3036] require('/home/u991737198/domains/tas2023.online/public_html/tmp/3hn69l4qoa804.3h31n1yj254w8.php')
Wed, 08 Jan 2025 19:50:54 -0500 [2600:1006:b024:dd93:7534:315d:67d3:3898] [lib/base.php:3281] View->sandbox()
Wed, 08 Jan 2025 19:50:54 -0500 [2600:1006:b024:dd93:7534:315d:67d3:3898] [app/controllers/Controller.php:85] Preview->render()
Wed, 08 Jan 2025 19:50:54 -0500 [2600:1006:b024:dd93:7534:315d:67d3:3898] [lib/base.php:2078] Controller->afterroute()
Wed, 08 Jan 2025 19:50:54 -0500 [2600:1006:b024:dd93:7534:315d:67d3:3898] [lib/base.php:1871] Base->call()
Wed, 08 Jan 2025 19:50:54 -0500 [2600:1006:b024:dd93:7534:315d:67d3:3898] [index.php:19] Base->run()
Wed, 08 Jan 2025 19:52:19 -0500 [2600:1006:b024:dd93:7534:315d:67d3:3898] 500: Undefined variable $i18n_changepassword trace: [tmp/3hn69l4qoa804.2ruqocuopbmsk.php:139]
Wed, 08 Jan 2025 19:52:19 -0500 [2600:1006:b024:dd93:7534:315d:67d3:3898] [tmp/3hn69l4qoa804.2ruqocuopbmsk.php:139] Base->{closure}()
Wed, 08 Jan 2025 19:52:19 -0500 [2600:1006:b024:dd93:7534:315d:67d3:3898] [lib/base.php:3036] require('/home/u991737198/domains/tas2023.online/public_html/tmp/3hn69l4qoa804.2ruqocuopbmsk.php')
Wed, 08 Jan 2025 19:52:19 -0500 [2600:1006:b024:dd93:7534:315d:67d3:3898] [lib/base.php:3281] View->sandbox()
Wed, 08 Jan 2025 19:52:19 -0500 [2600:1006:b024:dd93:7534:315d:67d3:3898] [tmp/3hn69l4qoa804.3gyrojkfdpa8w.php:40] Preview->render()
Wed, 08 Jan 2025 19:52:19 -0500 [2600:1006:b024:dd93:7534:315d:67d3:3898] [lib/base.php:3036] require('/home/u991737198/domains/tas2023.online/public_html/tmp/3hn69l4qoa804.3gyrojkfdpa8w.php')
Wed, 08 Jan 2025 19:52:19 -0500 [2600:1006:b024:dd93:7534:315d:67d3:3898] [lib/base.php:3281] View->sandbox()
Wed, 08 Jan 2025 19:52:19 -0500 [2600:1006:b024:dd93:7534:315d:67d3:3898] [tmp/3hn69l4qoa804.3h31n1yj254w8.php:1] Preview->render()
Wed, 08 Jan 2025 19:52:19 -0500 [2600:1006:b024:dd93:7534:315d:67d3:3898] [lib/base.php:3036] require('/home/u991737198/domains/tas2023.online/public_html/tmp/3hn69l4qoa804.3h31n1yj254w8.php')
Wed, 08 Jan 2025 19:52:19 -0500 [2600:1006:b024:dd93:7534:315d:67d3:3898] [lib/base.php:3281] View->sandbox()
Wed, 08 Jan 2025 19:52:19 -0500 [2600:1006:b024:dd93:7534:315d:67d3:3898] [app/controllers/Controller.php:85] Preview->render()
Wed, 08 Jan 2025 19:52:19 -0500 [2600:1006:b024:dd93:7534:315d:67d3:3898] [lib/base.php:2078] Controller->afterroute()
Wed, 08 Jan 2025 19:52:19 -0500 [2600:1006:b024:dd93:7534:315d:67d3:3898] [lib/base.php:1871] Base->call()
Wed, 08 Jan 2025 19:52:19 -0500 [2600:1006:b024:dd93:7534:315d:67d3:3898] [index.php:19] Base->run()
Wed, 08 Jan 2025 19:52:21 -0500 [2600:1006:b024:dd93:7534:315d:67d3:3898] 500: Undefined variable $i18n_changepassword trace: [tmp/3hn69l4qoa804.2ruqocuopbmsk.php:139]
Wed, 08 Jan 2025 19:52:21 -0500 [2600:1006:b024:dd93:7534:315d:67d3:3898] [tmp/3hn69l4qoa804.2ruqocuopbmsk.php:139] Base->{closure}()
Wed, 08 Jan 2025 19:52:21 -0500 [2600:1006:b024:dd93:7534:315d:67d3:3898] [lib/base.php:3036] require('/home/u991737198/domains/tas2023.online/public_html/tmp/3hn69l4qoa804.2ruqocuopbmsk.php')
Wed, 08 Jan 2025 19:52:21 -0500 [2600:1006:b024:dd93:7534:315d:67d3:3898] [lib/base.php:3281] View->sandbox()
Wed, 08 Jan 2025 19:52:21 -0500 [2600:1006:b024:dd93:7534:315d:67d3:3898] [tmp/3hn69l4qoa804.3gyrojkfdpa8w.php:40] Preview->render()
Wed, 08 Jan 2025 19:52:21 -0500 [2600:1006:b024:dd93:7534:315d:67d3:3898] [lib/base.php:3036] require('/home/u991737198/domains/tas2023.online/public_html/tmp/3hn69l4qoa804.3gyrojkfdpa8w.php')
Wed, 08 Jan 2025 19:52:21 -0500 [2600:1006:b024:dd93:7534:315d:67d3:3898] [lib/base.php:3281] View->sandbox()
Wed, 08 Jan 2025 19:52:21 -0500 [2600:1006:b024:dd93:7534:315d:67d3:3898] [tmp/3hn69l4qoa804.3h31n1yj254w8.php:1] Preview->render()
Wed, 08 Jan 2025 19:52:21 -0500 [2600:1006:b024:dd93:7534:315d:67d3:3898] [lib/base.php:3036] require('/home/u991737198/domains/tas2023.online/public_html/tmp/3hn69l4qoa804.3h31n1yj254w8.php')
Wed, 08 Jan 2025 19:52:21 -0500 [2600:1006:b024:dd93:7534:315d:67d3:3898] [lib/base.php:3281] View->sandbox()
Wed, 08 Jan 2025 19:52:21 -0500 [2600:1006:b024:dd93:7534:315d:67d3:3898] [app/controllers/Controller.php:85] Preview->render()
Wed, 08 Jan 2025 19:52:21 -0500 [2600:1006:b024:dd93:7534:315d:67d3:3898] [lib/base.php:2078] Controller->afterroute()
Wed, 08 Jan 2025 19:52:21 -0500 [2600:1006:b024:dd93:7534:315d:67d3:3898] [lib/base.php:1871] Base->call()
Wed, 08 Jan 2025 19:52:21 -0500 [2600:1006:b024:dd93:7534:315d:67d3:3898] [index.php:19] Base->run()
Wed, 08 Jan 2025 19:53:51 -0500 [2600:1006:b024:dd93:7534:315d:67d3:3898] 500: Undefined variable $i18n_changepassword trace: [tmp/3hn69l4qoa804.2ruqocuopbmsk.php:139]
Wed, 08 Jan 2025 19:53:51 -0500 [2600:1006:b024:dd93:7534:315d:67d3:3898] [tmp/3hn69l4qoa804.2ruqocuopbmsk.php:139] Base->{closure}()
Wed, 08 Jan 2025 19:53:51 -0500 [2600:1006:b024:dd93:7534:315d:67d3:3898] [lib/base.php:3036] require('/home/u991737198/domains/tas2023.online/public_html/tmp/3hn69l4qoa804.2ruqocuopbmsk.php')
Wed, 08 Jan 2025 19:53:51 -0500 [2600:1006:b024:dd93:7534:315d:67d3:3898] [lib/base.php:3281] View->sandbox()
Wed, 08 Jan 2025 19:53:51 -0500 [2600:1006:b024:dd93:7534:315d:67d3:3898] [tmp/3hn69l4qoa804.3gyrojkfdpa8w.php:40] Preview->render()
Wed, 08 Jan 2025 19:53:51 -0500 [2600:1006:b024:dd93:7534:315d:67d3:3898] [lib/base.php:3036] require('/home/u991737198/domains/tas2023.online/public_html/tmp/3hn69l4qoa804.3gyrojkfdpa8w.php')
Wed, 08 Jan 2025 19:53:51 -0500 [2600:1006:b024:dd93:7534:315d:67d3:3898] [lib/base.php:3281] View->sandbox()
Wed, 08 Jan 2025 19:53:51 -0500 [2600:1006:b024:dd93:7534:315d:67d3:3898] [tmp/3hn69l4qoa804.3h31n1yj254w8.php:1] Preview->render()
Wed, 08 Jan 2025 19:53:51 -0500 [2600:1006:b024:dd93:7534:315d:67d3:3898] [lib/base.php:3036] require('/home/u991737198/domains/tas2023.online/public_html/tmp/3hn69l4qoa804.3h31n1yj254w8.php')
Wed, 08 Jan 2025 19:53:51 -0500 [2600:1006:b024:dd93:7534:315d:67d3:3898] [lib/base.php:3281] View->sandbox()
Wed, 08 Jan 2025 19:53:51 -0500 [2600:1006:b024:dd93:7534:315d:67d3:3898] [app/controllers/Controller.php:85] Preview->render()
Wed, 08 Jan 2025 19:53:51 -0500 [2600:1006:b024:dd93:7534:315d:67d3:3898] [lib/base.php:2078] Controller->afterroute()
Wed, 08 Jan 2025 19:53:51 -0500 [2600:1006:b024:dd93:7534:315d:67d3:3898] [lib/base.php:1871] Base->call()
Wed, 08 Jan 2025 19:53:51 -0500 [2600:1006:b024:dd93:7534:315d:67d3:3898] [index.php:19] Base->run()
Wed, 08 Jan 2025 19:58:39 -0500 [2600:1006:b024:dd93:7534:315d:67d3:3898] 500: Undefined variable $i18n_changepassword trace: [tmp/3hn69l4qoa804.2ruqocuopbmsk.php:138]
Wed, 08 Jan 2025 19:58:39 -0500 [2600:1006:b024:dd93:7534:315d:67d3:3898] [tmp/3hn69l4qoa804.2ruqocuopbmsk.php:138] Base->{closure}()
Wed, 08 Jan 2025 19:58:39 -0500 [2600:1006:b024:dd93:7534:315d:67d3:3898] [lib/base.php:3036] require('/home/u991737198/domains/tas2023.online/public_html/tmp/3hn69l4qoa804.2ruqocuopbmsk.php')
Wed, 08 Jan 2025 19:58:39 -0500 [2600:1006:b024:dd93:7534:315d:67d3:3898] [lib/base.php:3281] View->sandbox()
Wed, 08 Jan 2025 19:58:39 -0500 [2600:1006:b024:dd93:7534:315d:67d3:3898] [tmp/3hn69l4qoa804.3gyrojkfdpa8w.php:40] Preview->render()
Wed, 08 Jan 2025 19:58:39 -0500 [2600:1006:b024:dd93:7534:315d:67d3:3898] [lib/base.php:3036] require('/home/u991737198/domains/tas2023.online/public_html/tmp/3hn69l4qoa804.3gyrojkfdpa8w.php')
Wed, 08 Jan 2025 19:58:39 -0500 [2600:1006:b024:dd93:7534:315d:67d3:3898] [lib/base.php:3281] View->sandbox()
Wed, 08 Jan 2025 19:58:39 -0500 [2600:1006:b024:dd93:7534:315d:67d3:3898] [tmp/3hn69l4qoa804.3h31n1yj254w8.php:1] Preview->render()
Wed, 08 Jan 2025 19:58:39 -0500 [2600:1006:b024:dd93:7534:315d:67d3:3898] [lib/base.php:3036] require('/home/u991737198/domains/tas2023.online/public_html/tmp/3hn69l4qoa804.3h31n1yj254w8.php')
Wed, 08 Jan 2025 19:58:39 -0500 [2600:1006:b024:dd93:7534:315d:67d3:3898] [lib/base.php:3281] View->sandbox()
Wed, 08 Jan 2025 19:58:39 -0500 [2600:1006:b024:dd93:7534:315d:67d3:3898] [app/controllers/Controller.php:85] Preview->render()
Wed, 08 Jan 2025 19:58:39 -0500 [2600:1006:b024:dd93:7534:315d:67d3:3898] [lib/base.php:2078] Controller->afterroute()
Wed, 08 Jan 2025 19:58:39 -0500 [2600:1006:b024:dd93:7534:315d:67d3:3898] [lib/base.php:1871] Base->call()
Wed, 08 Jan 2025 19:58:39 -0500 [2600:1006:b024:dd93:7534:315d:67d3:3898] [index.php:19] Base->run()
Wed, 08 Jan 2025 19:59:18 -0500 [2600:1006:b024:dd93:7534:315d:67d3:3898] 500: Undefined variable $i18n_titleapp trace: [tmp/3hn69l4qoa804.124d53gn68ohf.php:24]
Wed, 08 Jan 2025 19:59:18 -0500 [2600:1006:b024:dd93:7534:315d:67d3:3898] [tmp/3hn69l4qoa804.124d53gn68ohf.php:24] Base->{closure}()
Wed, 08 Jan 2025 19:59:18 -0500 [2600:1006:b024:dd93:7534:315d:67d3:3898] [lib/base.php:3036] require('/home/u991737198/domains/tas2023.online/public_html/tmp/3hn69l4qoa804.124d53gn68ohf.php')
Wed, 08 Jan 2025 19:59:18 -0500 [2600:1006:b024:dd93:7534:315d:67d3:3898] [lib/base.php:3281] View->sandbox()
Wed, 08 Jan 2025 19:59:18 -0500 [2600:1006:b024:dd93:7534:315d:67d3:3898] [tmp/3hn69l4qoa804.3h31n1yj254w8.php:7] Preview->render()
Wed, 08 Jan 2025 19:59:18 -0500 [2600:1006:b024:dd93:7534:315d:67d3:3898] [lib/base.php:3036] require('/home/u991737198/domains/tas2023.online/public_html/tmp/3hn69l4qoa804.3h31n1yj254w8.php')
Wed, 08 Jan 2025 19:59:18 -0500 [2600:1006:b024:dd93:7534:315d:67d3:3898] [lib/base.php:3281] View->sandbox()
Wed, 08 Jan 2025 19:59:18 -0500 [2600:1006:b024:dd93:7534:315d:67d3:3898] [app/controllers/Controller.php:85] Preview->render()
Wed, 08 Jan 2025 19:59:18 -0500 [2600:1006:b024:dd93:7534:315d:67d3:3898] [lib/base.php:2078] Controller->afterroute()
Wed, 08 Jan 2025 19:59:18 -0500 [2600:1006:b024:dd93:7534:315d:67d3:3898] [lib/base.php:1871] Base->call()
Wed, 08 Jan 2025 19:59:18 -0500 [2600:1006:b024:dd93:7534:315d:67d3:3898] [index.php:19] Base->run()
Wed, 08 Jan 2025 22:12:28 -0500 [2603:9000:f801:55e2:3002:b5cf:e033:3a67] 500: Undefined variable $i18n_date trace: [/home/u991737198/domains/tas2023.online/public_html/tmp/3hn69l4qoa804.22phmm30e0u84.php:42]
Wed, 08 Jan 2025 22:12:28 -0500 [2603:9000:f801:55e2:3002:b5cf:e033:3a67] [/home/u991737198/domains/tas2023.online/public_html/tmp/3hn69l4qoa804.22phmm30e0u84.php:42] Base->{closure}()
Wed, 08 Jan 2025 22:12:28 -0500 [2603:9000:f801:55e2:3002:b5cf:e033:3a67] [/home/u991737198/domains/tas2023.online/public_html/lib/base.php:3036] require('/home/u991737198/domains/tas2023.online/public_html/tmp/3hn69l4qoa804.22phmm30e0u84.php')
Wed, 08 Jan 2025 22:12:28 -0500 [2603:9000:f801:55e2:3002:b5cf:e033:3a67] [/home/u991737198/domains/tas2023.online/public_html/lib/base.php:3281] View->sandbox()
Wed, 08 Jan 2025 22:12:28 -0500 [2603:9000:f801:55e2:3002:b5cf:e033:3a67] [/home/u991737198/domains/tas2023.online/public_html/tmp/3hn69l4qoa804.3h31n1yj254w8.php:7] Preview->render()
Wed, 08 Jan 2025 22:12:28 -0500 [2603:9000:f801:55e2:3002:b5cf:e033:3a67] [/home/u991737198/domains/tas2023.online/public_html/lib/base.php:3036] require('/home/u991737198/domains/tas2023.online/public_html/tmp/3hn69l4qoa804.3h31n1yj254w8.php')
Wed, 08 Jan 2025 22:12:28 -0500 [2603:9000:f801:55e2:3002:b5cf:e033:3a67] [/home/u991737198/domains/tas2023.online/public_html/lib/base.php:3281] View->sandbox()
Wed, 08 Jan 2025 22:12:28 -0500 [2603:9000:f801:55e2:3002:b5cf:e033:3a67] [/home/u991737198/domains/tas2023.online/public_html/app/controllers/Controller.php:85] Preview->render()
Wed, 08 Jan 2025 22:12:28 -0500 [2603:9000:f801:55e2:3002:b5cf:e033:3a67] [/home/u991737198/domains/tas2023.online/public_html/lib/base.php:2078] Controller->afterroute()
Wed, 08 Jan 2025 22:12:28 -0500 [2603:9000:f801:55e2:3002:b5cf:e033:3a67] [/home/u991737198/domains/tas2023.online/public_html/lib/base.php:1871] Base->call()
Wed, 08 Jan 2025 22:12:28 -0500 [2603:9000:f801:55e2:3002:b5cf:e033:3a67] [/home/u991737198/domains/tas2023.online/public_html/index.php:19] Base->run()
Wed, 08 Jan 2025 22:12:31 -0500 [2603:9000:f801:55e2:3002:b5cf:e033:3a67] 500: Undefined variable $i18n_placeholdersearch trace: [tmp/3hn69l4qoa804.1zo7dt0fljr4w.php:32]
Wed, 08 Jan 2025 22:12:31 -0500 [2603:9000:f801:55e2:3002:b5cf:e033:3a67] [tmp/3hn69l4qoa804.1zo7dt0fljr4w.php:32] Base->{closure}()
Wed, 08 Jan 2025 22:12:31 -0500 [2603:9000:f801:55e2:3002:b5cf:e033:3a67] [lib/base.php:3036] require('/home/u991737198/domains/tas2023.online/public_html/tmp/3hn69l4qoa804.1zo7dt0fljr4w.php')
Wed, 08 Jan 2025 22:12:31 -0500 [2603:9000:f801:55e2:3002:b5cf:e033:3a67] [lib/base.php:3281] View->sandbox()
Wed, 08 Jan 2025 22:12:31 -0500 [2603:9000:f801:55e2:3002:b5cf:e033:3a67] [tmp/3hn69l4qoa804.3h31n1yj254w8.php:7] Preview->render()
Wed, 08 Jan 2025 22:12:31 -0500 [2603:9000:f801:55e2:3002:b5cf:e033:3a67] [lib/base.php:3036] require('/home/u991737198/domains/tas2023.online/public_html/tmp/3hn69l4qoa804.3h31n1yj254w8.php')
Wed, 08 Jan 2025 22:12:31 -0500 [2603:9000:f801:55e2:3002:b5cf:e033:3a67] [lib/base.php:3281] View->sandbox()
Wed, 08 Jan 2025 22:12:31 -0500 [2603:9000:f801:55e2:3002:b5cf:e033:3a67] [app/controllers/Controller.php:85] Preview->render()
Wed, 08 Jan 2025 22:12:31 -0500 [2603:9000:f801:55e2:3002:b5cf:e033:3a67] [lib/base.php:2078] Controller->afterroute()
Wed, 08 Jan 2025 22:12:31 -0500 [2603:9000:f801:55e2:3002:b5cf:e033:3a67] [lib/base.php:1871] Base->call()
Wed, 08 Jan 2025 22:12:31 -0500 [2603:9000:f801:55e2:3002:b5cf:e033:3a67] [index.php:19] Base->run()
Wed, 08 Jan 2025 22:12:35 -0500 [2603:9000:f801:55e2:3002:b5cf:e033:3a67] 500: Undefined variable $i18n_placeholdersearch trace: [tmp/3hn69l4qoa804.man4oes5p0l2.php:34]
Wed, 08 Jan 2025 22:12:35 -0500 [2603:9000:f801:55e2:3002:b5cf:e033:3a67] [tmp/3hn69l4qoa804.man4oes5p0l2.php:34] Base->{closure}()
Wed, 08 Jan 2025 22:12:35 -0500 [2603:9000:f801:55e2:3002:b5cf:e033:3a67] [lib/base.php:3036] require('/home/u991737198/domains/tas2023.online/public_html/tmp/3hn69l4qoa804.man4oes5p0l2.php')
Wed, 08 Jan 2025 22:12:35 -0500 [2603:9000:f801:55e2:3002:b5cf:e033:3a67] [lib/base.php:3281] View->sandbox()
Wed, 08 Jan 2025 22:12:35 -0500 [2603:9000:f801:55e2:3002:b5cf:e033:3a67] [tmp/3hn69l4qoa804.3h31n1yj254w8.php:7] Preview->render()
Wed, 08 Jan 2025 22:12:35 -0500 [2603:9000:f801:55e2:3002:b5cf:e033:3a67] [lib/base.php:3036] require('/home/u991737198/domains/tas2023.online/public_html/tmp/3hn69l4qoa804.3h31n1yj254w8.php')
Wed, 08 Jan 2025 22:12:35 -0500 [2603:9000:f801:55e2:3002:b5cf:e033:3a67] [lib/base.php:3281] View->sandbox()
Wed, 08 Jan 2025 22:12:35 -0500 [2603:9000:f801:55e2:3002:b5cf:e033:3a67] [app/controllers/Controller.php:85] Preview->render()
Wed, 08 Jan 2025 22:12:35 -0500 [2603:9000:f801:55e2:3002:b5cf:e033:3a67] [lib/base.php:2078] Controller->afterroute()
Wed, 08 Jan 2025 22:12:35 -0500 [2603:9000:f801:55e2:3002:b5cf:e033:3a67] [lib/base.php:1871] Base->call()
Wed, 08 Jan 2025 22:12:35 -0500 [2603:9000:f801:55e2:3002:b5cf:e033:3a67] [index.php:19] Base->run()
Wed, 08 Jan 2025 22:49:05 -0500 [2603:9000:f801:55e2:3002:b5cf:e033:3a67] 500: Undefined variable $entity_num trace: [tmp/3hn69l4qoa804.man4oes5p0l2.php:156]
Wed, 08 Jan 2025 22:49:05 -0500 [2603:9000:f801:55e2:3002:b5cf:e033:3a67] [tmp/3hn69l4qoa804.man4oes5p0l2.php:156] Base->{closure}()
Wed, 08 Jan 2025 22:49:05 -0500 [2603:9000:f801:55e2:3002:b5cf:e033:3a67] [lib/base.php:3036] require('/home/u991737198/domains/tas2023.online/public_html/tmp/3hn69l4qoa804.man4oes5p0l2.php')
Wed, 08 Jan 2025 22:49:05 -0500 [2603:9000:f801:55e2:3002:b5cf:e033:3a67] [lib/base.php:3281] View->sandbox()
Wed, 08 Jan 2025 22:49:05 -0500 [2603:9000:f801:55e2:3002:b5cf:e033:3a67] [tmp/3hn69l4qoa804.3h31n1yj254w8.php:7] Preview->render()
Wed, 08 Jan 2025 22:49:05 -0500 [2603:9000:f801:55e2:3002:b5cf:e033:3a67] [lib/base.php:3036] require('/home/u991737198/domains/tas2023.online/public_html/tmp/3hn69l4qoa804.3h31n1yj254w8.php')
Wed, 08 Jan 2025 22:49:05 -0500 [2603:9000:f801:55e2:3002:b5cf:e033:3a67] [lib/base.php:3281] View->sandbox()
Wed, 08 Jan 2025 22:49:05 -0500 [2603:9000:f801:55e2:3002:b5cf:e033:3a67] [app/controllers/Controller.php:85] Preview->render()
Wed, 08 Jan 2025 22:49:05 -0500 [2603:9000:f801:55e2:3002:b5cf:e033:3a67] [lib/base.php:2078] Controller->afterroute()
Wed, 08 Jan 2025 22:49:05 -0500 [2603:9000:f801:55e2:3002:b5cf:e033:3a67] [lib/base.php:1871] Base->call()
Wed, 08 Jan 2025 22:49:05 -0500 [2603:9000:f801:55e2:3002:b5cf:e033:3a67] [index.php:19] Base->run()
Wed, 08 Jan 2025 22:49:09 -0500 [2603:9000:f801:55e2:3002:b5cf:e033:3a67] 500: Undefined variable $i18n trace: [/home/u991737198/domains/tas2023.online/public_html/tmp/3hn69l4qoa804.3tzgu6a6f1gkg.php:5]
Wed, 08 Jan 2025 22:49:09 -0500 [2603:9000:f801:55e2:3002:b5cf:e033:3a67] [/home/u991737198/domains/tas2023.online/public_html/tmp/3hn69l4qoa804.3tzgu6a6f1gkg.php:5] Base->{closure}()
Wed, 08 Jan 2025 22:49:09 -0500 [2603:9000:f801:55e2:3002:b5cf:e033:3a67] [/home/u991737198/domains/tas2023.online/public_html/lib/base.php:3036] require('/home/u991737198/domains/tas2023.online/public_html/tmp/3hn69l4qoa804.3tzgu6a6f1gkg.php')
Wed, 08 Jan 2025 22:49:09 -0500 [2603:9000:f801:55e2:3002:b5cf:e033:3a67] [/home/u991737198/domains/tas2023.online/public_html/lib/base.php:3281] View->sandbox()
Wed, 08 Jan 2025 22:49:09 -0500 [2603:9000:f801:55e2:3002:b5cf:e033:3a67] [/home/u991737198/domains/tas2023.online/public_html/tmp/3hn69l4qoa804.22phmm30e0u84.php:231] Preview->render()
Wed, 08 Jan 2025 22:49:09 -0500 [2603:9000:f801:55e2:3002:b5cf:e033:3a67] [/home/u991737198/domains/tas2023.online/public_html/lib/base.php:3036] require('/home/u991737198/domains/tas2023.online/public_html/tmp/3hn69l4qoa804.22phmm30e0u84.php')
Wed, 08 Jan 2025 22:49:09 -0500 [2603:9000:f801:55e2:3002:b5cf:e033:3a67] [/home/u991737198/domains/tas2023.online/public_html/lib/base.php:3281] View->sandbox()
Wed, 08 Jan 2025 22:49:09 -0500 [2603:9000:f801:55e2:3002:b5cf:e033:3a67] [/home/u991737198/domains/tas2023.online/public_html/tmp/3hn69l4qoa804.3h31n1yj254w8.php:7] Preview->render()
Wed, 08 Jan 2025 22:49:09 -0500 [2603:9000:f801:55e2:3002:b5cf:e033:3a67] [/home/u991737198/domains/tas2023.online/public_html/lib/base.php:3036] require('/home/u991737198/domains/tas2023.online/public_html/tmp/3hn69l4qoa804.3h31n1yj254w8.php')
Wed, 08 Jan 2025 22:49:09 -0500 [2603:9000:f801:55e2:3002:b5cf:e033:3a67] [/home/u991737198/domains/tas2023.online/public_html/lib/base.php:3281] View->sandbox()
Wed, 08 Jan 2025 22:49:09 -0500 [2603:9000:f801:55e2:3002:b5cf:e033:3a67] [/home/u991737198/domains/tas2023.online/public_html/app/controllers/Controller.php:85] Preview->render()
Wed, 08 Jan 2025 22:49:09 -0500 [2603:9000:f801:55e2:3002:b5cf:e033:3a67] [/home/u991737198/domains/tas2023.online/public_html/lib/base.php:2078] Controller->afterroute()
Wed, 08 Jan 2025 22:49:09 -0500 [2603:9000:f801:55e2:3002:b5cf:e033:3a67] [/home/u991737198/domains/tas2023.online/public_html/lib/base.php:1871] Base->call()
Wed, 08 Jan 2025 22:49:09 -0500 [2603:9000:f801:55e2:3002:b5cf:e033:3a67] [/home/u991737198/domains/tas2023.online/public_html/index.php:19] Base->run()
Wed, 08 Jan 2025 22:49:12 -0500 [2603:9000:f801:55e2:3002:b5cf:e033:3a67] 500: Undefined variable $i18n trace: [/home/u991737198/domains/tas2023.online/public_html/tmp/3hn69l4qoa804.3tzgu6a6f1gkg.php:5]
Wed, 08 Jan 2025 22:49:12 -0500 [2603:9000:f801:55e2:3002:b5cf:e033:3a67] [/home/u991737198/domains/tas2023.online/public_html/tmp/3hn69l4qoa804.3tzgu6a6f1gkg.php:5] Base->{closure}()
Wed, 08 Jan 2025 22:49:12 -0500 [2603:9000:f801:55e2:3002:b5cf:e033:3a67] [/home/u991737198/domains/tas2023.online/public_html/lib/base.php:3036] require('/home/u991737198/domains/tas2023.online/public_html/tmp/3hn69l4qoa804.3tzgu6a6f1gkg.php')
Wed, 08 Jan 2025 22:49:12 -0500 [2603:9000:f801:55e2:3002:b5cf:e033:3a67] [/home/u991737198/domains/tas2023.online/public_html/lib/base.php:3281] View->sandbox()
Wed, 08 Jan 2025 22:49:12 -0500 [2603:9000:f801:55e2:3002:b5cf:e033:3a67] [/home/u991737198/domains/tas2023.online/public_html/tmp/3hn69l4qoa804.22phmm30e0u84.php:231] Preview->render()
Wed, 08 Jan 2025 22:49:12 -0500 [2603:9000:f801:55e2:3002:b5cf:e033:3a67] [/home/u991737198/domains/tas2023.online/public_html/lib/base.php:3036] require('/home/u991737198/domains/tas2023.online/public_html/tmp/3hn69l4qoa804.22phmm30e0u84.php')
Wed, 08 Jan 2025 22:49:12 -0500 [2603:9000:f801:55e2:3002:b5cf:e033:3a67] [/home/u991737198/domains/tas2023.online/public_html/lib/base.php:3281] View->sandbox()
Wed, 08 Jan 2025 22:49:12 -0500 [2603:9000:f801:55e2:3002:b5cf:e033:3a67] [/home/u991737198/domains/tas2023.online/public_html/tmp/3hn69l4qoa804.3h31n1yj254w8.php:7] Preview->render()
Wed, 08 Jan 2025 22:49:12 -0500 [2603:9000:f801:55e2:3002:b5cf:e033:3a67] [/home/u991737198/domains/tas2023.online/public_html/lib/base.php:3036] require('/home/u991737198/domains/tas2023.online/public_html/tmp/3hn69l4qoa804.3h31n1yj254w8.php')
Wed, 08 Jan 2025 22:49:12 -0500 [2603:9000:f801:55e2:3002:b5cf:e033:3a67] [/home/u991737198/domains/tas2023.online/public_html/lib/base.php:3281] View->sandbox()
Wed, 08 Jan 2025 22:49:12 -0500 [2603:9000:f801:55e2:3002:b5cf:e033:3a67] [/home/u991737198/domains/tas2023.online/public_html/app/controllers/Controller.php:85] Preview->render()
Wed, 08 Jan 2025 22:49:12 -0500 [2603:9000:f801:55e2:3002:b5cf:e033:3a67] [/home/u991737198/domains/tas2023.online/public_html/lib/base.php:2078] Controller->afterroute()
Wed, 08 Jan 2025 22:49:12 -0500 [2603:9000:f801:55e2:3002:b5cf:e033:3a67] [/home/u991737198/domains/tas2023.online/public_html/lib/base.php:1871] Base->call()
Wed, 08 Jan 2025 22:49:12 -0500 [2603:9000:f801:55e2:3002:b5cf:e033:3a67] [/home/u991737198/domains/tas2023.online/public_html/index.php:19] Base->run()
Wed, 08 Jan 2025 22:50:01 -0500 [2603:9000:f801:55e2:3002:b5cf:e033:3a67] 500: Undefined variable $i18n trace: [/home/u991737198/domains/tas2023.online/public_html/tmp/3hn69l4qoa804.3tzgu6a6f1gkg.php:5]
Wed, 08 Jan 2025 22:50:01 -0500 [2603:9000:f801:55e2:3002:b5cf:e033:3a67] [/home/u991737198/domains/tas2023.online/public_html/tmp/3hn69l4qoa804.3tzgu6a6f1gkg.php:5] Base->{closure}()
Wed, 08 Jan 2025 22:50:01 -0500 [2603:9000:f801:55e2:3002:b5cf:e033:3a67] [/home/u991737198/domains/tas2023.online/public_html/lib/base.php:3036] require('/home/u991737198/domains/tas2023.online/public_html/tmp/3hn69l4qoa804.3tzgu6a6f1gkg.php')
Wed, 08 Jan 2025 22:50:01 -0500 [2603:9000:f801:55e2:3002:b5cf:e033:3a67] [/home/u991737198/domains/tas2023.online/public_html/lib/base.php:3281] View->sandbox()
Wed, 08 Jan 2025 22:50:01 -0500 [2603:9000:f801:55e2:3002:b5cf:e033:3a67] [/home/u991737198/domains/tas2023.online/public_html/tmp/3hn69l4qoa804.3g8shy2588w00.php:246] Preview->render()
Wed, 08 Jan 2025 22:50:01 -0500 [2603:9000:f801:55e2:3002:b5cf:e033:3a67] [/home/u991737198/domains/tas2023.online/public_html/lib/base.php:3036] require('/home/u991737198/domains/tas2023.online/public_html/tmp/3hn69l4qoa804.3g8shy2588w00.php')
Wed, 08 Jan 2025 22:50:01 -0500 [2603:9000:f801:55e2:3002:b5cf:e033:3a67] [/home/u991737198/domains/tas2023.online/public_html/lib/base.php:3281] View->sandbox()
Wed, 08 Jan 2025 22:50:01 -0500 [2603:9000:f801:55e2:3002:b5cf:e033:3a67] [/home/u991737198/domains/tas2023.online/public_html/tmp/3hn69l4qoa804.3h31n1yj254w8.php:7] Preview->render()
Wed, 08 Jan 2025 22:50:01 -0500 [2603:9000:f801:55e2:3002:b5cf:e033:3a67] [/home/u991737198/domains/tas2023.online/public_html/lib/base.php:3036] require('/home/u991737198/domains/tas2023.online/public_html/tmp/3hn69l4qoa804.3h31n1yj254w8.php')
Wed, 08 Jan 2025 22:50:01 -0500 [2603:9000:f801:55e2:3002:b5cf:e033:3a67] [/home/u991737198/domains/tas2023.online/public_html/lib/base.php:3281] View->sandbox()
Wed, 08 Jan 2025 22:50:01 -0500 [2603:9000:f801:55e2:3002:b5cf:e033:3a67] [/home/u991737198/domains/tas2023.online/public_html/app/controllers/Controller.php:85] Preview->render()
Wed, 08 Jan 2025 22:50:01 -0500 [2603:9000:f801:55e2:3002:b5cf:e033:3a67] [/home/u991737198/domains/tas2023.online/public_html/lib/base.php:2078] Controller->afterroute()
Wed, 08 Jan 2025 22:50:01 -0500 [2603:9000:f801:55e2:3002:b5cf:e033:3a67] [/home/u991737198/domains/tas2023.online/public_html/lib/base.php:1871] Base->call()
Wed, 08 Jan 2025 22:50:01 -0500 [2603:9000:f801:55e2:3002:b5cf:e033:3a67] [/home/u991737198/domains/tas2023.online/public_html/index.php:19] Base->run()
Wed, 08 Jan 2025 22:53:30 -0500 [2603:9000:f801:55e2:3002:b5cf:e033:3a67] 500: Undefined variable $entity_num trace: [tmp/3hn69l4qoa804.1zo7dt0fljr4w.php:196]
Wed, 08 Jan 2025 22:53:30 -0500 [2603:9000:f801:55e2:3002:b5cf:e033:3a67] [tmp/3hn69l4qoa804.1zo7dt0fljr4w.php:196] Base->{closure}()
Wed, 08 Jan 2025 22:53:30 -0500 [2603:9000:f801:55e2:3002:b5cf:e033:3a67] [lib/base.php:3036] require('/home/u991737198/domains/tas2023.online/public_html/tmp/3hn69l4qoa804.1zo7dt0fljr4w.php')
Wed, 08 Jan 2025 22:53:30 -0500 [2603:9000:f801:55e2:3002:b5cf:e033:3a67] [lib/base.php:3281] View->sandbox()
Wed, 08 Jan 2025 22:53:30 -0500 [2603:9000:f801:55e2:3002:b5cf:e033:3a67] [tmp/3hn69l4qoa804.3h31n1yj254w8.php:7] Preview->render()
Wed, 08 Jan 2025 22:53:30 -0500 [2603:9000:f801:55e2:3002:b5cf:e033:3a67] [lib/base.php:3036] require('/home/u991737198/domains/tas2023.online/public_html/tmp/3hn69l4qoa804.3h31n1yj254w8.php')
Wed, 08 Jan 2025 22:53:30 -0500 [2603:9000:f801:55e2:3002:b5cf:e033:3a67] [lib/base.php:3281] View->sandbox()
Wed, 08 Jan 2025 22:53:30 -0500 [2603:9000:f801:55e2:3002:b5cf:e033:3a67] [app/controllers/Controller.php:85] Preview->render()
Wed, 08 Jan 2025 22:53:30 -0500 [2603:9000:f801:55e2:3002:b5cf:e033:3a67] [lib/base.php:2078] Controller->afterroute()
Wed, 08 Jan 2025 22:53:30 -0500 [2603:9000:f801:55e2:3002:b5cf:e033:3a67] [lib/base.php:1871] Base->call()
Wed, 08 Jan 2025 22:53:30 -0500 [2603:9000:f801:55e2:3002:b5cf:e033:3a67] [index.php:19] Base->run()
Wed, 08 Jan 2025 22:53:33 -0500 [2603:9000:f801:55e2:3002:b5cf:e033:3a67] 500: Undefined variable $token trace: [tmp/3hn69l4qoa804.2r4f9cgm96ecs.php:191]
Wed, 08 Jan 2025 22:53:33 -0500 [2603:9000:f801:55e2:3002:b5cf:e033:3a67] [tmp/3hn69l4qoa804.2r4f9cgm96ecs.php:191] Base->{closure}()
Wed, 08 Jan 2025 22:53:33 -0500 [2603:9000:f801:55e2:3002:b5cf:e033:3a67] [lib/base.php:3036] require('/home/u991737198/domains/tas2023.online/public_html/tmp/3hn69l4qoa804.2r4f9cgm96ecs.php')
Wed, 08 Jan 2025 22:53:33 -0500 [2603:9000:f801:55e2:3002:b5cf:e033:3a67] [lib/base.php:3281] View->sandbox()
Wed, 08 Jan 2025 22:53:33 -0500 [2603:9000:f801:55e2:3002:b5cf:e033:3a67] [tmp/3hn69l4qoa804.3h31n1yj254w8.php:7] Preview->render()
Wed, 08 Jan 2025 22:53:33 -0500 [2603:9000:f801:55e2:3002:b5cf:e033:3a67] [lib/base.php:3036] require('/home/u991737198/domains/tas2023.online/public_html/tmp/3hn69l4qoa804.3h31n1yj254w8.php')
Wed, 08 Jan 2025 22:53:33 -0500 [2603:9000:f801:55e2:3002:b5cf:e033:3a67] [lib/base.php:3281] View->sandbox()
Wed, 08 Jan 2025 22:53:33 -0500 [2603:9000:f801:55e2:3002:b5cf:e033:3a67] [app/controllers/Controller.php:85] Preview->render()
Wed, 08 Jan 2025 22:53:33 -0500 [2603:9000:f801:55e2:3002:b5cf:e033:3a67] [lib/base.php:2078] Controller->afterroute()
Wed, 08 Jan 2025 22:53:33 -0500 [2603:9000:f801:55e2:3002:b5cf:e033:3a67] [lib/base.php:1871] Base->call()
Wed, 08 Jan 2025 22:53:33 -0500 [2603:9000:f801:55e2:3002:b5cf:e033:3a67] [index.php:19] Base->run()
Wed, 08 Jan 2025 22:53:40 -0500 [2603:9000:f801:55e2:3002:b5cf:e033:3a67] 500: Undefined variable $modal trace: [tmp/3hn69l4qoa804.s6y49d7myqde.php:84]
Wed, 08 Jan 2025 22:53:40 -0500 [2603:9000:f801:55e2:3002:b5cf:e033:3a67] [tmp/3hn69l4qoa804.s6y49d7myqde.php:84] Base->{closure}()
Wed, 08 Jan 2025 22:53:40 -0500 [2603:9000:f801:55e2:3002:b5cf:e033:3a67] [lib/base.php:3036] require('/home/u991737198/domains/tas2023.online/public_html/tmp/3hn69l4qoa804.s6y49d7myqde.php')
Wed, 08 Jan 2025 22:53:40 -0500 [2603:9000:f801:55e2:3002:b5cf:e033:3a67] [lib/base.php:3281] View->sandbox()
Wed, 08 Jan 2025 22:53:40 -0500 [2603:9000:f801:55e2:3002:b5cf:e033:3a67] [tmp/3hn69l4qoa804.3h31n1yj254w8.php:7] Preview->render()
Wed, 08 Jan 2025 22:53:40 -0500 [2603:9000:f801:55e2:3002:b5cf:e033:3a67] [lib/base.php:3036] require('/home/u991737198/domains/tas2023.online/public_html/tmp/3hn69l4qoa804.3h31n1yj254w8.php')
Wed, 08 Jan 2025 22:53:40 -0500 [2603:9000:f801:55e2:3002:b5cf:e033:3a67] [lib/base.php:3281] View->sandbox()
Wed, 08 Jan 2025 22:53:40 -0500 [2603:9000:f801:55e2:3002:b5cf:e033:3a67] [app/controllers/Controller.php:85] Preview->render()
Wed, 08 Jan 2025 22:53:40 -0500 [2603:9000:f801:55e2:3002:b5cf:e033:3a67] [lib/base.php:2078] Controller->afterroute()
Wed, 08 Jan 2025 22:53:40 -0500 [2603:9000:f801:55e2:3002:b5cf:e033:3a67] [lib/base.php:1871] Base->call()
Wed, 08 Jan 2025 22:53:40 -0500 [2603:9000:f801:55e2:3002:b5cf:e033:3a67] [index.php:19] Base->run()
Wed, 08 Jan 2025 23:21:01 -0500 [2603:9000:f801:55e2:3002:b5cf:e033:3a67] 500: Undefined variable $i18n trace: [/home/u991737198/domains/tas2023.online/public_html/tmp/3hn69l4qoa804.3tzgu6a6f1gkg.php:5]
Wed, 08 Jan 2025 23:21:01 -0500 [2603:9000:f801:55e2:3002:b5cf:e033:3a67] [/home/u991737198/domains/tas2023.online/public_html/tmp/3hn69l4qoa804.3tzgu6a6f1gkg.php:5] Base->{closure}()
Wed, 08 Jan 2025 23:21:01 -0500 [2603:9000:f801:55e2:3002:b5cf:e033:3a67] [/home/u991737198/domains/tas2023.online/public_html/lib/base.php:3036] require('/home/u991737198/domains/tas2023.online/public_html/tmp/3hn69l4qoa804.3tzgu6a6f1gkg.php')
Wed, 08 Jan 2025 23:21:01 -0500 [2603:9000:f801:55e2:3002:b5cf:e033:3a67] [/home/u991737198/domains/tas2023.online/public_html/lib/base.php:3281] View->sandbox()
Wed, 08 Jan 2025 23:21:01 -0500 [2603:9000:f801:55e2:3002:b5cf:e033:3a67] [/home/u991737198/domains/tas2023.online/public_html/tmp/3hn69l4qoa804.22phmm30e0u84.php:231] Preview->render()
Wed, 08 Jan 2025 23:21:01 -0500 [2603:9000:f801:55e2:3002:b5cf:e033:3a67] [/home/u991737198/domains/tas2023.online/public_html/lib/base.php:3036] require('/home/u991737198/domains/tas2023.online/public_html/tmp/3hn69l4qoa804.22phmm30e0u84.php')
Wed, 08 Jan 2025 23:21:01 -0500 [2603:9000:f801:55e2:3002:b5cf:e033:3a67] [/home/u991737198/domains/tas2023.online/public_html/lib/base.php:3281] View->sandbox()
Wed, 08 Jan 2025 23:21:01 -0500 [2603:9000:f801:55e2:3002:b5cf:e033:3a67] [/home/u991737198/domains/tas2023.online/public_html/tmp/3hn69l4qoa804.3h31n1yj254w8.php:7] Preview->render()
Wed, 08 Jan 2025 23:21:01 -0500 [2603:9000:f801:55e2:3002:b5cf:e033:3a67] [/home/u991737198/domains/tas2023.online/public_html/lib/base.php:3036] require('/home/u991737198/domains/tas2023.online/public_html/tmp/3hn69l4qoa804.3h31n1yj254w8.php')
Wed, 08 Jan 2025 23:21:01 -0500 [2603:9000:f801:55e2:3002:b5cf:e033:3a67] [/home/u991737198/domains/tas2023.online/public_html/lib/base.php:3281] View->sandbox()
Wed, 08 Jan 2025 23:21:01 -0500 [2603:9000:f801:55e2:3002:b5cf:e033:3a67] [/home/u991737198/domains/tas2023.online/public_html/app/controllers/Controller.php:85] Preview->render()
Wed, 08 Jan 2025 23:21:01 -0500 [2603:9000:f801:55e2:3002:b5cf:e033:3a67] [/home/u991737198/domains/tas2023.online/public_html/lib/base.php:2078] Controller->afterroute()
Wed, 08 Jan 2025 23:21:01 -0500 [2603:9000:f801:55e2:3002:b5cf:e033:3a67] [/home/u991737198/domains/tas2023.online/public_html/lib/base.php:1871] Base->call()
Wed, 08 Jan 2025 23:21:01 -0500 [2603:9000:f801:55e2:3002:b5cf:e033:3a67] [/home/u991737198/domains/tas2023.online/public_html/index.php:19] Base->run()
Wed, 08 Jan 2025 23:21:05 -0500 [2603:9000:f801:55e2:3002:b5cf:e033:3a67] 500: Undefined variable $i18n trace: [/home/u991737198/domains/tas2023.online/public_html/tmp/3hn69l4qoa804.3tzgu6a6f1gkg.php:5]
Wed, 08 Jan 2025 23:21:05 -0500 [2603:9000:f801:55e2:3002:b5cf:e033:3a67] [/home/u991737198/domains/tas2023.online/public_html/tmp/3hn69l4qoa804.3tzgu6a6f1gkg.php:5] Base->{closure}()
Wed, 08 Jan 2025 23:21:05 -0500 [2603:9000:f801:55e2:3002:b5cf:e033:3a67] [/home/u991737198/domains/tas2023.online/public_html/lib/base.php:3036] require('/home/u991737198/domains/tas2023.online/public_html/tmp/3hn69l4qoa804.3tzgu6a6f1gkg.php')
Wed, 08 Jan 2025 23:21:05 -0500 [2603:9000:f801:55e2:3002:b5cf:e033:3a67] [/home/u991737198/domains/tas2023.online/public_html/lib/base.php:3281] View->sandbox()
Wed, 08 Jan 2025 23:21:05 -0500 [2603:9000:f801:55e2:3002:b5cf:e033:3a67] [/home/u991737198/domains/tas2023.online/public_html/tmp/3hn69l4qoa804.22phmm30e0u84.php:231] Preview->render()
Wed, 08 Jan 2025 23:21:05 -0500 [2603:9000:f801:55e2:3002:b5cf:e033:3a67] [/home/u991737198/domains/tas2023.online/public_html/lib/base.php:3036] require('/home/u991737198/domains/tas2023.online/public_html/tmp/3hn69l4qoa804.22phmm30e0u84.php')
Wed, 08 Jan 2025 23:21:05 -0500 [2603:9000:f801:55e2:3002:b5cf:e033:3a67] [/home/u991737198/domains/tas2023.online/public_html/lib/base.php:3281] View->sandbox()
Wed, 08 Jan 2025 23:21:05 -0500 [2603:9000:f801:55e2:3002:b5cf:e033:3a67] [/home/u991737198/domains/tas2023.online/public_html/tmp/3hn69l4qoa804.3h31n1yj254w8.php:7] Preview->render()
Wed, 08 Jan 2025 23:21:05 -0500 [2603:9000:f801:55e2:3002:b5cf:e033:3a67] [/home/u991737198/domains/tas2023.online/public_html/lib/base.php:3036] require('/home/u991737198/domains/tas2023.online/public_html/tmp/3hn69l4qoa804.3h31n1yj254w8.php')
Wed, 08 Jan 2025 23:21:05 -0500 [2603:9000:f801:55e2:3002:b5cf:e033:3a67] [/home/u991737198/domains/tas2023.online/public_html/lib/base.php:3281] View->sandbox()
Wed, 08 Jan 2025 23:21:05 -0500 [2603:9000:f801:55e2:3002:b5cf:e033:3a67] [/home/u991737198/domains/tas2023.online/public_html/app/controllers/Controller.php:85] Preview->render()
Wed, 08 Jan 2025 23:21:05 -0500 [2603:9000:f801:55e2:3002:b5cf:e033:3a67] [/home/u991737198/domains/tas2023.online/public_html/lib/base.php:2078] Controller->afterroute()
Wed, 08 Jan 2025 23:21:05 -0500 [2603:9000:f801:55e2:3002:b5cf:e033:3a67] [/home/u991737198/domains/tas2023.online/public_html/lib/base.php:1871] Base->call()
Wed, 08 Jan 2025 23:21:05 -0500 [2603:9000:f801:55e2:3002:b5cf:e033:3a67] [/home/u991737198/domains/tas2023.online/public_html/index.php:19] Base->run()
Wed, 08 Jan 2025 23:34:17 -0500 [2603:9000:f801:55e2:3002:b5cf:e033:3a67] 500: Undefined variable $entity_num trace: [tmp/3hn69l4qoa804.man4oes5p0l2.php:156]
Wed, 08 Jan 2025 23:34:17 -0500 [2603:9000:f801:55e2:3002:b5cf:e033:3a67] [tmp/3hn69l4qoa804.man4oes5p0l2.php:156] Base->{closure}()
Wed, 08 Jan 2025 23:34:17 -0500 [2603:9000:f801:55e2:3002:b5cf:e033:3a67] [lib/base.php:3036] require('/home/u991737198/domains/tas2023.online/public_html/tmp/3hn69l4qoa804.man4oes5p0l2.php')
Wed, 08 Jan 2025 23:34:17 -0500 [2603:9000:f801:55e2:3002:b5cf:e033:3a67] [lib/base.php:3281] View->sandbox()
Wed, 08 Jan 2025 23:34:17 -0500 [2603:9000:f801:55e2:3002:b5cf:e033:3a67] [tmp/3hn69l4qoa804.3h31n1yj254w8.php:7] Preview->render()
Wed, 08 Jan 2025 23:34:17 -0500 [2603:9000:f801:55e2:3002:b5cf:e033:3a67] [lib/base.php:3036] require('/home/u991737198/domains/tas2023.online/public_html/tmp/3hn69l4qoa804.3h31n1yj254w8.php')
Wed, 08 Jan 2025 23:34:17 -0500 [2603:9000:f801:55e2:3002:b5cf:e033:3a67] [lib/base.php:3281] View->sandbox()
Wed, 08 Jan 2025 23:34:17 -0500 [2603:9000:f801:55e2:3002:b5cf:e033:3a67] [app/controllers/Controller.php:85] Preview->render()
Wed, 08 Jan 2025 23:34:17 -0500 [2603:9000:f801:55e2:3002:b5cf:e033:3a67] [lib/base.php:2078] Controller->afterroute()
Wed, 08 Jan 2025 23:34:17 -0500 [2603:9000:f801:55e2:3002:b5cf:e033:3a67] [lib/base.php:1871] Base->call()
Wed, 08 Jan 2025 23:34:17 -0500 [2603:9000:f801:55e2:3002:b5cf:e033:3a67] [index.php:19] Base->run()
Wed, 08 Jan 2025 23:36:31 -0500 [2603:9000:f801:55e2:3002:b5cf:e033:3a67] 500: Undefined variable $entity_num trace: [tmp/3hn69l4qoa804.man4oes5p0l2.php:156]
Wed, 08 Jan 2025 23:36:31 -0500 [2603:9000:f801:55e2:3002:b5cf:e033:3a67] [tmp/3hn69l4qoa804.man4oes5p0l2.php:156] Base->{closure}()
Wed, 08 Jan 2025 23:36:31 -0500 [2603:9000:f801:55e2:3002:b5cf:e033:3a67] [lib/base.php:3036] require('/home/u991737198/domains/tas2023.online/public_html/tmp/3hn69l4qoa804.man4oes5p0l2.php')
Wed, 08 Jan 2025 23:36:31 -0500 [2603:9000:f801:55e2:3002:b5cf:e033:3a67] [lib/base.php:3281] View->sandbox()
Wed, 08 Jan 2025 23:36:31 -0500 [2603:9000:f801:55e2:3002:b5cf:e033:3a67] [tmp/3hn69l4qoa804.3h31n1yj254w8.php:7] Preview->render()
Wed, 08 Jan 2025 23:36:31 -0500 [2603:9000:f801:55e2:3002:b5cf:e033:3a67] [lib/base.php:3036] require('/home/u991737198/domains/tas2023.online/public_html/tmp/3hn69l4qoa804.3h31n1yj254w8.php')
Wed, 08 Jan 2025 23:36:31 -0500 [2603:9000:f801:55e2:3002:b5cf:e033:3a67] [lib/base.php:3281] View->sandbox()
Wed, 08 Jan 2025 23:36:31 -0500 [2603:9000:f801:55e2:3002:b5cf:e033:3a67] [app/controllers/Controller.php:85] Preview->render()
Wed, 08 Jan 2025 23:36:31 -0500 [2603:9000:f801:55e2:3002:b5cf:e033:3a67] [lib/base.php:2078] Controller->afterroute()
Wed, 08 Jan 2025 23:36:31 -0500 [2603:9000:f801:55e2:3002:b5cf:e033:3a67] [lib/base.php:1871] Base->call()
Wed, 08 Jan 2025 23:36:31 -0500 [2603:9000:f801:55e2:3002:b5cf:e033:3a67] [index.php:19] Base->run()
Wed, 08 Jan 2025 23:38:40 -0500 [2603:9000:f801:55e2:3002:b5cf:e033:3a67] 500: Undefined variable $i18n trace: [/home/u991737198/domains/tas2023.online/public_html/tmp/3hn69l4qoa804.3tzgu6a6f1gkg.php:5]
Wed, 08 Jan 2025 23:38:40 -0500 [2603:9000:f801:55e2:3002:b5cf:e033:3a67] [/home/u991737198/domains/tas2023.online/public_html/tmp/3hn69l4qoa804.3tzgu6a6f1gkg.php:5] Base->{closure}()
Wed, 08 Jan 2025 23:38:40 -0500 [2603:9000:f801:55e2:3002:b5cf:e033:3a67] [/home/u991737198/domains/tas2023.online/public_html/lib/base.php:3036] require('/home/u991737198/domains/tas2023.online/public_html/tmp/3hn69l4qoa804.3tzgu6a6f1gkg.php')
Wed, 08 Jan 2025 23:38:40 -0500 [2603:9000:f801:55e2:3002:b5cf:e033:3a67] [/home/u991737198/domains/tas2023.online/public_html/lib/base.php:3281] View->sandbox()
Wed, 08 Jan 2025 23:38:40 -0500 [2603:9000:f801:55e2:3002:b5cf:e033:3a67] [/home/u991737198/domains/tas2023.online/public_html/tmp/3hn69l4qoa804.3g8shy2588w00.php:246] Preview->render()
Wed, 08 Jan 2025 23:38:40 -0500 [2603:9000:f801:55e2:3002:b5cf:e033:3a67] [/home/u991737198/domains/tas2023.online/public_html/lib/base.php:3036] require('/home/u991737198/domains/tas2023.online/public_html/tmp/3hn69l4qoa804.3g8shy2588w00.php')
Wed, 08 Jan 2025 23:38:40 -0500 [2603:9000:f801:55e2:3002:b5cf:e033:3a67] [/home/u991737198/domains/tas2023.online/public_html/lib/base.php:3281] View->sandbox()
Wed, 08 Jan 2025 23:38:40 -0500 [2603:9000:f801:55e2:3002:b5cf:e033:3a67] [/home/u991737198/domains/tas2023.online/public_html/tmp/3hn69l4qoa804.3h31n1yj254w8.php:7] Preview->render()
Wed, 08 Jan 2025 23:38:40 -0500 [2603:9000:f801:55e2:3002:b5cf:e033:3a67] [/home/u991737198/domains/tas2023.online/public_html/lib/base.php:3036] require('/home/u991737198/domains/tas2023.online/public_html/tmp/3hn69l4qoa804.3h31n1yj254w8.php')
Wed, 08 Jan 2025 23:38:40 -0500 [2603:9000:f801:55e2:3002:b5cf:e033:3a67] [/home/u991737198/domains/tas2023.online/public_html/lib/base.php:3281] View->sandbox()
Wed, 08 Jan 2025 23:38:40 -0500 [2603:9000:f801:55e2:3002:b5cf:e033:3a67] [/home/u991737198/domains/tas2023.online/public_html/app/controllers/Controller.php:85] Preview->render()
Wed, 08 Jan 2025 23:38:40 -0500 [2603:9000:f801:55e2:3002:b5cf:e033:3a67] [/home/u991737198/domains/tas2023.online/public_html/lib/base.php:2078] Controller->afterroute()
Wed, 08 Jan 2025 23:38:40 -0500 [2603:9000:f801:55e2:3002:b5cf:e033:3a67] [/home/u991737198/domains/tas2023.online/public_html/lib/base.php:1871] Base->call()
Wed, 08 Jan 2025 23:38:40 -0500 [2603:9000:f801:55e2:3002:b5cf:e033:3a67] [/home/u991737198/domains/tas2023.online/public_html/index.php:19] Base->run()
