Thu, 09 Jan 2025 00:15:34 -0500 [2603:9000:f801:55e2:e2ac:2c00:8750:3c73] 500: Undefined variable $entity_num trace: [tmp/3hn69l4qoa804.1zo7dt0fljr4w.php:196]
Thu, 09 Jan 2025 00:15:34 -0500 [2603:9000:f801:55e2:e2ac:2c00:8750:3c73] [tmp/3hn69l4qoa804.1zo7dt0fljr4w.php:196] Base->{closure}()
Thu, 09 Jan 2025 00:15:34 -0500 [2603:9000:f801:55e2:e2ac:2c00:8750:3c73] [lib/base.php:3036] require('/home/u991737198/domains/tas2023.online/public_html/tmp/3hn69l4qoa804.1zo7dt0fljr4w.php')
Thu, 09 Jan 2025 00:15:34 -0500 [2603:9000:f801:55e2:e2ac:2c00:8750:3c73] [lib/base.php:3281] View->sandbox()
Thu, 09 Jan 2025 00:15:34 -0500 [2603:9000:f801:55e2:e2ac:2c00:8750:3c73] [tmp/3hn69l4qoa804.3h31n1yj254w8.php:7] Preview->render()
Thu, 09 Jan 2025 00:15:34 -0500 [2603:9000:f801:55e2:e2ac:2c00:8750:3c73] [lib/base.php:3036] require('/home/u991737198/domains/tas2023.online/public_html/tmp/3hn69l4qoa804.3h31n1yj254w8.php')
Thu, 09 Jan 2025 00:15:34 -0500 [2603:9000:f801:55e2:e2ac:2c00:8750:3c73] [lib/base.php:3281] View->sandbox()
Thu, 09 Jan 2025 00:15:34 -0500 [2603:9000:f801:55e2:e2ac:2c00:8750:3c73] [app/controllers/Controller.php:85] Preview->render()
Thu, 09 Jan 2025 00:15:34 -0500 [2603:9000:f801:55e2:e2ac:2c00:8750:3c73] [lib/base.php:2078] Controller->afterroute()
Thu, 09 Jan 2025 00:15:34 -0500 [2603:9000:f801:55e2:e2ac:2c00:8750:3c73] [lib/base.php:1871] Base->call()
Thu, 09 Jan 2025 00:15:34 -0500 [2603:9000:f801:55e2:e2ac:2c00:8750:3c73] [index.php:19] Base->run()
Thu, 09 Jan 2025 00:16:34 -0500 [2603:9000:f801:55e2:e2ac:2c00:8750:3c73] 500: Undefined variable $i18n trace: [/home/u991737198/domains/tas2023.online/public_html/tmp/3hn69l4qoa804.3tzgu6a6f1gkg.php:5]
Thu, 09 Jan 2025 00:16:34 -0500 [2603:9000:f801:55e2:e2ac:2c00:8750:3c73] [/home/u991737198/domains/tas2023.online/public_html/tmp/3hn69l4qoa804.3tzgu6a6f1gkg.php:5] Base->{closure}()
Thu, 09 Jan 2025 00:16:34 -0500 [2603:9000:f801:55e2:e2ac:2c00:8750:3c73] [/home/u991737198/domains/tas2023.online/public_html/lib/base.php:3036] require('/home/u991737198/domains/tas2023.online/public_html/tmp/3hn69l4qoa804.3tzgu6a6f1gkg.php')
Thu, 09 Jan 2025 00:16:34 -0500 [2603:9000:f801:55e2:e2ac:2c00:8750:3c73] [/home/u991737198/domains/tas2023.online/public_html/lib/base.php:3281] View->sandbox()
Thu, 09 Jan 2025 00:16:34 -0500 [2603:9000:f801:55e2:e2ac:2c00:8750:3c73] [/home/u991737198/domains/tas2023.online/public_html/tmp/3hn69l4qoa804.22phmm30e0u84.php:231] Preview->render()
Thu, 09 Jan 2025 00:16:34 -0500 [2603:9000:f801:55e2:e2ac:2c00:8750:3c73] [/home/u991737198/domains/tas2023.online/public_html/lib/base.php:3036] require('/home/u991737198/domains/tas2023.online/public_html/tmp/3hn69l4qoa804.22phmm30e0u84.php')
Thu, 09 Jan 2025 00:16:34 -0500 [2603:9000:f801:55e2:e2ac:2c00:8750:3c73] [/home/u991737198/domains/tas2023.online/public_html/lib/base.php:3281] View->sandbox()
Thu, 09 Jan 2025 00:16:34 -0500 [2603:9000:f801:55e2:e2ac:2c00:8750:3c73] [/home/u991737198/domains/tas2023.online/public_html/tmp/3hn69l4qoa804.3h31n1yj254w8.php:7] Preview->render()
Thu, 09 Jan 2025 00:16:34 -0500 [2603:9000:f801:55e2:e2ac:2c00:8750:3c73] [/home/u991737198/domains/tas2023.online/public_html/lib/base.php:3036] require('/home/u991737198/domains/tas2023.online/public_html/tmp/3hn69l4qoa804.3h31n1yj254w8.php')
Thu, 09 Jan 2025 00:16:34 -0500 [2603:9000:f801:55e2:e2ac:2c00:8750:3c73] [/home/u991737198/domains/tas2023.online/public_html/lib/base.php:3281] View->sandbox()
Thu, 09 Jan 2025 00:16:34 -0500 [2603:9000:f801:55e2:e2ac:2c00:8750:3c73] [/home/u991737198/domains/tas2023.online/public_html/app/controllers/Controller.php:85] Preview->render()
Thu, 09 Jan 2025 00:16:34 -0500 [2603:9000:f801:55e2:e2ac:2c00:8750:3c73] [/home/u991737198/domains/tas2023.online/public_html/lib/base.php:2078] Controller->afterroute()
Thu, 09 Jan 2025 00:16:34 -0500 [2603:9000:f801:55e2:e2ac:2c00:8750:3c73] [/home/u991737198/domains/tas2023.online/public_html/lib/base.php:1871] Base->call()
Thu, 09 Jan 2025 00:16:34 -0500 [2603:9000:f801:55e2:e2ac:2c00:8750:3c73] [/home/u991737198/domains/tas2023.online/public_html/index.php:19] Base->run()
Thu, 09 Jan 2025 00:16:38 -0500 [2603:9000:f801:55e2:e2ac:2c00:8750:3c73] 500: Undefined variable $i18n trace: [/home/u991737198/domains/tas2023.online/public_html/tmp/3hn69l4qoa804.3tzgu6a6f1gkg.php:5]
Thu, 09 Jan 2025 00:16:38 -0500 [2603:9000:f801:55e2:e2ac:2c00:8750:3c73] [/home/u991737198/domains/tas2023.online/public_html/tmp/3hn69l4qoa804.3tzgu6a6f1gkg.php:5] Base->{closure}()
Thu, 09 Jan 2025 00:16:38 -0500 [2603:9000:f801:55e2:e2ac:2c00:8750:3c73] [/home/u991737198/domains/tas2023.online/public_html/lib/base.php:3036] require('/home/u991737198/domains/tas2023.online/public_html/tmp/3hn69l4qoa804.3tzgu6a6f1gkg.php')
Thu, 09 Jan 2025 00:16:38 -0500 [2603:9000:f801:55e2:e2ac:2c00:8750:3c73] [/home/u991737198/domains/tas2023.online/public_html/lib/base.php:3281] View->sandbox()
Thu, 09 Jan 2025 00:16:38 -0500 [2603:9000:f801:55e2:e2ac:2c00:8750:3c73] [/home/u991737198/domains/tas2023.online/public_html/tmp/3hn69l4qoa804.22phmm30e0u84.php:231] Preview->render()
Thu, 09 Jan 2025 00:16:38 -0500 [2603:9000:f801:55e2:e2ac:2c00:8750:3c73] [/home/u991737198/domains/tas2023.online/public_html/lib/base.php:3036] require('/home/u991737198/domains/tas2023.online/public_html/tmp/3hn69l4qoa804.22phmm30e0u84.php')
Thu, 09 Jan 2025 00:16:38 -0500 [2603:9000:f801:55e2:e2ac:2c00:8750:3c73] [/home/u991737198/domains/tas2023.online/public_html/lib/base.php:3281] View->sandbox()
Thu, 09 Jan 2025 00:16:38 -0500 [2603:9000:f801:55e2:e2ac:2c00:8750:3c73] [/home/u991737198/domains/tas2023.online/public_html/tmp/3hn69l4qoa804.3h31n1yj254w8.php:7] Preview->render()
Thu, 09 Jan 2025 00:16:38 -0500 [2603:9000:f801:55e2:e2ac:2c00:8750:3c73] [/home/u991737198/domains/tas2023.online/public_html/lib/base.php:3036] require('/home/u991737198/domains/tas2023.online/public_html/tmp/3hn69l4qoa804.3h31n1yj254w8.php')
Thu, 09 Jan 2025 00:16:38 -0500 [2603:9000:f801:55e2:e2ac:2c00:8750:3c73] [/home/u991737198/domains/tas2023.online/public_html/lib/base.php:3281] View->sandbox()
Thu, 09 Jan 2025 00:16:38 -0500 [2603:9000:f801:55e2:e2ac:2c00:8750:3c73] [/home/u991737198/domains/tas2023.online/public_html/app/controllers/Controller.php:85] Preview->render()
Thu, 09 Jan 2025 00:16:38 -0500 [2603:9000:f801:55e2:e2ac:2c00:8750:3c73] [/home/u991737198/domains/tas2023.online/public_html/lib/base.php:2078] Controller->afterroute()
Thu, 09 Jan 2025 00:16:38 -0500 [2603:9000:f801:55e2:e2ac:2c00:8750:3c73] [/home/u991737198/domains/tas2023.online/public_html/lib/base.php:1871] Base->call()
Thu, 09 Jan 2025 00:16:38 -0500 [2603:9000:f801:55e2:e2ac:2c00:8750:3c73] [/home/u991737198/domains/tas2023.online/public_html/index.php:19] Base->run()
Thu, 09 Jan 2025 00:17:00 -0500 [2603:9000:f801:55e2:e2ac:2c00:8750:3c73] 500: Undefined variable $i18n trace: [/home/u991737198/domains/tas2023.online/public_html/tmp/3hn69l4qoa804.3tzgu6a6f1gkg.php:5]
Thu, 09 Jan 2025 00:17:00 -0500 [2603:9000:f801:55e2:e2ac:2c00:8750:3c73] [/home/u991737198/domains/tas2023.online/public_html/tmp/3hn69l4qoa804.3tzgu6a6f1gkg.php:5] Base->{closure}()
Thu, 09 Jan 2025 00:17:00 -0500 [2603:9000:f801:55e2:e2ac:2c00:8750:3c73] [/home/u991737198/domains/tas2023.online/public_html/lib/base.php:3036] require('/home/u991737198/domains/tas2023.online/public_html/tmp/3hn69l4qoa804.3tzgu6a6f1gkg.php')
Thu, 09 Jan 2025 00:17:00 -0500 [2603:9000:f801:55e2:e2ac:2c00:8750:3c73] [/home/u991737198/domains/tas2023.online/public_html/lib/base.php:3281] View->sandbox()
Thu, 09 Jan 2025 00:17:00 -0500 [2603:9000:f801:55e2:e2ac:2c00:8750:3c73] [/home/u991737198/domains/tas2023.online/public_html/tmp/3hn69l4qoa804.3g8shy2588w00.php:246] Preview->render()
Thu, 09 Jan 2025 00:17:00 -0500 [2603:9000:f801:55e2:e2ac:2c00:8750:3c73] [/home/u991737198/domains/tas2023.online/public_html/lib/base.php:3036] require('/home/u991737198/domains/tas2023.online/public_html/tmp/3hn69l4qoa804.3g8shy2588w00.php')
Thu, 09 Jan 2025 00:17:00 -0500 [2603:9000:f801:55e2:e2ac:2c00:8750:3c73] [/home/u991737198/domains/tas2023.online/public_html/lib/base.php:3281] View->sandbox()
Thu, 09 Jan 2025 00:17:00 -0500 [2603:9000:f801:55e2:e2ac:2c00:8750:3c73] [/home/u991737198/domains/tas2023.online/public_html/tmp/3hn69l4qoa804.3h31n1yj254w8.php:7] Preview->render()
Thu, 09 Jan 2025 00:17:00 -0500 [2603:9000:f801:55e2:e2ac:2c00:8750:3c73] [/home/u991737198/domains/tas2023.online/public_html/lib/base.php:3036] require('/home/u991737198/domains/tas2023.online/public_html/tmp/3hn69l4qoa804.3h31n1yj254w8.php')
Thu, 09 Jan 2025 00:17:00 -0500 [2603:9000:f801:55e2:e2ac:2c00:8750:3c73] [/home/u991737198/domains/tas2023.online/public_html/lib/base.php:3281] View->sandbox()
Thu, 09 Jan 2025 00:17:00 -0500 [2603:9000:f801:55e2:e2ac:2c00:8750:3c73] [/home/u991737198/domains/tas2023.online/public_html/app/controllers/Controller.php:85] Preview->render()
Thu, 09 Jan 2025 00:17:00 -0500 [2603:9000:f801:55e2:e2ac:2c00:8750:3c73] [/home/u991737198/domains/tas2023.online/public_html/lib/base.php:2078] Controller->afterroute()
Thu, 09 Jan 2025 00:17:00 -0500 [2603:9000:f801:55e2:e2ac:2c00:8750:3c73] [/home/u991737198/domains/tas2023.online/public_html/lib/base.php:1871] Base->call()
Thu, 09 Jan 2025 00:17:00 -0500 [2603:9000:f801:55e2:e2ac:2c00:8750:3c73] [/home/u991737198/domains/tas2023.online/public_html/index.php:19] Base->run()
Thu, 09 Jan 2025 00:17:27 -0500 [2603:9000:f801:55e2:e2ac:2c00:8750:3c73] 500: Undefined variable $i18n trace: [/home/u991737198/domains/tas2023.online/public_html/tmp/3hn69l4qoa804.3tzgu6a6f1gkg.php:5]
Thu, 09 Jan 2025 00:17:27 -0500 [2603:9000:f801:55e2:e2ac:2c00:8750:3c73] [/home/u991737198/domains/tas2023.online/public_html/tmp/3hn69l4qoa804.3tzgu6a6f1gkg.php:5] Base->{closure}()
Thu, 09 Jan 2025 00:17:27 -0500 [2603:9000:f801:55e2:e2ac:2c00:8750:3c73] [/home/u991737198/domains/tas2023.online/public_html/lib/base.php:3036] require('/home/u991737198/domains/tas2023.online/public_html/tmp/3hn69l4qoa804.3tzgu6a6f1gkg.php')
Thu, 09 Jan 2025 00:17:27 -0500 [2603:9000:f801:55e2:e2ac:2c00:8750:3c73] [/home/u991737198/domains/tas2023.online/public_html/lib/base.php:3281] View->sandbox()
Thu, 09 Jan 2025 00:17:27 -0500 [2603:9000:f801:55e2:e2ac:2c00:8750:3c73] [/home/u991737198/domains/tas2023.online/public_html/tmp/3hn69l4qoa804.22phmm30e0u84.php:231] Preview->render()
Thu, 09 Jan 2025 00:17:27 -0500 [2603:9000:f801:55e2:e2ac:2c00:8750:3c73] [/home/u991737198/domains/tas2023.online/public_html/lib/base.php:3036] require('/home/u991737198/domains/tas2023.online/public_html/tmp/3hn69l4qoa804.22phmm30e0u84.php')
Thu, 09 Jan 2025 00:17:27 -0500 [2603:9000:f801:55e2:e2ac:2c00:8750:3c73] [/home/u991737198/domains/tas2023.online/public_html/lib/base.php:3281] View->sandbox()
Thu, 09 Jan 2025 00:17:27 -0500 [2603:9000:f801:55e2:e2ac:2c00:8750:3c73] [/home/u991737198/domains/tas2023.online/public_html/tmp/3hn69l4qoa804.3h31n1yj254w8.php:7] Preview->render()
Thu, 09 Jan 2025 00:17:27 -0500 [2603:9000:f801:55e2:e2ac:2c00:8750:3c73] [/home/u991737198/domains/tas2023.online/public_html/lib/base.php:3036] require('/home/u991737198/domains/tas2023.online/public_html/tmp/3hn69l4qoa804.3h31n1yj254w8.php')
Thu, 09 Jan 2025 00:17:27 -0500 [2603:9000:f801:55e2:e2ac:2c00:8750:3c73] [/home/u991737198/domains/tas2023.online/public_html/lib/base.php:3281] View->sandbox()
Thu, 09 Jan 2025 00:17:27 -0500 [2603:9000:f801:55e2:e2ac:2c00:8750:3c73] [/home/u991737198/domains/tas2023.online/public_html/app/controllers/Controller.php:85] Preview->render()
Thu, 09 Jan 2025 00:17:27 -0500 [2603:9000:f801:55e2:e2ac:2c00:8750:3c73] [/home/u991737198/domains/tas2023.online/public_html/lib/base.php:2078] Controller->afterroute()
Thu, 09 Jan 2025 00:17:27 -0500 [2603:9000:f801:55e2:e2ac:2c00:8750:3c73] [/home/u991737198/domains/tas2023.online/public_html/lib/base.php:1871] Base->call()
Thu, 09 Jan 2025 00:17:27 -0500 [2603:9000:f801:55e2:e2ac:2c00:8750:3c73] [/home/u991737198/domains/tas2023.online/public_html/index.php:19] Base->run()
Thu, 09 Jan 2025 00:17:30 -0500 [2603:9000:f801:55e2:e2ac:2c00:8750:3c73] 500: Undefined variable $i18n trace: [/home/u991737198/domains/tas2023.online/public_html/tmp/3hn69l4qoa804.3tzgu6a6f1gkg.php:5]
Thu, 09 Jan 2025 00:17:30 -0500 [2603:9000:f801:55e2:e2ac:2c00:8750:3c73] [/home/u991737198/domains/tas2023.online/public_html/tmp/3hn69l4qoa804.3tzgu6a6f1gkg.php:5] Base->{closure}()
Thu, 09 Jan 2025 00:17:30 -0500 [2603:9000:f801:55e2:e2ac:2c00:8750:3c73] [/home/u991737198/domains/tas2023.online/public_html/lib/base.php:3036] require('/home/u991737198/domains/tas2023.online/public_html/tmp/3hn69l4qoa804.3tzgu6a6f1gkg.php')
Thu, 09 Jan 2025 00:17:30 -0500 [2603:9000:f801:55e2:e2ac:2c00:8750:3c73] [/home/u991737198/domains/tas2023.online/public_html/lib/base.php:3281] View->sandbox()
Thu, 09 Jan 2025 00:17:30 -0500 [2603:9000:f801:55e2:e2ac:2c00:8750:3c73] [/home/u991737198/domains/tas2023.online/public_html/tmp/3hn69l4qoa804.22phmm30e0u84.php:231] Preview->render()
Thu, 09 Jan 2025 00:17:30 -0500 [2603:9000:f801:55e2:e2ac:2c00:8750:3c73] [/home/u991737198/domains/tas2023.online/public_html/lib/base.php:3036] require('/home/u991737198/domains/tas2023.online/public_html/tmp/3hn69l4qoa804.22phmm30e0u84.php')
Thu, 09 Jan 2025 00:17:30 -0500 [2603:9000:f801:55e2:e2ac:2c00:8750:3c73] [/home/u991737198/domains/tas2023.online/public_html/lib/base.php:3281] View->sandbox()
Thu, 09 Jan 2025 00:17:30 -0500 [2603:9000:f801:55e2:e2ac:2c00:8750:3c73] [/home/u991737198/domains/tas2023.online/public_html/tmp/3hn69l4qoa804.3h31n1yj254w8.php:7] Preview->render()
Thu, 09 Jan 2025 00:17:30 -0500 [2603:9000:f801:55e2:e2ac:2c00:8750:3c73] [/home/u991737198/domains/tas2023.online/public_html/lib/base.php:3036] require('/home/u991737198/domains/tas2023.online/public_html/tmp/3hn69l4qoa804.3h31n1yj254w8.php')
Thu, 09 Jan 2025 00:17:30 -0500 [2603:9000:f801:55e2:e2ac:2c00:8750:3c73] [/home/u991737198/domains/tas2023.online/public_html/lib/base.php:3281] View->sandbox()
Thu, 09 Jan 2025 00:17:30 -0500 [2603:9000:f801:55e2:e2ac:2c00:8750:3c73] [/home/u991737198/domains/tas2023.online/public_html/app/controllers/Controller.php:85] Preview->render()
Thu, 09 Jan 2025 00:17:30 -0500 [2603:9000:f801:55e2:e2ac:2c00:8750:3c73] [/home/u991737198/domains/tas2023.online/public_html/lib/base.php:2078] Controller->afterroute()
Thu, 09 Jan 2025 00:17:30 -0500 [2603:9000:f801:55e2:e2ac:2c00:8750:3c73] [/home/u991737198/domains/tas2023.online/public_html/lib/base.php:1871] Base->call()
Thu, 09 Jan 2025 00:17:30 -0500 [2603:9000:f801:55e2:e2ac:2c00:8750:3c73] [/home/u991737198/domains/tas2023.online/public_html/index.php:19] Base->run()
Thu, 09 Jan 2025 00:17:59 -0500 [2603:9000:f801:55e2:e2ac:2c00:8750:3c73] 500: Undefined variable $i18n trace: [/home/u991737198/domains/tas2023.online/public_html/tmp/3hn69l4qoa804.3tzgu6a6f1gkg.php:5]
Thu, 09 Jan 2025 00:17:59 -0500 [2603:9000:f801:55e2:e2ac:2c00:8750:3c73] [/home/u991737198/domains/tas2023.online/public_html/tmp/3hn69l4qoa804.3tzgu6a6f1gkg.php:5] Base->{closure}()
Thu, 09 Jan 2025 00:17:59 -0500 [2603:9000:f801:55e2:e2ac:2c00:8750:3c73] [/home/u991737198/domains/tas2023.online/public_html/lib/base.php:3036] require('/home/u991737198/domains/tas2023.online/public_html/tmp/3hn69l4qoa804.3tzgu6a6f1gkg.php')
Thu, 09 Jan 2025 00:17:59 -0500 [2603:9000:f801:55e2:e2ac:2c00:8750:3c73] [/home/u991737198/domains/tas2023.online/public_html/lib/base.php:3281] View->sandbox()
Thu, 09 Jan 2025 00:17:59 -0500 [2603:9000:f801:55e2:e2ac:2c00:8750:3c73] [/home/u991737198/domains/tas2023.online/public_html/tmp/3hn69l4qoa804.22phmm30e0u84.php:231] Preview->render()
Thu, 09 Jan 2025 00:17:59 -0500 [2603:9000:f801:55e2:e2ac:2c00:8750:3c73] [/home/u991737198/domains/tas2023.online/public_html/lib/base.php:3036] require('/home/u991737198/domains/tas2023.online/public_html/tmp/3hn69l4qoa804.22phmm30e0u84.php')
Thu, 09 Jan 2025 00:17:59 -0500 [2603:9000:f801:55e2:e2ac:2c00:8750:3c73] [/home/u991737198/domains/tas2023.online/public_html/lib/base.php:3281] View->sandbox()
Thu, 09 Jan 2025 00:17:59 -0500 [2603:9000:f801:55e2:e2ac:2c00:8750:3c73] [/home/u991737198/domains/tas2023.online/public_html/tmp/3hn69l4qoa804.3h31n1yj254w8.php:7] Preview->render()
Thu, 09 Jan 2025 00:17:59 -0500 [2603:9000:f801:55e2:e2ac:2c00:8750:3c73] [/home/u991737198/domains/tas2023.online/public_html/lib/base.php:3036] require('/home/u991737198/domains/tas2023.online/public_html/tmp/3hn69l4qoa804.3h31n1yj254w8.php')
Thu, 09 Jan 2025 00:17:59 -0500 [2603:9000:f801:55e2:e2ac:2c00:8750:3c73] [/home/u991737198/domains/tas2023.online/public_html/lib/base.php:3281] View->sandbox()
Thu, 09 Jan 2025 00:17:59 -0500 [2603:9000:f801:55e2:e2ac:2c00:8750:3c73] [/home/u991737198/domains/tas2023.online/public_html/app/controllers/Controller.php:85] Preview->render()
Thu, 09 Jan 2025 00:17:59 -0500 [2603:9000:f801:55e2:e2ac:2c00:8750:3c73] [/home/u991737198/domains/tas2023.online/public_html/lib/base.php:2078] Controller->afterroute()
Thu, 09 Jan 2025 00:17:59 -0500 [2603:9000:f801:55e2:e2ac:2c00:8750:3c73] [/home/u991737198/domains/tas2023.online/public_html/lib/base.php:1871] Base->call()
Thu, 09 Jan 2025 00:17:59 -0500 [2603:9000:f801:55e2:e2ac:2c00:8750:3c73] [/home/u991737198/domains/tas2023.online/public_html/index.php:19] Base->run()
Thu, 09 Jan 2025 00:18:09 -0500 [2603:9000:f801:55e2:e2ac:2c00:8750:3c73] 500: Undefined variable $i18n trace: [/home/u991737198/domains/tas2023.online/public_html/tmp/3hn69l4qoa804.3tzgu6a6f1gkg.php:5]
Thu, 09 Jan 2025 00:18:09 -0500 [2603:9000:f801:55e2:e2ac:2c00:8750:3c73] [/home/u991737198/domains/tas2023.online/public_html/tmp/3hn69l4qoa804.3tzgu6a6f1gkg.php:5] Base->{closure}()
Thu, 09 Jan 2025 00:18:09 -0500 [2603:9000:f801:55e2:e2ac:2c00:8750:3c73] [/home/u991737198/domains/tas2023.online/public_html/lib/base.php:3036] require('/home/u991737198/domains/tas2023.online/public_html/tmp/3hn69l4qoa804.3tzgu6a6f1gkg.php')
Thu, 09 Jan 2025 00:18:09 -0500 [2603:9000:f801:55e2:e2ac:2c00:8750:3c73] [/home/u991737198/domains/tas2023.online/public_html/lib/base.php:3281] View->sandbox()
Thu, 09 Jan 2025 00:18:09 -0500 [2603:9000:f801:55e2:e2ac:2c00:8750:3c73] [/home/u991737198/domains/tas2023.online/public_html/tmp/3hn69l4qoa804.22phmm30e0u84.php:231] Preview->render()
Thu, 09 Jan 2025 00:18:09 -0500 [2603:9000:f801:55e2:e2ac:2c00:8750:3c73] [/home/u991737198/domains/tas2023.online/public_html/lib/base.php:3036] require('/home/u991737198/domains/tas2023.online/public_html/tmp/3hn69l4qoa804.22phmm30e0u84.php')
Thu, 09 Jan 2025 00:18:09 -0500 [2603:9000:f801:55e2:e2ac:2c00:8750:3c73] [/home/u991737198/domains/tas2023.online/public_html/lib/base.php:3281] View->sandbox()
Thu, 09 Jan 2025 00:18:09 -0500 [2603:9000:f801:55e2:e2ac:2c00:8750:3c73] [/home/u991737198/domains/tas2023.online/public_html/tmp/3hn69l4qoa804.3h31n1yj254w8.php:7] Preview->render()
Thu, 09 Jan 2025 00:18:09 -0500 [2603:9000:f801:55e2:e2ac:2c00:8750:3c73] [/home/u991737198/domains/tas2023.online/public_html/lib/base.php:3036] require('/home/u991737198/domains/tas2023.online/public_html/tmp/3hn69l4qoa804.3h31n1yj254w8.php')
Thu, 09 Jan 2025 00:18:09 -0500 [2603:9000:f801:55e2:e2ac:2c00:8750:3c73] [/home/u991737198/domains/tas2023.online/public_html/lib/base.php:3281] View->sandbox()
Thu, 09 Jan 2025 00:18:09 -0500 [2603:9000:f801:55e2:e2ac:2c00:8750:3c73] [/home/u991737198/domains/tas2023.online/public_html/app/controllers/Controller.php:85] Preview->render()
Thu, 09 Jan 2025 00:18:09 -0500 [2603:9000:f801:55e2:e2ac:2c00:8750:3c73] [/home/u991737198/domains/tas2023.online/public_html/lib/base.php:2078] Controller->afterroute()
Thu, 09 Jan 2025 00:18:09 -0500 [2603:9000:f801:55e2:e2ac:2c00:8750:3c73] [/home/u991737198/domains/tas2023.online/public_html/lib/base.php:1871] Base->call()
Thu, 09 Jan 2025 00:18:09 -0500 [2603:9000:f801:55e2:e2ac:2c00:8750:3c73] [/home/u991737198/domains/tas2023.online/public_html/index.php:19] Base->run()
Thu, 09 Jan 2025 00:18:10 -0500 [2603:9000:f801:55e2:e2ac:2c00:8750:3c73] 500: Undefined variable $i18n trace: [/home/u991737198/domains/tas2023.online/public_html/tmp/3hn69l4qoa804.3tzgu6a6f1gkg.php:5]
Thu, 09 Jan 2025 00:18:10 -0500 [2603:9000:f801:55e2:e2ac:2c00:8750:3c73] [/home/u991737198/domains/tas2023.online/public_html/tmp/3hn69l4qoa804.3tzgu6a6f1gkg.php:5] Base->{closure}()
Thu, 09 Jan 2025 00:18:10 -0500 [2603:9000:f801:55e2:e2ac:2c00:8750:3c73] [/home/u991737198/domains/tas2023.online/public_html/lib/base.php:3036] require('/home/u991737198/domains/tas2023.online/public_html/tmp/3hn69l4qoa804.3tzgu6a6f1gkg.php')
Thu, 09 Jan 2025 00:18:10 -0500 [2603:9000:f801:55e2:e2ac:2c00:8750:3c73] [/home/u991737198/domains/tas2023.online/public_html/lib/base.php:3281] View->sandbox()
Thu, 09 Jan 2025 00:18:10 -0500 [2603:9000:f801:55e2:e2ac:2c00:8750:3c73] [/home/u991737198/domains/tas2023.online/public_html/tmp/3hn69l4qoa804.3g8shy2588w00.php:246] Preview->render()
Thu, 09 Jan 2025 00:18:10 -0500 [2603:9000:f801:55e2:e2ac:2c00:8750:3c73] [/home/u991737198/domains/tas2023.online/public_html/lib/base.php:3036] require('/home/u991737198/domains/tas2023.online/public_html/tmp/3hn69l4qoa804.3g8shy2588w00.php')
Thu, 09 Jan 2025 00:18:10 -0500 [2603:9000:f801:55e2:e2ac:2c00:8750:3c73] [/home/u991737198/domains/tas2023.online/public_html/lib/base.php:3281] View->sandbox()
Thu, 09 Jan 2025 00:18:10 -0500 [2603:9000:f801:55e2:e2ac:2c00:8750:3c73] [/home/u991737198/domains/tas2023.online/public_html/tmp/3hn69l4qoa804.3h31n1yj254w8.php:7] Preview->render()
Thu, 09 Jan 2025 00:18:10 -0500 [2603:9000:f801:55e2:e2ac:2c00:8750:3c73] [/home/u991737198/domains/tas2023.online/public_html/lib/base.php:3036] require('/home/u991737198/domains/tas2023.online/public_html/tmp/3hn69l4qoa804.3h31n1yj254w8.php')
Thu, 09 Jan 2025 00:18:10 -0500 [2603:9000:f801:55e2:e2ac:2c00:8750:3c73] [/home/u991737198/domains/tas2023.online/public_html/lib/base.php:3281] View->sandbox()
Thu, 09 Jan 2025 00:18:10 -0500 [2603:9000:f801:55e2:e2ac:2c00:8750:3c73] [/home/u991737198/domains/tas2023.online/public_html/app/controllers/Controller.php:85] Preview->render()
Thu, 09 Jan 2025 00:18:10 -0500 [2603:9000:f801:55e2:e2ac:2c00:8750:3c73] [/home/u991737198/domains/tas2023.online/public_html/lib/base.php:2078] Controller->afterroute()
Thu, 09 Jan 2025 00:18:10 -0500 [2603:9000:f801:55e2:e2ac:2c00:8750:3c73] [/home/u991737198/domains/tas2023.online/public_html/lib/base.php:1871] Base->call()
Thu, 09 Jan 2025 00:18:10 -0500 [2603:9000:f801:55e2:e2ac:2c00:8750:3c73] [/home/u991737198/domains/tas2023.online/public_html/index.php:19] Base->run()
Thu, 09 Jan 2025 00:19:59 -0500 [2603:9000:f801:55e2:e2ac:2c00:8750:3c73] 500: Undefined variable $i18n trace: [tmp/3hn69l4qoa804.dkos5pfgx4qw.php:35]
Thu, 09 Jan 2025 00:19:59 -0500 [2603:9000:f801:55e2:e2ac:2c00:8750:3c73] [tmp/3hn69l4qoa804.dkos5pfgx4qw.php:35] Base->{closure}()
Thu, 09 Jan 2025 00:19:59 -0500 [2603:9000:f801:55e2:e2ac:2c00:8750:3c73] [lib/base.php:3036] require('/home/u991737198/domains/tas2023.online/public_html/tmp/3hn69l4qoa804.dkos5pfgx4qw.php')
Thu, 09 Jan 2025 00:19:59 -0500 [2603:9000:f801:55e2:e2ac:2c00:8750:3c73] [lib/base.php:3281] View->sandbox()
Thu, 09 Jan 2025 00:19:59 -0500 [2603:9000:f801:55e2:e2ac:2c00:8750:3c73] [tmp/3hn69l4qoa804.3h31n1yj254w8.php:7] Preview->render()
Thu, 09 Jan 2025 00:19:59 -0500 [2603:9000:f801:55e2:e2ac:2c00:8750:3c73] [lib/base.php:3036] require('/home/u991737198/domains/tas2023.online/public_html/tmp/3hn69l4qoa804.3h31n1yj254w8.php')
Thu, 09 Jan 2025 00:19:59 -0500 [2603:9000:f801:55e2:e2ac:2c00:8750:3c73] [lib/base.php:3281] View->sandbox()
Thu, 09 Jan 2025 00:19:59 -0500 [2603:9000:f801:55e2:e2ac:2c00:8750:3c73] [app/controllers/Controller.php:85] Preview->render()
Thu, 09 Jan 2025 00:19:59 -0500 [2603:9000:f801:55e2:e2ac:2c00:8750:3c73] [lib/base.php:2078] Controller->afterroute()
Thu, 09 Jan 2025 00:19:59 -0500 [2603:9000:f801:55e2:e2ac:2c00:8750:3c73] [lib/base.php:1871] Base->call()
Thu, 09 Jan 2025 00:19:59 -0500 [2603:9000:f801:55e2:e2ac:2c00:8750:3c73] [index.php:19] Base->run()
Thu, 09 Jan 2025 00:20:09 -0500 [2603:9000:f801:55e2:e2ac:2c00:8750:3c73] 500: Undefined variable $i18n trace: [tmp/3hn69l4qoa804.dkos5pfgx4qw.php:35]
Thu, 09 Jan 2025 00:20:09 -0500 [2603:9000:f801:55e2:e2ac:2c00:8750:3c73] [tmp/3hn69l4qoa804.dkos5pfgx4qw.php:35] Base->{closure}()
Thu, 09 Jan 2025 00:20:09 -0500 [2603:9000:f801:55e2:e2ac:2c00:8750:3c73] [lib/base.php:3036] require('/home/u991737198/domains/tas2023.online/public_html/tmp/3hn69l4qoa804.dkos5pfgx4qw.php')
Thu, 09 Jan 2025 00:20:09 -0500 [2603:9000:f801:55e2:e2ac:2c00:8750:3c73] [lib/base.php:3281] View->sandbox()
Thu, 09 Jan 2025 00:20:09 -0500 [2603:9000:f801:55e2:e2ac:2c00:8750:3c73] [tmp/3hn69l4qoa804.3h31n1yj254w8.php:7] Preview->render()
Thu, 09 Jan 2025 00:20:09 -0500 [2603:9000:f801:55e2:e2ac:2c00:8750:3c73] [lib/base.php:3036] require('/home/u991737198/domains/tas2023.online/public_html/tmp/3hn69l4qoa804.3h31n1yj254w8.php')
Thu, 09 Jan 2025 00:20:09 -0500 [2603:9000:f801:55e2:e2ac:2c00:8750:3c73] [lib/base.php:3281] View->sandbox()
Thu, 09 Jan 2025 00:20:09 -0500 [2603:9000:f801:55e2:e2ac:2c00:8750:3c73] [app/controllers/Controller.php:85] Preview->render()
Thu, 09 Jan 2025 00:20:09 -0500 [2603:9000:f801:55e2:e2ac:2c00:8750:3c73] [lib/base.php:2078] Controller->afterroute()
Thu, 09 Jan 2025 00:20:09 -0500 [2603:9000:f801:55e2:e2ac:2c00:8750:3c73] [lib/base.php:1871] Base->call()
Thu, 09 Jan 2025 00:20:09 -0500 [2603:9000:f801:55e2:e2ac:2c00:8750:3c73] [index.php:19] Base->run()
Thu, 09 Jan 2025 00:23:58 -0500 [2603:9000:f801:55e2:e2ac:2c00:8750:3c73] 500: Undefined variable $count trace: [tmp/3hn69l4qoa804.man4oes5p0l2.php:117]
Thu, 09 Jan 2025 00:23:58 -0500 [2603:9000:f801:55e2:e2ac:2c00:8750:3c73] [tmp/3hn69l4qoa804.man4oes5p0l2.php:117] Base->{closure}()
Thu, 09 Jan 2025 00:23:58 -0500 [2603:9000:f801:55e2:e2ac:2c00:8750:3c73] [lib/base.php:3036] require('/home/u991737198/domains/tas2023.online/public_html/tmp/3hn69l4qoa804.man4oes5p0l2.php')
Thu, 09 Jan 2025 00:23:58 -0500 [2603:9000:f801:55e2:e2ac:2c00:8750:3c73] [lib/base.php:3281] View->sandbox()
Thu, 09 Jan 2025 00:23:58 -0500 [2603:9000:f801:55e2:e2ac:2c00:8750:3c73] [tmp/3hn69l4qoa804.3h31n1yj254w8.php:7] Preview->render()
Thu, 09 Jan 2025 00:23:58 -0500 [2603:9000:f801:55e2:e2ac:2c00:8750:3c73] [lib/base.php:3036] require('/home/u991737198/domains/tas2023.online/public_html/tmp/3hn69l4qoa804.3h31n1yj254w8.php')
Thu, 09 Jan 2025 00:23:58 -0500 [2603:9000:f801:55e2:e2ac:2c00:8750:3c73] [lib/base.php:3281] View->sandbox()
Thu, 09 Jan 2025 00:23:58 -0500 [2603:9000:f801:55e2:e2ac:2c00:8750:3c73] [app/controllers/Controller.php:85] Preview->render()
Thu, 09 Jan 2025 00:23:58 -0500 [2603:9000:f801:55e2:e2ac:2c00:8750:3c73] [lib/base.php:2078] Controller->afterroute()
Thu, 09 Jan 2025 00:23:58 -0500 [2603:9000:f801:55e2:e2ac:2c00:8750:3c73] [lib/base.php:1871] Base->call()
Thu, 09 Jan 2025 00:23:58 -0500 [2603:9000:f801:55e2:e2ac:2c00:8750:3c73] [index.php:19] Base->run()
Thu, 09 Jan 2025 00:24:21 -0500 [2603:9000:f801:55e2:e2ac:2c00:8750:3c73] 500: Undefined variable $i18n trace: [/home/u991737198/domains/tas2023.online/public_html/tmp/3hn69l4qoa804.3tzgu6a6f1gkg.php:5]
Thu, 09 Jan 2025 00:24:21 -0500 [2603:9000:f801:55e2:e2ac:2c00:8750:3c73] [/home/u991737198/domains/tas2023.online/public_html/tmp/3hn69l4qoa804.3tzgu6a6f1gkg.php:5] Base->{closure}()
Thu, 09 Jan 2025 00:24:21 -0500 [2603:9000:f801:55e2:e2ac:2c00:8750:3c73] [/home/u991737198/domains/tas2023.online/public_html/lib/base.php:3036] require('/home/u991737198/domains/tas2023.online/public_html/tmp/3hn69l4qoa804.3tzgu6a6f1gkg.php')
Thu, 09 Jan 2025 00:24:21 -0500 [2603:9000:f801:55e2:e2ac:2c00:8750:3c73] [/home/u991737198/domains/tas2023.online/public_html/lib/base.php:3281] View->sandbox()
Thu, 09 Jan 2025 00:24:21 -0500 [2603:9000:f801:55e2:e2ac:2c00:8750:3c73] [/home/u991737198/domains/tas2023.online/public_html/tmp/3hn69l4qoa804.2al0qgx7e6zo4.php:245] Preview->render()
Thu, 09 Jan 2025 00:24:21 -0500 [2603:9000:f801:55e2:e2ac:2c00:8750:3c73] [/home/u991737198/domains/tas2023.online/public_html/lib/base.php:3036] require('/home/u991737198/domains/tas2023.online/public_html/tmp/3hn69l4qoa804.2al0qgx7e6zo4.php')
Thu, 09 Jan 2025 00:24:21 -0500 [2603:9000:f801:55e2:e2ac:2c00:8750:3c73] [/home/u991737198/domains/tas2023.online/public_html/lib/base.php:3281] View->sandbox()
Thu, 09 Jan 2025 00:24:21 -0500 [2603:9000:f801:55e2:e2ac:2c00:8750:3c73] [/home/u991737198/domains/tas2023.online/public_html/tmp/3hn69l4qoa804.3h31n1yj254w8.php:7] Preview->render()
Thu, 09 Jan 2025 00:24:21 -0500 [2603:9000:f801:55e2:e2ac:2c00:8750:3c73] [/home/u991737198/domains/tas2023.online/public_html/lib/base.php:3036] require('/home/u991737198/domains/tas2023.online/public_html/tmp/3hn69l4qoa804.3h31n1yj254w8.php')
Thu, 09 Jan 2025 00:24:21 -0500 [2603:9000:f801:55e2:e2ac:2c00:8750:3c73] [/home/u991737198/domains/tas2023.online/public_html/lib/base.php:3281] View->sandbox()
Thu, 09 Jan 2025 00:24:21 -0500 [2603:9000:f801:55e2:e2ac:2c00:8750:3c73] [/home/u991737198/domains/tas2023.online/public_html/app/controllers/Controller.php:85] Preview->render()
Thu, 09 Jan 2025 00:24:21 -0500 [2603:9000:f801:55e2:e2ac:2c00:8750:3c73] [/home/u991737198/domains/tas2023.online/public_html/lib/base.php:2078] Controller->afterroute()
Thu, 09 Jan 2025 00:24:21 -0500 [2603:9000:f801:55e2:e2ac:2c00:8750:3c73] [/home/u991737198/domains/tas2023.online/public_html/lib/base.php:1871] Base->call()
Thu, 09 Jan 2025 00:24:21 -0500 [2603:9000:f801:55e2:e2ac:2c00:8750:3c73] [/home/u991737198/domains/tas2023.online/public_html/index.php:19] Base->run()
Thu, 09 Jan 2025 00:24:36 -0500 [2603:9000:f801:55e2:e2ac:2c00:8750:3c73] 500: Undefined variable $i18n trace: [/home/u991737198/domains/tas2023.online/public_html/tmp/3hn69l4qoa804.3tzgu6a6f1gkg.php:5]
Thu, 09 Jan 2025 00:24:36 -0500 [2603:9000:f801:55e2:e2ac:2c00:8750:3c73] [/home/u991737198/domains/tas2023.online/public_html/tmp/3hn69l4qoa804.3tzgu6a6f1gkg.php:5] Base->{closure}()
Thu, 09 Jan 2025 00:24:36 -0500 [2603:9000:f801:55e2:e2ac:2c00:8750:3c73] [/home/u991737198/domains/tas2023.online/public_html/lib/base.php:3036] require('/home/u991737198/domains/tas2023.online/public_html/tmp/3hn69l4qoa804.3tzgu6a6f1gkg.php')
Thu, 09 Jan 2025 00:24:36 -0500 [2603:9000:f801:55e2:e2ac:2c00:8750:3c73] [/home/u991737198/domains/tas2023.online/public_html/lib/base.php:3281] View->sandbox()
Thu, 09 Jan 2025 00:24:36 -0500 [2603:9000:f801:55e2:e2ac:2c00:8750:3c73] [/home/u991737198/domains/tas2023.online/public_html/tmp/3hn69l4qoa804.2al0qgx7e6zo4.php:245] Preview->render()
Thu, 09 Jan 2025 00:24:36 -0500 [2603:9000:f801:55e2:e2ac:2c00:8750:3c73] [/home/u991737198/domains/tas2023.online/public_html/lib/base.php:3036] require('/home/u991737198/domains/tas2023.online/public_html/tmp/3hn69l4qoa804.2al0qgx7e6zo4.php')
Thu, 09 Jan 2025 00:24:36 -0500 [2603:9000:f801:55e2:e2ac:2c00:8750:3c73] [/home/u991737198/domains/tas2023.online/public_html/lib/base.php:3281] View->sandbox()
Thu, 09 Jan 2025 00:24:36 -0500 [2603:9000:f801:55e2:e2ac:2c00:8750:3c73] [/home/u991737198/domains/tas2023.online/public_html/tmp/3hn69l4qoa804.3h31n1yj254w8.php:7] Preview->render()
Thu, 09 Jan 2025 00:24:36 -0500 [2603:9000:f801:55e2:e2ac:2c00:8750:3c73] [/home/u991737198/domains/tas2023.online/public_html/lib/base.php:3036] require('/home/u991737198/domains/tas2023.online/public_html/tmp/3hn69l4qoa804.3h31n1yj254w8.php')
Thu, 09 Jan 2025 00:24:36 -0500 [2603:9000:f801:55e2:e2ac:2c00:8750:3c73] [/home/u991737198/domains/tas2023.online/public_html/lib/base.php:3281] View->sandbox()
Thu, 09 Jan 2025 00:24:36 -0500 [2603:9000:f801:55e2:e2ac:2c00:8750:3c73] [/home/u991737198/domains/tas2023.online/public_html/app/controllers/Controller.php:85] Preview->render()
Thu, 09 Jan 2025 00:24:36 -0500 [2603:9000:f801:55e2:e2ac:2c00:8750:3c73] [/home/u991737198/domains/tas2023.online/public_html/lib/base.php:2078] Controller->afterroute()
Thu, 09 Jan 2025 00:24:36 -0500 [2603:9000:f801:55e2:e2ac:2c00:8750:3c73] [/home/u991737198/domains/tas2023.online/public_html/lib/base.php:1871] Base->call()
Thu, 09 Jan 2025 00:24:36 -0500 [2603:9000:f801:55e2:e2ac:2c00:8750:3c73] [/home/u991737198/domains/tas2023.online/public_html/index.php:19] Base->run()
Thu, 09 Jan 2025 00:24:52 -0500 [2603:9000:f801:55e2:e2ac:2c00:8750:3c73] 500: Undefined variable $entity_num trace: [tmp/3hn69l4qoa804.1zo7dt0fljr4w.php:196]
Thu, 09 Jan 2025 00:24:52 -0500 [2603:9000:f801:55e2:e2ac:2c00:8750:3c73] [tmp/3hn69l4qoa804.1zo7dt0fljr4w.php:196] Base->{closure}()
Thu, 09 Jan 2025 00:24:52 -0500 [2603:9000:f801:55e2:e2ac:2c00:8750:3c73] [lib/base.php:3036] require('/home/u991737198/domains/tas2023.online/public_html/tmp/3hn69l4qoa804.1zo7dt0fljr4w.php')
Thu, 09 Jan 2025 00:24:52 -0500 [2603:9000:f801:55e2:e2ac:2c00:8750:3c73] [lib/base.php:3281] View->sandbox()
Thu, 09 Jan 2025 00:24:52 -0500 [2603:9000:f801:55e2:e2ac:2c00:8750:3c73] [tmp/3hn69l4qoa804.3h31n1yj254w8.php:7] Preview->render()
Thu, 09 Jan 2025 00:24:52 -0500 [2603:9000:f801:55e2:e2ac:2c00:8750:3c73] [lib/base.php:3036] require('/home/u991737198/domains/tas2023.online/public_html/tmp/3hn69l4qoa804.3h31n1yj254w8.php')
Thu, 09 Jan 2025 00:24:52 -0500 [2603:9000:f801:55e2:e2ac:2c00:8750:3c73] [lib/base.php:3281] View->sandbox()
Thu, 09 Jan 2025 00:24:52 -0500 [2603:9000:f801:55e2:e2ac:2c00:8750:3c73] [app/controllers/Controller.php:85] Preview->render()
Thu, 09 Jan 2025 00:24:52 -0500 [2603:9000:f801:55e2:e2ac:2c00:8750:3c73] [lib/base.php:2078] Controller->afterroute()
Thu, 09 Jan 2025 00:24:52 -0500 [2603:9000:f801:55e2:e2ac:2c00:8750:3c73] [lib/base.php:1871] Base->call()
Thu, 09 Jan 2025 00:24:52 -0500 [2603:9000:f801:55e2:e2ac:2c00:8750:3c73] [index.php:19] Base->run()
Thu, 09 Jan 2025 00:25:01 -0500 [2603:9000:f801:55e2:e2ac:2c00:8750:3c73] 500: Undefined variable $entity_num trace: [tmp/3hn69l4qoa804.1zo7dt0fljr4w.php:196]
Thu, 09 Jan 2025 00:25:01 -0500 [2603:9000:f801:55e2:e2ac:2c00:8750:3c73] [tmp/3hn69l4qoa804.1zo7dt0fljr4w.php:196] Base->{closure}()
Thu, 09 Jan 2025 00:25:01 -0500 [2603:9000:f801:55e2:e2ac:2c00:8750:3c73] [lib/base.php:3036] require('/home/u991737198/domains/tas2023.online/public_html/tmp/3hn69l4qoa804.1zo7dt0fljr4w.php')
Thu, 09 Jan 2025 00:25:01 -0500 [2603:9000:f801:55e2:e2ac:2c00:8750:3c73] [lib/base.php:3281] View->sandbox()
Thu, 09 Jan 2025 00:25:01 -0500 [2603:9000:f801:55e2:e2ac:2c00:8750:3c73] [tmp/3hn69l4qoa804.3h31n1yj254w8.php:7] Preview->render()
Thu, 09 Jan 2025 00:25:01 -0500 [2603:9000:f801:55e2:e2ac:2c00:8750:3c73] [lib/base.php:3036] require('/home/u991737198/domains/tas2023.online/public_html/tmp/3hn69l4qoa804.3h31n1yj254w8.php')
Thu, 09 Jan 2025 00:25:01 -0500 [2603:9000:f801:55e2:e2ac:2c00:8750:3c73] [lib/base.php:3281] View->sandbox()
Thu, 09 Jan 2025 00:25:01 -0500 [2603:9000:f801:55e2:e2ac:2c00:8750:3c73] [app/controllers/Controller.php:85] Preview->render()
Thu, 09 Jan 2025 00:25:01 -0500 [2603:9000:f801:55e2:e2ac:2c00:8750:3c73] [lib/base.php:2078] Controller->afterroute()
Thu, 09 Jan 2025 00:25:01 -0500 [2603:9000:f801:55e2:e2ac:2c00:8750:3c73] [lib/base.php:1871] Base->call()
Thu, 09 Jan 2025 00:25:01 -0500 [2603:9000:f801:55e2:e2ac:2c00:8750:3c73] [index.php:19] Base->run()
Thu, 09 Jan 2025 00:25:16 -0500 [2603:9000:f801:55e2:e2ac:2c00:8750:3c73] 500: Undefined variable $i18n trace: [/home/u991737198/domains/tas2023.online/public_html/tmp/3hn69l4qoa804.3tzgu6a6f1gkg.php:5]
Thu, 09 Jan 2025 00:25:16 -0500 [2603:9000:f801:55e2:e2ac:2c00:8750:3c73] [/home/u991737198/domains/tas2023.online/public_html/tmp/3hn69l4qoa804.3tzgu6a6f1gkg.php:5] Base->{closure}()
Thu, 09 Jan 2025 00:25:16 -0500 [2603:9000:f801:55e2:e2ac:2c00:8750:3c73] [/home/u991737198/domains/tas2023.online/public_html/lib/base.php:3036] require('/home/u991737198/domains/tas2023.online/public_html/tmp/3hn69l4qoa804.3tzgu6a6f1gkg.php')
Thu, 09 Jan 2025 00:25:16 -0500 [2603:9000:f801:55e2:e2ac:2c00:8750:3c73] [/home/u991737198/domains/tas2023.online/public_html/lib/base.php:3281] View->sandbox()
Thu, 09 Jan 2025 00:25:16 -0500 [2603:9000:f801:55e2:e2ac:2c00:8750:3c73] [/home/u991737198/domains/tas2023.online/public_html/tmp/3hn69l4qoa804.2al0qgx7e6zo4.php:245] Preview->render()
Thu, 09 Jan 2025 00:25:16 -0500 [2603:9000:f801:55e2:e2ac:2c00:8750:3c73] [/home/u991737198/domains/tas2023.online/public_html/lib/base.php:3036] require('/home/u991737198/domains/tas2023.online/public_html/tmp/3hn69l4qoa804.2al0qgx7e6zo4.php')
Thu, 09 Jan 2025 00:25:16 -0500 [2603:9000:f801:55e2:e2ac:2c00:8750:3c73] [/home/u991737198/domains/tas2023.online/public_html/lib/base.php:3281] View->sandbox()
Thu, 09 Jan 2025 00:25:16 -0500 [2603:9000:f801:55e2:e2ac:2c00:8750:3c73] [/home/u991737198/domains/tas2023.online/public_html/tmp/3hn69l4qoa804.3h31n1yj254w8.php:7] Preview->render()
Thu, 09 Jan 2025 00:25:16 -0500 [2603:9000:f801:55e2:e2ac:2c00:8750:3c73] [/home/u991737198/domains/tas2023.online/public_html/lib/base.php:3036] require('/home/u991737198/domains/tas2023.online/public_html/tmp/3hn69l4qoa804.3h31n1yj254w8.php')
Thu, 09 Jan 2025 00:25:16 -0500 [2603:9000:f801:55e2:e2ac:2c00:8750:3c73] [/home/u991737198/domains/tas2023.online/public_html/lib/base.php:3281] View->sandbox()
Thu, 09 Jan 2025 00:25:16 -0500 [2603:9000:f801:55e2:e2ac:2c00:8750:3c73] [/home/u991737198/domains/tas2023.online/public_html/app/controllers/Controller.php:85] Preview->render()
Thu, 09 Jan 2025 00:25:16 -0500 [2603:9000:f801:55e2:e2ac:2c00:8750:3c73] [/home/u991737198/domains/tas2023.online/public_html/lib/base.php:2078] Controller->afterroute()
Thu, 09 Jan 2025 00:25:16 -0500 [2603:9000:f801:55e2:e2ac:2c00:8750:3c73] [/home/u991737198/domains/tas2023.online/public_html/lib/base.php:1871] Base->call()
Thu, 09 Jan 2025 00:25:16 -0500 [2603:9000:f801:55e2:e2ac:2c00:8750:3c73] [/home/u991737198/domains/tas2023.online/public_html/index.php:19] Base->run()
Thu, 09 Jan 2025 00:25:21 -0500 [2603:9000:f801:55e2:e2ac:2c00:8750:3c73] 500: Undefined variable $i18n trace: [/home/u991737198/domains/tas2023.online/public_html/tmp/3hn69l4qoa804.3tzgu6a6f1gkg.php:5]
Thu, 09 Jan 2025 00:25:21 -0500 [2603:9000:f801:55e2:e2ac:2c00:8750:3c73] [/home/u991737198/domains/tas2023.online/public_html/tmp/3hn69l4qoa804.3tzgu6a6f1gkg.php:5] Base->{closure}()
Thu, 09 Jan 2025 00:25:21 -0500 [2603:9000:f801:55e2:e2ac:2c00:8750:3c73] [/home/u991737198/domains/tas2023.online/public_html/lib/base.php:3036] require('/home/u991737198/domains/tas2023.online/public_html/tmp/3hn69l4qoa804.3tzgu6a6f1gkg.php')
Thu, 09 Jan 2025 00:25:21 -0500 [2603:9000:f801:55e2:e2ac:2c00:8750:3c73] [/home/u991737198/domains/tas2023.online/public_html/lib/base.php:3281] View->sandbox()
Thu, 09 Jan 2025 00:25:21 -0500 [2603:9000:f801:55e2:e2ac:2c00:8750:3c73] [/home/u991737198/domains/tas2023.online/public_html/tmp/3hn69l4qoa804.3g8shy2588w00.php:246] Preview->render()
Thu, 09 Jan 2025 00:25:21 -0500 [2603:9000:f801:55e2:e2ac:2c00:8750:3c73] [/home/u991737198/domains/tas2023.online/public_html/lib/base.php:3036] require('/home/u991737198/domains/tas2023.online/public_html/tmp/3hn69l4qoa804.3g8shy2588w00.php')
Thu, 09 Jan 2025 00:25:21 -0500 [2603:9000:f801:55e2:e2ac:2c00:8750:3c73] [/home/u991737198/domains/tas2023.online/public_html/lib/base.php:3281] View->sandbox()
Thu, 09 Jan 2025 00:25:21 -0500 [2603:9000:f801:55e2:e2ac:2c00:8750:3c73] [/home/u991737198/domains/tas2023.online/public_html/tmp/3hn69l4qoa804.3h31n1yj254w8.php:7] Preview->render()
Thu, 09 Jan 2025 00:25:21 -0500 [2603:9000:f801:55e2:e2ac:2c00:8750:3c73] [/home/u991737198/domains/tas2023.online/public_html/lib/base.php:3036] require('/home/u991737198/domains/tas2023.online/public_html/tmp/3hn69l4qoa804.3h31n1yj254w8.php')
Thu, 09 Jan 2025 00:25:21 -0500 [2603:9000:f801:55e2:e2ac:2c00:8750:3c73] [/home/u991737198/domains/tas2023.online/public_html/lib/base.php:3281] View->sandbox()
Thu, 09 Jan 2025 00:25:21 -0500 [2603:9000:f801:55e2:e2ac:2c00:8750:3c73] [/home/u991737198/domains/tas2023.online/public_html/app/controllers/Controller.php:85] Preview->render()
Thu, 09 Jan 2025 00:25:21 -0500 [2603:9000:f801:55e2:e2ac:2c00:8750:3c73] [/home/u991737198/domains/tas2023.online/public_html/lib/base.php:2078] Controller->afterroute()
Thu, 09 Jan 2025 00:25:21 -0500 [2603:9000:f801:55e2:e2ac:2c00:8750:3c73] [/home/u991737198/domains/tas2023.online/public_html/lib/base.php:1871] Base->call()
Thu, 09 Jan 2025 00:25:21 -0500 [2603:9000:f801:55e2:e2ac:2c00:8750:3c73] [/home/u991737198/domains/tas2023.online/public_html/index.php:19] Base->run()
Thu, 09 Jan 2025 00:31:55 -0500 [2603:9000:f801:55e2:3002:b5cf:e033:3a67] 500: Undefined variable $i18n trace: [/home/u991737198/domains/tas2023.online/public_html/tmp/3hn69l4qoa804.3tzgu6a6f1gkg.php:5]
Thu, 09 Jan 2025 00:31:55 -0500 [2603:9000:f801:55e2:3002:b5cf:e033:3a67] [/home/u991737198/domains/tas2023.online/public_html/tmp/3hn69l4qoa804.3tzgu6a6f1gkg.php:5] Base->{closure}()
Thu, 09 Jan 2025 00:31:55 -0500 [2603:9000:f801:55e2:3002:b5cf:e033:3a67] [/home/u991737198/domains/tas2023.online/public_html/lib/base.php:3036] require('/home/u991737198/domains/tas2023.online/public_html/tmp/3hn69l4qoa804.3tzgu6a6f1gkg.php')
Thu, 09 Jan 2025 00:31:55 -0500 [2603:9000:f801:55e2:3002:b5cf:e033:3a67] [/home/u991737198/domains/tas2023.online/public_html/lib/base.php:3281] View->sandbox()
Thu, 09 Jan 2025 00:31:55 -0500 [2603:9000:f801:55e2:3002:b5cf:e033:3a67] [/home/u991737198/domains/tas2023.online/public_html/tmp/3hn69l4qoa804.3g8shy2588w00.php:246] Preview->render()
Thu, 09 Jan 2025 00:31:55 -0500 [2603:9000:f801:55e2:3002:b5cf:e033:3a67] [/home/u991737198/domains/tas2023.online/public_html/lib/base.php:3036] require('/home/u991737198/domains/tas2023.online/public_html/tmp/3hn69l4qoa804.3g8shy2588w00.php')
Thu, 09 Jan 2025 00:31:55 -0500 [2603:9000:f801:55e2:3002:b5cf:e033:3a67] [/home/u991737198/domains/tas2023.online/public_html/lib/base.php:3281] View->sandbox()
Thu, 09 Jan 2025 00:31:55 -0500 [2603:9000:f801:55e2:3002:b5cf:e033:3a67] [/home/u991737198/domains/tas2023.online/public_html/tmp/3hn69l4qoa804.3h31n1yj254w8.php:7] Preview->render()
Thu, 09 Jan 2025 00:31:55 -0500 [2603:9000:f801:55e2:3002:b5cf:e033:3a67] [/home/u991737198/domains/tas2023.online/public_html/lib/base.php:3036] require('/home/u991737198/domains/tas2023.online/public_html/tmp/3hn69l4qoa804.3h31n1yj254w8.php')
Thu, 09 Jan 2025 00:31:55 -0500 [2603:9000:f801:55e2:3002:b5cf:e033:3a67] [/home/u991737198/domains/tas2023.online/public_html/lib/base.php:3281] View->sandbox()
Thu, 09 Jan 2025 00:31:55 -0500 [2603:9000:f801:55e2:3002:b5cf:e033:3a67] [/home/u991737198/domains/tas2023.online/public_html/app/controllers/Controller.php:85] Preview->render()
Thu, 09 Jan 2025 00:31:55 -0500 [2603:9000:f801:55e2:3002:b5cf:e033:3a67] [/home/u991737198/domains/tas2023.online/public_html/lib/base.php:2078] Controller->afterroute()
Thu, 09 Jan 2025 00:31:55 -0500 [2603:9000:f801:55e2:3002:b5cf:e033:3a67] [/home/u991737198/domains/tas2023.online/public_html/lib/base.php:1871] Base->call()
Thu, 09 Jan 2025 00:31:55 -0500 [2603:9000:f801:55e2:3002:b5cf:e033:3a67] [/home/u991737198/domains/tas2023.online/public_html/index.php:19] Base->run()
Thu, 09 Jan 2025 10:26:21 -0500 [2603:9000:f801:55e2:9cdc:b03e:42cc:4a97] 401: HTTP 401 (GET /task/taskData) trace: [/home/u991737198/domains/tas2023.online/public_html/lib/access.php:112] Base->error()
Thu, 09 Jan 2025 10:26:21 -0500 [2603:9000:f801:55e2:9cdc:b03e:42cc:4a97] [/home/u991737198/domains/tas2023.online/public_html/app/controllers/Controller.php:76] Access->authorize()
Thu, 09 Jan 2025 10:26:21 -0500 [2603:9000:f801:55e2:9cdc:b03e:42cc:4a97] [/home/u991737198/domains/tas2023.online/public_html/lib/base.php:2069] Controller->beforeroute()
Thu, 09 Jan 2025 10:26:21 -0500 [2603:9000:f801:55e2:9cdc:b03e:42cc:4a97] [/home/u991737198/domains/tas2023.online/public_html/lib/base.php:1871] Base->call()
Thu, 09 Jan 2025 10:26:21 -0500 [2603:9000:f801:55e2:9cdc:b03e:42cc:4a97] [/home/u991737198/domains/tas2023.online/public_html/index.php:19] Base->run()
Thu, 09 Jan 2025 12:38:07 -0500 [2603:9000:f801:55e2:9cdc:b03e:42cc:4a97] 401: HTTP 401 (GET /task/taskData) trace: [/home/u991737198/domains/tas2023.online/public_html/lib/access.php:112] Base->error()
Thu, 09 Jan 2025 12:38:07 -0500 [2603:9000:f801:55e2:9cdc:b03e:42cc:4a97] [/home/u991737198/domains/tas2023.online/public_html/app/controllers/Controller.php:76] Access->authorize()
Thu, 09 Jan 2025 12:38:07 -0500 [2603:9000:f801:55e2:9cdc:b03e:42cc:4a97] [/home/u991737198/domains/tas2023.online/public_html/lib/base.php:2069] Controller->beforeroute()
Thu, 09 Jan 2025 12:38:07 -0500 [2603:9000:f801:55e2:9cdc:b03e:42cc:4a97] [/home/u991737198/domains/tas2023.online/public_html/lib/base.php:1871] Base->call()
Thu, 09 Jan 2025 12:38:07 -0500 [2603:9000:f801:55e2:9cdc:b03e:42cc:4a97] [/home/u991737198/domains/tas2023.online/public_html/index.php:19] Base->run()
Thu, 09 Jan 2025 14:25:44 -0500 [2603:9000:f801:55e2:9cdc:b03e:42cc:4a97] 500: Undefined variable $i18n trace: [/home/u991737198/domains/tas2023.online/public_html/tmp/3hn69l4qoa804.3tzgu6a6f1gkg.php:5]
Thu, 09 Jan 2025 14:25:44 -0500 [2603:9000:f801:55e2:9cdc:b03e:42cc:4a97] [/home/u991737198/domains/tas2023.online/public_html/tmp/3hn69l4qoa804.3tzgu6a6f1gkg.php:5] Base->{closure}()
Thu, 09 Jan 2025 14:25:44 -0500 [2603:9000:f801:55e2:9cdc:b03e:42cc:4a97] [/home/u991737198/domains/tas2023.online/public_html/lib/base.php:3036] require('/home/u991737198/domains/tas2023.online/public_html/tmp/3hn69l4qoa804.3tzgu6a6f1gkg.php')
Thu, 09 Jan 2025 14:25:44 -0500 [2603:9000:f801:55e2:9cdc:b03e:42cc:4a97] [/home/u991737198/domains/tas2023.online/public_html/lib/base.php:3281] View->sandbox()
Thu, 09 Jan 2025 14:25:44 -0500 [2603:9000:f801:55e2:9cdc:b03e:42cc:4a97] [/home/u991737198/domains/tas2023.online/public_html/tmp/3hn69l4qoa804.3g8shy2588w00.php:246] Preview->render()
Thu, 09 Jan 2025 14:25:44 -0500 [2603:9000:f801:55e2:9cdc:b03e:42cc:4a97] [/home/u991737198/domains/tas2023.online/public_html/lib/base.php:3036] require('/home/u991737198/domains/tas2023.online/public_html/tmp/3hn69l4qoa804.3g8shy2588w00.php')
Thu, 09 Jan 2025 14:25:44 -0500 [2603:9000:f801:55e2:9cdc:b03e:42cc:4a97] [/home/u991737198/domains/tas2023.online/public_html/lib/base.php:3281] View->sandbox()
Thu, 09 Jan 2025 14:25:44 -0500 [2603:9000:f801:55e2:9cdc:b03e:42cc:4a97] [/home/u991737198/domains/tas2023.online/public_html/tmp/3hn69l4qoa804.3h31n1yj254w8.php:7] Preview->render()
Thu, 09 Jan 2025 14:25:44 -0500 [2603:9000:f801:55e2:9cdc:b03e:42cc:4a97] [/home/u991737198/domains/tas2023.online/public_html/lib/base.php:3036] require('/home/u991737198/domains/tas2023.online/public_html/tmp/3hn69l4qoa804.3h31n1yj254w8.php')
Thu, 09 Jan 2025 14:25:44 -0500 [2603:9000:f801:55e2:9cdc:b03e:42cc:4a97] [/home/u991737198/domains/tas2023.online/public_html/lib/base.php:3281] View->sandbox()
Thu, 09 Jan 2025 14:25:44 -0500 [2603:9000:f801:55e2:9cdc:b03e:42cc:4a97] [/home/u991737198/domains/tas2023.online/public_html/app/controllers/Controller.php:85] Preview->render()
Thu, 09 Jan 2025 14:25:44 -0500 [2603:9000:f801:55e2:9cdc:b03e:42cc:4a97] [/home/u991737198/domains/tas2023.online/public_html/lib/base.php:2078] Controller->afterroute()
Thu, 09 Jan 2025 14:25:44 -0500 [2603:9000:f801:55e2:9cdc:b03e:42cc:4a97] [/home/u991737198/domains/tas2023.online/public_html/lib/base.php:1871] Base->call()
Thu, 09 Jan 2025 14:25:44 -0500 [2603:9000:f801:55e2:9cdc:b03e:42cc:4a97] [/home/u991737198/domains/tas2023.online/public_html/index.php:19] Base->run()
Thu, 09 Jan 2025 14:26:12 -0500 [2603:9000:f801:55e2:9cdc:b03e:42cc:4a97] 500: Undefined variable $i18n trace: [/home/u991737198/domains/tas2023.online/public_html/tmp/3hn69l4qoa804.3tzgu6a6f1gkg.php:5]
Thu, 09 Jan 2025 14:26:12 -0500 [2603:9000:f801:55e2:9cdc:b03e:42cc:4a97] [/home/u991737198/domains/tas2023.online/public_html/tmp/3hn69l4qoa804.3tzgu6a6f1gkg.php:5] Base->{closure}()
Thu, 09 Jan 2025 14:26:12 -0500 [2603:9000:f801:55e2:9cdc:b03e:42cc:4a97] [/home/u991737198/domains/tas2023.online/public_html/lib/base.php:3036] require('/home/u991737198/domains/tas2023.online/public_html/tmp/3hn69l4qoa804.3tzgu6a6f1gkg.php')
Thu, 09 Jan 2025 14:26:12 -0500 [2603:9000:f801:55e2:9cdc:b03e:42cc:4a97] [/home/u991737198/domains/tas2023.online/public_html/lib/base.php:3281] View->sandbox()
Thu, 09 Jan 2025 14:26:12 -0500 [2603:9000:f801:55e2:9cdc:b03e:42cc:4a97] [/home/u991737198/domains/tas2023.online/public_html/tmp/3hn69l4qoa804.3g8shy2588w00.php:246] Preview->render()
Thu, 09 Jan 2025 14:26:12 -0500 [2603:9000:f801:55e2:9cdc:b03e:42cc:4a97] [/home/u991737198/domains/tas2023.online/public_html/lib/base.php:3036] require('/home/u991737198/domains/tas2023.online/public_html/tmp/3hn69l4qoa804.3g8shy2588w00.php')
Thu, 09 Jan 2025 14:26:12 -0500 [2603:9000:f801:55e2:9cdc:b03e:42cc:4a97] [/home/u991737198/domains/tas2023.online/public_html/lib/base.php:3281] View->sandbox()
Thu, 09 Jan 2025 14:26:12 -0500 [2603:9000:f801:55e2:9cdc:b03e:42cc:4a97] [/home/u991737198/domains/tas2023.online/public_html/tmp/3hn69l4qoa804.3h31n1yj254w8.php:7] Preview->render()
Thu, 09 Jan 2025 14:26:12 -0500 [2603:9000:f801:55e2:9cdc:b03e:42cc:4a97] [/home/u991737198/domains/tas2023.online/public_html/lib/base.php:3036] require('/home/u991737198/domains/tas2023.online/public_html/tmp/3hn69l4qoa804.3h31n1yj254w8.php')
Thu, 09 Jan 2025 14:26:12 -0500 [2603:9000:f801:55e2:9cdc:b03e:42cc:4a97] [/home/u991737198/domains/tas2023.online/public_html/lib/base.php:3281] View->sandbox()
Thu, 09 Jan 2025 14:26:12 -0500 [2603:9000:f801:55e2:9cdc:b03e:42cc:4a97] [/home/u991737198/domains/tas2023.online/public_html/app/controllers/Controller.php:85] Preview->render()
Thu, 09 Jan 2025 14:26:12 -0500 [2603:9000:f801:55e2:9cdc:b03e:42cc:4a97] [/home/u991737198/domains/tas2023.online/public_html/lib/base.php:2078] Controller->afterroute()
Thu, 09 Jan 2025 14:26:12 -0500 [2603:9000:f801:55e2:9cdc:b03e:42cc:4a97] [/home/u991737198/domains/tas2023.online/public_html/lib/base.php:1871] Base->call()
Thu, 09 Jan 2025 14:26:12 -0500 [2603:9000:f801:55e2:9cdc:b03e:42cc:4a97] [/home/u991737198/domains/tas2023.online/public_html/index.php:19] Base->run()
Thu, 09 Jan 2025 14:26:19 -0500 [2603:9000:f801:55e2:9cdc:b03e:42cc:4a97] 500: Undefined variable $i18n trace: [/home/u991737198/domains/tas2023.online/public_html/tmp/3hn69l4qoa804.3tzgu6a6f1gkg.php:5]
Thu, 09 Jan 2025 14:26:19 -0500 [2603:9000:f801:55e2:9cdc:b03e:42cc:4a97] [/home/u991737198/domains/tas2023.online/public_html/tmp/3hn69l4qoa804.3tzgu6a6f1gkg.php:5] Base->{closure}()
Thu, 09 Jan 2025 14:26:19 -0500 [2603:9000:f801:55e2:9cdc:b03e:42cc:4a97] [/home/u991737198/domains/tas2023.online/public_html/lib/base.php:3036] require('/home/u991737198/domains/tas2023.online/public_html/tmp/3hn69l4qoa804.3tzgu6a6f1gkg.php')
Thu, 09 Jan 2025 14:26:19 -0500 [2603:9000:f801:55e2:9cdc:b03e:42cc:4a97] [/home/u991737198/domains/tas2023.online/public_html/lib/base.php:3281] View->sandbox()
Thu, 09 Jan 2025 14:26:19 -0500 [2603:9000:f801:55e2:9cdc:b03e:42cc:4a97] [/home/u991737198/domains/tas2023.online/public_html/tmp/3hn69l4qoa804.3g8shy2588w00.php:246] Preview->render()
Thu, 09 Jan 2025 14:26:19 -0500 [2603:9000:f801:55e2:9cdc:b03e:42cc:4a97] [/home/u991737198/domains/tas2023.online/public_html/lib/base.php:3036] require('/home/u991737198/domains/tas2023.online/public_html/tmp/3hn69l4qoa804.3g8shy2588w00.php')
Thu, 09 Jan 2025 14:26:19 -0500 [2603:9000:f801:55e2:9cdc:b03e:42cc:4a97] [/home/u991737198/domains/tas2023.online/public_html/lib/base.php:3281] View->sandbox()
Thu, 09 Jan 2025 14:26:19 -0500 [2603:9000:f801:55e2:9cdc:b03e:42cc:4a97] [/home/u991737198/domains/tas2023.online/public_html/tmp/3hn69l4qoa804.3h31n1yj254w8.php:7] Preview->render()
Thu, 09 Jan 2025 14:26:19 -0500 [2603:9000:f801:55e2:9cdc:b03e:42cc:4a97] [/home/u991737198/domains/tas2023.online/public_html/lib/base.php:3036] require('/home/u991737198/domains/tas2023.online/public_html/tmp/3hn69l4qoa804.3h31n1yj254w8.php')
Thu, 09 Jan 2025 14:26:19 -0500 [2603:9000:f801:55e2:9cdc:b03e:42cc:4a97] [/home/u991737198/domains/tas2023.online/public_html/lib/base.php:3281] View->sandbox()
Thu, 09 Jan 2025 14:26:19 -0500 [2603:9000:f801:55e2:9cdc:b03e:42cc:4a97] [/home/u991737198/domains/tas2023.online/public_html/app/controllers/Controller.php:85] Preview->render()
Thu, 09 Jan 2025 14:26:19 -0500 [2603:9000:f801:55e2:9cdc:b03e:42cc:4a97] [/home/u991737198/domains/tas2023.online/public_html/lib/base.php:2078] Controller->afterroute()
Thu, 09 Jan 2025 14:26:19 -0500 [2603:9000:f801:55e2:9cdc:b03e:42cc:4a97] [/home/u991737198/domains/tas2023.online/public_html/lib/base.php:1871] Base->call()
Thu, 09 Jan 2025 14:26:19 -0500 [2603:9000:f801:55e2:9cdc:b03e:42cc:4a97] [/home/u991737198/domains/tas2023.online/public_html/index.php:19] Base->run()
Thu, 09 Jan 2025 14:27:04 -0500 [2603:9000:f801:55e2:9cdc:b03e:42cc:4a97] 500: Undefined variable $i18n trace: [/home/u991737198/domains/tas2023.online/public_html/tmp/3hn69l4qoa804.3tzgu6a6f1gkg.php:5]
Thu, 09 Jan 2025 14:27:04 -0500 [2603:9000:f801:55e2:9cdc:b03e:42cc:4a97] [/home/u991737198/domains/tas2023.online/public_html/tmp/3hn69l4qoa804.3tzgu6a6f1gkg.php:5] Base->{closure}()
Thu, 09 Jan 2025 14:27:04 -0500 [2603:9000:f801:55e2:9cdc:b03e:42cc:4a97] [/home/u991737198/domains/tas2023.online/public_html/lib/base.php:3036] require('/home/u991737198/domains/tas2023.online/public_html/tmp/3hn69l4qoa804.3tzgu6a6f1gkg.php')
Thu, 09 Jan 2025 14:27:04 -0500 [2603:9000:f801:55e2:9cdc:b03e:42cc:4a97] [/home/u991737198/domains/tas2023.online/public_html/lib/base.php:3281] View->sandbox()
Thu, 09 Jan 2025 14:27:04 -0500 [2603:9000:f801:55e2:9cdc:b03e:42cc:4a97] [/home/u991737198/domains/tas2023.online/public_html/tmp/3hn69l4qoa804.3g8shy2588w00.php:246] Preview->render()
Thu, 09 Jan 2025 14:27:04 -0500 [2603:9000:f801:55e2:9cdc:b03e:42cc:4a97] [/home/u991737198/domains/tas2023.online/public_html/lib/base.php:3036] require('/home/u991737198/domains/tas2023.online/public_html/tmp/3hn69l4qoa804.3g8shy2588w00.php')
Thu, 09 Jan 2025 14:27:04 -0500 [2603:9000:f801:55e2:9cdc:b03e:42cc:4a97] [/home/u991737198/domains/tas2023.online/public_html/lib/base.php:3281] View->sandbox()
Thu, 09 Jan 2025 14:27:04 -0500 [2603:9000:f801:55e2:9cdc:b03e:42cc:4a97] [/home/u991737198/domains/tas2023.online/public_html/tmp/3hn69l4qoa804.3h31n1yj254w8.php:7] Preview->render()
Thu, 09 Jan 2025 14:27:04 -0500 [2603:9000:f801:55e2:9cdc:b03e:42cc:4a97] [/home/u991737198/domains/tas2023.online/public_html/lib/base.php:3036] require('/home/u991737198/domains/tas2023.online/public_html/tmp/3hn69l4qoa804.3h31n1yj254w8.php')
Thu, 09 Jan 2025 14:27:04 -0500 [2603:9000:f801:55e2:9cdc:b03e:42cc:4a97] [/home/u991737198/domains/tas2023.online/public_html/lib/base.php:3281] View->sandbox()
Thu, 09 Jan 2025 14:27:04 -0500 [2603:9000:f801:55e2:9cdc:b03e:42cc:4a97] [/home/u991737198/domains/tas2023.online/public_html/app/controllers/Controller.php:85] Preview->render()
Thu, 09 Jan 2025 14:27:04 -0500 [2603:9000:f801:55e2:9cdc:b03e:42cc:4a97] [/home/u991737198/domains/tas2023.online/public_html/lib/base.php:2078] Controller->afterroute()
Thu, 09 Jan 2025 14:27:04 -0500 [2603:9000:f801:55e2:9cdc:b03e:42cc:4a97] [/home/u991737198/domains/tas2023.online/public_html/lib/base.php:1871] Base->call()
Thu, 09 Jan 2025 14:27:04 -0500 [2603:9000:f801:55e2:9cdc:b03e:42cc:4a97] [/home/u991737198/domains/tas2023.online/public_html/index.php:19] Base->run()
Thu, 09 Jan 2025 14:27:59 -0500 [2603:9000:f801:55e2:9cdc:b03e:42cc:4a97] 500: Undefined variable $i18n trace: [/home/u991737198/domains/tas2023.online/public_html/tmp/3hn69l4qoa804.3tzgu6a6f1gkg.php:5]
Thu, 09 Jan 2025 14:27:59 -0500 [2603:9000:f801:55e2:9cdc:b03e:42cc:4a97] [/home/u991737198/domains/tas2023.online/public_html/tmp/3hn69l4qoa804.3tzgu6a6f1gkg.php:5] Base->{closure}()
Thu, 09 Jan 2025 14:27:59 -0500 [2603:9000:f801:55e2:9cdc:b03e:42cc:4a97] [/home/u991737198/domains/tas2023.online/public_html/lib/base.php:3036] require('/home/u991737198/domains/tas2023.online/public_html/tmp/3hn69l4qoa804.3tzgu6a6f1gkg.php')
Thu, 09 Jan 2025 14:27:59 -0500 [2603:9000:f801:55e2:9cdc:b03e:42cc:4a97] [/home/u991737198/domains/tas2023.online/public_html/lib/base.php:3281] View->sandbox()
Thu, 09 Jan 2025 14:27:59 -0500 [2603:9000:f801:55e2:9cdc:b03e:42cc:4a97] [/home/u991737198/domains/tas2023.online/public_html/tmp/3hn69l4qoa804.3g8shy2588w00.php:246] Preview->render()
Thu, 09 Jan 2025 14:27:59 -0500 [2603:9000:f801:55e2:9cdc:b03e:42cc:4a97] [/home/u991737198/domains/tas2023.online/public_html/lib/base.php:3036] require('/home/u991737198/domains/tas2023.online/public_html/tmp/3hn69l4qoa804.3g8shy2588w00.php')
Thu, 09 Jan 2025 14:27:59 -0500 [2603:9000:f801:55e2:9cdc:b03e:42cc:4a97] [/home/u991737198/domains/tas2023.online/public_html/lib/base.php:3281] View->sandbox()
Thu, 09 Jan 2025 14:27:59 -0500 [2603:9000:f801:55e2:9cdc:b03e:42cc:4a97] [/home/u991737198/domains/tas2023.online/public_html/tmp/3hn69l4qoa804.3h31n1yj254w8.php:7] Preview->render()
Thu, 09 Jan 2025 14:27:59 -0500 [2603:9000:f801:55e2:9cdc:b03e:42cc:4a97] [/home/u991737198/domains/tas2023.online/public_html/lib/base.php:3036] require('/home/u991737198/domains/tas2023.online/public_html/tmp/3hn69l4qoa804.3h31n1yj254w8.php')
Thu, 09 Jan 2025 14:27:59 -0500 [2603:9000:f801:55e2:9cdc:b03e:42cc:4a97] [/home/u991737198/domains/tas2023.online/public_html/lib/base.php:3281] View->sandbox()
Thu, 09 Jan 2025 14:27:59 -0500 [2603:9000:f801:55e2:9cdc:b03e:42cc:4a97] [/home/u991737198/domains/tas2023.online/public_html/app/controllers/Controller.php:85] Preview->render()
Thu, 09 Jan 2025 14:27:59 -0500 [2603:9000:f801:55e2:9cdc:b03e:42cc:4a97] [/home/u991737198/domains/tas2023.online/public_html/lib/base.php:2078] Controller->afterroute()
Thu, 09 Jan 2025 14:27:59 -0500 [2603:9000:f801:55e2:9cdc:b03e:42cc:4a97] [/home/u991737198/domains/tas2023.online/public_html/lib/base.php:1871] Base->call()
Thu, 09 Jan 2025 14:27:59 -0500 [2603:9000:f801:55e2:9cdc:b03e:42cc:4a97] [/home/u991737198/domains/tas2023.online/public_html/index.php:19] Base->run()
Thu, 09 Jan 2025 14:32:09 -0500 [2603:9000:f801:55e2:9cdc:b03e:42cc:4a97] 500: Undefined variable $i18n trace: [/home/u991737198/domains/tas2023.online/public_html/tmp/3hn69l4qoa804.3tzgu6a6f1gkg.php:5]
Thu, 09 Jan 2025 14:32:09 -0500 [2603:9000:f801:55e2:9cdc:b03e:42cc:4a97] [/home/u991737198/domains/tas2023.online/public_html/tmp/3hn69l4qoa804.3tzgu6a6f1gkg.php:5] Base->{closure}()
Thu, 09 Jan 2025 14:32:09 -0500 [2603:9000:f801:55e2:9cdc:b03e:42cc:4a97] [/home/u991737198/domains/tas2023.online/public_html/lib/base.php:3036] require('/home/u991737198/domains/tas2023.online/public_html/tmp/3hn69l4qoa804.3tzgu6a6f1gkg.php')
Thu, 09 Jan 2025 14:32:09 -0500 [2603:9000:f801:55e2:9cdc:b03e:42cc:4a97] [/home/u991737198/domains/tas2023.online/public_html/lib/base.php:3281] View->sandbox()
Thu, 09 Jan 2025 14:32:09 -0500 [2603:9000:f801:55e2:9cdc:b03e:42cc:4a97] [/home/u991737198/domains/tas2023.online/public_html/tmp/3hn69l4qoa804.3g8shy2588w00.php:246] Preview->render()
Thu, 09 Jan 2025 14:32:09 -0500 [2603:9000:f801:55e2:9cdc:b03e:42cc:4a97] [/home/u991737198/domains/tas2023.online/public_html/lib/base.php:3036] require('/home/u991737198/domains/tas2023.online/public_html/tmp/3hn69l4qoa804.3g8shy2588w00.php')
Thu, 09 Jan 2025 14:32:09 -0500 [2603:9000:f801:55e2:9cdc:b03e:42cc:4a97] [/home/u991737198/domains/tas2023.online/public_html/lib/base.php:3281] View->sandbox()
Thu, 09 Jan 2025 14:32:09 -0500 [2603:9000:f801:55e2:9cdc:b03e:42cc:4a97] [/home/u991737198/domains/tas2023.online/public_html/tmp/3hn69l4qoa804.3h31n1yj254w8.php:7] Preview->render()
Thu, 09 Jan 2025 14:32:09 -0500 [2603:9000:f801:55e2:9cdc:b03e:42cc:4a97] [/home/u991737198/domains/tas2023.online/public_html/lib/base.php:3036] require('/home/u991737198/domains/tas2023.online/public_html/tmp/3hn69l4qoa804.3h31n1yj254w8.php')
Thu, 09 Jan 2025 14:32:09 -0500 [2603:9000:f801:55e2:9cdc:b03e:42cc:4a97] [/home/u991737198/domains/tas2023.online/public_html/lib/base.php:3281] View->sandbox()
Thu, 09 Jan 2025 14:32:09 -0500 [2603:9000:f801:55e2:9cdc:b03e:42cc:4a97] [/home/u991737198/domains/tas2023.online/public_html/app/controllers/Controller.php:85] Preview->render()
Thu, 09 Jan 2025 14:32:09 -0500 [2603:9000:f801:55e2:9cdc:b03e:42cc:4a97] [/home/u991737198/domains/tas2023.online/public_html/lib/base.php:2078] Controller->afterroute()
Thu, 09 Jan 2025 14:32:09 -0500 [2603:9000:f801:55e2:9cdc:b03e:42cc:4a97] [/home/u991737198/domains/tas2023.online/public_html/lib/base.php:1871] Base->call()
Thu, 09 Jan 2025 14:32:09 -0500 [2603:9000:f801:55e2:9cdc:b03e:42cc:4a97] [/home/u991737198/domains/tas2023.online/public_html/index.php:19] Base->run()
Thu, 09 Jan 2025 14:34:10 -0500 [2603:9000:f801:55e2:9cdc:b03e:42cc:4a97] 500: Undefined variable $i18n trace: [/home/u991737198/domains/tas2023.online/public_html/tmp/3hn69l4qoa804.3tzgu6a6f1gkg.php:5]
Thu, 09 Jan 2025 14:34:10 -0500 [2603:9000:f801:55e2:9cdc:b03e:42cc:4a97] [/home/u991737198/domains/tas2023.online/public_html/tmp/3hn69l4qoa804.3tzgu6a6f1gkg.php:5] Base->{closure}()
Thu, 09 Jan 2025 14:34:10 -0500 [2603:9000:f801:55e2:9cdc:b03e:42cc:4a97] [/home/u991737198/domains/tas2023.online/public_html/lib/base.php:3036] require('/home/u991737198/domains/tas2023.online/public_html/tmp/3hn69l4qoa804.3tzgu6a6f1gkg.php')
Thu, 09 Jan 2025 14:34:10 -0500 [2603:9000:f801:55e2:9cdc:b03e:42cc:4a97] [/home/u991737198/domains/tas2023.online/public_html/lib/base.php:3281] View->sandbox()
Thu, 09 Jan 2025 14:34:10 -0500 [2603:9000:f801:55e2:9cdc:b03e:42cc:4a97] [/home/u991737198/domains/tas2023.online/public_html/tmp/3hn69l4qoa804.3g8shy2588w00.php:246] Preview->render()
Thu, 09 Jan 2025 14:34:10 -0500 [2603:9000:f801:55e2:9cdc:b03e:42cc:4a97] [/home/u991737198/domains/tas2023.online/public_html/lib/base.php:3036] require('/home/u991737198/domains/tas2023.online/public_html/tmp/3hn69l4qoa804.3g8shy2588w00.php')
Thu, 09 Jan 2025 14:34:10 -0500 [2603:9000:f801:55e2:9cdc:b03e:42cc:4a97] [/home/u991737198/domains/tas2023.online/public_html/lib/base.php:3281] View->sandbox()
Thu, 09 Jan 2025 14:34:10 -0500 [2603:9000:f801:55e2:9cdc:b03e:42cc:4a97] [/home/u991737198/domains/tas2023.online/public_html/tmp/3hn69l4qoa804.3h31n1yj254w8.php:7] Preview->render()
Thu, 09 Jan 2025 14:34:10 -0500 [2603:9000:f801:55e2:9cdc:b03e:42cc:4a97] [/home/u991737198/domains/tas2023.online/public_html/lib/base.php:3036] require('/home/u991737198/domains/tas2023.online/public_html/tmp/3hn69l4qoa804.3h31n1yj254w8.php')
Thu, 09 Jan 2025 14:34:10 -0500 [2603:9000:f801:55e2:9cdc:b03e:42cc:4a97] [/home/u991737198/domains/tas2023.online/public_html/lib/base.php:3281] View->sandbox()
Thu, 09 Jan 2025 14:34:10 -0500 [2603:9000:f801:55e2:9cdc:b03e:42cc:4a97] [/home/u991737198/domains/tas2023.online/public_html/app/controllers/Controller.php:85] Preview->render()
Thu, 09 Jan 2025 14:34:10 -0500 [2603:9000:f801:55e2:9cdc:b03e:42cc:4a97] [/home/u991737198/domains/tas2023.online/public_html/lib/base.php:2078] Controller->afterroute()
Thu, 09 Jan 2025 14:34:10 -0500 [2603:9000:f801:55e2:9cdc:b03e:42cc:4a97] [/home/u991737198/domains/tas2023.online/public_html/lib/base.php:1871] Base->call()
Thu, 09 Jan 2025 14:34:10 -0500 [2603:9000:f801:55e2:9cdc:b03e:42cc:4a97] [/home/u991737198/domains/tas2023.online/public_html/index.php:19] Base->run()
Thu, 09 Jan 2025 14:40:09 -0500 [2603:9000:f801:55e2:9cdc:b03e:42cc:4a97] 500: Undefined variable $i18n trace: [/home/u991737198/domains/tas2023.online/public_html/tmp/3hn69l4qoa804.3tzgu6a6f1gkg.php:5]
Thu, 09 Jan 2025 14:40:09 -0500 [2603:9000:f801:55e2:9cdc:b03e:42cc:4a97] [/home/u991737198/domains/tas2023.online/public_html/tmp/3hn69l4qoa804.3tzgu6a6f1gkg.php:5] Base->{closure}()
Thu, 09 Jan 2025 14:40:09 -0500 [2603:9000:f801:55e2:9cdc:b03e:42cc:4a97] [/home/u991737198/domains/tas2023.online/public_html/lib/base.php:3036] require('/home/u991737198/domains/tas2023.online/public_html/tmp/3hn69l4qoa804.3tzgu6a6f1gkg.php')
Thu, 09 Jan 2025 14:40:09 -0500 [2603:9000:f801:55e2:9cdc:b03e:42cc:4a97] [/home/u991737198/domains/tas2023.online/public_html/lib/base.php:3281] View->sandbox()
Thu, 09 Jan 2025 14:40:09 -0500 [2603:9000:f801:55e2:9cdc:b03e:42cc:4a97] [/home/u991737198/domains/tas2023.online/public_html/tmp/3hn69l4qoa804.3g8shy2588w00.php:246] Preview->render()
Thu, 09 Jan 2025 14:40:09 -0500 [2603:9000:f801:55e2:9cdc:b03e:42cc:4a97] [/home/u991737198/domains/tas2023.online/public_html/lib/base.php:3036] require('/home/u991737198/domains/tas2023.online/public_html/tmp/3hn69l4qoa804.3g8shy2588w00.php')
Thu, 09 Jan 2025 14:40:09 -0500 [2603:9000:f801:55e2:9cdc:b03e:42cc:4a97] [/home/u991737198/domains/tas2023.online/public_html/lib/base.php:3281] View->sandbox()
Thu, 09 Jan 2025 14:40:09 -0500 [2603:9000:f801:55e2:9cdc:b03e:42cc:4a97] [/home/u991737198/domains/tas2023.online/public_html/tmp/3hn69l4qoa804.3h31n1yj254w8.php:7] Preview->render()
Thu, 09 Jan 2025 14:40:09 -0500 [2603:9000:f801:55e2:9cdc:b03e:42cc:4a97] [/home/u991737198/domains/tas2023.online/public_html/lib/base.php:3036] require('/home/u991737198/domains/tas2023.online/public_html/tmp/3hn69l4qoa804.3h31n1yj254w8.php')
Thu, 09 Jan 2025 14:40:09 -0500 [2603:9000:f801:55e2:9cdc:b03e:42cc:4a97] [/home/u991737198/domains/tas2023.online/public_html/lib/base.php:3281] View->sandbox()
Thu, 09 Jan 2025 14:40:09 -0500 [2603:9000:f801:55e2:9cdc:b03e:42cc:4a97] [/home/u991737198/domains/tas2023.online/public_html/app/controllers/Controller.php:85] Preview->render()
Thu, 09 Jan 2025 14:40:09 -0500 [2603:9000:f801:55e2:9cdc:b03e:42cc:4a97] [/home/u991737198/domains/tas2023.online/public_html/lib/base.php:2078] Controller->afterroute()
Thu, 09 Jan 2025 14:40:09 -0500 [2603:9000:f801:55e2:9cdc:b03e:42cc:4a97] [/home/u991737198/domains/tas2023.online/public_html/lib/base.php:1871] Base->call()
Thu, 09 Jan 2025 14:40:09 -0500 [2603:9000:f801:55e2:9cdc:b03e:42cc:4a97] [/home/u991737198/domains/tas2023.online/public_html/index.php:19] Base->run()
Thu, 09 Jan 2025 14:52:22 -0500 [2603:9000:f801:55e2:9cdc:b03e:42cc:4a97] 500: Undefined variable $i18n trace: [/home/u991737198/domains/tas2023.online/public_html/tmp/3hn69l4qoa804.3tzgu6a6f1gkg.php:5]
Thu, 09 Jan 2025 14:52:22 -0500 [2603:9000:f801:55e2:9cdc:b03e:42cc:4a97] [/home/u991737198/domains/tas2023.online/public_html/tmp/3hn69l4qoa804.3tzgu6a6f1gkg.php:5] Base->{closure}()
Thu, 09 Jan 2025 14:52:22 -0500 [2603:9000:f801:55e2:9cdc:b03e:42cc:4a97] [/home/u991737198/domains/tas2023.online/public_html/lib/base.php:3036] require('/home/u991737198/domains/tas2023.online/public_html/tmp/3hn69l4qoa804.3tzgu6a6f1gkg.php')
Thu, 09 Jan 2025 14:52:22 -0500 [2603:9000:f801:55e2:9cdc:b03e:42cc:4a97] [/home/u991737198/domains/tas2023.online/public_html/lib/base.php:3281] View->sandbox()
Thu, 09 Jan 2025 14:52:22 -0500 [2603:9000:f801:55e2:9cdc:b03e:42cc:4a97] [/home/u991737198/domains/tas2023.online/public_html/tmp/3hn69l4qoa804.3g8shy2588w00.php:246] Preview->render()
Thu, 09 Jan 2025 14:52:22 -0500 [2603:9000:f801:55e2:9cdc:b03e:42cc:4a97] [/home/u991737198/domains/tas2023.online/public_html/lib/base.php:3036] require('/home/u991737198/domains/tas2023.online/public_html/tmp/3hn69l4qoa804.3g8shy2588w00.php')
Thu, 09 Jan 2025 14:52:22 -0500 [2603:9000:f801:55e2:9cdc:b03e:42cc:4a97] [/home/u991737198/domains/tas2023.online/public_html/lib/base.php:3281] View->sandbox()
Thu, 09 Jan 2025 14:52:22 -0500 [2603:9000:f801:55e2:9cdc:b03e:42cc:4a97] [/home/u991737198/domains/tas2023.online/public_html/tmp/3hn69l4qoa804.3h31n1yj254w8.php:7] Preview->render()
Thu, 09 Jan 2025 14:52:22 -0500 [2603:9000:f801:55e2:9cdc:b03e:42cc:4a97] [/home/u991737198/domains/tas2023.online/public_html/lib/base.php:3036] require('/home/u991737198/domains/tas2023.online/public_html/tmp/3hn69l4qoa804.3h31n1yj254w8.php')
Thu, 09 Jan 2025 14:52:22 -0500 [2603:9000:f801:55e2:9cdc:b03e:42cc:4a97] [/home/u991737198/domains/tas2023.online/public_html/lib/base.php:3281] View->sandbox()
Thu, 09 Jan 2025 14:52:22 -0500 [2603:9000:f801:55e2:9cdc:b03e:42cc:4a97] [/home/u991737198/domains/tas2023.online/public_html/app/controllers/Controller.php:85] Preview->render()
Thu, 09 Jan 2025 14:52:22 -0500 [2603:9000:f801:55e2:9cdc:b03e:42cc:4a97] [/home/u991737198/domains/tas2023.online/public_html/lib/base.php:2078] Controller->afterroute()
Thu, 09 Jan 2025 14:52:22 -0500 [2603:9000:f801:55e2:9cdc:b03e:42cc:4a97] [/home/u991737198/domains/tas2023.online/public_html/lib/base.php:1871] Base->call()
Thu, 09 Jan 2025 14:52:22 -0500 [2603:9000:f801:55e2:9cdc:b03e:42cc:4a97] [/home/u991737198/domains/tas2023.online/public_html/index.php:19] Base->run()
Thu, 09 Jan 2025 14:59:46 -0500 [2603:9000:f801:55e2:9cdc:b03e:42cc:4a97] 401: HTTP 401 (GET /task/listtasks) trace: [/home/u991737198/domains/tas2023.online/public_html/lib/access.php:112] Base->error()
Thu, 09 Jan 2025 14:59:46 -0500 [2603:9000:f801:55e2:9cdc:b03e:42cc:4a97] [/home/u991737198/domains/tas2023.online/public_html/app/controllers/Controller.php:76] Access->authorize()
Thu, 09 Jan 2025 14:59:46 -0500 [2603:9000:f801:55e2:9cdc:b03e:42cc:4a97] [/home/u991737198/domains/tas2023.online/public_html/lib/base.php:2069] Controller->beforeroute()
Thu, 09 Jan 2025 14:59:46 -0500 [2603:9000:f801:55e2:9cdc:b03e:42cc:4a97] [/home/u991737198/domains/tas2023.online/public_html/lib/base.php:1871] Base->call()
Thu, 09 Jan 2025 14:59:46 -0500 [2603:9000:f801:55e2:9cdc:b03e:42cc:4a97] [/home/u991737198/domains/tas2023.online/public_html/index.php:19] Base->run()
Thu, 09 Jan 2025 15:00:08 -0500 [2603:9000:f801:55e2:9cdc:b03e:42cc:4a97] 500: Undefined variable $selected_note trace: [/home/u991737198/domains/tas2023.online/public_html/tmp/3hn69l4qoa804.3g8shy2588w00.php:307]
Thu, 09 Jan 2025 15:00:08 -0500 [2603:9000:f801:55e2:9cdc:b03e:42cc:4a97] [/home/u991737198/domains/tas2023.online/public_html/tmp/3hn69l4qoa804.3g8shy2588w00.php:307] Base->{closure}()
Thu, 09 Jan 2025 15:00:08 -0500 [2603:9000:f801:55e2:9cdc:b03e:42cc:4a97] [/home/u991737198/domains/tas2023.online/public_html/lib/base.php:3036] require('/home/u991737198/domains/tas2023.online/public_html/tmp/3hn69l4qoa804.3g8shy2588w00.php')
Thu, 09 Jan 2025 15:00:08 -0500 [2603:9000:f801:55e2:9cdc:b03e:42cc:4a97] [/home/u991737198/domains/tas2023.online/public_html/lib/base.php:3281] View->sandbox()
Thu, 09 Jan 2025 15:00:08 -0500 [2603:9000:f801:55e2:9cdc:b03e:42cc:4a97] [/home/u991737198/domains/tas2023.online/public_html/tmp/3hn69l4qoa804.3h31n1yj254w8.php:7] Preview->render()
Thu, 09 Jan 2025 15:00:08 -0500 [2603:9000:f801:55e2:9cdc:b03e:42cc:4a97] [/home/u991737198/domains/tas2023.online/public_html/lib/base.php:3036] require('/home/u991737198/domains/tas2023.online/public_html/tmp/3hn69l4qoa804.3h31n1yj254w8.php')
Thu, 09 Jan 2025 15:00:08 -0500 [2603:9000:f801:55e2:9cdc:b03e:42cc:4a97] [/home/u991737198/domains/tas2023.online/public_html/lib/base.php:3281] View->sandbox()
Thu, 09 Jan 2025 15:00:08 -0500 [2603:9000:f801:55e2:9cdc:b03e:42cc:4a97] [/home/u991737198/domains/tas2023.online/public_html/app/controllers/Controller.php:85] Preview->render()
Thu, 09 Jan 2025 15:00:08 -0500 [2603:9000:f801:55e2:9cdc:b03e:42cc:4a97] [/home/u991737198/domains/tas2023.online/public_html/lib/base.php:2078] Controller->afterroute()
Thu, 09 Jan 2025 15:00:08 -0500 [2603:9000:f801:55e2:9cdc:b03e:42cc:4a97] [/home/u991737198/domains/tas2023.online/public_html/lib/base.php:1871] Base->call()
Thu, 09 Jan 2025 15:00:08 -0500 [2603:9000:f801:55e2:9cdc:b03e:42cc:4a97] [/home/u991737198/domains/tas2023.online/public_html/index.php:19] Base->run()
Thu, 09 Jan 2025 15:06:59 -0500 [2603:9000:f801:55e2:9cdc:b03e:42cc:4a97] 500: include(/modal/delete.htm): Failed to open stream: No such file or directory trace: [/home/u991737198/domains/tas2023.online/public_html/tmp/3hn69l4qoa804.3g8shy2588w00.php:246]
Thu, 09 Jan 2025 15:06:59 -0500 [2603:9000:f801:55e2:9cdc:b03e:42cc:4a97] [/home/u991737198/domains/tas2023.online/public_html/tmp/3hn69l4qoa804.3g8shy2588w00.php:246] Base->{closure}()
Thu, 09 Jan 2025 15:06:59 -0500 [2603:9000:f801:55e2:9cdc:b03e:42cc:4a97] [/home/u991737198/domains/tas2023.online/public_html/tmp/3hn69l4qoa804.3g8shy2588w00.php:246] include('/home/u991737198/domains/tas2023.online/public_html/lib/base.php')
Thu, 09 Jan 2025 15:06:59 -0500 [2603:9000:f801:55e2:9cdc:b03e:42cc:4a97] [/home/u991737198/domains/tas2023.online/public_html/lib/base.php:3036] require('/home/u991737198/domains/tas2023.online/public_html/tmp/3hn69l4qoa804.3g8shy2588w00.php')
Thu, 09 Jan 2025 15:06:59 -0500 [2603:9000:f801:55e2:9cdc:b03e:42cc:4a97] [/home/u991737198/domains/tas2023.online/public_html/lib/base.php:3281] View->sandbox()
Thu, 09 Jan 2025 15:06:59 -0500 [2603:9000:f801:55e2:9cdc:b03e:42cc:4a97] [/home/u991737198/domains/tas2023.online/public_html/tmp/3hn69l4qoa804.3h31n1yj254w8.php:7] Preview->render()
Thu, 09 Jan 2025 15:06:59 -0500 [2603:9000:f801:55e2:9cdc:b03e:42cc:4a97] [/home/u991737198/domains/tas2023.online/public_html/lib/base.php:3036] require('/home/u991737198/domains/tas2023.online/public_html/tmp/3hn69l4qoa804.3h31n1yj254w8.php')
Thu, 09 Jan 2025 15:06:59 -0500 [2603:9000:f801:55e2:9cdc:b03e:42cc:4a97] [/home/u991737198/domains/tas2023.online/public_html/lib/base.php:3281] View->sandbox()
Thu, 09 Jan 2025 15:06:59 -0500 [2603:9000:f801:55e2:9cdc:b03e:42cc:4a97] [/home/u991737198/domains/tas2023.online/public_html/app/controllers/Controller.php:85] Preview->render()
Thu, 09 Jan 2025 15:06:59 -0500 [2603:9000:f801:55e2:9cdc:b03e:42cc:4a97] [/home/u991737198/domains/tas2023.online/public_html/lib/base.php:2078] Controller->afterroute()
Thu, 09 Jan 2025 15:06:59 -0500 [2603:9000:f801:55e2:9cdc:b03e:42cc:4a97] [/home/u991737198/domains/tas2023.online/public_html/lib/base.php:1871] Base->call()
Thu, 09 Jan 2025 15:06:59 -0500 [2603:9000:f801:55e2:9cdc:b03e:42cc:4a97] [/home/u991737198/domains/tas2023.online/public_html/index.php:19] Base->run()
Thu, 09 Jan 2025 15:12:52 -0500 [2603:9000:f801:55e2:9cdc:b03e:42cc:4a97] 500: include(/views/modal/delete.htm): Failed to open stream: No such file or directory trace: [/home/u991737198/domains/tas2023.online/public_html/tmp/3hn69l4qoa804.3g8shy2588w00.php:246]
Thu, 09 Jan 2025 15:12:52 -0500 [2603:9000:f801:55e2:9cdc:b03e:42cc:4a97] [/home/u991737198/domains/tas2023.online/public_html/tmp/3hn69l4qoa804.3g8shy2588w00.php:246] Base->{closure}()
Thu, 09 Jan 2025 15:12:52 -0500 [2603:9000:f801:55e2:9cdc:b03e:42cc:4a97] [/home/u991737198/domains/tas2023.online/public_html/tmp/3hn69l4qoa804.3g8shy2588w00.php:246] include('/home/u991737198/domains/tas2023.online/public_html/lib/base.php')
Thu, 09 Jan 2025 15:12:52 -0500 [2603:9000:f801:55e2:9cdc:b03e:42cc:4a97] [/home/u991737198/domains/tas2023.online/public_html/lib/base.php:3036] require('/home/u991737198/domains/tas2023.online/public_html/tmp/3hn69l4qoa804.3g8shy2588w00.php')
Thu, 09 Jan 2025 15:12:52 -0500 [2603:9000:f801:55e2:9cdc:b03e:42cc:4a97] [/home/u991737198/domains/tas2023.online/public_html/lib/base.php:3281] View->sandbox()
Thu, 09 Jan 2025 15:12:52 -0500 [2603:9000:f801:55e2:9cdc:b03e:42cc:4a97] [/home/u991737198/domains/tas2023.online/public_html/tmp/3hn69l4qoa804.3h31n1yj254w8.php:7] Preview->render()
Thu, 09 Jan 2025 15:12:52 -0500 [2603:9000:f801:55e2:9cdc:b03e:42cc:4a97] [/home/u991737198/domains/tas2023.online/public_html/lib/base.php:3036] require('/home/u991737198/domains/tas2023.online/public_html/tmp/3hn69l4qoa804.3h31n1yj254w8.php')
Thu, 09 Jan 2025 15:12:52 -0500 [2603:9000:f801:55e2:9cdc:b03e:42cc:4a97] [/home/u991737198/domains/tas2023.online/public_html/lib/base.php:3281] View->sandbox()
Thu, 09 Jan 2025 15:12:52 -0500 [2603:9000:f801:55e2:9cdc:b03e:42cc:4a97] [/home/u991737198/domains/tas2023.online/public_html/app/controllers/Controller.php:85] Preview->render()
Thu, 09 Jan 2025 15:12:52 -0500 [2603:9000:f801:55e2:9cdc:b03e:42cc:4a97] [/home/u991737198/domains/tas2023.online/public_html/lib/base.php:2078] Controller->afterroute()
Thu, 09 Jan 2025 15:12:52 -0500 [2603:9000:f801:55e2:9cdc:b03e:42cc:4a97] [/home/u991737198/domains/tas2023.online/public_html/lib/base.php:1871] Base->call()
Thu, 09 Jan 2025 15:12:52 -0500 [2603:9000:f801:55e2:9cdc:b03e:42cc:4a97] [/home/u991737198/domains/tas2023.online/public_html/index.php:19] Base->run()
Thu, 09 Jan 2025 15:13:18 -0500 [2603:9000:f801:55e2:9cdc:b03e:42cc:4a97] 500: include(views/modal/delete.htm): Failed to open stream: No such file or directory trace: [/home/u991737198/domains/tas2023.online/public_html/tmp/3hn69l4qoa804.3g8shy2588w00.php:246]
Thu, 09 Jan 2025 15:13:18 -0500 [2603:9000:f801:55e2:9cdc:b03e:42cc:4a97] [/home/u991737198/domains/tas2023.online/public_html/tmp/3hn69l4qoa804.3g8shy2588w00.php:246] Base->{closure}()
Thu, 09 Jan 2025 15:13:18 -0500 [2603:9000:f801:55e2:9cdc:b03e:42cc:4a97] [/home/u991737198/domains/tas2023.online/public_html/tmp/3hn69l4qoa804.3g8shy2588w00.php:246] include('/home/u991737198/domains/tas2023.online/public_html/lib/base.php')
Thu, 09 Jan 2025 15:13:18 -0500 [2603:9000:f801:55e2:9cdc:b03e:42cc:4a97] [/home/u991737198/domains/tas2023.online/public_html/lib/base.php:3036] require('/home/u991737198/domains/tas2023.online/public_html/tmp/3hn69l4qoa804.3g8shy2588w00.php')
Thu, 09 Jan 2025 15:13:18 -0500 [2603:9000:f801:55e2:9cdc:b03e:42cc:4a97] [/home/u991737198/domains/tas2023.online/public_html/lib/base.php:3281] View->sandbox()
Thu, 09 Jan 2025 15:13:18 -0500 [2603:9000:f801:55e2:9cdc:b03e:42cc:4a97] [/home/u991737198/domains/tas2023.online/public_html/tmp/3hn69l4qoa804.3h31n1yj254w8.php:7] Preview->render()
Thu, 09 Jan 2025 15:13:18 -0500 [2603:9000:f801:55e2:9cdc:b03e:42cc:4a97] [/home/u991737198/domains/tas2023.online/public_html/lib/base.php:3036] require('/home/u991737198/domains/tas2023.online/public_html/tmp/3hn69l4qoa804.3h31n1yj254w8.php')
Thu, 09 Jan 2025 15:13:18 -0500 [2603:9000:f801:55e2:9cdc:b03e:42cc:4a97] [/home/u991737198/domains/tas2023.online/public_html/lib/base.php:3281] View->sandbox()
Thu, 09 Jan 2025 15:13:18 -0500 [2603:9000:f801:55e2:9cdc:b03e:42cc:4a97] [/home/u991737198/domains/tas2023.online/public_html/app/controllers/Controller.php:85] Preview->render()
Thu, 09 Jan 2025 15:13:18 -0500 [2603:9000:f801:55e2:9cdc:b03e:42cc:4a97] [/home/u991737198/domains/tas2023.online/public_html/lib/base.php:2078] Controller->afterroute()
Thu, 09 Jan 2025 15:13:18 -0500 [2603:9000:f801:55e2:9cdc:b03e:42cc:4a97] [/home/u991737198/domains/tas2023.online/public_html/lib/base.php:1871] Base->call()
Thu, 09 Jan 2025 15:13:18 -0500 [2603:9000:f801:55e2:9cdc:b03e:42cc:4a97] [/home/u991737198/domains/tas2023.online/public_html/index.php:19] Base->run()
Thu, 09 Jan 2025 15:13:32 -0500 [2603:9000:f801:55e2:9cdc:b03e:42cc:4a97] 500: include(modal/delete.htm): Failed to open stream: No such file or directory trace: [/home/u991737198/domains/tas2023.online/public_html/tmp/3hn69l4qoa804.3g8shy2588w00.php:246]
Thu, 09 Jan 2025 15:13:32 -0500 [2603:9000:f801:55e2:9cdc:b03e:42cc:4a97] [/home/u991737198/domains/tas2023.online/public_html/tmp/3hn69l4qoa804.3g8shy2588w00.php:246] Base->{closure}()
Thu, 09 Jan 2025 15:13:32 -0500 [2603:9000:f801:55e2:9cdc:b03e:42cc:4a97] [/home/u991737198/domains/tas2023.online/public_html/tmp/3hn69l4qoa804.3g8shy2588w00.php:246] include('/home/u991737198/domains/tas2023.online/public_html/lib/base.php')
Thu, 09 Jan 2025 15:13:32 -0500 [2603:9000:f801:55e2:9cdc:b03e:42cc:4a97] [/home/u991737198/domains/tas2023.online/public_html/lib/base.php:3036] require('/home/u991737198/domains/tas2023.online/public_html/tmp/3hn69l4qoa804.3g8shy2588w00.php')
Thu, 09 Jan 2025 15:13:32 -0500 [2603:9000:f801:55e2:9cdc:b03e:42cc:4a97] [/home/u991737198/domains/tas2023.online/public_html/lib/base.php:3281] View->sandbox()
Thu, 09 Jan 2025 15:13:32 -0500 [2603:9000:f801:55e2:9cdc:b03e:42cc:4a97] [/home/u991737198/domains/tas2023.online/public_html/tmp/3hn69l4qoa804.3h31n1yj254w8.php:7] Preview->render()
Thu, 09 Jan 2025 15:13:32 -0500 [2603:9000:f801:55e2:9cdc:b03e:42cc:4a97] [/home/u991737198/domains/tas2023.online/public_html/lib/base.php:3036] require('/home/u991737198/domains/tas2023.online/public_html/tmp/3hn69l4qoa804.3h31n1yj254w8.php')
Thu, 09 Jan 2025 15:13:32 -0500 [2603:9000:f801:55e2:9cdc:b03e:42cc:4a97] [/home/u991737198/domains/tas2023.online/public_html/lib/base.php:3281] View->sandbox()
Thu, 09 Jan 2025 15:13:32 -0500 [2603:9000:f801:55e2:9cdc:b03e:42cc:4a97] [/home/u991737198/domains/tas2023.online/public_html/app/controllers/Controller.php:85] Preview->render()
Thu, 09 Jan 2025 15:13:32 -0500 [2603:9000:f801:55e2:9cdc:b03e:42cc:4a97] [/home/u991737198/domains/tas2023.online/public_html/lib/base.php:2078] Controller->afterroute()
Thu, 09 Jan 2025 15:13:32 -0500 [2603:9000:f801:55e2:9cdc:b03e:42cc:4a97] [/home/u991737198/domains/tas2023.online/public_html/lib/base.php:1871] Base->call()
Thu, 09 Jan 2025 15:13:32 -0500 [2603:9000:f801:55e2:9cdc:b03e:42cc:4a97] [/home/u991737198/domains/tas2023.online/public_html/index.php:19] Base->run()
Thu, 09 Jan 2025 15:14:05 -0500 [2603:9000:f801:55e2:9cdc:b03e:42cc:4a97] 500: include(modal/delete.htm): Failed to open stream: No such file or directory trace: [/home/u991737198/domains/tas2023.online/public_html/tmp/3hn69l4qoa804.3g8shy2588w00.php:246]
Thu, 09 Jan 2025 15:14:05 -0500 [2603:9000:f801:55e2:9cdc:b03e:42cc:4a97] [/home/u991737198/domains/tas2023.online/public_html/tmp/3hn69l4qoa804.3g8shy2588w00.php:246] Base->{closure}()
Thu, 09 Jan 2025 15:14:05 -0500 [2603:9000:f801:55e2:9cdc:b03e:42cc:4a97] [/home/u991737198/domains/tas2023.online/public_html/tmp/3hn69l4qoa804.3g8shy2588w00.php:246] include('/home/u991737198/domains/tas2023.online/public_html/lib/base.php')
Thu, 09 Jan 2025 15:14:05 -0500 [2603:9000:f801:55e2:9cdc:b03e:42cc:4a97] [/home/u991737198/domains/tas2023.online/public_html/lib/base.php:3036] require('/home/u991737198/domains/tas2023.online/public_html/tmp/3hn69l4qoa804.3g8shy2588w00.php')
Thu, 09 Jan 2025 15:14:05 -0500 [2603:9000:f801:55e2:9cdc:b03e:42cc:4a97] [/home/u991737198/domains/tas2023.online/public_html/lib/base.php:3281] View->sandbox()
Thu, 09 Jan 2025 15:14:05 -0500 [2603:9000:f801:55e2:9cdc:b03e:42cc:4a97] [/home/u991737198/domains/tas2023.online/public_html/tmp/3hn69l4qoa804.3h31n1yj254w8.php:7] Preview->render()
Thu, 09 Jan 2025 15:14:05 -0500 [2603:9000:f801:55e2:9cdc:b03e:42cc:4a97] [/home/u991737198/domains/tas2023.online/public_html/lib/base.php:3036] require('/home/u991737198/domains/tas2023.online/public_html/tmp/3hn69l4qoa804.3h31n1yj254w8.php')
Thu, 09 Jan 2025 15:14:05 -0500 [2603:9000:f801:55e2:9cdc:b03e:42cc:4a97] [/home/u991737198/domains/tas2023.online/public_html/lib/base.php:3281] View->sandbox()
Thu, 09 Jan 2025 15:14:05 -0500 [2603:9000:f801:55e2:9cdc:b03e:42cc:4a97] [/home/u991737198/domains/tas2023.online/public_html/app/controllers/Controller.php:85] Preview->render()
Thu, 09 Jan 2025 15:14:05 -0500 [2603:9000:f801:55e2:9cdc:b03e:42cc:4a97] [/home/u991737198/domains/tas2023.online/public_html/lib/base.php:2078] Controller->afterroute()
Thu, 09 Jan 2025 15:14:05 -0500 [2603:9000:f801:55e2:9cdc:b03e:42cc:4a97] [/home/u991737198/domains/tas2023.online/public_html/lib/base.php:1871] Base->call()
Thu, 09 Jan 2025 15:14:05 -0500 [2603:9000:f801:55e2:9cdc:b03e:42cc:4a97] [/home/u991737198/domains/tas2023.online/public_html/index.php:19] Base->run()
Thu, 09 Jan 2025 15:14:17 -0500 [2603:9000:f801:55e2:9cdc:b03e:42cc:4a97] 500: include(modal/delete.htm): Failed to open stream: No such file or directory trace: [/home/u991737198/domains/tas2023.online/public_html/tmp/3hn69l4qoa804.3g8shy2588w00.php:246]
Thu, 09 Jan 2025 15:14:17 -0500 [2603:9000:f801:55e2:9cdc:b03e:42cc:4a97] [/home/u991737198/domains/tas2023.online/public_html/tmp/3hn69l4qoa804.3g8shy2588w00.php:246] Base->{closure}()
Thu, 09 Jan 2025 15:14:17 -0500 [2603:9000:f801:55e2:9cdc:b03e:42cc:4a97] [/home/u991737198/domains/tas2023.online/public_html/tmp/3hn69l4qoa804.3g8shy2588w00.php:246] include('/home/u991737198/domains/tas2023.online/public_html/lib/base.php')
Thu, 09 Jan 2025 15:14:17 -0500 [2603:9000:f801:55e2:9cdc:b03e:42cc:4a97] [/home/u991737198/domains/tas2023.online/public_html/lib/base.php:3036] require('/home/u991737198/domains/tas2023.online/public_html/tmp/3hn69l4qoa804.3g8shy2588w00.php')
Thu, 09 Jan 2025 15:14:17 -0500 [2603:9000:f801:55e2:9cdc:b03e:42cc:4a97] [/home/u991737198/domains/tas2023.online/public_html/lib/base.php:3281] View->sandbox()
Thu, 09 Jan 2025 15:14:17 -0500 [2603:9000:f801:55e2:9cdc:b03e:42cc:4a97] [/home/u991737198/domains/tas2023.online/public_html/tmp/3hn69l4qoa804.3h31n1yj254w8.php:7] Preview->render()
Thu, 09 Jan 2025 15:14:17 -0500 [2603:9000:f801:55e2:9cdc:b03e:42cc:4a97] [/home/u991737198/domains/tas2023.online/public_html/lib/base.php:3036] require('/home/u991737198/domains/tas2023.online/public_html/tmp/3hn69l4qoa804.3h31n1yj254w8.php')
Thu, 09 Jan 2025 15:14:17 -0500 [2603:9000:f801:55e2:9cdc:b03e:42cc:4a97] [/home/u991737198/domains/tas2023.online/public_html/lib/base.php:3281] View->sandbox()
Thu, 09 Jan 2025 15:14:17 -0500 [2603:9000:f801:55e2:9cdc:b03e:42cc:4a97] [/home/u991737198/domains/tas2023.online/public_html/app/controllers/Controller.php:85] Preview->render()
Thu, 09 Jan 2025 15:14:17 -0500 [2603:9000:f801:55e2:9cdc:b03e:42cc:4a97] [/home/u991737198/domains/tas2023.online/public_html/lib/base.php:2078] Controller->afterroute()
Thu, 09 Jan 2025 15:14:17 -0500 [2603:9000:f801:55e2:9cdc:b03e:42cc:4a97] [/home/u991737198/domains/tas2023.online/public_html/lib/base.php:1871] Base->call()
Thu, 09 Jan 2025 15:14:17 -0500 [2603:9000:f801:55e2:9cdc:b03e:42cc:4a97] [/home/u991737198/domains/tas2023.online/public_html/index.php:19] Base->run()
Thu, 09 Jan 2025 15:15:18 -0500 [2603:9000:f801:55e2:9cdc:b03e:42cc:4a97] 500: Undefined variable $selected_note trace: [/home/u991737198/domains/tas2023.online/public_html/tmp/3hn69l4qoa804.3g8shy2588w00.php:308]
Thu, 09 Jan 2025 15:15:18 -0500 [2603:9000:f801:55e2:9cdc:b03e:42cc:4a97] [/home/u991737198/domains/tas2023.online/public_html/tmp/3hn69l4qoa804.3g8shy2588w00.php:308] Base->{closure}()
Thu, 09 Jan 2025 15:15:18 -0500 [2603:9000:f801:55e2:9cdc:b03e:42cc:4a97] [/home/u991737198/domains/tas2023.online/public_html/lib/base.php:3036] require('/home/u991737198/domains/tas2023.online/public_html/tmp/3hn69l4qoa804.3g8shy2588w00.php')
Thu, 09 Jan 2025 15:15:18 -0500 [2603:9000:f801:55e2:9cdc:b03e:42cc:4a97] [/home/u991737198/domains/tas2023.online/public_html/lib/base.php:3281] View->sandbox()
Thu, 09 Jan 2025 15:15:18 -0500 [2603:9000:f801:55e2:9cdc:b03e:42cc:4a97] [/home/u991737198/domains/tas2023.online/public_html/tmp/3hn69l4qoa804.3h31n1yj254w8.php:7] Preview->render()
Thu, 09 Jan 2025 15:15:18 -0500 [2603:9000:f801:55e2:9cdc:b03e:42cc:4a97] [/home/u991737198/domains/tas2023.online/public_html/lib/base.php:3036] require('/home/u991737198/domains/tas2023.online/public_html/tmp/3hn69l4qoa804.3h31n1yj254w8.php')
Thu, 09 Jan 2025 15:15:18 -0500 [2603:9000:f801:55e2:9cdc:b03e:42cc:4a97] [/home/u991737198/domains/tas2023.online/public_html/lib/base.php:3281] View->sandbox()
Thu, 09 Jan 2025 15:15:18 -0500 [2603:9000:f801:55e2:9cdc:b03e:42cc:4a97] [/home/u991737198/domains/tas2023.online/public_html/app/controllers/Controller.php:85] Preview->render()
Thu, 09 Jan 2025 15:15:18 -0500 [2603:9000:f801:55e2:9cdc:b03e:42cc:4a97] [/home/u991737198/domains/tas2023.online/public_html/lib/base.php:2078] Controller->afterroute()
Thu, 09 Jan 2025 15:15:18 -0500 [2603:9000:f801:55e2:9cdc:b03e:42cc:4a97] [/home/u991737198/domains/tas2023.online/public_html/lib/base.php:1871] Base->call()
Thu, 09 Jan 2025 15:15:18 -0500 [2603:9000:f801:55e2:9cdc:b03e:42cc:4a97] [/home/u991737198/domains/tas2023.online/public_html/index.php:19] Base->run()
Thu, 09 Jan 2025 15:15:54 -0500 [2603:9000:f801:55e2:9cdc:b03e:42cc:4a97] 500: include(modal/delete.htm): Failed to open stream: No such file or directory trace: [/home/u991737198/domains/tas2023.online/public_html/tmp/3hn69l4qoa804.3g8shy2588w00.php:246]
Thu, 09 Jan 2025 15:15:54 -0500 [2603:9000:f801:55e2:9cdc:b03e:42cc:4a97] [/home/u991737198/domains/tas2023.online/public_html/tmp/3hn69l4qoa804.3g8shy2588w00.php:246] Base->{closure}()
Thu, 09 Jan 2025 15:15:54 -0500 [2603:9000:f801:55e2:9cdc:b03e:42cc:4a97] [/home/u991737198/domains/tas2023.online/public_html/tmp/3hn69l4qoa804.3g8shy2588w00.php:246] include('/home/u991737198/domains/tas2023.online/public_html/lib/base.php')
Thu, 09 Jan 2025 15:15:54 -0500 [2603:9000:f801:55e2:9cdc:b03e:42cc:4a97] [/home/u991737198/domains/tas2023.online/public_html/lib/base.php:3036] require('/home/u991737198/domains/tas2023.online/public_html/tmp/3hn69l4qoa804.3g8shy2588w00.php')
Thu, 09 Jan 2025 15:15:54 -0500 [2603:9000:f801:55e2:9cdc:b03e:42cc:4a97] [/home/u991737198/domains/tas2023.online/public_html/lib/base.php:3281] View->sandbox()
Thu, 09 Jan 2025 15:15:54 -0500 [2603:9000:f801:55e2:9cdc:b03e:42cc:4a97] [/home/u991737198/domains/tas2023.online/public_html/tmp/3hn69l4qoa804.3h31n1yj254w8.php:7] Preview->render()
Thu, 09 Jan 2025 15:15:54 -0500 [2603:9000:f801:55e2:9cdc:b03e:42cc:4a97] [/home/u991737198/domains/tas2023.online/public_html/lib/base.php:3036] require('/home/u991737198/domains/tas2023.online/public_html/tmp/3hn69l4qoa804.3h31n1yj254w8.php')
Thu, 09 Jan 2025 15:15:54 -0500 [2603:9000:f801:55e2:9cdc:b03e:42cc:4a97] [/home/u991737198/domains/tas2023.online/public_html/lib/base.php:3281] View->sandbox()
Thu, 09 Jan 2025 15:15:54 -0500 [2603:9000:f801:55e2:9cdc:b03e:42cc:4a97] [/home/u991737198/domains/tas2023.online/public_html/app/controllers/Controller.php:85] Preview->render()
Thu, 09 Jan 2025 15:15:54 -0500 [2603:9000:f801:55e2:9cdc:b03e:42cc:4a97] [/home/u991737198/domains/tas2023.online/public_html/lib/base.php:2078] Controller->afterroute()
Thu, 09 Jan 2025 15:15:54 -0500 [2603:9000:f801:55e2:9cdc:b03e:42cc:4a97] [/home/u991737198/domains/tas2023.online/public_html/lib/base.php:1871] Base->call()
Thu, 09 Jan 2025 15:15:54 -0500 [2603:9000:f801:55e2:9cdc:b03e:42cc:4a97] [/home/u991737198/domains/tas2023.online/public_html/index.php:19] Base->run()
Thu, 09 Jan 2025 15:16:07 -0500 [2603:9000:f801:55e2:9cdc:b03e:42cc:4a97] 500: include(/modal/delete.htm): Failed to open stream: No such file or directory trace: [/home/u991737198/domains/tas2023.online/public_html/tmp/3hn69l4qoa804.3g8shy2588w00.php:246]
Thu, 09 Jan 2025 15:16:07 -0500 [2603:9000:f801:55e2:9cdc:b03e:42cc:4a97] [/home/u991737198/domains/tas2023.online/public_html/tmp/3hn69l4qoa804.3g8shy2588w00.php:246] Base->{closure}()
Thu, 09 Jan 2025 15:16:07 -0500 [2603:9000:f801:55e2:9cdc:b03e:42cc:4a97] [/home/u991737198/domains/tas2023.online/public_html/tmp/3hn69l4qoa804.3g8shy2588w00.php:246] include('/home/u991737198/domains/tas2023.online/public_html/lib/base.php')
Thu, 09 Jan 2025 15:16:07 -0500 [2603:9000:f801:55e2:9cdc:b03e:42cc:4a97] [/home/u991737198/domains/tas2023.online/public_html/lib/base.php:3036] require('/home/u991737198/domains/tas2023.online/public_html/tmp/3hn69l4qoa804.3g8shy2588w00.php')
Thu, 09 Jan 2025 15:16:07 -0500 [2603:9000:f801:55e2:9cdc:b03e:42cc:4a97] [/home/u991737198/domains/tas2023.online/public_html/lib/base.php:3281] View->sandbox()
Thu, 09 Jan 2025 15:16:07 -0500 [2603:9000:f801:55e2:9cdc:b03e:42cc:4a97] [/home/u991737198/domains/tas2023.online/public_html/tmp/3hn69l4qoa804.3h31n1yj254w8.php:7] Preview->render()
Thu, 09 Jan 2025 15:16:07 -0500 [2603:9000:f801:55e2:9cdc:b03e:42cc:4a97] [/home/u991737198/domains/tas2023.online/public_html/lib/base.php:3036] require('/home/u991737198/domains/tas2023.online/public_html/tmp/3hn69l4qoa804.3h31n1yj254w8.php')
Thu, 09 Jan 2025 15:16:07 -0500 [2603:9000:f801:55e2:9cdc:b03e:42cc:4a97] [/home/u991737198/domains/tas2023.online/public_html/lib/base.php:3281] View->sandbox()
Thu, 09 Jan 2025 15:16:07 -0500 [2603:9000:f801:55e2:9cdc:b03e:42cc:4a97] [/home/u991737198/domains/tas2023.online/public_html/app/controllers/Controller.php:85] Preview->render()
Thu, 09 Jan 2025 15:16:07 -0500 [2603:9000:f801:55e2:9cdc:b03e:42cc:4a97] [/home/u991737198/domains/tas2023.online/public_html/lib/base.php:2078] Controller->afterroute()
Thu, 09 Jan 2025 15:16:07 -0500 [2603:9000:f801:55e2:9cdc:b03e:42cc:4a97] [/home/u991737198/domains/tas2023.online/public_html/lib/base.php:1871] Base->call()
Thu, 09 Jan 2025 15:16:07 -0500 [2603:9000:f801:55e2:9cdc:b03e:42cc:4a97] [/home/u991737198/domains/tas2023.online/public_html/index.php:19] Base->run()
Thu, 09 Jan 2025 15:19:24 -0500 [2603:9000:f801:55e2:9cdc:b03e:42cc:4a97] 500: Undefined variable $selected_note trace: [/home/u991737198/domains/tas2023.online/public_html/tmp/3hn69l4qoa804.3g8shy2588w00.php:307]
Thu, 09 Jan 2025 15:19:24 -0500 [2603:9000:f801:55e2:9cdc:b03e:42cc:4a97] [/home/u991737198/domains/tas2023.online/public_html/tmp/3hn69l4qoa804.3g8shy2588w00.php:307] Base->{closure}()
Thu, 09 Jan 2025 15:19:24 -0500 [2603:9000:f801:55e2:9cdc:b03e:42cc:4a97] [/home/u991737198/domains/tas2023.online/public_html/lib/base.php:3036] require('/home/u991737198/domains/tas2023.online/public_html/tmp/3hn69l4qoa804.3g8shy2588w00.php')
Thu, 09 Jan 2025 15:19:24 -0500 [2603:9000:f801:55e2:9cdc:b03e:42cc:4a97] [/home/u991737198/domains/tas2023.online/public_html/lib/base.php:3281] View->sandbox()
Thu, 09 Jan 2025 15:19:24 -0500 [2603:9000:f801:55e2:9cdc:b03e:42cc:4a97] [/home/u991737198/domains/tas2023.online/public_html/tmp/3hn69l4qoa804.3h31n1yj254w8.php:7] Preview->render()
Thu, 09 Jan 2025 15:19:24 -0500 [2603:9000:f801:55e2:9cdc:b03e:42cc:4a97] [/home/u991737198/domains/tas2023.online/public_html/lib/base.php:3036] require('/home/u991737198/domains/tas2023.online/public_html/tmp/3hn69l4qoa804.3h31n1yj254w8.php')
Thu, 09 Jan 2025 15:19:24 -0500 [2603:9000:f801:55e2:9cdc:b03e:42cc:4a97] [/home/u991737198/domains/tas2023.online/public_html/lib/base.php:3281] View->sandbox()
Thu, 09 Jan 2025 15:19:24 -0500 [2603:9000:f801:55e2:9cdc:b03e:42cc:4a97] [/home/u991737198/domains/tas2023.online/public_html/app/controllers/Controller.php:85] Preview->render()
Thu, 09 Jan 2025 15:19:24 -0500 [2603:9000:f801:55e2:9cdc:b03e:42cc:4a97] [/home/u991737198/domains/tas2023.online/public_html/lib/base.php:2078] Controller->afterroute()
Thu, 09 Jan 2025 15:19:24 -0500 [2603:9000:f801:55e2:9cdc:b03e:42cc:4a97] [/home/u991737198/domains/tas2023.online/public_html/lib/base.php:1871] Base->call()
Thu, 09 Jan 2025 15:19:24 -0500 [2603:9000:f801:55e2:9cdc:b03e:42cc:4a97] [/home/u991737198/domains/tas2023.online/public_html/index.php:19] Base->run()
Thu, 09 Jan 2025 18:37:55 -0500 [107.144.130.6] 401: HTTP 401 (GET /task/taskData) trace: [/home/u991737198/domains/tas2023.online/public_html/lib/access.php:112] Base->error()
Thu, 09 Jan 2025 18:37:55 -0500 [107.144.130.6] [/home/u991737198/domains/tas2023.online/public_html/app/controllers/Controller.php:76] Access->authorize()
Thu, 09 Jan 2025 18:37:55 -0500 [107.144.130.6] [/home/u991737198/domains/tas2023.online/public_html/lib/base.php:2069] Controller->beforeroute()
Thu, 09 Jan 2025 18:37:55 -0500 [107.144.130.6] [/home/u991737198/domains/tas2023.online/public_html/lib/base.php:1871] Base->call()
Thu, 09 Jan 2025 18:37:55 -0500 [107.144.130.6] [/home/u991737198/domains/tas2023.online/public_html/index.php:19] Base->run()
Thu, 09 Jan 2025 18:38:51 -0500 [107.144.130.6] 500: Undefined variable $i18n trace: [tmp/3hn69l4qoa804.dkos5pfgx4qw.php:35]
Thu, 09 Jan 2025 18:38:51 -0500 [107.144.130.6] [tmp/3hn69l4qoa804.dkos5pfgx4qw.php:35] Base->{closure}()
Thu, 09 Jan 2025 18:38:51 -0500 [107.144.130.6] [lib/base.php:3036] require('/home/u991737198/domains/tas2023.online/public_html/tmp/3hn69l4qoa804.dkos5pfgx4qw.php')
Thu, 09 Jan 2025 18:38:51 -0500 [107.144.130.6] [lib/base.php:3281] View->sandbox()
Thu, 09 Jan 2025 18:38:51 -0500 [107.144.130.6] [tmp/3hn69l4qoa804.3h31n1yj254w8.php:7] Preview->render()
Thu, 09 Jan 2025 18:38:51 -0500 [107.144.130.6] [lib/base.php:3036] require('/home/u991737198/domains/tas2023.online/public_html/tmp/3hn69l4qoa804.3h31n1yj254w8.php')
Thu, 09 Jan 2025 18:38:51 -0500 [107.144.130.6] [lib/base.php:3281] View->sandbox()
Thu, 09 Jan 2025 18:38:51 -0500 [107.144.130.6] [app/controllers/Controller.php:85] Preview->render()
Thu, 09 Jan 2025 18:38:51 -0500 [107.144.130.6] [lib/base.php:2078] Controller->afterroute()
Thu, 09 Jan 2025 18:38:51 -0500 [107.144.130.6] [lib/base.php:1871] Base->call()
Thu, 09 Jan 2025 18:38:51 -0500 [107.144.130.6] [index.php:19] Base->run()
Thu, 09 Jan 2025 19:43:12 -0500 [2600:1006:b06b:1a94:18bc:4a74:cd35:2237] 401: HTTP 401 (GET /task/taskData) trace: [/home/u991737198/domains/tas2023.online/public_html/lib/access.php:112] Base->error()
Thu, 09 Jan 2025 19:43:12 -0500 [2600:1006:b06b:1a94:18bc:4a74:cd35:2237] [/home/u991737198/domains/tas2023.online/public_html/app/controllers/Controller.php:76] Access->authorize()
Thu, 09 Jan 2025 19:43:12 -0500 [2600:1006:b06b:1a94:18bc:4a74:cd35:2237] [/home/u991737198/domains/tas2023.online/public_html/lib/base.php:2069] Controller->beforeroute()
Thu, 09 Jan 2025 19:43:12 -0500 [2600:1006:b06b:1a94:18bc:4a74:cd35:2237] [/home/u991737198/domains/tas2023.online/public_html/lib/base.php:1871] Base->call()
Thu, 09 Jan 2025 19:43:12 -0500 [2600:1006:b06b:1a94:18bc:4a74:cd35:2237] [/home/u991737198/domains/tas2023.online/public_html/index.php:19] Base->run()
Thu, 09 Jan 2025 19:43:59 -0500 [2600:1006:b06b:1a94:18bc:4a74:cd35:2237] 500: Undefined variable $i18n trace: [tmp/3hn69l4qoa804.dkos5pfgx4qw.php:35]
Thu, 09 Jan 2025 19:43:59 -0500 [2600:1006:b06b:1a94:18bc:4a74:cd35:2237] [tmp/3hn69l4qoa804.dkos5pfgx4qw.php:35] Base->{closure}()
Thu, 09 Jan 2025 19:43:59 -0500 [2600:1006:b06b:1a94:18bc:4a74:cd35:2237] [lib/base.php:3036] require('/home/u991737198/domains/tas2023.online/public_html/tmp/3hn69l4qoa804.dkos5pfgx4qw.php')
Thu, 09 Jan 2025 19:43:59 -0500 [2600:1006:b06b:1a94:18bc:4a74:cd35:2237] [lib/base.php:3281] View->sandbox()
Thu, 09 Jan 2025 19:43:59 -0500 [2600:1006:b06b:1a94:18bc:4a74:cd35:2237] [tmp/3hn69l4qoa804.3h31n1yj254w8.php:7] Preview->render()
Thu, 09 Jan 2025 19:43:59 -0500 [2600:1006:b06b:1a94:18bc:4a74:cd35:2237] [lib/base.php:3036] require('/home/u991737198/domains/tas2023.online/public_html/tmp/3hn69l4qoa804.3h31n1yj254w8.php')
Thu, 09 Jan 2025 19:43:59 -0500 [2600:1006:b06b:1a94:18bc:4a74:cd35:2237] [lib/base.php:3281] View->sandbox()
Thu, 09 Jan 2025 19:43:59 -0500 [2600:1006:b06b:1a94:18bc:4a74:cd35:2237] [app/controllers/Controller.php:85] Preview->render()
Thu, 09 Jan 2025 19:43:59 -0500 [2600:1006:b06b:1a94:18bc:4a74:cd35:2237] [lib/base.php:2078] Controller->afterroute()
Thu, 09 Jan 2025 19:43:59 -0500 [2600:1006:b06b:1a94:18bc:4a74:cd35:2237] [lib/base.php:1871] Base->call()
Thu, 09 Jan 2025 19:43:59 -0500 [2600:1006:b06b:1a94:18bc:4a74:cd35:2237] [index.php:19] Base->run()
Thu, 09 Jan 2025 20:00:31 -0500 [2600:1006:b06b:1a94:18bc:4a74:cd35:2237] 500: Undefined variable $i18n trace: [tmp/3hn69l4qoa804.dkos5pfgx4qw.php:35]
Thu, 09 Jan 2025 20:00:31 -0500 [2600:1006:b06b:1a94:18bc:4a74:cd35:2237] [tmp/3hn69l4qoa804.dkos5pfgx4qw.php:35] Base->{closure}()
Thu, 09 Jan 2025 20:00:31 -0500 [2600:1006:b06b:1a94:18bc:4a74:cd35:2237] [lib/base.php:3036] require('/home/u991737198/domains/tas2023.online/public_html/tmp/3hn69l4qoa804.dkos5pfgx4qw.php')
Thu, 09 Jan 2025 20:00:31 -0500 [2600:1006:b06b:1a94:18bc:4a74:cd35:2237] [lib/base.php:3281] View->sandbox()
Thu, 09 Jan 2025 20:00:31 -0500 [2600:1006:b06b:1a94:18bc:4a74:cd35:2237] [tmp/3hn69l4qoa804.3h31n1yj254w8.php:7] Preview->render()
Thu, 09 Jan 2025 20:00:31 -0500 [2600:1006:b06b:1a94:18bc:4a74:cd35:2237] [lib/base.php:3036] require('/home/u991737198/domains/tas2023.online/public_html/tmp/3hn69l4qoa804.3h31n1yj254w8.php')
Thu, 09 Jan 2025 20:00:31 -0500 [2600:1006:b06b:1a94:18bc:4a74:cd35:2237] [lib/base.php:3281] View->sandbox()
Thu, 09 Jan 2025 20:00:31 -0500 [2600:1006:b06b:1a94:18bc:4a74:cd35:2237] [app/controllers/Controller.php:85] Preview->render()
Thu, 09 Jan 2025 20:00:31 -0500 [2600:1006:b06b:1a94:18bc:4a74:cd35:2237] [lib/base.php:2078] Controller->afterroute()
Thu, 09 Jan 2025 20:00:31 -0500 [2600:1006:b06b:1a94:18bc:4a74:cd35:2237] [lib/base.php:1871] Base->call()
Thu, 09 Jan 2025 20:00:31 -0500 [2600:1006:b06b:1a94:18bc:4a74:cd35:2237] [index.php:19] Base->run()
Thu, 09 Jan 2025 20:01:50 -0500 [2600:1006:b06b:1a94:18bc:4a74:cd35:2237] 500: Undefined variable $i18n trace: [tmp/3hn69l4qoa804.dkos5pfgx4qw.php:35]
Thu, 09 Jan 2025 20:01:50 -0500 [2600:1006:b06b:1a94:18bc:4a74:cd35:2237] [tmp/3hn69l4qoa804.dkos5pfgx4qw.php:35] Base->{closure}()
Thu, 09 Jan 2025 20:01:50 -0500 [2600:1006:b06b:1a94:18bc:4a74:cd35:2237] [lib/base.php:3036] require('/home/u991737198/domains/tas2023.online/public_html/tmp/3hn69l4qoa804.dkos5pfgx4qw.php')
Thu, 09 Jan 2025 20:01:50 -0500 [2600:1006:b06b:1a94:18bc:4a74:cd35:2237] [lib/base.php:3281] View->sandbox()
Thu, 09 Jan 2025 20:01:50 -0500 [2600:1006:b06b:1a94:18bc:4a74:cd35:2237] [tmp/3hn69l4qoa804.3h31n1yj254w8.php:7] Preview->render()
Thu, 09 Jan 2025 20:01:50 -0500 [2600:1006:b06b:1a94:18bc:4a74:cd35:2237] [lib/base.php:3036] require('/home/u991737198/domains/tas2023.online/public_html/tmp/3hn69l4qoa804.3h31n1yj254w8.php')
Thu, 09 Jan 2025 20:01:50 -0500 [2600:1006:b06b:1a94:18bc:4a74:cd35:2237] [lib/base.php:3281] View->sandbox()
Thu, 09 Jan 2025 20:01:50 -0500 [2600:1006:b06b:1a94:18bc:4a74:cd35:2237] [app/controllers/Controller.php:85] Preview->render()
Thu, 09 Jan 2025 20:01:50 -0500 [2600:1006:b06b:1a94:18bc:4a74:cd35:2237] [lib/base.php:2078] Controller->afterroute()
Thu, 09 Jan 2025 20:01:50 -0500 [2600:1006:b06b:1a94:18bc:4a74:cd35:2237] [lib/base.php:1871] Base->call()
Thu, 09 Jan 2025 20:01:50 -0500 [2600:1006:b06b:1a94:18bc:4a74:cd35:2237] [index.php:19] Base->run()
Thu, 09 Jan 2025 20:44:36 -0500 [2603:9000:f801:55e2:40c8:a7cf:9f19:4dcb] 401: HTTP 401 (GET /admin/compacttable) trace: [lib/access.php:112] Base->error()
Thu, 09 Jan 2025 20:44:36 -0500 [2603:9000:f801:55e2:40c8:a7cf:9f19:4dcb] [app/controllers/Controller.php:76] Access->authorize()
Thu, 09 Jan 2025 20:44:36 -0500 [2603:9000:f801:55e2:40c8:a7cf:9f19:4dcb] [lib/base.php:2069] Controller->beforeroute()
Thu, 09 Jan 2025 20:44:36 -0500 [2603:9000:f801:55e2:40c8:a7cf:9f19:4dcb] [lib/base.php:1871] Base->call()
Thu, 09 Jan 2025 20:44:36 -0500 [2603:9000:f801:55e2:40c8:a7cf:9f19:4dcb] [index.php:19] Base->run()
Thu, 09 Jan 2025 20:44:47 -0500 [2603:9000:f801:55e2:40c8:a7cf:9f19:4dcb] 500: Trying to access array offset on value of type null trace: [app/controllers/UserController.php:573]
Thu, 09 Jan 2025 20:44:47 -0500 [2603:9000:f801:55e2:40c8:a7cf:9f19:4dcb] [app/controllers/UserController.php:573] Base->{closure}()
Thu, 09 Jan 2025 20:44:47 -0500 [2603:9000:f801:55e2:40c8:a7cf:9f19:4dcb] [lib/base.php:2072] UserController->login()
Thu, 09 Jan 2025 20:44:47 -0500 [2603:9000:f801:55e2:40c8:a7cf:9f19:4dcb] [lib/base.php:1871] Base->call()
Thu, 09 Jan 2025 20:44:47 -0500 [2603:9000:f801:55e2:40c8:a7cf:9f19:4dcb] [index.php:19] Base->run()
Thu, 09 Jan 2025 20:44:57 -0500 [2603:9000:f801:55e2:40c8:a7cf:9f19:4dcb] 500: Undefined array key "project_name" trace: [tmp/3hn69l4qoa804.2ruqocuopbmsk.php:4]
Thu, 09 Jan 2025 20:44:57 -0500 [2603:9000:f801:55e2:40c8:a7cf:9f19:4dcb] [tmp/3hn69l4qoa804.2ruqocuopbmsk.php:4] Base->{closure}()
Thu, 09 Jan 2025 20:44:57 -0500 [2603:9000:f801:55e2:40c8:a7cf:9f19:4dcb] [lib/base.php:3036] require('/home/u991737198/domains/tas2023.online/public_html/tmp/3hn69l4qoa804.2ruqocuopbmsk.php')
Thu, 09 Jan 2025 20:44:57 -0500 [2603:9000:f801:55e2:40c8:a7cf:9f19:4dcb] [lib/base.php:3281] View->sandbox()
Thu, 09 Jan 2025 20:44:57 -0500 [2603:9000:f801:55e2:40c8:a7cf:9f19:4dcb] [tmp/3hn69l4qoa804.3gyrojkfdpa8w.php:40] Preview->render()
Thu, 09 Jan 2025 20:44:57 -0500 [2603:9000:f801:55e2:40c8:a7cf:9f19:4dcb] [lib/base.php:3036] require('/home/u991737198/domains/tas2023.online/public_html/tmp/3hn69l4qoa804.3gyrojkfdpa8w.php')
Thu, 09 Jan 2025 20:44:57 -0500 [2603:9000:f801:55e2:40c8:a7cf:9f19:4dcb] [lib/base.php:3281] View->sandbox()
Thu, 09 Jan 2025 20:44:57 -0500 [2603:9000:f801:55e2:40c8:a7cf:9f19:4dcb] [tmp/3hn69l4qoa804.3h31n1yj254w8.php:1] Preview->render()
Thu, 09 Jan 2025 20:44:57 -0500 [2603:9000:f801:55e2:40c8:a7cf:9f19:4dcb] [lib/base.php:3036] require('/home/u991737198/domains/tas2023.online/public_html/tmp/3hn69l4qoa804.3h31n1yj254w8.php')
Thu, 09 Jan 2025 20:44:57 -0500 [2603:9000:f801:55e2:40c8:a7cf:9f19:4dcb] [lib/base.php:3281] View->sandbox()
Thu, 09 Jan 2025 20:44:57 -0500 [2603:9000:f801:55e2:40c8:a7cf:9f19:4dcb] [app/controllers/Controller.php:85] Preview->render()
Thu, 09 Jan 2025 20:44:57 -0500 [2603:9000:f801:55e2:40c8:a7cf:9f19:4dcb] [lib/base.php:2078] Controller->afterroute()
Thu, 09 Jan 2025 20:44:57 -0500 [2603:9000:f801:55e2:40c8:a7cf:9f19:4dcb] [lib/base.php:1871] Base->call()
Thu, 09 Jan 2025 20:44:57 -0500 [2603:9000:f801:55e2:40c8:a7cf:9f19:4dcb] [index.php:19] Base->run()
Thu, 09 Jan 2025 20:45:00 -0500 [2603:9000:f801:55e2:40c8:a7cf:9f19:4dcb] 500: Undefined array key "project_name" trace: [tmp/3hn69l4qoa804.2ruqocuopbmsk.php:4]
Thu, 09 Jan 2025 20:45:00 -0500 [2603:9000:f801:55e2:40c8:a7cf:9f19:4dcb] [tmp/3hn69l4qoa804.2ruqocuopbmsk.php:4] Base->{closure}()
Thu, 09 Jan 2025 20:45:00 -0500 [2603:9000:f801:55e2:40c8:a7cf:9f19:4dcb] [lib/base.php:3036] require('/home/u991737198/domains/tas2023.online/public_html/tmp/3hn69l4qoa804.2ruqocuopbmsk.php')
Thu, 09 Jan 2025 20:45:00 -0500 [2603:9000:f801:55e2:40c8:a7cf:9f19:4dcb] [lib/base.php:3281] View->sandbox()
Thu, 09 Jan 2025 20:45:00 -0500 [2603:9000:f801:55e2:40c8:a7cf:9f19:4dcb] [tmp/3hn69l4qoa804.3gyrojkfdpa8w.php:40] Preview->render()
Thu, 09 Jan 2025 20:45:00 -0500 [2603:9000:f801:55e2:40c8:a7cf:9f19:4dcb] [lib/base.php:3036] require('/home/u991737198/domains/tas2023.online/public_html/tmp/3hn69l4qoa804.3gyrojkfdpa8w.php')
Thu, 09 Jan 2025 20:45:00 -0500 [2603:9000:f801:55e2:40c8:a7cf:9f19:4dcb] [lib/base.php:3281] View->sandbox()
Thu, 09 Jan 2025 20:45:00 -0500 [2603:9000:f801:55e2:40c8:a7cf:9f19:4dcb] [tmp/3hn69l4qoa804.3h31n1yj254w8.php:1] Preview->render()
Thu, 09 Jan 2025 20:45:00 -0500 [2603:9000:f801:55e2:40c8:a7cf:9f19:4dcb] [lib/base.php:3036] require('/home/u991737198/domains/tas2023.online/public_html/tmp/3hn69l4qoa804.3h31n1yj254w8.php')
Thu, 09 Jan 2025 20:45:00 -0500 [2603:9000:f801:55e2:40c8:a7cf:9f19:4dcb] [lib/base.php:3281] View->sandbox()
Thu, 09 Jan 2025 20:45:00 -0500 [2603:9000:f801:55e2:40c8:a7cf:9f19:4dcb] [app/controllers/Controller.php:85] Preview->render()
Thu, 09 Jan 2025 20:45:00 -0500 [2603:9000:f801:55e2:40c8:a7cf:9f19:4dcb] [lib/base.php:2078] Controller->afterroute()
Thu, 09 Jan 2025 20:45:00 -0500 [2603:9000:f801:55e2:40c8:a7cf:9f19:4dcb] [lib/base.php:1871] Base->call()
Thu, 09 Jan 2025 20:45:00 -0500 [2603:9000:f801:55e2:40c8:a7cf:9f19:4dcb] [index.php:19] Base->run()
Thu, 09 Jan 2025 20:46:14 -0500 [2603:9000:f801:55e2:40c8:a7cf:9f19:4dcb] 500: Undefined array key "project_name" trace: [tmp/3hn69l4qoa804.2ruqocuopbmsk.php:4]
Thu, 09 Jan 2025 20:46:14 -0500 [2603:9000:f801:55e2:40c8:a7cf:9f19:4dcb] [tmp/3hn69l4qoa804.2ruqocuopbmsk.php:4] Base->{closure}()
Thu, 09 Jan 2025 20:46:14 -0500 [2603:9000:f801:55e2:40c8:a7cf:9f19:4dcb] [lib/base.php:3036] require('/home/u991737198/domains/tas2023.online/public_html/tmp/3hn69l4qoa804.2ruqocuopbmsk.php')
Thu, 09 Jan 2025 20:46:14 -0500 [2603:9000:f801:55e2:40c8:a7cf:9f19:4dcb] [lib/base.php:3281] View->sandbox()
Thu, 09 Jan 2025 20:46:14 -0500 [2603:9000:f801:55e2:40c8:a7cf:9f19:4dcb] [tmp/3hn69l4qoa804.3gyrojkfdpa8w.php:40] Preview->render()
Thu, 09 Jan 2025 20:46:14 -0500 [2603:9000:f801:55e2:40c8:a7cf:9f19:4dcb] [lib/base.php:3036] require('/home/u991737198/domains/tas2023.online/public_html/tmp/3hn69l4qoa804.3gyrojkfdpa8w.php')
Thu, 09 Jan 2025 20:46:14 -0500 [2603:9000:f801:55e2:40c8:a7cf:9f19:4dcb] [lib/base.php:3281] View->sandbox()
Thu, 09 Jan 2025 20:46:14 -0500 [2603:9000:f801:55e2:40c8:a7cf:9f19:4dcb] [tmp/3hn69l4qoa804.3h31n1yj254w8.php:1] Preview->render()
Thu, 09 Jan 2025 20:46:14 -0500 [2603:9000:f801:55e2:40c8:a7cf:9f19:4dcb] [lib/base.php:3036] require('/home/u991737198/domains/tas2023.online/public_html/tmp/3hn69l4qoa804.3h31n1yj254w8.php')
Thu, 09 Jan 2025 20:46:14 -0500 [2603:9000:f801:55e2:40c8:a7cf:9f19:4dcb] [lib/base.php:3281] View->sandbox()
Thu, 09 Jan 2025 20:46:14 -0500 [2603:9000:f801:55e2:40c8:a7cf:9f19:4dcb] [app/controllers/Controller.php:85] Preview->render()
Thu, 09 Jan 2025 20:46:14 -0500 [2603:9000:f801:55e2:40c8:a7cf:9f19:4dcb] [lib/base.php:2078] Controller->afterroute()
Thu, 09 Jan 2025 20:46:14 -0500 [2603:9000:f801:55e2:40c8:a7cf:9f19:4dcb] [lib/base.php:1871] Base->call()
Thu, 09 Jan 2025 20:46:14 -0500 [2603:9000:f801:55e2:40c8:a7cf:9f19:4dcb] [index.php:19] Base->run()
Thu, 09 Jan 2025 20:46:38 -0500 [2603:9000:f801:55e2:40c8:a7cf:9f19:4dcb] 500: Trying to access array offset on value of type null trace: [app/controllers/UserController.php:573]
Thu, 09 Jan 2025 20:46:38 -0500 [2603:9000:f801:55e2:40c8:a7cf:9f19:4dcb] [app/controllers/UserController.php:573] Base->{closure}()
Thu, 09 Jan 2025 20:46:38 -0500 [2603:9000:f801:55e2:40c8:a7cf:9f19:4dcb] [lib/base.php:2072] UserController->login()
Thu, 09 Jan 2025 20:46:38 -0500 [2603:9000:f801:55e2:40c8:a7cf:9f19:4dcb] [lib/base.php:1871] Base->call()
Thu, 09 Jan 2025 20:46:38 -0500 [2603:9000:f801:55e2:40c8:a7cf:9f19:4dcb] [index.php:19] Base->run()
Thu, 09 Jan 2025 20:55:06 -0500 [2603:9000:f801:55e2:40c8:a7cf:9f19:4dcb] 500: Undefined array key "project_name" trace: [tmp/3hn69l4qoa804.2ruqocuopbmsk.php:4]
Thu, 09 Jan 2025 20:55:06 -0500 [2603:9000:f801:55e2:40c8:a7cf:9f19:4dcb] [tmp/3hn69l4qoa804.2ruqocuopbmsk.php:4] Base->{closure}()
Thu, 09 Jan 2025 20:55:06 -0500 [2603:9000:f801:55e2:40c8:a7cf:9f19:4dcb] [lib/base.php:3036] require('/home/u991737198/domains/tas2023.online/public_html/tmp/3hn69l4qoa804.2ruqocuopbmsk.php')
Thu, 09 Jan 2025 20:55:06 -0500 [2603:9000:f801:55e2:40c8:a7cf:9f19:4dcb] [lib/base.php:3281] View->sandbox()
Thu, 09 Jan 2025 20:55:06 -0500 [2603:9000:f801:55e2:40c8:a7cf:9f19:4dcb] [tmp/3hn69l4qoa804.3gyrojkfdpa8w.php:40] Preview->render()
Thu, 09 Jan 2025 20:55:06 -0500 [2603:9000:f801:55e2:40c8:a7cf:9f19:4dcb] [lib/base.php:3036] require('/home/u991737198/domains/tas2023.online/public_html/tmp/3hn69l4qoa804.3gyrojkfdpa8w.php')
Thu, 09 Jan 2025 20:55:06 -0500 [2603:9000:f801:55e2:40c8:a7cf:9f19:4dcb] [lib/base.php:3281] View->sandbox()
Thu, 09 Jan 2025 20:55:06 -0500 [2603:9000:f801:55e2:40c8:a7cf:9f19:4dcb] [tmp/3hn69l4qoa804.3h31n1yj254w8.php:1] Preview->render()
Thu, 09 Jan 2025 20:55:06 -0500 [2603:9000:f801:55e2:40c8:a7cf:9f19:4dcb] [lib/base.php:3036] require('/home/u991737198/domains/tas2023.online/public_html/tmp/3hn69l4qoa804.3h31n1yj254w8.php')
Thu, 09 Jan 2025 20:55:06 -0500 [2603:9000:f801:55e2:40c8:a7cf:9f19:4dcb] [lib/base.php:3281] View->sandbox()
Thu, 09 Jan 2025 20:55:06 -0500 [2603:9000:f801:55e2:40c8:a7cf:9f19:4dcb] [app/controllers/Controller.php:85] Preview->render()
Thu, 09 Jan 2025 20:55:06 -0500 [2603:9000:f801:55e2:40c8:a7cf:9f19:4dcb] [lib/base.php:2078] Controller->afterroute()
Thu, 09 Jan 2025 20:55:06 -0500 [2603:9000:f801:55e2:40c8:a7cf:9f19:4dcb] [lib/base.php:1871] Base->call()
Thu, 09 Jan 2025 20:55:06 -0500 [2603:9000:f801:55e2:40c8:a7cf:9f19:4dcb] [index.php:19] Base->run()
Thu, 09 Jan 2025 20:55:17 -0500 [2603:9000:f801:55e2:40c8:a7cf:9f19:4dcb] 500: Undefined array key "project_name" trace: [tmp/3hn69l4qoa804.2ruqocuopbmsk.php:4]
Thu, 09 Jan 2025 20:55:17 -0500 [2603:9000:f801:55e2:40c8:a7cf:9f19:4dcb] [tmp/3hn69l4qoa804.2ruqocuopbmsk.php:4] Base->{closure}()
Thu, 09 Jan 2025 20:55:17 -0500 [2603:9000:f801:55e2:40c8:a7cf:9f19:4dcb] [lib/base.php:3036] require('/home/u991737198/domains/tas2023.online/public_html/tmp/3hn69l4qoa804.2ruqocuopbmsk.php')
Thu, 09 Jan 2025 20:55:17 -0500 [2603:9000:f801:55e2:40c8:a7cf:9f19:4dcb] [lib/base.php:3281] View->sandbox()
Thu, 09 Jan 2025 20:55:17 -0500 [2603:9000:f801:55e2:40c8:a7cf:9f19:4dcb] [tmp/3hn69l4qoa804.3gyrojkfdpa8w.php:40] Preview->render()
Thu, 09 Jan 2025 20:55:17 -0500 [2603:9000:f801:55e2:40c8:a7cf:9f19:4dcb] [lib/base.php:3036] require('/home/u991737198/domains/tas2023.online/public_html/tmp/3hn69l4qoa804.3gyrojkfdpa8w.php')
Thu, 09 Jan 2025 20:55:17 -0500 [2603:9000:f801:55e2:40c8:a7cf:9f19:4dcb] [lib/base.php:3281] View->sandbox()
Thu, 09 Jan 2025 20:55:17 -0500 [2603:9000:f801:55e2:40c8:a7cf:9f19:4dcb] [tmp/3hn69l4qoa804.3h31n1yj254w8.php:1] Preview->render()
Thu, 09 Jan 2025 20:55:17 -0500 [2603:9000:f801:55e2:40c8:a7cf:9f19:4dcb] [lib/base.php:3036] require('/home/u991737198/domains/tas2023.online/public_html/tmp/3hn69l4qoa804.3h31n1yj254w8.php')
Thu, 09 Jan 2025 20:55:17 -0500 [2603:9000:f801:55e2:40c8:a7cf:9f19:4dcb] [lib/base.php:3281] View->sandbox()
Thu, 09 Jan 2025 20:55:17 -0500 [2603:9000:f801:55e2:40c8:a7cf:9f19:4dcb] [app/controllers/Controller.php:85] Preview->render()
Thu, 09 Jan 2025 20:55:17 -0500 [2603:9000:f801:55e2:40c8:a7cf:9f19:4dcb] [lib/base.php:2078] Controller->afterroute()
Thu, 09 Jan 2025 20:55:17 -0500 [2603:9000:f801:55e2:40c8:a7cf:9f19:4dcb] [lib/base.php:1871] Base->call()
Thu, 09 Jan 2025 20:55:17 -0500 [2603:9000:f801:55e2:40c8:a7cf:9f19:4dcb] [index.php:19] Base->run()
Thu, 09 Jan 2025 20:55:31 -0500 [2603:9000:f801:55e2:40c8:a7cf:9f19:4dcb] 500: Trying to access array offset on value of type null trace: [app/controllers/UserController.php:573]
Thu, 09 Jan 2025 20:55:31 -0500 [2603:9000:f801:55e2:40c8:a7cf:9f19:4dcb] [app/controllers/UserController.php:573] Base->{closure}()
Thu, 09 Jan 2025 20:55:31 -0500 [2603:9000:f801:55e2:40c8:a7cf:9f19:4dcb] [lib/base.php:2072] UserController->login()
Thu, 09 Jan 2025 20:55:31 -0500 [2603:9000:f801:55e2:40c8:a7cf:9f19:4dcb] [lib/base.php:1871] Base->call()
Thu, 09 Jan 2025 20:55:31 -0500 [2603:9000:f801:55e2:40c8:a7cf:9f19:4dcb] [index.php:19] Base->run()
Thu, 09 Jan 2025 20:57:12 -0500 [2603:9000:f801:55e2:40c8:a7cf:9f19:4dcb] 500: Undefined variable $entity_num trace: [tmp/3hn69l4qoa804.1zo7dt0fljr4w.php:196]
Thu, 09 Jan 2025 20:57:12 -0500 [2603:9000:f801:55e2:40c8:a7cf:9f19:4dcb] [tmp/3hn69l4qoa804.1zo7dt0fljr4w.php:196] Base->{closure}()
Thu, 09 Jan 2025 20:57:12 -0500 [2603:9000:f801:55e2:40c8:a7cf:9f19:4dcb] [lib/base.php:3036] require('/home/u991737198/domains/tas2023.online/public_html/tmp/3hn69l4qoa804.1zo7dt0fljr4w.php')
Thu, 09 Jan 2025 20:57:12 -0500 [2603:9000:f801:55e2:40c8:a7cf:9f19:4dcb] [lib/base.php:3281] View->sandbox()
Thu, 09 Jan 2025 20:57:12 -0500 [2603:9000:f801:55e2:40c8:a7cf:9f19:4dcb] [tmp/3hn69l4qoa804.3h31n1yj254w8.php:7] Preview->render()
Thu, 09 Jan 2025 20:57:12 -0500 [2603:9000:f801:55e2:40c8:a7cf:9f19:4dcb] [lib/base.php:3036] require('/home/u991737198/domains/tas2023.online/public_html/tmp/3hn69l4qoa804.3h31n1yj254w8.php')
Thu, 09 Jan 2025 20:57:12 -0500 [2603:9000:f801:55e2:40c8:a7cf:9f19:4dcb] [lib/base.php:3281] View->sandbox()
Thu, 09 Jan 2025 20:57:12 -0500 [2603:9000:f801:55e2:40c8:a7cf:9f19:4dcb] [app/controllers/Controller.php:85] Preview->render()
Thu, 09 Jan 2025 20:57:12 -0500 [2603:9000:f801:55e2:40c8:a7cf:9f19:4dcb] [lib/base.php:2078] Controller->afterroute()
Thu, 09 Jan 2025 20:57:12 -0500 [2603:9000:f801:55e2:40c8:a7cf:9f19:4dcb] [lib/base.php:1871] Base->call()
Thu, 09 Jan 2025 20:57:12 -0500 [2603:9000:f801:55e2:40c8:a7cf:9f19:4dcb] [index.php:19] Base->run()
Thu, 09 Jan 2025 20:57:36 -0500 [2603:9000:f801:55e2:40c8:a7cf:9f19:4dcb] 500: Undefined variable $entity_num trace: [tmp/3hn69l4qoa804.1zo7dt0fljr4w.php:196]
Thu, 09 Jan 2025 20:57:36 -0500 [2603:9000:f801:55e2:40c8:a7cf:9f19:4dcb] [tmp/3hn69l4qoa804.1zo7dt0fljr4w.php:196] Base->{closure}()
Thu, 09 Jan 2025 20:57:36 -0500 [2603:9000:f801:55e2:40c8:a7cf:9f19:4dcb] [lib/base.php:3036] require('/home/u991737198/domains/tas2023.online/public_html/tmp/3hn69l4qoa804.1zo7dt0fljr4w.php')
Thu, 09 Jan 2025 20:57:36 -0500 [2603:9000:f801:55e2:40c8:a7cf:9f19:4dcb] [lib/base.php:3281] View->sandbox()
Thu, 09 Jan 2025 20:57:36 -0500 [2603:9000:f801:55e2:40c8:a7cf:9f19:4dcb] [tmp/3hn69l4qoa804.3h31n1yj254w8.php:7] Preview->render()
Thu, 09 Jan 2025 20:57:36 -0500 [2603:9000:f801:55e2:40c8:a7cf:9f19:4dcb] [lib/base.php:3036] require('/home/u991737198/domains/tas2023.online/public_html/tmp/3hn69l4qoa804.3h31n1yj254w8.php')
Thu, 09 Jan 2025 20:57:36 -0500 [2603:9000:f801:55e2:40c8:a7cf:9f19:4dcb] [lib/base.php:3281] View->sandbox()
Thu, 09 Jan 2025 20:57:36 -0500 [2603:9000:f801:55e2:40c8:a7cf:9f19:4dcb] [app/controllers/Controller.php:85] Preview->render()
Thu, 09 Jan 2025 20:57:36 -0500 [2603:9000:f801:55e2:40c8:a7cf:9f19:4dcb] [lib/base.php:2078] Controller->afterroute()
Thu, 09 Jan 2025 20:57:36 -0500 [2603:9000:f801:55e2:40c8:a7cf:9f19:4dcb] [lib/base.php:1871] Base->call()
Thu, 09 Jan 2025 20:57:36 -0500 [2603:9000:f801:55e2:40c8:a7cf:9f19:4dcb] [index.php:19] Base->run()
Thu, 09 Jan 2025 20:57:40 -0500 [2603:9000:f801:55e2:40c8:a7cf:9f19:4dcb] 500: Undefined variable $entity_num trace: [tmp/3hn69l4qoa804.1zo7dt0fljr4w.php:196]
Thu, 09 Jan 2025 20:57:40 -0500 [2603:9000:f801:55e2:40c8:a7cf:9f19:4dcb] [tmp/3hn69l4qoa804.1zo7dt0fljr4w.php:196] Base->{closure}()
Thu, 09 Jan 2025 20:57:40 -0500 [2603:9000:f801:55e2:40c8:a7cf:9f19:4dcb] [lib/base.php:3036] require('/home/u991737198/domains/tas2023.online/public_html/tmp/3hn69l4qoa804.1zo7dt0fljr4w.php')
Thu, 09 Jan 2025 20:57:40 -0500 [2603:9000:f801:55e2:40c8:a7cf:9f19:4dcb] [lib/base.php:3281] View->sandbox()
Thu, 09 Jan 2025 20:57:40 -0500 [2603:9000:f801:55e2:40c8:a7cf:9f19:4dcb] [tmp/3hn69l4qoa804.3h31n1yj254w8.php:7] Preview->render()
Thu, 09 Jan 2025 20:57:40 -0500 [2603:9000:f801:55e2:40c8:a7cf:9f19:4dcb] [lib/base.php:3036] require('/home/u991737198/domains/tas2023.online/public_html/tmp/3hn69l4qoa804.3h31n1yj254w8.php')
Thu, 09 Jan 2025 20:57:40 -0500 [2603:9000:f801:55e2:40c8:a7cf:9f19:4dcb] [lib/base.php:3281] View->sandbox()
Thu, 09 Jan 2025 20:57:40 -0500 [2603:9000:f801:55e2:40c8:a7cf:9f19:4dcb] [app/controllers/Controller.php:85] Preview->render()
Thu, 09 Jan 2025 20:57:40 -0500 [2603:9000:f801:55e2:40c8:a7cf:9f19:4dcb] [lib/base.php:2078] Controller->afterroute()
Thu, 09 Jan 2025 20:57:40 -0500 [2603:9000:f801:55e2:40c8:a7cf:9f19:4dcb] [lib/base.php:1871] Base->call()
Thu, 09 Jan 2025 20:57:40 -0500 [2603:9000:f801:55e2:40c8:a7cf:9f19:4dcb] [index.php:19] Base->run()
Thu, 09 Jan 2025 20:57:44 -0500 [2603:9000:f801:55e2:40c8:a7cf:9f19:4dcb] 500: Undefined variable $entity_num trace: [tmp/3hn69l4qoa804.1zo7dt0fljr4w.php:196]
Thu, 09 Jan 2025 20:57:44 -0500 [2603:9000:f801:55e2:40c8:a7cf:9f19:4dcb] [tmp/3hn69l4qoa804.1zo7dt0fljr4w.php:196] Base->{closure}()
Thu, 09 Jan 2025 20:57:44 -0500 [2603:9000:f801:55e2:40c8:a7cf:9f19:4dcb] [lib/base.php:3036] require('/home/u991737198/domains/tas2023.online/public_html/tmp/3hn69l4qoa804.1zo7dt0fljr4w.php')
Thu, 09 Jan 2025 20:57:44 -0500 [2603:9000:f801:55e2:40c8:a7cf:9f19:4dcb] [lib/base.php:3281] View->sandbox()
Thu, 09 Jan 2025 20:57:44 -0500 [2603:9000:f801:55e2:40c8:a7cf:9f19:4dcb] [tmp/3hn69l4qoa804.3h31n1yj254w8.php:7] Preview->render()
Thu, 09 Jan 2025 20:57:44 -0500 [2603:9000:f801:55e2:40c8:a7cf:9f19:4dcb] [lib/base.php:3036] require('/home/u991737198/domains/tas2023.online/public_html/tmp/3hn69l4qoa804.3h31n1yj254w8.php')
Thu, 09 Jan 2025 20:57:44 -0500 [2603:9000:f801:55e2:40c8:a7cf:9f19:4dcb] [lib/base.php:3281] View->sandbox()
Thu, 09 Jan 2025 20:57:44 -0500 [2603:9000:f801:55e2:40c8:a7cf:9f19:4dcb] [app/controllers/Controller.php:85] Preview->render()
Thu, 09 Jan 2025 20:57:44 -0500 [2603:9000:f801:55e2:40c8:a7cf:9f19:4dcb] [lib/base.php:2078] Controller->afterroute()
Thu, 09 Jan 2025 20:57:44 -0500 [2603:9000:f801:55e2:40c8:a7cf:9f19:4dcb] [lib/base.php:1871] Base->call()
Thu, 09 Jan 2025 20:57:44 -0500 [2603:9000:f801:55e2:40c8:a7cf:9f19:4dcb] [index.php:19] Base->run()
Thu, 09 Jan 2025 20:57:49 -0500 [2603:9000:f801:55e2:40c8:a7cf:9f19:4dcb] 500: Undefined variable $entity_num trace: [tmp/3hn69l4qoa804.1zo7dt0fljr4w.php:196]
Thu, 09 Jan 2025 20:57:49 -0500 [2603:9000:f801:55e2:40c8:a7cf:9f19:4dcb] [tmp/3hn69l4qoa804.1zo7dt0fljr4w.php:196] Base->{closure}()
Thu, 09 Jan 2025 20:57:49 -0500 [2603:9000:f801:55e2:40c8:a7cf:9f19:4dcb] [lib/base.php:3036] require('/home/u991737198/domains/tas2023.online/public_html/tmp/3hn69l4qoa804.1zo7dt0fljr4w.php')
Thu, 09 Jan 2025 20:57:49 -0500 [2603:9000:f801:55e2:40c8:a7cf:9f19:4dcb] [lib/base.php:3281] View->sandbox()
Thu, 09 Jan 2025 20:57:49 -0500 [2603:9000:f801:55e2:40c8:a7cf:9f19:4dcb] [tmp/3hn69l4qoa804.3h31n1yj254w8.php:7] Preview->render()
Thu, 09 Jan 2025 20:57:49 -0500 [2603:9000:f801:55e2:40c8:a7cf:9f19:4dcb] [lib/base.php:3036] require('/home/u991737198/domains/tas2023.online/public_html/tmp/3hn69l4qoa804.3h31n1yj254w8.php')
Thu, 09 Jan 2025 20:57:49 -0500 [2603:9000:f801:55e2:40c8:a7cf:9f19:4dcb] [lib/base.php:3281] View->sandbox()
Thu, 09 Jan 2025 20:57:49 -0500 [2603:9000:f801:55e2:40c8:a7cf:9f19:4dcb] [app/controllers/Controller.php:85] Preview->render()
Thu, 09 Jan 2025 20:57:49 -0500 [2603:9000:f801:55e2:40c8:a7cf:9f19:4dcb] [lib/base.php:2078] Controller->afterroute()
Thu, 09 Jan 2025 20:57:49 -0500 [2603:9000:f801:55e2:40c8:a7cf:9f19:4dcb] [lib/base.php:1871] Base->call()
Thu, 09 Jan 2025 20:57:49 -0500 [2603:9000:f801:55e2:40c8:a7cf:9f19:4dcb] [index.php:19] Base->run()
Thu, 09 Jan 2025 20:58:25 -0500 [2603:9000:f801:55e2:40c8:a7cf:9f19:4dcb] 500: Undefined variable $entity_num trace: [tmp/3hn69l4qoa804.1zo7dt0fljr4w.php:196]
Thu, 09 Jan 2025 20:58:25 -0500 [2603:9000:f801:55e2:40c8:a7cf:9f19:4dcb] [tmp/3hn69l4qoa804.1zo7dt0fljr4w.php:196] Base->{closure}()
Thu, 09 Jan 2025 20:58:25 -0500 [2603:9000:f801:55e2:40c8:a7cf:9f19:4dcb] [lib/base.php:3036] require('/home/u991737198/domains/tas2023.online/public_html/tmp/3hn69l4qoa804.1zo7dt0fljr4w.php')
Thu, 09 Jan 2025 20:58:25 -0500 [2603:9000:f801:55e2:40c8:a7cf:9f19:4dcb] [lib/base.php:3281] View->sandbox()
Thu, 09 Jan 2025 20:58:25 -0500 [2603:9000:f801:55e2:40c8:a7cf:9f19:4dcb] [tmp/3hn69l4qoa804.3h31n1yj254w8.php:7] Preview->render()
Thu, 09 Jan 2025 20:58:25 -0500 [2603:9000:f801:55e2:40c8:a7cf:9f19:4dcb] [lib/base.php:3036] require('/home/u991737198/domains/tas2023.online/public_html/tmp/3hn69l4qoa804.3h31n1yj254w8.php')
Thu, 09 Jan 2025 20:58:25 -0500 [2603:9000:f801:55e2:40c8:a7cf:9f19:4dcb] [lib/base.php:3281] View->sandbox()
Thu, 09 Jan 2025 20:58:25 -0500 [2603:9000:f801:55e2:40c8:a7cf:9f19:4dcb] [app/controllers/Controller.php:85] Preview->render()
Thu, 09 Jan 2025 20:58:25 -0500 [2603:9000:f801:55e2:40c8:a7cf:9f19:4dcb] [lib/base.php:2078] Controller->afterroute()
Thu, 09 Jan 2025 20:58:25 -0500 [2603:9000:f801:55e2:40c8:a7cf:9f19:4dcb] [lib/base.php:1871] Base->call()
Thu, 09 Jan 2025 20:58:25 -0500 [2603:9000:f801:55e2:40c8:a7cf:9f19:4dcb] [index.php:19] Base->run()
Thu, 09 Jan 2025 20:58:31 -0500 [2603:9000:f801:55e2:40c8:a7cf:9f19:4dcb] 500: Undefined variable $token trace: [tmp/3hn69l4qoa804.2r4f9cgm96ecs.php:191]
Thu, 09 Jan 2025 20:58:31 -0500 [2603:9000:f801:55e2:40c8:a7cf:9f19:4dcb] [tmp/3hn69l4qoa804.2r4f9cgm96ecs.php:191] Base->{closure}()
Thu, 09 Jan 2025 20:58:31 -0500 [2603:9000:f801:55e2:40c8:a7cf:9f19:4dcb] [lib/base.php:3036] require('/home/u991737198/domains/tas2023.online/public_html/tmp/3hn69l4qoa804.2r4f9cgm96ecs.php')
Thu, 09 Jan 2025 20:58:31 -0500 [2603:9000:f801:55e2:40c8:a7cf:9f19:4dcb] [lib/base.php:3281] View->sandbox()
Thu, 09 Jan 2025 20:58:31 -0500 [2603:9000:f801:55e2:40c8:a7cf:9f19:4dcb] [tmp/3hn69l4qoa804.3h31n1yj254w8.php:7] Preview->render()
Thu, 09 Jan 2025 20:58:31 -0500 [2603:9000:f801:55e2:40c8:a7cf:9f19:4dcb] [lib/base.php:3036] require('/home/u991737198/domains/tas2023.online/public_html/tmp/3hn69l4qoa804.3h31n1yj254w8.php')
Thu, 09 Jan 2025 20:58:31 -0500 [2603:9000:f801:55e2:40c8:a7cf:9f19:4dcb] [lib/base.php:3281] View->sandbox()
Thu, 09 Jan 2025 20:58:31 -0500 [2603:9000:f801:55e2:40c8:a7cf:9f19:4dcb] [app/controllers/Controller.php:85] Preview->render()
Thu, 09 Jan 2025 20:58:31 -0500 [2603:9000:f801:55e2:40c8:a7cf:9f19:4dcb] [lib/base.php:2078] Controller->afterroute()
Thu, 09 Jan 2025 20:58:31 -0500 [2603:9000:f801:55e2:40c8:a7cf:9f19:4dcb] [lib/base.php:1871] Base->call()
Thu, 09 Jan 2025 20:58:31 -0500 [2603:9000:f801:55e2:40c8:a7cf:9f19:4dcb] [index.php:19] Base->run()
Thu, 09 Jan 2025 20:58:49 -0500 [2603:9000:f801:55e2:40c8:a7cf:9f19:4dcb] 500: Undefined variable $fechapicker trace: [/home/u991737198/domains/tas2023.online/public_html/tmp/3hn69l4qoa804.22phmm30e0u84.php:333]
Thu, 09 Jan 2025 20:58:49 -0500 [2603:9000:f801:55e2:40c8:a7cf:9f19:4dcb] [/home/u991737198/domains/tas2023.online/public_html/tmp/3hn69l4qoa804.22phmm30e0u84.php:333] Base->{closure}()
Thu, 09 Jan 2025 20:58:49 -0500 [2603:9000:f801:55e2:40c8:a7cf:9f19:4dcb] [/home/u991737198/domains/tas2023.online/public_html/lib/base.php:3036] require('/home/u991737198/domains/tas2023.online/public_html/tmp/3hn69l4qoa804.22phmm30e0u84.php')
Thu, 09 Jan 2025 20:58:49 -0500 [2603:9000:f801:55e2:40c8:a7cf:9f19:4dcb] [/home/u991737198/domains/tas2023.online/public_html/lib/base.php:3281] View->sandbox()
Thu, 09 Jan 2025 20:58:49 -0500 [2603:9000:f801:55e2:40c8:a7cf:9f19:4dcb] [/home/u991737198/domains/tas2023.online/public_html/tmp/3hn69l4qoa804.3h31n1yj254w8.php:7] Preview->render()
Thu, 09 Jan 2025 20:58:49 -0500 [2603:9000:f801:55e2:40c8:a7cf:9f19:4dcb] [/home/u991737198/domains/tas2023.online/public_html/lib/base.php:3036] require('/home/u991737198/domains/tas2023.online/public_html/tmp/3hn69l4qoa804.3h31n1yj254w8.php')
Thu, 09 Jan 2025 20:58:49 -0500 [2603:9000:f801:55e2:40c8:a7cf:9f19:4dcb] [/home/u991737198/domains/tas2023.online/public_html/lib/base.php:3281] View->sandbox()
Thu, 09 Jan 2025 20:58:49 -0500 [2603:9000:f801:55e2:40c8:a7cf:9f19:4dcb] [/home/u991737198/domains/tas2023.online/public_html/app/controllers/Controller.php:85] Preview->render()
Thu, 09 Jan 2025 20:58:49 -0500 [2603:9000:f801:55e2:40c8:a7cf:9f19:4dcb] [/home/u991737198/domains/tas2023.online/public_html/lib/base.php:2078] Controller->afterroute()
Thu, 09 Jan 2025 20:58:49 -0500 [2603:9000:f801:55e2:40c8:a7cf:9f19:4dcb] [/home/u991737198/domains/tas2023.online/public_html/lib/base.php:1871] Base->call()
Thu, 09 Jan 2025 20:58:49 -0500 [2603:9000:f801:55e2:40c8:a7cf:9f19:4dcb] [/home/u991737198/domains/tas2023.online/public_html/index.php:19] Base->run()
Thu, 09 Jan 2025 21:10:54 -0500 [2603:9000:f801:55e2:40c8:a7cf:9f19:4dcb] 500: Undefined variable $entity_num trace: [tmp/3hn69l4qoa804.man4oes5p0l2.php:156]
Thu, 09 Jan 2025 21:10:54 -0500 [2603:9000:f801:55e2:40c8:a7cf:9f19:4dcb] [tmp/3hn69l4qoa804.man4oes5p0l2.php:156] Base->{closure}()
Thu, 09 Jan 2025 21:10:54 -0500 [2603:9000:f801:55e2:40c8:a7cf:9f19:4dcb] [lib/base.php:3036] require('/home/u991737198/domains/tas2023.online/public_html/tmp/3hn69l4qoa804.man4oes5p0l2.php')
Thu, 09 Jan 2025 21:10:54 -0500 [2603:9000:f801:55e2:40c8:a7cf:9f19:4dcb] [lib/base.php:3281] View->sandbox()
Thu, 09 Jan 2025 21:10:54 -0500 [2603:9000:f801:55e2:40c8:a7cf:9f19:4dcb] [tmp/3hn69l4qoa804.3h31n1yj254w8.php:7] Preview->render()
Thu, 09 Jan 2025 21:10:54 -0500 [2603:9000:f801:55e2:40c8:a7cf:9f19:4dcb] [lib/base.php:3036] require('/home/u991737198/domains/tas2023.online/public_html/tmp/3hn69l4qoa804.3h31n1yj254w8.php')
Thu, 09 Jan 2025 21:10:54 -0500 [2603:9000:f801:55e2:40c8:a7cf:9f19:4dcb] [lib/base.php:3281] View->sandbox()
Thu, 09 Jan 2025 21:10:54 -0500 [2603:9000:f801:55e2:40c8:a7cf:9f19:4dcb] [app/controllers/Controller.php:85] Preview->render()
Thu, 09 Jan 2025 21:10:54 -0500 [2603:9000:f801:55e2:40c8:a7cf:9f19:4dcb] [lib/base.php:2078] Controller->afterroute()
Thu, 09 Jan 2025 21:10:54 -0500 [2603:9000:f801:55e2:40c8:a7cf:9f19:4dcb] [lib/base.php:1871] Base->call()
Thu, 09 Jan 2025 21:10:54 -0500 [2603:9000:f801:55e2:40c8:a7cf:9f19:4dcb] [index.php:19] Base->run()
Thu, 09 Jan 2025 21:12:33 -0500 [2603:9000:f801:55e2:40c8:a7cf:9f19:4dcb] 500: Undefined variable $entity_num trace: [tmp/3hn69l4qoa804.1zo7dt0fljr4w.php:196]
Thu, 09 Jan 2025 21:12:33 -0500 [2603:9000:f801:55e2:40c8:a7cf:9f19:4dcb] [tmp/3hn69l4qoa804.1zo7dt0fljr4w.php:196] Base->{closure}()
Thu, 09 Jan 2025 21:12:33 -0500 [2603:9000:f801:55e2:40c8:a7cf:9f19:4dcb] [lib/base.php:3036] require('/home/u991737198/domains/tas2023.online/public_html/tmp/3hn69l4qoa804.1zo7dt0fljr4w.php')
Thu, 09 Jan 2025 21:12:33 -0500 [2603:9000:f801:55e2:40c8:a7cf:9f19:4dcb] [lib/base.php:3281] View->sandbox()
Thu, 09 Jan 2025 21:12:33 -0500 [2603:9000:f801:55e2:40c8:a7cf:9f19:4dcb] [tmp/3hn69l4qoa804.3h31n1yj254w8.php:7] Preview->render()
Thu, 09 Jan 2025 21:12:33 -0500 [2603:9000:f801:55e2:40c8:a7cf:9f19:4dcb] [lib/base.php:3036] require('/home/u991737198/domains/tas2023.online/public_html/tmp/3hn69l4qoa804.3h31n1yj254w8.php')
Thu, 09 Jan 2025 21:12:33 -0500 [2603:9000:f801:55e2:40c8:a7cf:9f19:4dcb] [lib/base.php:3281] View->sandbox()
Thu, 09 Jan 2025 21:12:33 -0500 [2603:9000:f801:55e2:40c8:a7cf:9f19:4dcb] [app/controllers/Controller.php:85] Preview->render()
Thu, 09 Jan 2025 21:12:33 -0500 [2603:9000:f801:55e2:40c8:a7cf:9f19:4dcb] [lib/base.php:2078] Controller->afterroute()
Thu, 09 Jan 2025 21:12:33 -0500 [2603:9000:f801:55e2:40c8:a7cf:9f19:4dcb] [lib/base.php:1871] Base->call()
Thu, 09 Jan 2025 21:12:33 -0500 [2603:9000:f801:55e2:40c8:a7cf:9f19:4dcb] [index.php:19] Base->run()
Thu, 09 Jan 2025 21:12:41 -0500 [2603:9000:f801:55e2:40c8:a7cf:9f19:4dcb] 500: Undefined variable $entity_num trace: [tmp/3hn69l4qoa804.1zo7dt0fljr4w.php:196]
Thu, 09 Jan 2025 21:12:41 -0500 [2603:9000:f801:55e2:40c8:a7cf:9f19:4dcb] [tmp/3hn69l4qoa804.1zo7dt0fljr4w.php:196] Base->{closure}()
Thu, 09 Jan 2025 21:12:41 -0500 [2603:9000:f801:55e2:40c8:a7cf:9f19:4dcb] [lib/base.php:3036] require('/home/u991737198/domains/tas2023.online/public_html/tmp/3hn69l4qoa804.1zo7dt0fljr4w.php')
Thu, 09 Jan 2025 21:12:41 -0500 [2603:9000:f801:55e2:40c8:a7cf:9f19:4dcb] [lib/base.php:3281] View->sandbox()
Thu, 09 Jan 2025 21:12:41 -0500 [2603:9000:f801:55e2:40c8:a7cf:9f19:4dcb] [tmp/3hn69l4qoa804.3h31n1yj254w8.php:7] Preview->render()
Thu, 09 Jan 2025 21:12:41 -0500 [2603:9000:f801:55e2:40c8:a7cf:9f19:4dcb] [lib/base.php:3036] require('/home/u991737198/domains/tas2023.online/public_html/tmp/3hn69l4qoa804.3h31n1yj254w8.php')
Thu, 09 Jan 2025 21:12:41 -0500 [2603:9000:f801:55e2:40c8:a7cf:9f19:4dcb] [lib/base.php:3281] View->sandbox()
Thu, 09 Jan 2025 21:12:41 -0500 [2603:9000:f801:55e2:40c8:a7cf:9f19:4dcb] [app/controllers/Controller.php:85] Preview->render()
Thu, 09 Jan 2025 21:12:41 -0500 [2603:9000:f801:55e2:40c8:a7cf:9f19:4dcb] [lib/base.php:2078] Controller->afterroute()
Thu, 09 Jan 2025 21:12:41 -0500 [2603:9000:f801:55e2:40c8:a7cf:9f19:4dcb] [lib/base.php:1871] Base->call()
Thu, 09 Jan 2025 21:12:41 -0500 [2603:9000:f801:55e2:40c8:a7cf:9f19:4dcb] [index.php:19] Base->run()
Thu, 09 Jan 2025 21:12:48 -0500 [2603:9000:f801:55e2:40c8:a7cf:9f19:4dcb] 500: Undefined variable $selected_note trace: [/home/u991737198/domains/tas2023.online/public_html/tmp/3hn69l4qoa804.3g8shy2588w00.php:307]
Thu, 09 Jan 2025 21:12:48 -0500 [2603:9000:f801:55e2:40c8:a7cf:9f19:4dcb] [/home/u991737198/domains/tas2023.online/public_html/tmp/3hn69l4qoa804.3g8shy2588w00.php:307] Base->{closure}()
Thu, 09 Jan 2025 21:12:48 -0500 [2603:9000:f801:55e2:40c8:a7cf:9f19:4dcb] [/home/u991737198/domains/tas2023.online/public_html/lib/base.php:3036] require('/home/u991737198/domains/tas2023.online/public_html/tmp/3hn69l4qoa804.3g8shy2588w00.php')
Thu, 09 Jan 2025 21:12:48 -0500 [2603:9000:f801:55e2:40c8:a7cf:9f19:4dcb] [/home/u991737198/domains/tas2023.online/public_html/lib/base.php:3281] View->sandbox()
Thu, 09 Jan 2025 21:12:48 -0500 [2603:9000:f801:55e2:40c8:a7cf:9f19:4dcb] [/home/u991737198/domains/tas2023.online/public_html/tmp/3hn69l4qoa804.3h31n1yj254w8.php:7] Preview->render()
Thu, 09 Jan 2025 21:12:48 -0500 [2603:9000:f801:55e2:40c8:a7cf:9f19:4dcb] [/home/u991737198/domains/tas2023.online/public_html/lib/base.php:3036] require('/home/u991737198/domains/tas2023.online/public_html/tmp/3hn69l4qoa804.3h31n1yj254w8.php')
Thu, 09 Jan 2025 21:12:48 -0500 [2603:9000:f801:55e2:40c8:a7cf:9f19:4dcb] [/home/u991737198/domains/tas2023.online/public_html/lib/base.php:3281] View->sandbox()
Thu, 09 Jan 2025 21:12:48 -0500 [2603:9000:f801:55e2:40c8:a7cf:9f19:4dcb] [/home/u991737198/domains/tas2023.online/public_html/app/controllers/Controller.php:85] Preview->render()
Thu, 09 Jan 2025 21:12:48 -0500 [2603:9000:f801:55e2:40c8:a7cf:9f19:4dcb] [/home/u991737198/domains/tas2023.online/public_html/lib/base.php:2078] Controller->afterroute()
Thu, 09 Jan 2025 21:12:48 -0500 [2603:9000:f801:55e2:40c8:a7cf:9f19:4dcb] [/home/u991737198/domains/tas2023.online/public_html/lib/base.php:1871] Base->call()
Thu, 09 Jan 2025 21:12:48 -0500 [2603:9000:f801:55e2:40c8:a7cf:9f19:4dcb] [/home/u991737198/domains/tas2023.online/public_html/index.php:19] Base->run()
Thu, 09 Jan 2025 22:41:49 -0500 [2603:9000:f801:55e2:40c8:a7cf:9f19:4dcb] 500: Undefined variable $entity_num trace: [tmp/3hn69l4qoa804.man4oes5p0l2.php:156]
Thu, 09 Jan 2025 22:41:49 -0500 [2603:9000:f801:55e2:40c8:a7cf:9f19:4dcb] [tmp/3hn69l4qoa804.man4oes5p0l2.php:156] Base->{closure}()
Thu, 09 Jan 2025 22:41:49 -0500 [2603:9000:f801:55e2:40c8:a7cf:9f19:4dcb] [lib/base.php:3036] require('/home/u991737198/domains/tas2023.online/public_html/tmp/3hn69l4qoa804.man4oes5p0l2.php')
Thu, 09 Jan 2025 22:41:49 -0500 [2603:9000:f801:55e2:40c8:a7cf:9f19:4dcb] [lib/base.php:3281] View->sandbox()
Thu, 09 Jan 2025 22:41:49 -0500 [2603:9000:f801:55e2:40c8:a7cf:9f19:4dcb] [tmp/3hn69l4qoa804.3h31n1yj254w8.php:7] Preview->render()
Thu, 09 Jan 2025 22:41:49 -0500 [2603:9000:f801:55e2:40c8:a7cf:9f19:4dcb] [lib/base.php:3036] require('/home/u991737198/domains/tas2023.online/public_html/tmp/3hn69l4qoa804.3h31n1yj254w8.php')
Thu, 09 Jan 2025 22:41:49 -0500 [2603:9000:f801:55e2:40c8:a7cf:9f19:4dcb] [lib/base.php:3281] View->sandbox()
Thu, 09 Jan 2025 22:41:49 -0500 [2603:9000:f801:55e2:40c8:a7cf:9f19:4dcb] [app/controllers/Controller.php:85] Preview->render()
Thu, 09 Jan 2025 22:41:49 -0500 [2603:9000:f801:55e2:40c8:a7cf:9f19:4dcb] [lib/base.php:2078] Controller->afterroute()
Thu, 09 Jan 2025 22:41:49 -0500 [2603:9000:f801:55e2:40c8:a7cf:9f19:4dcb] [lib/base.php:1871] Base->call()
Thu, 09 Jan 2025 22:41:49 -0500 [2603:9000:f801:55e2:40c8:a7cf:9f19:4dcb] [index.php:19] Base->run()
Thu, 09 Jan 2025 22:47:22 -0500 [2603:9000:f801:55e2:40c8:a7cf:9f19:4dcb] 500: Undefined variable $entity_num trace: [tmp/3hn69l4qoa804.man4oes5p0l2.php:156]
Thu, 09 Jan 2025 22:47:22 -0500 [2603:9000:f801:55e2:40c8:a7cf:9f19:4dcb] [tmp/3hn69l4qoa804.man4oes5p0l2.php:156] Base->{closure}()
Thu, 09 Jan 2025 22:47:22 -0500 [2603:9000:f801:55e2:40c8:a7cf:9f19:4dcb] [lib/base.php:3036] require('/home/u991737198/domains/tas2023.online/public_html/tmp/3hn69l4qoa804.man4oes5p0l2.php')
Thu, 09 Jan 2025 22:47:22 -0500 [2603:9000:f801:55e2:40c8:a7cf:9f19:4dcb] [lib/base.php:3281] View->sandbox()
Thu, 09 Jan 2025 22:47:22 -0500 [2603:9000:f801:55e2:40c8:a7cf:9f19:4dcb] [tmp/3hn69l4qoa804.3h31n1yj254w8.php:7] Preview->render()
Thu, 09 Jan 2025 22:47:22 -0500 [2603:9000:f801:55e2:40c8:a7cf:9f19:4dcb] [lib/base.php:3036] require('/home/u991737198/domains/tas2023.online/public_html/tmp/3hn69l4qoa804.3h31n1yj254w8.php')
Thu, 09 Jan 2025 22:47:22 -0500 [2603:9000:f801:55e2:40c8:a7cf:9f19:4dcb] [lib/base.php:3281] View->sandbox()
Thu, 09 Jan 2025 22:47:22 -0500 [2603:9000:f801:55e2:40c8:a7cf:9f19:4dcb] [app/controllers/Controller.php:85] Preview->render()
Thu, 09 Jan 2025 22:47:22 -0500 [2603:9000:f801:55e2:40c8:a7cf:9f19:4dcb] [lib/base.php:2078] Controller->afterroute()
Thu, 09 Jan 2025 22:47:22 -0500 [2603:9000:f801:55e2:40c8:a7cf:9f19:4dcb] [lib/base.php:1871] Base->call()
Thu, 09 Jan 2025 22:47:22 -0500 [2603:9000:f801:55e2:40c8:a7cf:9f19:4dcb] [index.php:19] Base->run()
Thu, 09 Jan 2025 22:47:57 -0500 [2603:9000:f801:55e2:40c8:a7cf:9f19:4dcb] 500: Undefined variable $entity_num trace: [tmp/3hn69l4qoa804.man4oes5p0l2.php:156]
Thu, 09 Jan 2025 22:47:57 -0500 [2603:9000:f801:55e2:40c8:a7cf:9f19:4dcb] [tmp/3hn69l4qoa804.man4oes5p0l2.php:156] Base->{closure}()
Thu, 09 Jan 2025 22:47:57 -0500 [2603:9000:f801:55e2:40c8:a7cf:9f19:4dcb] [lib/base.php:3036] require('/home/u991737198/domains/tas2023.online/public_html/tmp/3hn69l4qoa804.man4oes5p0l2.php')
Thu, 09 Jan 2025 22:47:57 -0500 [2603:9000:f801:55e2:40c8:a7cf:9f19:4dcb] [lib/base.php:3281] View->sandbox()
Thu, 09 Jan 2025 22:47:57 -0500 [2603:9000:f801:55e2:40c8:a7cf:9f19:4dcb] [tmp/3hn69l4qoa804.3h31n1yj254w8.php:7] Preview->render()
Thu, 09 Jan 2025 22:47:57 -0500 [2603:9000:f801:55e2:40c8:a7cf:9f19:4dcb] [lib/base.php:3036] require('/home/u991737198/domains/tas2023.online/public_html/tmp/3hn69l4qoa804.3h31n1yj254w8.php')
Thu, 09 Jan 2025 22:47:57 -0500 [2603:9000:f801:55e2:40c8:a7cf:9f19:4dcb] [lib/base.php:3281] View->sandbox()
Thu, 09 Jan 2025 22:47:57 -0500 [2603:9000:f801:55e2:40c8:a7cf:9f19:4dcb] [app/controllers/Controller.php:85] Preview->render()
Thu, 09 Jan 2025 22:47:57 -0500 [2603:9000:f801:55e2:40c8:a7cf:9f19:4dcb] [lib/base.php:2078] Controller->afterroute()
Thu, 09 Jan 2025 22:47:57 -0500 [2603:9000:f801:55e2:40c8:a7cf:9f19:4dcb] [lib/base.php:1871] Base->call()
Thu, 09 Jan 2025 22:47:57 -0500 [2603:9000:f801:55e2:40c8:a7cf:9f19:4dcb] [index.php:19] Base->run()
Thu, 09 Jan 2025 22:49:50 -0500 [2603:9000:f801:55e2:40c8:a7cf:9f19:4dcb] 500: Undefined variable $entity_num trace: [tmp/3hn69l4qoa804.man4oes5p0l2.php:156]
Thu, 09 Jan 2025 22:49:50 -0500 [2603:9000:f801:55e2:40c8:a7cf:9f19:4dcb] [tmp/3hn69l4qoa804.man4oes5p0l2.php:156] Base->{closure}()
Thu, 09 Jan 2025 22:49:50 -0500 [2603:9000:f801:55e2:40c8:a7cf:9f19:4dcb] [lib/base.php:3036] require('/home/u991737198/domains/tas2023.online/public_html/tmp/3hn69l4qoa804.man4oes5p0l2.php')
Thu, 09 Jan 2025 22:49:50 -0500 [2603:9000:f801:55e2:40c8:a7cf:9f19:4dcb] [lib/base.php:3281] View->sandbox()
Thu, 09 Jan 2025 22:49:50 -0500 [2603:9000:f801:55e2:40c8:a7cf:9f19:4dcb] [tmp/3hn69l4qoa804.3h31n1yj254w8.php:7] Preview->render()
Thu, 09 Jan 2025 22:49:50 -0500 [2603:9000:f801:55e2:40c8:a7cf:9f19:4dcb] [lib/base.php:3036] require('/home/u991737198/domains/tas2023.online/public_html/tmp/3hn69l4qoa804.3h31n1yj254w8.php')
Thu, 09 Jan 2025 22:49:50 -0500 [2603:9000:f801:55e2:40c8:a7cf:9f19:4dcb] [lib/base.php:3281] View->sandbox()
Thu, 09 Jan 2025 22:49:50 -0500 [2603:9000:f801:55e2:40c8:a7cf:9f19:4dcb] [app/controllers/Controller.php:85] Preview->render()
Thu, 09 Jan 2025 22:49:50 -0500 [2603:9000:f801:55e2:40c8:a7cf:9f19:4dcb] [lib/base.php:2078] Controller->afterroute()
Thu, 09 Jan 2025 22:49:50 -0500 [2603:9000:f801:55e2:40c8:a7cf:9f19:4dcb] [lib/base.php:1871] Base->call()
Thu, 09 Jan 2025 22:49:50 -0500 [2603:9000:f801:55e2:40c8:a7cf:9f19:4dcb] [index.php:19] Base->run()
Thu, 09 Jan 2025 22:51:52 -0500 [2603:9000:f801:55e2:40c8:a7cf:9f19:4dcb] 500: Undefined variable $entity_num trace: [tmp/3hn69l4qoa804.man4oes5p0l2.php:156]
Thu, 09 Jan 2025 22:51:52 -0500 [2603:9000:f801:55e2:40c8:a7cf:9f19:4dcb] [tmp/3hn69l4qoa804.man4oes5p0l2.php:156] Base->{closure}()
Thu, 09 Jan 2025 22:51:52 -0500 [2603:9000:f801:55e2:40c8:a7cf:9f19:4dcb] [lib/base.php:3036] require('/home/u991737198/domains/tas2023.online/public_html/tmp/3hn69l4qoa804.man4oes5p0l2.php')
Thu, 09 Jan 2025 22:51:52 -0500 [2603:9000:f801:55e2:40c8:a7cf:9f19:4dcb] [lib/base.php:3281] View->sandbox()
Thu, 09 Jan 2025 22:51:52 -0500 [2603:9000:f801:55e2:40c8:a7cf:9f19:4dcb] [tmp/3hn69l4qoa804.3h31n1yj254w8.php:7] Preview->render()
Thu, 09 Jan 2025 22:51:52 -0500 [2603:9000:f801:55e2:40c8:a7cf:9f19:4dcb] [lib/base.php:3036] require('/home/u991737198/domains/tas2023.online/public_html/tmp/3hn69l4qoa804.3h31n1yj254w8.php')
Thu, 09 Jan 2025 22:51:52 -0500 [2603:9000:f801:55e2:40c8:a7cf:9f19:4dcb] [lib/base.php:3281] View->sandbox()
Thu, 09 Jan 2025 22:51:52 -0500 [2603:9000:f801:55e2:40c8:a7cf:9f19:4dcb] [app/controllers/Controller.php:85] Preview->render()
Thu, 09 Jan 2025 22:51:52 -0500 [2603:9000:f801:55e2:40c8:a7cf:9f19:4dcb] [lib/base.php:2078] Controller->afterroute()
Thu, 09 Jan 2025 22:51:52 -0500 [2603:9000:f801:55e2:40c8:a7cf:9f19:4dcb] [lib/base.php:1871] Base->call()
Thu, 09 Jan 2025 22:51:52 -0500 [2603:9000:f801:55e2:40c8:a7cf:9f19:4dcb] [index.php:19] Base->run()
Thu, 09 Jan 2025 22:53:55 -0500 [2603:9000:f801:55e2:40c8:a7cf:9f19:4dcb] 500: Undefined variable $entity_num trace: [tmp/3hn69l4qoa804.man4oes5p0l2.php:156]
Thu, 09 Jan 2025 22:53:55 -0500 [2603:9000:f801:55e2:40c8:a7cf:9f19:4dcb] [tmp/3hn69l4qoa804.man4oes5p0l2.php:156] Base->{closure}()
Thu, 09 Jan 2025 22:53:55 -0500 [2603:9000:f801:55e2:40c8:a7cf:9f19:4dcb] [lib/base.php:3036] require('/home/u991737198/domains/tas2023.online/public_html/tmp/3hn69l4qoa804.man4oes5p0l2.php')
Thu, 09 Jan 2025 22:53:55 -0500 [2603:9000:f801:55e2:40c8:a7cf:9f19:4dcb] [lib/base.php:3281] View->sandbox()
Thu, 09 Jan 2025 22:53:55 -0500 [2603:9000:f801:55e2:40c8:a7cf:9f19:4dcb] [tmp/3hn69l4qoa804.3h31n1yj254w8.php:7] Preview->render()
Thu, 09 Jan 2025 22:53:55 -0500 [2603:9000:f801:55e2:40c8:a7cf:9f19:4dcb] [lib/base.php:3036] require('/home/u991737198/domains/tas2023.online/public_html/tmp/3hn69l4qoa804.3h31n1yj254w8.php')
Thu, 09 Jan 2025 22:53:55 -0500 [2603:9000:f801:55e2:40c8:a7cf:9f19:4dcb] [lib/base.php:3281] View->sandbox()
Thu, 09 Jan 2025 22:53:55 -0500 [2603:9000:f801:55e2:40c8:a7cf:9f19:4dcb] [app/controllers/Controller.php:85] Preview->render()
Thu, 09 Jan 2025 22:53:55 -0500 [2603:9000:f801:55e2:40c8:a7cf:9f19:4dcb] [lib/base.php:2078] Controller->afterroute()
Thu, 09 Jan 2025 22:53:55 -0500 [2603:9000:f801:55e2:40c8:a7cf:9f19:4dcb] [lib/base.php:1871] Base->call()
Thu, 09 Jan 2025 22:53:55 -0500 [2603:9000:f801:55e2:40c8:a7cf:9f19:4dcb] [index.php:19] Base->run()
Thu, 09 Jan 2025 23:09:56 -0500 [2603:9000:f801:55e2:40c8:a7cf:9f19:4dcb] 500: Undefined variable $entity_num trace: [tmp/3hn69l4qoa804.1zo7dt0fljr4w.php:196]
Thu, 09 Jan 2025 23:09:56 -0500 [2603:9000:f801:55e2:40c8:a7cf:9f19:4dcb] [tmp/3hn69l4qoa804.1zo7dt0fljr4w.php:196] Base->{closure}()
Thu, 09 Jan 2025 23:09:56 -0500 [2603:9000:f801:55e2:40c8:a7cf:9f19:4dcb] [lib/base.php:3036] require('/home/u991737198/domains/tas2023.online/public_html/tmp/3hn69l4qoa804.1zo7dt0fljr4w.php')
Thu, 09 Jan 2025 23:09:56 -0500 [2603:9000:f801:55e2:40c8:a7cf:9f19:4dcb] [lib/base.php:3281] View->sandbox()
Thu, 09 Jan 2025 23:09:56 -0500 [2603:9000:f801:55e2:40c8:a7cf:9f19:4dcb] [tmp/3hn69l4qoa804.3h31n1yj254w8.php:7] Preview->render()
Thu, 09 Jan 2025 23:09:56 -0500 [2603:9000:f801:55e2:40c8:a7cf:9f19:4dcb] [lib/base.php:3036] require('/home/u991737198/domains/tas2023.online/public_html/tmp/3hn69l4qoa804.3h31n1yj254w8.php')
Thu, 09 Jan 2025 23:09:56 -0500 [2603:9000:f801:55e2:40c8:a7cf:9f19:4dcb] [lib/base.php:3281] View->sandbox()
Thu, 09 Jan 2025 23:09:56 -0500 [2603:9000:f801:55e2:40c8:a7cf:9f19:4dcb] [app/controllers/Controller.php:85] Preview->render()
Thu, 09 Jan 2025 23:09:56 -0500 [2603:9000:f801:55e2:40c8:a7cf:9f19:4dcb] [lib/base.php:2078] Controller->afterroute()
Thu, 09 Jan 2025 23:09:56 -0500 [2603:9000:f801:55e2:40c8:a7cf:9f19:4dcb] [lib/base.php:1871] Base->call()
Thu, 09 Jan 2025 23:09:56 -0500 [2603:9000:f801:55e2:40c8:a7cf:9f19:4dcb] [index.php:19] Base->run()
Thu, 09 Jan 2025 23:10:01 -0500 [2603:9000:f801:55e2:40c8:a7cf:9f19:4dcb] 500: Undefined variable $entity_num trace: [tmp/3hn69l4qoa804.1zo7dt0fljr4w.php:196]
Thu, 09 Jan 2025 23:10:01 -0500 [2603:9000:f801:55e2:40c8:a7cf:9f19:4dcb] [tmp/3hn69l4qoa804.1zo7dt0fljr4w.php:196] Base->{closure}()
Thu, 09 Jan 2025 23:10:01 -0500 [2603:9000:f801:55e2:40c8:a7cf:9f19:4dcb] [lib/base.php:3036] require('/home/u991737198/domains/tas2023.online/public_html/tmp/3hn69l4qoa804.1zo7dt0fljr4w.php')
Thu, 09 Jan 2025 23:10:01 -0500 [2603:9000:f801:55e2:40c8:a7cf:9f19:4dcb] [lib/base.php:3281] View->sandbox()
Thu, 09 Jan 2025 23:10:01 -0500 [2603:9000:f801:55e2:40c8:a7cf:9f19:4dcb] [tmp/3hn69l4qoa804.3h31n1yj254w8.php:7] Preview->render()
Thu, 09 Jan 2025 23:10:01 -0500 [2603:9000:f801:55e2:40c8:a7cf:9f19:4dcb] [lib/base.php:3036] require('/home/u991737198/domains/tas2023.online/public_html/tmp/3hn69l4qoa804.3h31n1yj254w8.php')
Thu, 09 Jan 2025 23:10:01 -0500 [2603:9000:f801:55e2:40c8:a7cf:9f19:4dcb] [lib/base.php:3281] View->sandbox()
Thu, 09 Jan 2025 23:10:01 -0500 [2603:9000:f801:55e2:40c8:a7cf:9f19:4dcb] [app/controllers/Controller.php:85] Preview->render()
Thu, 09 Jan 2025 23:10:01 -0500 [2603:9000:f801:55e2:40c8:a7cf:9f19:4dcb] [lib/base.php:2078] Controller->afterroute()
Thu, 09 Jan 2025 23:10:01 -0500 [2603:9000:f801:55e2:40c8:a7cf:9f19:4dcb] [lib/base.php:1871] Base->call()
Thu, 09 Jan 2025 23:10:01 -0500 [2603:9000:f801:55e2:40c8:a7cf:9f19:4dcb] [index.php:19] Base->run()
Thu, 09 Jan 2025 23:10:44 -0500 [2603:9000:f801:55e2:40c8:a7cf:9f19:4dcb] 500: Undefined variable $selected_note trace: [/home/u991737198/domains/tas2023.online/public_html/tmp/3hn69l4qoa804.3g8shy2588w00.php:307]
Thu, 09 Jan 2025 23:10:44 -0500 [2603:9000:f801:55e2:40c8:a7cf:9f19:4dcb] [/home/u991737198/domains/tas2023.online/public_html/tmp/3hn69l4qoa804.3g8shy2588w00.php:307] Base->{closure}()
Thu, 09 Jan 2025 23:10:44 -0500 [2603:9000:f801:55e2:40c8:a7cf:9f19:4dcb] [/home/u991737198/domains/tas2023.online/public_html/lib/base.php:3036] require('/home/u991737198/domains/tas2023.online/public_html/tmp/3hn69l4qoa804.3g8shy2588w00.php')
Thu, 09 Jan 2025 23:10:44 -0500 [2603:9000:f801:55e2:40c8:a7cf:9f19:4dcb] [/home/u991737198/domains/tas2023.online/public_html/lib/base.php:3281] View->sandbox()
Thu, 09 Jan 2025 23:10:44 -0500 [2603:9000:f801:55e2:40c8:a7cf:9f19:4dcb] [/home/u991737198/domains/tas2023.online/public_html/tmp/3hn69l4qoa804.3h31n1yj254w8.php:7] Preview->render()
Thu, 09 Jan 2025 23:10:44 -0500 [2603:9000:f801:55e2:40c8:a7cf:9f19:4dcb] [/home/u991737198/domains/tas2023.online/public_html/lib/base.php:3036] require('/home/u991737198/domains/tas2023.online/public_html/tmp/3hn69l4qoa804.3h31n1yj254w8.php')
Thu, 09 Jan 2025 23:10:44 -0500 [2603:9000:f801:55e2:40c8:a7cf:9f19:4dcb] [/home/u991737198/domains/tas2023.online/public_html/lib/base.php:3281] View->sandbox()
Thu, 09 Jan 2025 23:10:44 -0500 [2603:9000:f801:55e2:40c8:a7cf:9f19:4dcb] [/home/u991737198/domains/tas2023.online/public_html/app/controllers/Controller.php:85] Preview->render()
Thu, 09 Jan 2025 23:10:44 -0500 [2603:9000:f801:55e2:40c8:a7cf:9f19:4dcb] [/home/u991737198/domains/tas2023.online/public_html/lib/base.php:2078] Controller->afterroute()
Thu, 09 Jan 2025 23:10:44 -0500 [2603:9000:f801:55e2:40c8:a7cf:9f19:4dcb] [/home/u991737198/domains/tas2023.online/public_html/lib/base.php:1871] Base->call()
Thu, 09 Jan 2025 23:10:44 -0500 [2603:9000:f801:55e2:40c8:a7cf:9f19:4dcb] [/home/u991737198/domains/tas2023.online/public_html/index.php:19] Base->run()
Thu, 09 Jan 2025 23:12:02 -0500 [2603:9000:f801:55e2:40c8:a7cf:9f19:4dcb] 500: trim(): Passing null to parameter #1 ($string) of type string is deprecated trace: [/home/u991737198/domains/tas2023.online/public_html/tmp/3hn69l4qoa804.3g8shy2588w00.php:276]
Thu, 09 Jan 2025 23:12:02 -0500 [2603:9000:f801:55e2:40c8:a7cf:9f19:4dcb] [/home/u991737198/domains/tas2023.online/public_html/tmp/3hn69l4qoa804.3g8shy2588w00.php:276] trim()
Thu, 09 Jan 2025 23:12:02 -0500 [2603:9000:f801:55e2:40c8:a7cf:9f19:4dcb] [/home/u991737198/domains/tas2023.online/public_html/lib/base.php:3036] require('/home/u991737198/domains/tas2023.online/public_html/tmp/3hn69l4qoa804.3g8shy2588w00.php')
Thu, 09 Jan 2025 23:12:02 -0500 [2603:9000:f801:55e2:40c8:a7cf:9f19:4dcb] [/home/u991737198/domains/tas2023.online/public_html/lib/base.php:3281] View->sandbox()
Thu, 09 Jan 2025 23:12:02 -0500 [2603:9000:f801:55e2:40c8:a7cf:9f19:4dcb] [/home/u991737198/domains/tas2023.online/public_html/tmp/3hn69l4qoa804.3h31n1yj254w8.php:7] Preview->render()
Thu, 09 Jan 2025 23:12:02 -0500 [2603:9000:f801:55e2:40c8:a7cf:9f19:4dcb] [/home/u991737198/domains/tas2023.online/public_html/lib/base.php:3036] require('/home/u991737198/domains/tas2023.online/public_html/tmp/3hn69l4qoa804.3h31n1yj254w8.php')
Thu, 09 Jan 2025 23:12:02 -0500 [2603:9000:f801:55e2:40c8:a7cf:9f19:4dcb] [/home/u991737198/domains/tas2023.online/public_html/lib/base.php:3281] View->sandbox()
Thu, 09 Jan 2025 23:12:02 -0500 [2603:9000:f801:55e2:40c8:a7cf:9f19:4dcb] [/home/u991737198/domains/tas2023.online/public_html/app/controllers/Controller.php:85] Preview->render()
Thu, 09 Jan 2025 23:12:02 -0500 [2603:9000:f801:55e2:40c8:a7cf:9f19:4dcb] [/home/u991737198/domains/tas2023.online/public_html/lib/base.php:2078] Controller->afterroute()
Thu, 09 Jan 2025 23:12:02 -0500 [2603:9000:f801:55e2:40c8:a7cf:9f19:4dcb] [/home/u991737198/domains/tas2023.online/public_html/lib/base.php:1871] Base->call()
Thu, 09 Jan 2025 23:12:02 -0500 [2603:9000:f801:55e2:40c8:a7cf:9f19:4dcb] [/home/u991737198/domains/tas2023.online/public_html/index.php:19] Base->run()
Thu, 09 Jan 2025 23:12:15 -0500 [2603:9000:f801:55e2:40c8:a7cf:9f19:4dcb] 500: Undefined variable $selected_note trace: [/home/u991737198/domains/tas2023.online/public_html/tmp/3hn69l4qoa804.3g8shy2588w00.php:307]
Thu, 09 Jan 2025 23:12:15 -0500 [2603:9000:f801:55e2:40c8:a7cf:9f19:4dcb] [/home/u991737198/domains/tas2023.online/public_html/tmp/3hn69l4qoa804.3g8shy2588w00.php:307] Base->{closure}()
Thu, 09 Jan 2025 23:12:15 -0500 [2603:9000:f801:55e2:40c8:a7cf:9f19:4dcb] [/home/u991737198/domains/tas2023.online/public_html/lib/base.php:3036] require('/home/u991737198/domains/tas2023.online/public_html/tmp/3hn69l4qoa804.3g8shy2588w00.php')
Thu, 09 Jan 2025 23:12:15 -0500 [2603:9000:f801:55e2:40c8:a7cf:9f19:4dcb] [/home/u991737198/domains/tas2023.online/public_html/lib/base.php:3281] View->sandbox()
Thu, 09 Jan 2025 23:12:15 -0500 [2603:9000:f801:55e2:40c8:a7cf:9f19:4dcb] [/home/u991737198/domains/tas2023.online/public_html/tmp/3hn69l4qoa804.3h31n1yj254w8.php:7] Preview->render()
Thu, 09 Jan 2025 23:12:15 -0500 [2603:9000:f801:55e2:40c8:a7cf:9f19:4dcb] [/home/u991737198/domains/tas2023.online/public_html/lib/base.php:3036] require('/home/u991737198/domains/tas2023.online/public_html/tmp/3hn69l4qoa804.3h31n1yj254w8.php')
Thu, 09 Jan 2025 23:12:15 -0500 [2603:9000:f801:55e2:40c8:a7cf:9f19:4dcb] [/home/u991737198/domains/tas2023.online/public_html/lib/base.php:3281] View->sandbox()
Thu, 09 Jan 2025 23:12:15 -0500 [2603:9000:f801:55e2:40c8:a7cf:9f19:4dcb] [/home/u991737198/domains/tas2023.online/public_html/app/controllers/Controller.php:85] Preview->render()
Thu, 09 Jan 2025 23:12:15 -0500 [2603:9000:f801:55e2:40c8:a7cf:9f19:4dcb] [/home/u991737198/domains/tas2023.online/public_html/lib/base.php:2078] Controller->afterroute()
Thu, 09 Jan 2025 23:12:15 -0500 [2603:9000:f801:55e2:40c8:a7cf:9f19:4dcb] [/home/u991737198/domains/tas2023.online/public_html/lib/base.php:1871] Base->call()
Thu, 09 Jan 2025 23:12:15 -0500 [2603:9000:f801:55e2:40c8:a7cf:9f19:4dcb] [/home/u991737198/domains/tas2023.online/public_html/index.php:19] Base->run()
Thu, 09 Jan 2025 23:12:20 -0500 [2603:9000:f801:55e2:40c8:a7cf:9f19:4dcb] 500: trim(): Passing null to parameter #1 ($string) of type string is deprecated trace: [/home/u991737198/domains/tas2023.online/public_html/tmp/3hn69l4qoa804.3g8shy2588w00.php:276]
Thu, 09 Jan 2025 23:12:20 -0500 [2603:9000:f801:55e2:40c8:a7cf:9f19:4dcb] [/home/u991737198/domains/tas2023.online/public_html/tmp/3hn69l4qoa804.3g8shy2588w00.php:276] trim()
Thu, 09 Jan 2025 23:12:20 -0500 [2603:9000:f801:55e2:40c8:a7cf:9f19:4dcb] [/home/u991737198/domains/tas2023.online/public_html/lib/base.php:3036] require('/home/u991737198/domains/tas2023.online/public_html/tmp/3hn69l4qoa804.3g8shy2588w00.php')
Thu, 09 Jan 2025 23:12:20 -0500 [2603:9000:f801:55e2:40c8:a7cf:9f19:4dcb] [/home/u991737198/domains/tas2023.online/public_html/lib/base.php:3281] View->sandbox()
Thu, 09 Jan 2025 23:12:20 -0500 [2603:9000:f801:55e2:40c8:a7cf:9f19:4dcb] [/home/u991737198/domains/tas2023.online/public_html/tmp/3hn69l4qoa804.3h31n1yj254w8.php:7] Preview->render()
Thu, 09 Jan 2025 23:12:20 -0500 [2603:9000:f801:55e2:40c8:a7cf:9f19:4dcb] [/home/u991737198/domains/tas2023.online/public_html/lib/base.php:3036] require('/home/u991737198/domains/tas2023.online/public_html/tmp/3hn69l4qoa804.3h31n1yj254w8.php')
Thu, 09 Jan 2025 23:12:20 -0500 [2603:9000:f801:55e2:40c8:a7cf:9f19:4dcb] [/home/u991737198/domains/tas2023.online/public_html/lib/base.php:3281] View->sandbox()
Thu, 09 Jan 2025 23:12:20 -0500 [2603:9000:f801:55e2:40c8:a7cf:9f19:4dcb] [/home/u991737198/domains/tas2023.online/public_html/app/controllers/Controller.php:85] Preview->render()
Thu, 09 Jan 2025 23:12:20 -0500 [2603:9000:f801:55e2:40c8:a7cf:9f19:4dcb] [/home/u991737198/domains/tas2023.online/public_html/lib/base.php:2078] Controller->afterroute()
Thu, 09 Jan 2025 23:12:20 -0500 [2603:9000:f801:55e2:40c8:a7cf:9f19:4dcb] [/home/u991737198/domains/tas2023.online/public_html/lib/base.php:1871] Base->call()
Thu, 09 Jan 2025 23:12:20 -0500 [2603:9000:f801:55e2:40c8:a7cf:9f19:4dcb] [/home/u991737198/domains/tas2023.online/public_html/index.php:19] Base->run()
Thu, 09 Jan 2025 23:12:26 -0500 [2603:9000:f801:55e2:40c8:a7cf:9f19:4dcb] 500: Undefined variable $selected_note trace: [/home/u991737198/domains/tas2023.online/public_html/tmp/3hn69l4qoa804.3g8shy2588w00.php:307]
Thu, 09 Jan 2025 23:12:26 -0500 [2603:9000:f801:55e2:40c8:a7cf:9f19:4dcb] [/home/u991737198/domains/tas2023.online/public_html/tmp/3hn69l4qoa804.3g8shy2588w00.php:307] Base->{closure}()
Thu, 09 Jan 2025 23:12:26 -0500 [2603:9000:f801:55e2:40c8:a7cf:9f19:4dcb] [/home/u991737198/domains/tas2023.online/public_html/lib/base.php:3036] require('/home/u991737198/domains/tas2023.online/public_html/tmp/3hn69l4qoa804.3g8shy2588w00.php')
Thu, 09 Jan 2025 23:12:26 -0500 [2603:9000:f801:55e2:40c8:a7cf:9f19:4dcb] [/home/u991737198/domains/tas2023.online/public_html/lib/base.php:3281] View->sandbox()
Thu, 09 Jan 2025 23:12:26 -0500 [2603:9000:f801:55e2:40c8:a7cf:9f19:4dcb] [/home/u991737198/domains/tas2023.online/public_html/tmp/3hn69l4qoa804.3h31n1yj254w8.php:7] Preview->render()
Thu, 09 Jan 2025 23:12:26 -0500 [2603:9000:f801:55e2:40c8:a7cf:9f19:4dcb] [/home/u991737198/domains/tas2023.online/public_html/lib/base.php:3036] require('/home/u991737198/domains/tas2023.online/public_html/tmp/3hn69l4qoa804.3h31n1yj254w8.php')
Thu, 09 Jan 2025 23:12:26 -0500 [2603:9000:f801:55e2:40c8:a7cf:9f19:4dcb] [/home/u991737198/domains/tas2023.online/public_html/lib/base.php:3281] View->sandbox()
Thu, 09 Jan 2025 23:12:26 -0500 [2603:9000:f801:55e2:40c8:a7cf:9f19:4dcb] [/home/u991737198/domains/tas2023.online/public_html/app/controllers/Controller.php:85] Preview->render()
Thu, 09 Jan 2025 23:12:26 -0500 [2603:9000:f801:55e2:40c8:a7cf:9f19:4dcb] [/home/u991737198/domains/tas2023.online/public_html/lib/base.php:2078] Controller->afterroute()
Thu, 09 Jan 2025 23:12:26 -0500 [2603:9000:f801:55e2:40c8:a7cf:9f19:4dcb] [/home/u991737198/domains/tas2023.online/public_html/lib/base.php:1871] Base->call()
Thu, 09 Jan 2025 23:12:26 -0500 [2603:9000:f801:55e2:40c8:a7cf:9f19:4dcb] [/home/u991737198/domains/tas2023.online/public_html/index.php:19] Base->run()
Thu, 09 Jan 2025 23:12:30 -0500 [2603:9000:f801:55e2:40c8:a7cf:9f19:4dcb] 500: trim(): Passing null to parameter #1 ($string) of type string is deprecated trace: [/home/u991737198/domains/tas2023.online/public_html/tmp/3hn69l4qoa804.3g8shy2588w00.php:276]
Thu, 09 Jan 2025 23:12:30 -0500 [2603:9000:f801:55e2:40c8:a7cf:9f19:4dcb] [/home/u991737198/domains/tas2023.online/public_html/tmp/3hn69l4qoa804.3g8shy2588w00.php:276] trim()
Thu, 09 Jan 2025 23:12:30 -0500 [2603:9000:f801:55e2:40c8:a7cf:9f19:4dcb] [/home/u991737198/domains/tas2023.online/public_html/lib/base.php:3036] require('/home/u991737198/domains/tas2023.online/public_html/tmp/3hn69l4qoa804.3g8shy2588w00.php')
Thu, 09 Jan 2025 23:12:30 -0500 [2603:9000:f801:55e2:40c8:a7cf:9f19:4dcb] [/home/u991737198/domains/tas2023.online/public_html/lib/base.php:3281] View->sandbox()
Thu, 09 Jan 2025 23:12:30 -0500 [2603:9000:f801:55e2:40c8:a7cf:9f19:4dcb] [/home/u991737198/domains/tas2023.online/public_html/tmp/3hn69l4qoa804.3h31n1yj254w8.php:7] Preview->render()
Thu, 09 Jan 2025 23:12:30 -0500 [2603:9000:f801:55e2:40c8:a7cf:9f19:4dcb] [/home/u991737198/domains/tas2023.online/public_html/lib/base.php:3036] require('/home/u991737198/domains/tas2023.online/public_html/tmp/3hn69l4qoa804.3h31n1yj254w8.php')
Thu, 09 Jan 2025 23:12:30 -0500 [2603:9000:f801:55e2:40c8:a7cf:9f19:4dcb] [/home/u991737198/domains/tas2023.online/public_html/lib/base.php:3281] View->sandbox()
Thu, 09 Jan 2025 23:12:30 -0500 [2603:9000:f801:55e2:40c8:a7cf:9f19:4dcb] [/home/u991737198/domains/tas2023.online/public_html/app/controllers/Controller.php:85] Preview->render()
Thu, 09 Jan 2025 23:12:30 -0500 [2603:9000:f801:55e2:40c8:a7cf:9f19:4dcb] [/home/u991737198/domains/tas2023.online/public_html/lib/base.php:2078] Controller->afterroute()
Thu, 09 Jan 2025 23:12:30 -0500 [2603:9000:f801:55e2:40c8:a7cf:9f19:4dcb] [/home/u991737198/domains/tas2023.online/public_html/lib/base.php:1871] Base->call()
Thu, 09 Jan 2025 23:12:30 -0500 [2603:9000:f801:55e2:40c8:a7cf:9f19:4dcb] [/home/u991737198/domains/tas2023.online/public_html/index.php:19] Base->run()
Thu, 09 Jan 2025 23:12:55 -0500 [2603:9000:f801:55e2:40c8:a7cf:9f19:4dcb] 500: Undefined variable $selected_note trace: [/home/u991737198/domains/tas2023.online/public_html/tmp/3hn69l4qoa804.3g8shy2588w00.php:307]
Thu, 09 Jan 2025 23:12:55 -0500 [2603:9000:f801:55e2:40c8:a7cf:9f19:4dcb] [/home/u991737198/domains/tas2023.online/public_html/tmp/3hn69l4qoa804.3g8shy2588w00.php:307] Base->{closure}()
Thu, 09 Jan 2025 23:12:55 -0500 [2603:9000:f801:55e2:40c8:a7cf:9f19:4dcb] [/home/u991737198/domains/tas2023.online/public_html/lib/base.php:3036] require('/home/u991737198/domains/tas2023.online/public_html/tmp/3hn69l4qoa804.3g8shy2588w00.php')
Thu, 09 Jan 2025 23:12:55 -0500 [2603:9000:f801:55e2:40c8:a7cf:9f19:4dcb] [/home/u991737198/domains/tas2023.online/public_html/lib/base.php:3281] View->sandbox()
Thu, 09 Jan 2025 23:12:55 -0500 [2603:9000:f801:55e2:40c8:a7cf:9f19:4dcb] [/home/u991737198/domains/tas2023.online/public_html/tmp/3hn69l4qoa804.3h31n1yj254w8.php:7] Preview->render()
Thu, 09 Jan 2025 23:12:55 -0500 [2603:9000:f801:55e2:40c8:a7cf:9f19:4dcb] [/home/u991737198/domains/tas2023.online/public_html/lib/base.php:3036] require('/home/u991737198/domains/tas2023.online/public_html/tmp/3hn69l4qoa804.3h31n1yj254w8.php')
Thu, 09 Jan 2025 23:12:55 -0500 [2603:9000:f801:55e2:40c8:a7cf:9f19:4dcb] [/home/u991737198/domains/tas2023.online/public_html/lib/base.php:3281] View->sandbox()
Thu, 09 Jan 2025 23:12:55 -0500 [2603:9000:f801:55e2:40c8:a7cf:9f19:4dcb] [/home/u991737198/domains/tas2023.online/public_html/app/controllers/Controller.php:85] Preview->render()
Thu, 09 Jan 2025 23:12:55 -0500 [2603:9000:f801:55e2:40c8:a7cf:9f19:4dcb] [/home/u991737198/domains/tas2023.online/public_html/lib/base.php:2078] Controller->afterroute()
Thu, 09 Jan 2025 23:12:55 -0500 [2603:9000:f801:55e2:40c8:a7cf:9f19:4dcb] [/home/u991737198/domains/tas2023.online/public_html/lib/base.php:1871] Base->call()
Thu, 09 Jan 2025 23:12:55 -0500 [2603:9000:f801:55e2:40c8:a7cf:9f19:4dcb] [/home/u991737198/domains/tas2023.online/public_html/index.php:19] Base->run()
Thu, 09 Jan 2025 23:12:59 -0500 [2603:9000:f801:55e2:40c8:a7cf:9f19:4dcb] 500: trim(): Passing null to parameter #1 ($string) of type string is deprecated trace: [/home/u991737198/domains/tas2023.online/public_html/tmp/3hn69l4qoa804.3g8shy2588w00.php:276]
Thu, 09 Jan 2025 23:12:59 -0500 [2603:9000:f801:55e2:40c8:a7cf:9f19:4dcb] [/home/u991737198/domains/tas2023.online/public_html/tmp/3hn69l4qoa804.3g8shy2588w00.php:276] trim()
Thu, 09 Jan 2025 23:12:59 -0500 [2603:9000:f801:55e2:40c8:a7cf:9f19:4dcb] [/home/u991737198/domains/tas2023.online/public_html/lib/base.php:3036] require('/home/u991737198/domains/tas2023.online/public_html/tmp/3hn69l4qoa804.3g8shy2588w00.php')
Thu, 09 Jan 2025 23:12:59 -0500 [2603:9000:f801:55e2:40c8:a7cf:9f19:4dcb] [/home/u991737198/domains/tas2023.online/public_html/lib/base.php:3281] View->sandbox()
Thu, 09 Jan 2025 23:12:59 -0500 [2603:9000:f801:55e2:40c8:a7cf:9f19:4dcb] [/home/u991737198/domains/tas2023.online/public_html/tmp/3hn69l4qoa804.3h31n1yj254w8.php:7] Preview->render()
Thu, 09 Jan 2025 23:12:59 -0500 [2603:9000:f801:55e2:40c8:a7cf:9f19:4dcb] [/home/u991737198/domains/tas2023.online/public_html/lib/base.php:3036] require('/home/u991737198/domains/tas2023.online/public_html/tmp/3hn69l4qoa804.3h31n1yj254w8.php')
Thu, 09 Jan 2025 23:12:59 -0500 [2603:9000:f801:55e2:40c8:a7cf:9f19:4dcb] [/home/u991737198/domains/tas2023.online/public_html/lib/base.php:3281] View->sandbox()
Thu, 09 Jan 2025 23:12:59 -0500 [2603:9000:f801:55e2:40c8:a7cf:9f19:4dcb] [/home/u991737198/domains/tas2023.online/public_html/app/controllers/Controller.php:85] Preview->render()
Thu, 09 Jan 2025 23:12:59 -0500 [2603:9000:f801:55e2:40c8:a7cf:9f19:4dcb] [/home/u991737198/domains/tas2023.online/public_html/lib/base.php:2078] Controller->afterroute()
Thu, 09 Jan 2025 23:12:59 -0500 [2603:9000:f801:55e2:40c8:a7cf:9f19:4dcb] [/home/u991737198/domains/tas2023.online/public_html/lib/base.php:1871] Base->call()
Thu, 09 Jan 2025 23:12:59 -0500 [2603:9000:f801:55e2:40c8:a7cf:9f19:4dcb] [/home/u991737198/domains/tas2023.online/public_html/index.php:19] Base->run()
Thu, 09 Jan 2025 23:13:06 -0500 [2603:9000:f801:55e2:40c8:a7cf:9f19:4dcb] 500: Undefined variable $selected_note trace: [/home/u991737198/domains/tas2023.online/public_html/tmp/3hn69l4qoa804.3g8shy2588w00.php:307]
Thu, 09 Jan 2025 23:13:06 -0500 [2603:9000:f801:55e2:40c8:a7cf:9f19:4dcb] [/home/u991737198/domains/tas2023.online/public_html/tmp/3hn69l4qoa804.3g8shy2588w00.php:307] Base->{closure}()
Thu, 09 Jan 2025 23:13:06 -0500 [2603:9000:f801:55e2:40c8:a7cf:9f19:4dcb] [/home/u991737198/domains/tas2023.online/public_html/lib/base.php:3036] require('/home/u991737198/domains/tas2023.online/public_html/tmp/3hn69l4qoa804.3g8shy2588w00.php')
Thu, 09 Jan 2025 23:13:06 -0500 [2603:9000:f801:55e2:40c8:a7cf:9f19:4dcb] [/home/u991737198/domains/tas2023.online/public_html/lib/base.php:3281] View->sandbox()
Thu, 09 Jan 2025 23:13:06 -0500 [2603:9000:f801:55e2:40c8:a7cf:9f19:4dcb] [/home/u991737198/domains/tas2023.online/public_html/tmp/3hn69l4qoa804.3h31n1yj254w8.php:7] Preview->render()
Thu, 09 Jan 2025 23:13:06 -0500 [2603:9000:f801:55e2:40c8:a7cf:9f19:4dcb] [/home/u991737198/domains/tas2023.online/public_html/lib/base.php:3036] require('/home/u991737198/domains/tas2023.online/public_html/tmp/3hn69l4qoa804.3h31n1yj254w8.php')
Thu, 09 Jan 2025 23:13:06 -0500 [2603:9000:f801:55e2:40c8:a7cf:9f19:4dcb] [/home/u991737198/domains/tas2023.online/public_html/lib/base.php:3281] View->sandbox()
Thu, 09 Jan 2025 23:13:06 -0500 [2603:9000:f801:55e2:40c8:a7cf:9f19:4dcb] [/home/u991737198/domains/tas2023.online/public_html/app/controllers/Controller.php:85] Preview->render()
Thu, 09 Jan 2025 23:13:06 -0500 [2603:9000:f801:55e2:40c8:a7cf:9f19:4dcb] [/home/u991737198/domains/tas2023.online/public_html/lib/base.php:2078] Controller->afterroute()
Thu, 09 Jan 2025 23:13:06 -0500 [2603:9000:f801:55e2:40c8:a7cf:9f19:4dcb] [/home/u991737198/domains/tas2023.online/public_html/lib/base.php:1871] Base->call()
Thu, 09 Jan 2025 23:13:06 -0500 [2603:9000:f801:55e2:40c8:a7cf:9f19:4dcb] [/home/u991737198/domains/tas2023.online/public_html/index.php:19] Base->run()
Thu, 09 Jan 2025 23:13:11 -0500 [2603:9000:f801:55e2:40c8:a7cf:9f19:4dcb] 500: trim(): Passing null to parameter #1 ($string) of type string is deprecated trace: [/home/u991737198/domains/tas2023.online/public_html/tmp/3hn69l4qoa804.3g8shy2588w00.php:276]
Thu, 09 Jan 2025 23:13:11 -0500 [2603:9000:f801:55e2:40c8:a7cf:9f19:4dcb] [/home/u991737198/domains/tas2023.online/public_html/tmp/3hn69l4qoa804.3g8shy2588w00.php:276] trim()
Thu, 09 Jan 2025 23:13:11 -0500 [2603:9000:f801:55e2:40c8:a7cf:9f19:4dcb] [/home/u991737198/domains/tas2023.online/public_html/lib/base.php:3036] require('/home/u991737198/domains/tas2023.online/public_html/tmp/3hn69l4qoa804.3g8shy2588w00.php')
Thu, 09 Jan 2025 23:13:11 -0500 [2603:9000:f801:55e2:40c8:a7cf:9f19:4dcb] [/home/u991737198/domains/tas2023.online/public_html/lib/base.php:3281] View->sandbox()
Thu, 09 Jan 2025 23:13:11 -0500 [2603:9000:f801:55e2:40c8:a7cf:9f19:4dcb] [/home/u991737198/domains/tas2023.online/public_html/tmp/3hn69l4qoa804.3h31n1yj254w8.php:7] Preview->render()
Thu, 09 Jan 2025 23:13:11 -0500 [2603:9000:f801:55e2:40c8:a7cf:9f19:4dcb] [/home/u991737198/domains/tas2023.online/public_html/lib/base.php:3036] require('/home/u991737198/domains/tas2023.online/public_html/tmp/3hn69l4qoa804.3h31n1yj254w8.php')
Thu, 09 Jan 2025 23:13:11 -0500 [2603:9000:f801:55e2:40c8:a7cf:9f19:4dcb] [/home/u991737198/domains/tas2023.online/public_html/lib/base.php:3281] View->sandbox()
Thu, 09 Jan 2025 23:13:11 -0500 [2603:9000:f801:55e2:40c8:a7cf:9f19:4dcb] [/home/u991737198/domains/tas2023.online/public_html/app/controllers/Controller.php:85] Preview->render()
Thu, 09 Jan 2025 23:13:11 -0500 [2603:9000:f801:55e2:40c8:a7cf:9f19:4dcb] [/home/u991737198/domains/tas2023.online/public_html/lib/base.php:2078] Controller->afterroute()
Thu, 09 Jan 2025 23:13:11 -0500 [2603:9000:f801:55e2:40c8:a7cf:9f19:4dcb] [/home/u991737198/domains/tas2023.online/public_html/lib/base.php:1871] Base->call()
Thu, 09 Jan 2025 23:13:11 -0500 [2603:9000:f801:55e2:40c8:a7cf:9f19:4dcb] [/home/u991737198/domains/tas2023.online/public_html/index.php:19] Base->run()
Thu, 09 Jan 2025 23:13:18 -0500 [2603:9000:f801:55e2:40c8:a7cf:9f19:4dcb] 500: Undefined variable $selected_note trace: [/home/u991737198/domains/tas2023.online/public_html/tmp/3hn69l4qoa804.3g8shy2588w00.php:307]
Thu, 09 Jan 2025 23:13:18 -0500 [2603:9000:f801:55e2:40c8:a7cf:9f19:4dcb] [/home/u991737198/domains/tas2023.online/public_html/tmp/3hn69l4qoa804.3g8shy2588w00.php:307] Base->{closure}()
Thu, 09 Jan 2025 23:13:18 -0500 [2603:9000:f801:55e2:40c8:a7cf:9f19:4dcb] [/home/u991737198/domains/tas2023.online/public_html/lib/base.php:3036] require('/home/u991737198/domains/tas2023.online/public_html/tmp/3hn69l4qoa804.3g8shy2588w00.php')
Thu, 09 Jan 2025 23:13:18 -0500 [2603:9000:f801:55e2:40c8:a7cf:9f19:4dcb] [/home/u991737198/domains/tas2023.online/public_html/lib/base.php:3281] View->sandbox()
Thu, 09 Jan 2025 23:13:18 -0500 [2603:9000:f801:55e2:40c8:a7cf:9f19:4dcb] [/home/u991737198/domains/tas2023.online/public_html/tmp/3hn69l4qoa804.3h31n1yj254w8.php:7] Preview->render()
Thu, 09 Jan 2025 23:13:18 -0500 [2603:9000:f801:55e2:40c8:a7cf:9f19:4dcb] [/home/u991737198/domains/tas2023.online/public_html/lib/base.php:3036] require('/home/u991737198/domains/tas2023.online/public_html/tmp/3hn69l4qoa804.3h31n1yj254w8.php')
Thu, 09 Jan 2025 23:13:18 -0500 [2603:9000:f801:55e2:40c8:a7cf:9f19:4dcb] [/home/u991737198/domains/tas2023.online/public_html/lib/base.php:3281] View->sandbox()
Thu, 09 Jan 2025 23:13:18 -0500 [2603:9000:f801:55e2:40c8:a7cf:9f19:4dcb] [/home/u991737198/domains/tas2023.online/public_html/app/controllers/Controller.php:85] Preview->render()
Thu, 09 Jan 2025 23:13:18 -0500 [2603:9000:f801:55e2:40c8:a7cf:9f19:4dcb] [/home/u991737198/domains/tas2023.online/public_html/lib/base.php:2078] Controller->afterroute()
Thu, 09 Jan 2025 23:13:18 -0500 [2603:9000:f801:55e2:40c8:a7cf:9f19:4dcb] [/home/u991737198/domains/tas2023.online/public_html/lib/base.php:1871] Base->call()
Thu, 09 Jan 2025 23:13:18 -0500 [2603:9000:f801:55e2:40c8:a7cf:9f19:4dcb] [/home/u991737198/domains/tas2023.online/public_html/index.php:19] Base->run()
Thu, 09 Jan 2025 23:13:24 -0500 [2603:9000:f801:55e2:40c8:a7cf:9f19:4dcb] 500: trim(): Passing null to parameter #1 ($string) of type string is deprecated trace: [/home/u991737198/domains/tas2023.online/public_html/tmp/3hn69l4qoa804.3g8shy2588w00.php:276]
Thu, 09 Jan 2025 23:13:24 -0500 [2603:9000:f801:55e2:40c8:a7cf:9f19:4dcb] [/home/u991737198/domains/tas2023.online/public_html/tmp/3hn69l4qoa804.3g8shy2588w00.php:276] trim()
Thu, 09 Jan 2025 23:13:24 -0500 [2603:9000:f801:55e2:40c8:a7cf:9f19:4dcb] [/home/u991737198/domains/tas2023.online/public_html/lib/base.php:3036] require('/home/u991737198/domains/tas2023.online/public_html/tmp/3hn69l4qoa804.3g8shy2588w00.php')
Thu, 09 Jan 2025 23:13:24 -0500 [2603:9000:f801:55e2:40c8:a7cf:9f19:4dcb] [/home/u991737198/domains/tas2023.online/public_html/lib/base.php:3281] View->sandbox()
Thu, 09 Jan 2025 23:13:24 -0500 [2603:9000:f801:55e2:40c8:a7cf:9f19:4dcb] [/home/u991737198/domains/tas2023.online/public_html/tmp/3hn69l4qoa804.3h31n1yj254w8.php:7] Preview->render()
Thu, 09 Jan 2025 23:13:24 -0500 [2603:9000:f801:55e2:40c8:a7cf:9f19:4dcb] [/home/u991737198/domains/tas2023.online/public_html/lib/base.php:3036] require('/home/u991737198/domains/tas2023.online/public_html/tmp/3hn69l4qoa804.3h31n1yj254w8.php')
Thu, 09 Jan 2025 23:13:24 -0500 [2603:9000:f801:55e2:40c8:a7cf:9f19:4dcb] [/home/u991737198/domains/tas2023.online/public_html/lib/base.php:3281] View->sandbox()
Thu, 09 Jan 2025 23:13:24 -0500 [2603:9000:f801:55e2:40c8:a7cf:9f19:4dcb] [/home/u991737198/domains/tas2023.online/public_html/app/controllers/Controller.php:85] Preview->render()
Thu, 09 Jan 2025 23:13:24 -0500 [2603:9000:f801:55e2:40c8:a7cf:9f19:4dcb] [/home/u991737198/domains/tas2023.online/public_html/lib/base.php:2078] Controller->afterroute()
Thu, 09 Jan 2025 23:13:24 -0500 [2603:9000:f801:55e2:40c8:a7cf:9f19:4dcb] [/home/u991737198/domains/tas2023.online/public_html/lib/base.php:1871] Base->call()
Thu, 09 Jan 2025 23:13:24 -0500 [2603:9000:f801:55e2:40c8:a7cf:9f19:4dcb] [/home/u991737198/domains/tas2023.online/public_html/index.php:19] Base->run()
Thu, 09 Jan 2025 23:13:46 -0500 [2603:9000:f801:55e2:40c8:a7cf:9f19:4dcb] 500: Undefined variable $selected_note trace: [/home/u991737198/domains/tas2023.online/public_html/tmp/3hn69l4qoa804.3g8shy2588w00.php:307]
Thu, 09 Jan 2025 23:13:46 -0500 [2603:9000:f801:55e2:40c8:a7cf:9f19:4dcb] [/home/u991737198/domains/tas2023.online/public_html/tmp/3hn69l4qoa804.3g8shy2588w00.php:307] Base->{closure}()
Thu, 09 Jan 2025 23:13:46 -0500 [2603:9000:f801:55e2:40c8:a7cf:9f19:4dcb] [/home/u991737198/domains/tas2023.online/public_html/lib/base.php:3036] require('/home/u991737198/domains/tas2023.online/public_html/tmp/3hn69l4qoa804.3g8shy2588w00.php')
Thu, 09 Jan 2025 23:13:46 -0500 [2603:9000:f801:55e2:40c8:a7cf:9f19:4dcb] [/home/u991737198/domains/tas2023.online/public_html/lib/base.php:3281] View->sandbox()
Thu, 09 Jan 2025 23:13:46 -0500 [2603:9000:f801:55e2:40c8:a7cf:9f19:4dcb] [/home/u991737198/domains/tas2023.online/public_html/tmp/3hn69l4qoa804.3h31n1yj254w8.php:7] Preview->render()
Thu, 09 Jan 2025 23:13:46 -0500 [2603:9000:f801:55e2:40c8:a7cf:9f19:4dcb] [/home/u991737198/domains/tas2023.online/public_html/lib/base.php:3036] require('/home/u991737198/domains/tas2023.online/public_html/tmp/3hn69l4qoa804.3h31n1yj254w8.php')
Thu, 09 Jan 2025 23:13:46 -0500 [2603:9000:f801:55e2:40c8:a7cf:9f19:4dcb] [/home/u991737198/domains/tas2023.online/public_html/lib/base.php:3281] View->sandbox()
Thu, 09 Jan 2025 23:13:46 -0500 [2603:9000:f801:55e2:40c8:a7cf:9f19:4dcb] [/home/u991737198/domains/tas2023.online/public_html/app/controllers/Controller.php:85] Preview->render()
Thu, 09 Jan 2025 23:13:46 -0500 [2603:9000:f801:55e2:40c8:a7cf:9f19:4dcb] [/home/u991737198/domains/tas2023.online/public_html/lib/base.php:2078] Controller->afterroute()
Thu, 09 Jan 2025 23:13:46 -0500 [2603:9000:f801:55e2:40c8:a7cf:9f19:4dcb] [/home/u991737198/domains/tas2023.online/public_html/lib/base.php:1871] Base->call()
Thu, 09 Jan 2025 23:13:46 -0500 [2603:9000:f801:55e2:40c8:a7cf:9f19:4dcb] [/home/u991737198/domains/tas2023.online/public_html/index.php:19] Base->run()
Thu, 09 Jan 2025 23:13:52 -0500 [2603:9000:f801:55e2:40c8:a7cf:9f19:4dcb] 500: trim(): Passing null to parameter #1 ($string) of type string is deprecated trace: [/home/u991737198/domains/tas2023.online/public_html/tmp/3hn69l4qoa804.3g8shy2588w00.php:276]
Thu, 09 Jan 2025 23:13:52 -0500 [2603:9000:f801:55e2:40c8:a7cf:9f19:4dcb] [/home/u991737198/domains/tas2023.online/public_html/tmp/3hn69l4qoa804.3g8shy2588w00.php:276] trim()
Thu, 09 Jan 2025 23:13:52 -0500 [2603:9000:f801:55e2:40c8:a7cf:9f19:4dcb] [/home/u991737198/domains/tas2023.online/public_html/lib/base.php:3036] require('/home/u991737198/domains/tas2023.online/public_html/tmp/3hn69l4qoa804.3g8shy2588w00.php')
Thu, 09 Jan 2025 23:13:52 -0500 [2603:9000:f801:55e2:40c8:a7cf:9f19:4dcb] [/home/u991737198/domains/tas2023.online/public_html/lib/base.php:3281] View->sandbox()
Thu, 09 Jan 2025 23:13:52 -0500 [2603:9000:f801:55e2:40c8:a7cf:9f19:4dcb] [/home/u991737198/domains/tas2023.online/public_html/tmp/3hn69l4qoa804.3h31n1yj254w8.php:7] Preview->render()
Thu, 09 Jan 2025 23:13:52 -0500 [2603:9000:f801:55e2:40c8:a7cf:9f19:4dcb] [/home/u991737198/domains/tas2023.online/public_html/lib/base.php:3036] require('/home/u991737198/domains/tas2023.online/public_html/tmp/3hn69l4qoa804.3h31n1yj254w8.php')
Thu, 09 Jan 2025 23:13:52 -0500 [2603:9000:f801:55e2:40c8:a7cf:9f19:4dcb] [/home/u991737198/domains/tas2023.online/public_html/lib/base.php:3281] View->sandbox()
Thu, 09 Jan 2025 23:13:52 -0500 [2603:9000:f801:55e2:40c8:a7cf:9f19:4dcb] [/home/u991737198/domains/tas2023.online/public_html/app/controllers/Controller.php:85] Preview->render()
Thu, 09 Jan 2025 23:13:52 -0500 [2603:9000:f801:55e2:40c8:a7cf:9f19:4dcb] [/home/u991737198/domains/tas2023.online/public_html/lib/base.php:2078] Controller->afterroute()
Thu, 09 Jan 2025 23:13:52 -0500 [2603:9000:f801:55e2:40c8:a7cf:9f19:4dcb] [/home/u991737198/domains/tas2023.online/public_html/lib/base.php:1871] Base->call()
Thu, 09 Jan 2025 23:13:52 -0500 [2603:9000:f801:55e2:40c8:a7cf:9f19:4dcb] [/home/u991737198/domains/tas2023.online/public_html/index.php:19] Base->run()
Thu, 09 Jan 2025 23:14:01 -0500 [2603:9000:f801:55e2:40c8:a7cf:9f19:4dcb] 500: Undefined variable $selected_note trace: [/home/u991737198/domains/tas2023.online/public_html/tmp/3hn69l4qoa804.3g8shy2588w00.php:307]
Thu, 09 Jan 2025 23:14:01 -0500 [2603:9000:f801:55e2:40c8:a7cf:9f19:4dcb] [/home/u991737198/domains/tas2023.online/public_html/tmp/3hn69l4qoa804.3g8shy2588w00.php:307] Base->{closure}()
Thu, 09 Jan 2025 23:14:01 -0500 [2603:9000:f801:55e2:40c8:a7cf:9f19:4dcb] [/home/u991737198/domains/tas2023.online/public_html/lib/base.php:3036] require('/home/u991737198/domains/tas2023.online/public_html/tmp/3hn69l4qoa804.3g8shy2588w00.php')
Thu, 09 Jan 2025 23:14:01 -0500 [2603:9000:f801:55e2:40c8:a7cf:9f19:4dcb] [/home/u991737198/domains/tas2023.online/public_html/lib/base.php:3281] View->sandbox()
Thu, 09 Jan 2025 23:14:01 -0500 [2603:9000:f801:55e2:40c8:a7cf:9f19:4dcb] [/home/u991737198/domains/tas2023.online/public_html/tmp/3hn69l4qoa804.3h31n1yj254w8.php:7] Preview->render()
Thu, 09 Jan 2025 23:14:01 -0500 [2603:9000:f801:55e2:40c8:a7cf:9f19:4dcb] [/home/u991737198/domains/tas2023.online/public_html/lib/base.php:3036] require('/home/u991737198/domains/tas2023.online/public_html/tmp/3hn69l4qoa804.3h31n1yj254w8.php')
Thu, 09 Jan 2025 23:14:01 -0500 [2603:9000:f801:55e2:40c8:a7cf:9f19:4dcb] [/home/u991737198/domains/tas2023.online/public_html/lib/base.php:3281] View->sandbox()
Thu, 09 Jan 2025 23:14:01 -0500 [2603:9000:f801:55e2:40c8:a7cf:9f19:4dcb] [/home/u991737198/domains/tas2023.online/public_html/app/controllers/Controller.php:85] Preview->render()
Thu, 09 Jan 2025 23:14:01 -0500 [2603:9000:f801:55e2:40c8:a7cf:9f19:4dcb] [/home/u991737198/domains/tas2023.online/public_html/lib/base.php:2078] Controller->afterroute()
Thu, 09 Jan 2025 23:14:01 -0500 [2603:9000:f801:55e2:40c8:a7cf:9f19:4dcb] [/home/u991737198/domains/tas2023.online/public_html/lib/base.php:1871] Base->call()
Thu, 09 Jan 2025 23:14:01 -0500 [2603:9000:f801:55e2:40c8:a7cf:9f19:4dcb] [/home/u991737198/domains/tas2023.online/public_html/index.php:19] Base->run()
Thu, 09 Jan 2025 23:14:07 -0500 [2603:9000:f801:55e2:40c8:a7cf:9f19:4dcb] 500: trim(): Passing null to parameter #1 ($string) of type string is deprecated trace: [/home/u991737198/domains/tas2023.online/public_html/tmp/3hn69l4qoa804.3g8shy2588w00.php:276]
Thu, 09 Jan 2025 23:14:07 -0500 [2603:9000:f801:55e2:40c8:a7cf:9f19:4dcb] [/home/u991737198/domains/tas2023.online/public_html/tmp/3hn69l4qoa804.3g8shy2588w00.php:276] trim()
Thu, 09 Jan 2025 23:14:07 -0500 [2603:9000:f801:55e2:40c8:a7cf:9f19:4dcb] [/home/u991737198/domains/tas2023.online/public_html/lib/base.php:3036] require('/home/u991737198/domains/tas2023.online/public_html/tmp/3hn69l4qoa804.3g8shy2588w00.php')
Thu, 09 Jan 2025 23:14:07 -0500 [2603:9000:f801:55e2:40c8:a7cf:9f19:4dcb] [/home/u991737198/domains/tas2023.online/public_html/lib/base.php:3281] View->sandbox()
Thu, 09 Jan 2025 23:14:07 -0500 [2603:9000:f801:55e2:40c8:a7cf:9f19:4dcb] [/home/u991737198/domains/tas2023.online/public_html/tmp/3hn69l4qoa804.3h31n1yj254w8.php:7] Preview->render()
Thu, 09 Jan 2025 23:14:07 -0500 [2603:9000:f801:55e2:40c8:a7cf:9f19:4dcb] [/home/u991737198/domains/tas2023.online/public_html/lib/base.php:3036] require('/home/u991737198/domains/tas2023.online/public_html/tmp/3hn69l4qoa804.3h31n1yj254w8.php')
Thu, 09 Jan 2025 23:14:07 -0500 [2603:9000:f801:55e2:40c8:a7cf:9f19:4dcb] [/home/u991737198/domains/tas2023.online/public_html/lib/base.php:3281] View->sandbox()
Thu, 09 Jan 2025 23:14:07 -0500 [2603:9000:f801:55e2:40c8:a7cf:9f19:4dcb] [/home/u991737198/domains/tas2023.online/public_html/app/controllers/Controller.php:85] Preview->render()
Thu, 09 Jan 2025 23:14:07 -0500 [2603:9000:f801:55e2:40c8:a7cf:9f19:4dcb] [/home/u991737198/domains/tas2023.online/public_html/lib/base.php:2078] Controller->afterroute()
Thu, 09 Jan 2025 23:14:07 -0500 [2603:9000:f801:55e2:40c8:a7cf:9f19:4dcb] [/home/u991737198/domains/tas2023.online/public_html/lib/base.php:1871] Base->call()
Thu, 09 Jan 2025 23:14:07 -0500 [2603:9000:f801:55e2:40c8:a7cf:9f19:4dcb] [/home/u991737198/domains/tas2023.online/public_html/index.php:19] Base->run()
Thu, 09 Jan 2025 23:14:15 -0500 [2603:9000:f801:55e2:40c8:a7cf:9f19:4dcb] 500: Undefined variable $selected_note trace: [/home/u991737198/domains/tas2023.online/public_html/tmp/3hn69l4qoa804.3g8shy2588w00.php:307]
Thu, 09 Jan 2025 23:14:15 -0500 [2603:9000:f801:55e2:40c8:a7cf:9f19:4dcb] [/home/u991737198/domains/tas2023.online/public_html/tmp/3hn69l4qoa804.3g8shy2588w00.php:307] Base->{closure}()
Thu, 09 Jan 2025 23:14:15 -0500 [2603:9000:f801:55e2:40c8:a7cf:9f19:4dcb] [/home/u991737198/domains/tas2023.online/public_html/lib/base.php:3036] require('/home/u991737198/domains/tas2023.online/public_html/tmp/3hn69l4qoa804.3g8shy2588w00.php')
Thu, 09 Jan 2025 23:14:15 -0500 [2603:9000:f801:55e2:40c8:a7cf:9f19:4dcb] [/home/u991737198/domains/tas2023.online/public_html/lib/base.php:3281] View->sandbox()
Thu, 09 Jan 2025 23:14:15 -0500 [2603:9000:f801:55e2:40c8:a7cf:9f19:4dcb] [/home/u991737198/domains/tas2023.online/public_html/tmp/3hn69l4qoa804.3h31n1yj254w8.php:7] Preview->render()
Thu, 09 Jan 2025 23:14:15 -0500 [2603:9000:f801:55e2:40c8:a7cf:9f19:4dcb] [/home/u991737198/domains/tas2023.online/public_html/lib/base.php:3036] require('/home/u991737198/domains/tas2023.online/public_html/tmp/3hn69l4qoa804.3h31n1yj254w8.php')
Thu, 09 Jan 2025 23:14:15 -0500 [2603:9000:f801:55e2:40c8:a7cf:9f19:4dcb] [/home/u991737198/domains/tas2023.online/public_html/lib/base.php:3281] View->sandbox()
Thu, 09 Jan 2025 23:14:15 -0500 [2603:9000:f801:55e2:40c8:a7cf:9f19:4dcb] [/home/u991737198/domains/tas2023.online/public_html/app/controllers/Controller.php:85] Preview->render()
Thu, 09 Jan 2025 23:14:15 -0500 [2603:9000:f801:55e2:40c8:a7cf:9f19:4dcb] [/home/u991737198/domains/tas2023.online/public_html/lib/base.php:2078] Controller->afterroute()
Thu, 09 Jan 2025 23:14:15 -0500 [2603:9000:f801:55e2:40c8:a7cf:9f19:4dcb] [/home/u991737198/domains/tas2023.online/public_html/lib/base.php:1871] Base->call()
Thu, 09 Jan 2025 23:14:15 -0500 [2603:9000:f801:55e2:40c8:a7cf:9f19:4dcb] [/home/u991737198/domains/tas2023.online/public_html/index.php:19] Base->run()
Thu, 09 Jan 2025 23:14:20 -0500 [2603:9000:f801:55e2:40c8:a7cf:9f19:4dcb] 500: trim(): Passing null to parameter #1 ($string) of type string is deprecated trace: [/home/u991737198/domains/tas2023.online/public_html/tmp/3hn69l4qoa804.3g8shy2588w00.php:276]
Thu, 09 Jan 2025 23:14:20 -0500 [2603:9000:f801:55e2:40c8:a7cf:9f19:4dcb] [/home/u991737198/domains/tas2023.online/public_html/tmp/3hn69l4qoa804.3g8shy2588w00.php:276] trim()
Thu, 09 Jan 2025 23:14:20 -0500 [2603:9000:f801:55e2:40c8:a7cf:9f19:4dcb] [/home/u991737198/domains/tas2023.online/public_html/lib/base.php:3036] require('/home/u991737198/domains/tas2023.online/public_html/tmp/3hn69l4qoa804.3g8shy2588w00.php')
Thu, 09 Jan 2025 23:14:20 -0500 [2603:9000:f801:55e2:40c8:a7cf:9f19:4dcb] [/home/u991737198/domains/tas2023.online/public_html/lib/base.php:3281] View->sandbox()
Thu, 09 Jan 2025 23:14:20 -0500 [2603:9000:f801:55e2:40c8:a7cf:9f19:4dcb] [/home/u991737198/domains/tas2023.online/public_html/tmp/3hn69l4qoa804.3h31n1yj254w8.php:7] Preview->render()
Thu, 09 Jan 2025 23:14:20 -0500 [2603:9000:f801:55e2:40c8:a7cf:9f19:4dcb] [/home/u991737198/domains/tas2023.online/public_html/lib/base.php:3036] require('/home/u991737198/domains/tas2023.online/public_html/tmp/3hn69l4qoa804.3h31n1yj254w8.php')
Thu, 09 Jan 2025 23:14:20 -0500 [2603:9000:f801:55e2:40c8:a7cf:9f19:4dcb] [/home/u991737198/domains/tas2023.online/public_html/lib/base.php:3281] View->sandbox()
Thu, 09 Jan 2025 23:14:20 -0500 [2603:9000:f801:55e2:40c8:a7cf:9f19:4dcb] [/home/u991737198/domains/tas2023.online/public_html/app/controllers/Controller.php:85] Preview->render()
Thu, 09 Jan 2025 23:14:20 -0500 [2603:9000:f801:55e2:40c8:a7cf:9f19:4dcb] [/home/u991737198/domains/tas2023.online/public_html/lib/base.php:2078] Controller->afterroute()
Thu, 09 Jan 2025 23:14:20 -0500 [2603:9000:f801:55e2:40c8:a7cf:9f19:4dcb] [/home/u991737198/domains/tas2023.online/public_html/lib/base.php:1871] Base->call()
Thu, 09 Jan 2025 23:14:20 -0500 [2603:9000:f801:55e2:40c8:a7cf:9f19:4dcb] [/home/u991737198/domains/tas2023.online/public_html/index.php:19] Base->run()
Thu, 09 Jan 2025 23:14:30 -0500 [2603:9000:f801:55e2:40c8:a7cf:9f19:4dcb] 500: Undefined variable $selected_note trace: [/home/u991737198/domains/tas2023.online/public_html/tmp/3hn69l4qoa804.3g8shy2588w00.php:307]
Thu, 09 Jan 2025 23:14:30 -0500 [2603:9000:f801:55e2:40c8:a7cf:9f19:4dcb] [/home/u991737198/domains/tas2023.online/public_html/tmp/3hn69l4qoa804.3g8shy2588w00.php:307] Base->{closure}()
Thu, 09 Jan 2025 23:14:30 -0500 [2603:9000:f801:55e2:40c8:a7cf:9f19:4dcb] [/home/u991737198/domains/tas2023.online/public_html/lib/base.php:3036] require('/home/u991737198/domains/tas2023.online/public_html/tmp/3hn69l4qoa804.3g8shy2588w00.php')
Thu, 09 Jan 2025 23:14:30 -0500 [2603:9000:f801:55e2:40c8:a7cf:9f19:4dcb] [/home/u991737198/domains/tas2023.online/public_html/lib/base.php:3281] View->sandbox()
Thu, 09 Jan 2025 23:14:30 -0500 [2603:9000:f801:55e2:40c8:a7cf:9f19:4dcb] [/home/u991737198/domains/tas2023.online/public_html/tmp/3hn69l4qoa804.3h31n1yj254w8.php:7] Preview->render()
Thu, 09 Jan 2025 23:14:30 -0500 [2603:9000:f801:55e2:40c8:a7cf:9f19:4dcb] [/home/u991737198/domains/tas2023.online/public_html/lib/base.php:3036] require('/home/u991737198/domains/tas2023.online/public_html/tmp/3hn69l4qoa804.3h31n1yj254w8.php')
Thu, 09 Jan 2025 23:14:30 -0500 [2603:9000:f801:55e2:40c8:a7cf:9f19:4dcb] [/home/u991737198/domains/tas2023.online/public_html/lib/base.php:3281] View->sandbox()
Thu, 09 Jan 2025 23:14:30 -0500 [2603:9000:f801:55e2:40c8:a7cf:9f19:4dcb] [/home/u991737198/domains/tas2023.online/public_html/app/controllers/Controller.php:85] Preview->render()
Thu, 09 Jan 2025 23:14:30 -0500 [2603:9000:f801:55e2:40c8:a7cf:9f19:4dcb] [/home/u991737198/domains/tas2023.online/public_html/lib/base.php:2078] Controller->afterroute()
Thu, 09 Jan 2025 23:14:30 -0500 [2603:9000:f801:55e2:40c8:a7cf:9f19:4dcb] [/home/u991737198/domains/tas2023.online/public_html/lib/base.php:1871] Base->call()
Thu, 09 Jan 2025 23:14:30 -0500 [2603:9000:f801:55e2:40c8:a7cf:9f19:4dcb] [/home/u991737198/domains/tas2023.online/public_html/index.php:19] Base->run()
Thu, 09 Jan 2025 23:14:38 -0500 [2603:9000:f801:55e2:40c8:a7cf:9f19:4dcb] 500: trim(): Passing null to parameter #1 ($string) of type string is deprecated trace: [/home/u991737198/domains/tas2023.online/public_html/tmp/3hn69l4qoa804.3g8shy2588w00.php:276]
Thu, 09 Jan 2025 23:14:38 -0500 [2603:9000:f801:55e2:40c8:a7cf:9f19:4dcb] [/home/u991737198/domains/tas2023.online/public_html/tmp/3hn69l4qoa804.3g8shy2588w00.php:276] trim()
Thu, 09 Jan 2025 23:14:38 -0500 [2603:9000:f801:55e2:40c8:a7cf:9f19:4dcb] [/home/u991737198/domains/tas2023.online/public_html/lib/base.php:3036] require('/home/u991737198/domains/tas2023.online/public_html/tmp/3hn69l4qoa804.3g8shy2588w00.php')
Thu, 09 Jan 2025 23:14:38 -0500 [2603:9000:f801:55e2:40c8:a7cf:9f19:4dcb] [/home/u991737198/domains/tas2023.online/public_html/lib/base.php:3281] View->sandbox()
Thu, 09 Jan 2025 23:14:38 -0500 [2603:9000:f801:55e2:40c8:a7cf:9f19:4dcb] [/home/u991737198/domains/tas2023.online/public_html/tmp/3hn69l4qoa804.3h31n1yj254w8.php:7] Preview->render()
Thu, 09 Jan 2025 23:14:38 -0500 [2603:9000:f801:55e2:40c8:a7cf:9f19:4dcb] [/home/u991737198/domains/tas2023.online/public_html/lib/base.php:3036] require('/home/u991737198/domains/tas2023.online/public_html/tmp/3hn69l4qoa804.3h31n1yj254w8.php')
Thu, 09 Jan 2025 23:14:38 -0500 [2603:9000:f801:55e2:40c8:a7cf:9f19:4dcb] [/home/u991737198/domains/tas2023.online/public_html/lib/base.php:3281] View->sandbox()
Thu, 09 Jan 2025 23:14:38 -0500 [2603:9000:f801:55e2:40c8:a7cf:9f19:4dcb] [/home/u991737198/domains/tas2023.online/public_html/app/controllers/Controller.php:85] Preview->render()
Thu, 09 Jan 2025 23:14:38 -0500 [2603:9000:f801:55e2:40c8:a7cf:9f19:4dcb] [/home/u991737198/domains/tas2023.online/public_html/lib/base.php:2078] Controller->afterroute()
Thu, 09 Jan 2025 23:14:38 -0500 [2603:9000:f801:55e2:40c8:a7cf:9f19:4dcb] [/home/u991737198/domains/tas2023.online/public_html/lib/base.php:1871] Base->call()
Thu, 09 Jan 2025 23:14:38 -0500 [2603:9000:f801:55e2:40c8:a7cf:9f19:4dcb] [/home/u991737198/domains/tas2023.online/public_html/index.php:19] Base->run()
Thu, 09 Jan 2025 23:14:55 -0500 [2603:9000:f801:55e2:40c8:a7cf:9f19:4dcb] 500: Undefined variable $entity_num trace: [tmp/3hn69l4qoa804.1zo7dt0fljr4w.php:196]
Thu, 09 Jan 2025 23:14:55 -0500 [2603:9000:f801:55e2:40c8:a7cf:9f19:4dcb] [tmp/3hn69l4qoa804.1zo7dt0fljr4w.php:196] Base->{closure}()
Thu, 09 Jan 2025 23:14:55 -0500 [2603:9000:f801:55e2:40c8:a7cf:9f19:4dcb] [lib/base.php:3036] require('/home/u991737198/domains/tas2023.online/public_html/tmp/3hn69l4qoa804.1zo7dt0fljr4w.php')
Thu, 09 Jan 2025 23:14:55 -0500 [2603:9000:f801:55e2:40c8:a7cf:9f19:4dcb] [lib/base.php:3281] View->sandbox()
Thu, 09 Jan 2025 23:14:55 -0500 [2603:9000:f801:55e2:40c8:a7cf:9f19:4dcb] [tmp/3hn69l4qoa804.3h31n1yj254w8.php:7] Preview->render()
Thu, 09 Jan 2025 23:14:55 -0500 [2603:9000:f801:55e2:40c8:a7cf:9f19:4dcb] [lib/base.php:3036] require('/home/u991737198/domains/tas2023.online/public_html/tmp/3hn69l4qoa804.3h31n1yj254w8.php')
Thu, 09 Jan 2025 23:14:55 -0500 [2603:9000:f801:55e2:40c8:a7cf:9f19:4dcb] [lib/base.php:3281] View->sandbox()
Thu, 09 Jan 2025 23:14:55 -0500 [2603:9000:f801:55e2:40c8:a7cf:9f19:4dcb] [app/controllers/Controller.php:85] Preview->render()
Thu, 09 Jan 2025 23:14:55 -0500 [2603:9000:f801:55e2:40c8:a7cf:9f19:4dcb] [lib/base.php:2078] Controller->afterroute()
Thu, 09 Jan 2025 23:14:55 -0500 [2603:9000:f801:55e2:40c8:a7cf:9f19:4dcb] [lib/base.php:1871] Base->call()
Thu, 09 Jan 2025 23:14:55 -0500 [2603:9000:f801:55e2:40c8:a7cf:9f19:4dcb] [index.php:19] Base->run()
Thu, 09 Jan 2025 23:15:01 -0500 [2603:9000:f801:55e2:40c8:a7cf:9f19:4dcb] 500: Undefined variable $entity_num trace: [tmp/3hn69l4qoa804.1zo7dt0fljr4w.php:196]
Thu, 09 Jan 2025 23:15:01 -0500 [2603:9000:f801:55e2:40c8:a7cf:9f19:4dcb] [tmp/3hn69l4qoa804.1zo7dt0fljr4w.php:196] Base->{closure}()
Thu, 09 Jan 2025 23:15:01 -0500 [2603:9000:f801:55e2:40c8:a7cf:9f19:4dcb] [lib/base.php:3036] require('/home/u991737198/domains/tas2023.online/public_html/tmp/3hn69l4qoa804.1zo7dt0fljr4w.php')
Thu, 09 Jan 2025 23:15:01 -0500 [2603:9000:f801:55e2:40c8:a7cf:9f19:4dcb] [lib/base.php:3281] View->sandbox()
Thu, 09 Jan 2025 23:15:01 -0500 [2603:9000:f801:55e2:40c8:a7cf:9f19:4dcb] [tmp/3hn69l4qoa804.3h31n1yj254w8.php:7] Preview->render()
Thu, 09 Jan 2025 23:15:01 -0500 [2603:9000:f801:55e2:40c8:a7cf:9f19:4dcb] [lib/base.php:3036] require('/home/u991737198/domains/tas2023.online/public_html/tmp/3hn69l4qoa804.3h31n1yj254w8.php')
Thu, 09 Jan 2025 23:15:01 -0500 [2603:9000:f801:55e2:40c8:a7cf:9f19:4dcb] [lib/base.php:3281] View->sandbox()
Thu, 09 Jan 2025 23:15:01 -0500 [2603:9000:f801:55e2:40c8:a7cf:9f19:4dcb] [app/controllers/Controller.php:85] Preview->render()
Thu, 09 Jan 2025 23:15:01 -0500 [2603:9000:f801:55e2:40c8:a7cf:9f19:4dcb] [lib/base.php:2078] Controller->afterroute()
Thu, 09 Jan 2025 23:15:01 -0500 [2603:9000:f801:55e2:40c8:a7cf:9f19:4dcb] [lib/base.php:1871] Base->call()
Thu, 09 Jan 2025 23:15:01 -0500 [2603:9000:f801:55e2:40c8:a7cf:9f19:4dcb] [index.php:19] Base->run()
Thu, 09 Jan 2025 23:15:15 -0500 [2603:9000:f801:55e2:40c8:a7cf:9f19:4dcb] 500: Undefined variable $selected_note trace: [/home/u991737198/domains/tas2023.online/public_html/tmp/3hn69l4qoa804.3g8shy2588w00.php:307]
Thu, 09 Jan 2025 23:15:15 -0500 [2603:9000:f801:55e2:40c8:a7cf:9f19:4dcb] [/home/u991737198/domains/tas2023.online/public_html/tmp/3hn69l4qoa804.3g8shy2588w00.php:307] Base->{closure}()
Thu, 09 Jan 2025 23:15:15 -0500 [2603:9000:f801:55e2:40c8:a7cf:9f19:4dcb] [/home/u991737198/domains/tas2023.online/public_html/lib/base.php:3036] require('/home/u991737198/domains/tas2023.online/public_html/tmp/3hn69l4qoa804.3g8shy2588w00.php')
Thu, 09 Jan 2025 23:15:15 -0500 [2603:9000:f801:55e2:40c8:a7cf:9f19:4dcb] [/home/u991737198/domains/tas2023.online/public_html/lib/base.php:3281] View->sandbox()
Thu, 09 Jan 2025 23:15:15 -0500 [2603:9000:f801:55e2:40c8:a7cf:9f19:4dcb] [/home/u991737198/domains/tas2023.online/public_html/tmp/3hn69l4qoa804.3h31n1yj254w8.php:7] Preview->render()
Thu, 09 Jan 2025 23:15:15 -0500 [2603:9000:f801:55e2:40c8:a7cf:9f19:4dcb] [/home/u991737198/domains/tas2023.online/public_html/lib/base.php:3036] require('/home/u991737198/domains/tas2023.online/public_html/tmp/3hn69l4qoa804.3h31n1yj254w8.php')
Thu, 09 Jan 2025 23:15:15 -0500 [2603:9000:f801:55e2:40c8:a7cf:9f19:4dcb] [/home/u991737198/domains/tas2023.online/public_html/lib/base.php:3281] View->sandbox()
Thu, 09 Jan 2025 23:15:15 -0500 [2603:9000:f801:55e2:40c8:a7cf:9f19:4dcb] [/home/u991737198/domains/tas2023.online/public_html/app/controllers/Controller.php:85] Preview->render()
Thu, 09 Jan 2025 23:15:15 -0500 [2603:9000:f801:55e2:40c8:a7cf:9f19:4dcb] [/home/u991737198/domains/tas2023.online/public_html/lib/base.php:2078] Controller->afterroute()
Thu, 09 Jan 2025 23:15:15 -0500 [2603:9000:f801:55e2:40c8:a7cf:9f19:4dcb] [/home/u991737198/domains/tas2023.online/public_html/lib/base.php:1871] Base->call()
Thu, 09 Jan 2025 23:15:15 -0500 [2603:9000:f801:55e2:40c8:a7cf:9f19:4dcb] [/home/u991737198/domains/tas2023.online/public_html/index.php:19] Base->run()
Thu, 09 Jan 2025 23:15:20 -0500 [2603:9000:f801:55e2:40c8:a7cf:9f19:4dcb] 500: trim(): Passing null to parameter #1 ($string) of type string is deprecated trace: [/home/u991737198/domains/tas2023.online/public_html/tmp/3hn69l4qoa804.3g8shy2588w00.php:276]
Thu, 09 Jan 2025 23:15:20 -0500 [2603:9000:f801:55e2:40c8:a7cf:9f19:4dcb] [/home/u991737198/domains/tas2023.online/public_html/tmp/3hn69l4qoa804.3g8shy2588w00.php:276] trim()
Thu, 09 Jan 2025 23:15:20 -0500 [2603:9000:f801:55e2:40c8:a7cf:9f19:4dcb] [/home/u991737198/domains/tas2023.online/public_html/lib/base.php:3036] require('/home/u991737198/domains/tas2023.online/public_html/tmp/3hn69l4qoa804.3g8shy2588w00.php')
Thu, 09 Jan 2025 23:15:20 -0500 [2603:9000:f801:55e2:40c8:a7cf:9f19:4dcb] [/home/u991737198/domains/tas2023.online/public_html/lib/base.php:3281] View->sandbox()
Thu, 09 Jan 2025 23:15:20 -0500 [2603:9000:f801:55e2:40c8:a7cf:9f19:4dcb] [/home/u991737198/domains/tas2023.online/public_html/tmp/3hn69l4qoa804.3h31n1yj254w8.php:7] Preview->render()
Thu, 09 Jan 2025 23:15:20 -0500 [2603:9000:f801:55e2:40c8:a7cf:9f19:4dcb] [/home/u991737198/domains/tas2023.online/public_html/lib/base.php:3036] require('/home/u991737198/domains/tas2023.online/public_html/tmp/3hn69l4qoa804.3h31n1yj254w8.php')
Thu, 09 Jan 2025 23:15:20 -0500 [2603:9000:f801:55e2:40c8:a7cf:9f19:4dcb] [/home/u991737198/domains/tas2023.online/public_html/lib/base.php:3281] View->sandbox()
Thu, 09 Jan 2025 23:15:20 -0500 [2603:9000:f801:55e2:40c8:a7cf:9f19:4dcb] [/home/u991737198/domains/tas2023.online/public_html/app/controllers/Controller.php:85] Preview->render()
Thu, 09 Jan 2025 23:15:20 -0500 [2603:9000:f801:55e2:40c8:a7cf:9f19:4dcb] [/home/u991737198/domains/tas2023.online/public_html/lib/base.php:2078] Controller->afterroute()
Thu, 09 Jan 2025 23:15:20 -0500 [2603:9000:f801:55e2:40c8:a7cf:9f19:4dcb] [/home/u991737198/domains/tas2023.online/public_html/lib/base.php:1871] Base->call()
Thu, 09 Jan 2025 23:15:20 -0500 [2603:9000:f801:55e2:40c8:a7cf:9f19:4dcb] [/home/u991737198/domains/tas2023.online/public_html/index.php:19] Base->run()
Thu, 09 Jan 2025 23:15:27 -0500 [2603:9000:f801:55e2:40c8:a7cf:9f19:4dcb] 500: Undefined variable $selected_note trace: [/home/u991737198/domains/tas2023.online/public_html/tmp/3hn69l4qoa804.3g8shy2588w00.php:307]
Thu, 09 Jan 2025 23:15:27 -0500 [2603:9000:f801:55e2:40c8:a7cf:9f19:4dcb] [/home/u991737198/domains/tas2023.online/public_html/tmp/3hn69l4qoa804.3g8shy2588w00.php:307] Base->{closure}()
Thu, 09 Jan 2025 23:15:27 -0500 [2603:9000:f801:55e2:40c8:a7cf:9f19:4dcb] [/home/u991737198/domains/tas2023.online/public_html/lib/base.php:3036] require('/home/u991737198/domains/tas2023.online/public_html/tmp/3hn69l4qoa804.3g8shy2588w00.php')
Thu, 09 Jan 2025 23:15:27 -0500 [2603:9000:f801:55e2:40c8:a7cf:9f19:4dcb] [/home/u991737198/domains/tas2023.online/public_html/lib/base.php:3281] View->sandbox()
Thu, 09 Jan 2025 23:15:27 -0500 [2603:9000:f801:55e2:40c8:a7cf:9f19:4dcb] [/home/u991737198/domains/tas2023.online/public_html/tmp/3hn69l4qoa804.3h31n1yj254w8.php:7] Preview->render()
Thu, 09 Jan 2025 23:15:27 -0500 [2603:9000:f801:55e2:40c8:a7cf:9f19:4dcb] [/home/u991737198/domains/tas2023.online/public_html/lib/base.php:3036] require('/home/u991737198/domains/tas2023.online/public_html/tmp/3hn69l4qoa804.3h31n1yj254w8.php')
Thu, 09 Jan 2025 23:15:27 -0500 [2603:9000:f801:55e2:40c8:a7cf:9f19:4dcb] [/home/u991737198/domains/tas2023.online/public_html/lib/base.php:3281] View->sandbox()
Thu, 09 Jan 2025 23:15:27 -0500 [2603:9000:f801:55e2:40c8:a7cf:9f19:4dcb] [/home/u991737198/domains/tas2023.online/public_html/app/controllers/Controller.php:85] Preview->render()
Thu, 09 Jan 2025 23:15:27 -0500 [2603:9000:f801:55e2:40c8:a7cf:9f19:4dcb] [/home/u991737198/domains/tas2023.online/public_html/lib/base.php:2078] Controller->afterroute()
Thu, 09 Jan 2025 23:15:27 -0500 [2603:9000:f801:55e2:40c8:a7cf:9f19:4dcb] [/home/u991737198/domains/tas2023.online/public_html/lib/base.php:1871] Base->call()
Thu, 09 Jan 2025 23:15:27 -0500 [2603:9000:f801:55e2:40c8:a7cf:9f19:4dcb] [/home/u991737198/domains/tas2023.online/public_html/index.php:19] Base->run()
Thu, 09 Jan 2025 23:15:31 -0500 [2603:9000:f801:55e2:40c8:a7cf:9f19:4dcb] 500: trim(): Passing null to parameter #1 ($string) of type string is deprecated trace: [/home/u991737198/domains/tas2023.online/public_html/tmp/3hn69l4qoa804.3g8shy2588w00.php:276]
Thu, 09 Jan 2025 23:15:31 -0500 [2603:9000:f801:55e2:40c8:a7cf:9f19:4dcb] [/home/u991737198/domains/tas2023.online/public_html/tmp/3hn69l4qoa804.3g8shy2588w00.php:276] trim()
Thu, 09 Jan 2025 23:15:31 -0500 [2603:9000:f801:55e2:40c8:a7cf:9f19:4dcb] [/home/u991737198/domains/tas2023.online/public_html/lib/base.php:3036] require('/home/u991737198/domains/tas2023.online/public_html/tmp/3hn69l4qoa804.3g8shy2588w00.php')
Thu, 09 Jan 2025 23:15:31 -0500 [2603:9000:f801:55e2:40c8:a7cf:9f19:4dcb] [/home/u991737198/domains/tas2023.online/public_html/lib/base.php:3281] View->sandbox()
Thu, 09 Jan 2025 23:15:31 -0500 [2603:9000:f801:55e2:40c8:a7cf:9f19:4dcb] [/home/u991737198/domains/tas2023.online/public_html/tmp/3hn69l4qoa804.3h31n1yj254w8.php:7] Preview->render()
Thu, 09 Jan 2025 23:15:31 -0500 [2603:9000:f801:55e2:40c8:a7cf:9f19:4dcb] [/home/u991737198/domains/tas2023.online/public_html/lib/base.php:3036] require('/home/u991737198/domains/tas2023.online/public_html/tmp/3hn69l4qoa804.3h31n1yj254w8.php')
Thu, 09 Jan 2025 23:15:31 -0500 [2603:9000:f801:55e2:40c8:a7cf:9f19:4dcb] [/home/u991737198/domains/tas2023.online/public_html/lib/base.php:3281] View->sandbox()
Thu, 09 Jan 2025 23:15:31 -0500 [2603:9000:f801:55e2:40c8:a7cf:9f19:4dcb] [/home/u991737198/domains/tas2023.online/public_html/app/controllers/Controller.php:85] Preview->render()
Thu, 09 Jan 2025 23:15:31 -0500 [2603:9000:f801:55e2:40c8:a7cf:9f19:4dcb] [/home/u991737198/domains/tas2023.online/public_html/lib/base.php:2078] Controller->afterroute()
Thu, 09 Jan 2025 23:15:31 -0500 [2603:9000:f801:55e2:40c8:a7cf:9f19:4dcb] [/home/u991737198/domains/tas2023.online/public_html/lib/base.php:1871] Base->call()
Thu, 09 Jan 2025 23:15:31 -0500 [2603:9000:f801:55e2:40c8:a7cf:9f19:4dcb] [/home/u991737198/domains/tas2023.online/public_html/index.php:19] Base->run()
Thu, 09 Jan 2025 23:15:37 -0500 [2603:9000:f801:55e2:40c8:a7cf:9f19:4dcb] 500: Undefined variable $selected_note trace: [/home/u991737198/domains/tas2023.online/public_html/tmp/3hn69l4qoa804.3g8shy2588w00.php:307]
Thu, 09 Jan 2025 23:15:37 -0500 [2603:9000:f801:55e2:40c8:a7cf:9f19:4dcb] [/home/u991737198/domains/tas2023.online/public_html/tmp/3hn69l4qoa804.3g8shy2588w00.php:307] Base->{closure}()
Thu, 09 Jan 2025 23:15:37 -0500 [2603:9000:f801:55e2:40c8:a7cf:9f19:4dcb] [/home/u991737198/domains/tas2023.online/public_html/lib/base.php:3036] require('/home/u991737198/domains/tas2023.online/public_html/tmp/3hn69l4qoa804.3g8shy2588w00.php')
Thu, 09 Jan 2025 23:15:37 -0500 [2603:9000:f801:55e2:40c8:a7cf:9f19:4dcb] [/home/u991737198/domains/tas2023.online/public_html/lib/base.php:3281] View->sandbox()
Thu, 09 Jan 2025 23:15:37 -0500 [2603:9000:f801:55e2:40c8:a7cf:9f19:4dcb] [/home/u991737198/domains/tas2023.online/public_html/tmp/3hn69l4qoa804.3h31n1yj254w8.php:7] Preview->render()
Thu, 09 Jan 2025 23:15:37 -0500 [2603:9000:f801:55e2:40c8:a7cf:9f19:4dcb] [/home/u991737198/domains/tas2023.online/public_html/lib/base.php:3036] require('/home/u991737198/domains/tas2023.online/public_html/tmp/3hn69l4qoa804.3h31n1yj254w8.php')
Thu, 09 Jan 2025 23:15:37 -0500 [2603:9000:f801:55e2:40c8:a7cf:9f19:4dcb] [/home/u991737198/domains/tas2023.online/public_html/lib/base.php:3281] View->sandbox()
Thu, 09 Jan 2025 23:15:37 -0500 [2603:9000:f801:55e2:40c8:a7cf:9f19:4dcb] [/home/u991737198/domains/tas2023.online/public_html/app/controllers/Controller.php:85] Preview->render()
Thu, 09 Jan 2025 23:15:37 -0500 [2603:9000:f801:55e2:40c8:a7cf:9f19:4dcb] [/home/u991737198/domains/tas2023.online/public_html/lib/base.php:2078] Controller->afterroute()
Thu, 09 Jan 2025 23:15:37 -0500 [2603:9000:f801:55e2:40c8:a7cf:9f19:4dcb] [/home/u991737198/domains/tas2023.online/public_html/lib/base.php:1871] Base->call()
Thu, 09 Jan 2025 23:15:37 -0500 [2603:9000:f801:55e2:40c8:a7cf:9f19:4dcb] [/home/u991737198/domains/tas2023.online/public_html/index.php:19] Base->run()
Thu, 09 Jan 2025 23:15:41 -0500 [2603:9000:f801:55e2:40c8:a7cf:9f19:4dcb] 500: trim(): Passing null to parameter #1 ($string) of type string is deprecated trace: [/home/u991737198/domains/tas2023.online/public_html/tmp/3hn69l4qoa804.3g8shy2588w00.php:276]
Thu, 09 Jan 2025 23:15:41 -0500 [2603:9000:f801:55e2:40c8:a7cf:9f19:4dcb] [/home/u991737198/domains/tas2023.online/public_html/tmp/3hn69l4qoa804.3g8shy2588w00.php:276] trim()
Thu, 09 Jan 2025 23:15:41 -0500 [2603:9000:f801:55e2:40c8:a7cf:9f19:4dcb] [/home/u991737198/domains/tas2023.online/public_html/lib/base.php:3036] require('/home/u991737198/domains/tas2023.online/public_html/tmp/3hn69l4qoa804.3g8shy2588w00.php')
Thu, 09 Jan 2025 23:15:41 -0500 [2603:9000:f801:55e2:40c8:a7cf:9f19:4dcb] [/home/u991737198/domains/tas2023.online/public_html/lib/base.php:3281] View->sandbox()
Thu, 09 Jan 2025 23:15:41 -0500 [2603:9000:f801:55e2:40c8:a7cf:9f19:4dcb] [/home/u991737198/domains/tas2023.online/public_html/tmp/3hn69l4qoa804.3h31n1yj254w8.php:7] Preview->render()
Thu, 09 Jan 2025 23:15:41 -0500 [2603:9000:f801:55e2:40c8:a7cf:9f19:4dcb] [/home/u991737198/domains/tas2023.online/public_html/lib/base.php:3036] require('/home/u991737198/domains/tas2023.online/public_html/tmp/3hn69l4qoa804.3h31n1yj254w8.php')
Thu, 09 Jan 2025 23:15:41 -0500 [2603:9000:f801:55e2:40c8:a7cf:9f19:4dcb] [/home/u991737198/domains/tas2023.online/public_html/lib/base.php:3281] View->sandbox()
Thu, 09 Jan 2025 23:15:41 -0500 [2603:9000:f801:55e2:40c8:a7cf:9f19:4dcb] [/home/u991737198/domains/tas2023.online/public_html/app/controllers/Controller.php:85] Preview->render()
Thu, 09 Jan 2025 23:15:41 -0500 [2603:9000:f801:55e2:40c8:a7cf:9f19:4dcb] [/home/u991737198/domains/tas2023.online/public_html/lib/base.php:2078] Controller->afterroute()
Thu, 09 Jan 2025 23:15:41 -0500 [2603:9000:f801:55e2:40c8:a7cf:9f19:4dcb] [/home/u991737198/domains/tas2023.online/public_html/lib/base.php:1871] Base->call()
Thu, 09 Jan 2025 23:15:41 -0500 [2603:9000:f801:55e2:40c8:a7cf:9f19:4dcb] [/home/u991737198/domains/tas2023.online/public_html/index.php:19] Base->run()
Thu, 09 Jan 2025 23:15:57 -0500 [2603:9000:f801:55e2:40c8:a7cf:9f19:4dcb] 500: Undefined variable $selected_note trace: [/home/u991737198/domains/tas2023.online/public_html/tmp/3hn69l4qoa804.3g8shy2588w00.php:307]
Thu, 09 Jan 2025 23:15:57 -0500 [2603:9000:f801:55e2:40c8:a7cf:9f19:4dcb] [/home/u991737198/domains/tas2023.online/public_html/tmp/3hn69l4qoa804.3g8shy2588w00.php:307] Base->{closure}()
Thu, 09 Jan 2025 23:15:57 -0500 [2603:9000:f801:55e2:40c8:a7cf:9f19:4dcb] [/home/u991737198/domains/tas2023.online/public_html/lib/base.php:3036] require('/home/u991737198/domains/tas2023.online/public_html/tmp/3hn69l4qoa804.3g8shy2588w00.php')
Thu, 09 Jan 2025 23:15:57 -0500 [2603:9000:f801:55e2:40c8:a7cf:9f19:4dcb] [/home/u991737198/domains/tas2023.online/public_html/lib/base.php:3281] View->sandbox()
Thu, 09 Jan 2025 23:15:57 -0500 [2603:9000:f801:55e2:40c8:a7cf:9f19:4dcb] [/home/u991737198/domains/tas2023.online/public_html/tmp/3hn69l4qoa804.3h31n1yj254w8.php:7] Preview->render()
Thu, 09 Jan 2025 23:15:57 -0500 [2603:9000:f801:55e2:40c8:a7cf:9f19:4dcb] [/home/u991737198/domains/tas2023.online/public_html/lib/base.php:3036] require('/home/u991737198/domains/tas2023.online/public_html/tmp/3hn69l4qoa804.3h31n1yj254w8.php')
Thu, 09 Jan 2025 23:15:57 -0500 [2603:9000:f801:55e2:40c8:a7cf:9f19:4dcb] [/home/u991737198/domains/tas2023.online/public_html/lib/base.php:3281] View->sandbox()
Thu, 09 Jan 2025 23:15:57 -0500 [2603:9000:f801:55e2:40c8:a7cf:9f19:4dcb] [/home/u991737198/domains/tas2023.online/public_html/app/controllers/Controller.php:85] Preview->render()
Thu, 09 Jan 2025 23:15:57 -0500 [2603:9000:f801:55e2:40c8:a7cf:9f19:4dcb] [/home/u991737198/domains/tas2023.online/public_html/lib/base.php:2078] Controller->afterroute()
Thu, 09 Jan 2025 23:15:57 -0500 [2603:9000:f801:55e2:40c8:a7cf:9f19:4dcb] [/home/u991737198/domains/tas2023.online/public_html/lib/base.php:1871] Base->call()
Thu, 09 Jan 2025 23:15:57 -0500 [2603:9000:f801:55e2:40c8:a7cf:9f19:4dcb] [/home/u991737198/domains/tas2023.online/public_html/index.php:19] Base->run()
Thu, 09 Jan 2025 23:16:01 -0500 [2603:9000:f801:55e2:40c8:a7cf:9f19:4dcb] 500: trim(): Passing null to parameter #1 ($string) of type string is deprecated trace: [/home/u991737198/domains/tas2023.online/public_html/tmp/3hn69l4qoa804.3g8shy2588w00.php:276]
Thu, 09 Jan 2025 23:16:01 -0500 [2603:9000:f801:55e2:40c8:a7cf:9f19:4dcb] [/home/u991737198/domains/tas2023.online/public_html/tmp/3hn69l4qoa804.3g8shy2588w00.php:276] trim()
Thu, 09 Jan 2025 23:16:01 -0500 [2603:9000:f801:55e2:40c8:a7cf:9f19:4dcb] [/home/u991737198/domains/tas2023.online/public_html/lib/base.php:3036] require('/home/u991737198/domains/tas2023.online/public_html/tmp/3hn69l4qoa804.3g8shy2588w00.php')
Thu, 09 Jan 2025 23:16:01 -0500 [2603:9000:f801:55e2:40c8:a7cf:9f19:4dcb] [/home/u991737198/domains/tas2023.online/public_html/lib/base.php:3281] View->sandbox()
Thu, 09 Jan 2025 23:16:01 -0500 [2603:9000:f801:55e2:40c8:a7cf:9f19:4dcb] [/home/u991737198/domains/tas2023.online/public_html/tmp/3hn69l4qoa804.3h31n1yj254w8.php:7] Preview->render()
Thu, 09 Jan 2025 23:16:01 -0500 [2603:9000:f801:55e2:40c8:a7cf:9f19:4dcb] [/home/u991737198/domains/tas2023.online/public_html/lib/base.php:3036] require('/home/u991737198/domains/tas2023.online/public_html/tmp/3hn69l4qoa804.3h31n1yj254w8.php')
Thu, 09 Jan 2025 23:16:01 -0500 [2603:9000:f801:55e2:40c8:a7cf:9f19:4dcb] [/home/u991737198/domains/tas2023.online/public_html/lib/base.php:3281] View->sandbox()
Thu, 09 Jan 2025 23:16:01 -0500 [2603:9000:f801:55e2:40c8:a7cf:9f19:4dcb] [/home/u991737198/domains/tas2023.online/public_html/app/controllers/Controller.php:85] Preview->render()
Thu, 09 Jan 2025 23:16:01 -0500 [2603:9000:f801:55e2:40c8:a7cf:9f19:4dcb] [/home/u991737198/domains/tas2023.online/public_html/lib/base.php:2078] Controller->afterroute()
Thu, 09 Jan 2025 23:16:01 -0500 [2603:9000:f801:55e2:40c8:a7cf:9f19:4dcb] [/home/u991737198/domains/tas2023.online/public_html/lib/base.php:1871] Base->call()
Thu, 09 Jan 2025 23:16:01 -0500 [2603:9000:f801:55e2:40c8:a7cf:9f19:4dcb] [/home/u991737198/domains/tas2023.online/public_html/index.php:19] Base->run()
Thu, 09 Jan 2025 23:16:05 -0500 [2603:9000:f801:55e2:40c8:a7cf:9f19:4dcb] 500: Undefined variable $selected_note trace: [/home/u991737198/domains/tas2023.online/public_html/tmp/3hn69l4qoa804.3g8shy2588w00.php:307]
Thu, 09 Jan 2025 23:16:05 -0500 [2603:9000:f801:55e2:40c8:a7cf:9f19:4dcb] [/home/u991737198/domains/tas2023.online/public_html/tmp/3hn69l4qoa804.3g8shy2588w00.php:307] Base->{closure}()
Thu, 09 Jan 2025 23:16:05 -0500 [2603:9000:f801:55e2:40c8:a7cf:9f19:4dcb] [/home/u991737198/domains/tas2023.online/public_html/lib/base.php:3036] require('/home/u991737198/domains/tas2023.online/public_html/tmp/3hn69l4qoa804.3g8shy2588w00.php')
Thu, 09 Jan 2025 23:16:05 -0500 [2603:9000:f801:55e2:40c8:a7cf:9f19:4dcb] [/home/u991737198/domains/tas2023.online/public_html/lib/base.php:3281] View->sandbox()
Thu, 09 Jan 2025 23:16:05 -0500 [2603:9000:f801:55e2:40c8:a7cf:9f19:4dcb] [/home/u991737198/domains/tas2023.online/public_html/tmp/3hn69l4qoa804.3h31n1yj254w8.php:7] Preview->render()
Thu, 09 Jan 2025 23:16:05 -0500 [2603:9000:f801:55e2:40c8:a7cf:9f19:4dcb] [/home/u991737198/domains/tas2023.online/public_html/lib/base.php:3036] require('/home/u991737198/domains/tas2023.online/public_html/tmp/3hn69l4qoa804.3h31n1yj254w8.php')
Thu, 09 Jan 2025 23:16:05 -0500 [2603:9000:f801:55e2:40c8:a7cf:9f19:4dcb] [/home/u991737198/domains/tas2023.online/public_html/lib/base.php:3281] View->sandbox()
Thu, 09 Jan 2025 23:16:05 -0500 [2603:9000:f801:55e2:40c8:a7cf:9f19:4dcb] [/home/u991737198/domains/tas2023.online/public_html/app/controllers/Controller.php:85] Preview->render()
Thu, 09 Jan 2025 23:16:05 -0500 [2603:9000:f801:55e2:40c8:a7cf:9f19:4dcb] [/home/u991737198/domains/tas2023.online/public_html/lib/base.php:2078] Controller->afterroute()
Thu, 09 Jan 2025 23:16:05 -0500 [2603:9000:f801:55e2:40c8:a7cf:9f19:4dcb] [/home/u991737198/domains/tas2023.online/public_html/lib/base.php:1871] Base->call()
Thu, 09 Jan 2025 23:16:05 -0500 [2603:9000:f801:55e2:40c8:a7cf:9f19:4dcb] [/home/u991737198/domains/tas2023.online/public_html/index.php:19] Base->run()
Thu, 09 Jan 2025 23:16:11 -0500 [2603:9000:f801:55e2:40c8:a7cf:9f19:4dcb] 500: trim(): Passing null to parameter #1 ($string) of type string is deprecated trace: [/home/u991737198/domains/tas2023.online/public_html/tmp/3hn69l4qoa804.3g8shy2588w00.php:276]
Thu, 09 Jan 2025 23:16:11 -0500 [2603:9000:f801:55e2:40c8:a7cf:9f19:4dcb] [/home/u991737198/domains/tas2023.online/public_html/tmp/3hn69l4qoa804.3g8shy2588w00.php:276] trim()
Thu, 09 Jan 2025 23:16:11 -0500 [2603:9000:f801:55e2:40c8:a7cf:9f19:4dcb] [/home/u991737198/domains/tas2023.online/public_html/lib/base.php:3036] require('/home/u991737198/domains/tas2023.online/public_html/tmp/3hn69l4qoa804.3g8shy2588w00.php')
Thu, 09 Jan 2025 23:16:11 -0500 [2603:9000:f801:55e2:40c8:a7cf:9f19:4dcb] [/home/u991737198/domains/tas2023.online/public_html/lib/base.php:3281] View->sandbox()
Thu, 09 Jan 2025 23:16:11 -0500 [2603:9000:f801:55e2:40c8:a7cf:9f19:4dcb] [/home/u991737198/domains/tas2023.online/public_html/tmp/3hn69l4qoa804.3h31n1yj254w8.php:7] Preview->render()
Thu, 09 Jan 2025 23:16:11 -0500 [2603:9000:f801:55e2:40c8:a7cf:9f19:4dcb] [/home/u991737198/domains/tas2023.online/public_html/lib/base.php:3036] require('/home/u991737198/domains/tas2023.online/public_html/tmp/3hn69l4qoa804.3h31n1yj254w8.php')
Thu, 09 Jan 2025 23:16:11 -0500 [2603:9000:f801:55e2:40c8:a7cf:9f19:4dcb] [/home/u991737198/domains/tas2023.online/public_html/lib/base.php:3281] View->sandbox()
Thu, 09 Jan 2025 23:16:11 -0500 [2603:9000:f801:55e2:40c8:a7cf:9f19:4dcb] [/home/u991737198/domains/tas2023.online/public_html/app/controllers/Controller.php:85] Preview->render()
Thu, 09 Jan 2025 23:16:11 -0500 [2603:9000:f801:55e2:40c8:a7cf:9f19:4dcb] [/home/u991737198/domains/tas2023.online/public_html/lib/base.php:2078] Controller->afterroute()
Thu, 09 Jan 2025 23:16:11 -0500 [2603:9000:f801:55e2:40c8:a7cf:9f19:4dcb] [/home/u991737198/domains/tas2023.online/public_html/lib/base.php:1871] Base->call()
Thu, 09 Jan 2025 23:16:11 -0500 [2603:9000:f801:55e2:40c8:a7cf:9f19:4dcb] [/home/u991737198/domains/tas2023.online/public_html/index.php:19] Base->run()
Thu, 09 Jan 2025 23:16:18 -0500 [2603:9000:f801:55e2:40c8:a7cf:9f19:4dcb] 500: Undefined variable $selected_note trace: [/home/u991737198/domains/tas2023.online/public_html/tmp/3hn69l4qoa804.3g8shy2588w00.php:307]
Thu, 09 Jan 2025 23:16:18 -0500 [2603:9000:f801:55e2:40c8:a7cf:9f19:4dcb] [/home/u991737198/domains/tas2023.online/public_html/tmp/3hn69l4qoa804.3g8shy2588w00.php:307] Base->{closure}()
Thu, 09 Jan 2025 23:16:18 -0500 [2603:9000:f801:55e2:40c8:a7cf:9f19:4dcb] [/home/u991737198/domains/tas2023.online/public_html/lib/base.php:3036] require('/home/u991737198/domains/tas2023.online/public_html/tmp/3hn69l4qoa804.3g8shy2588w00.php')
Thu, 09 Jan 2025 23:16:18 -0500 [2603:9000:f801:55e2:40c8:a7cf:9f19:4dcb] [/home/u991737198/domains/tas2023.online/public_html/lib/base.php:3281] View->sandbox()
Thu, 09 Jan 2025 23:16:18 -0500 [2603:9000:f801:55e2:40c8:a7cf:9f19:4dcb] [/home/u991737198/domains/tas2023.online/public_html/tmp/3hn69l4qoa804.3h31n1yj254w8.php:7] Preview->render()
Thu, 09 Jan 2025 23:16:18 -0500 [2603:9000:f801:55e2:40c8:a7cf:9f19:4dcb] [/home/u991737198/domains/tas2023.online/public_html/lib/base.php:3036] require('/home/u991737198/domains/tas2023.online/public_html/tmp/3hn69l4qoa804.3h31n1yj254w8.php')
Thu, 09 Jan 2025 23:16:18 -0500 [2603:9000:f801:55e2:40c8:a7cf:9f19:4dcb] [/home/u991737198/domains/tas2023.online/public_html/lib/base.php:3281] View->sandbox()
Thu, 09 Jan 2025 23:16:18 -0500 [2603:9000:f801:55e2:40c8:a7cf:9f19:4dcb] [/home/u991737198/domains/tas2023.online/public_html/app/controllers/Controller.php:85] Preview->render()
Thu, 09 Jan 2025 23:16:18 -0500 [2603:9000:f801:55e2:40c8:a7cf:9f19:4dcb] [/home/u991737198/domains/tas2023.online/public_html/lib/base.php:2078] Controller->afterroute()
Thu, 09 Jan 2025 23:16:18 -0500 [2603:9000:f801:55e2:40c8:a7cf:9f19:4dcb] [/home/u991737198/domains/tas2023.online/public_html/lib/base.php:1871] Base->call()
Thu, 09 Jan 2025 23:16:18 -0500 [2603:9000:f801:55e2:40c8:a7cf:9f19:4dcb] [/home/u991737198/domains/tas2023.online/public_html/index.php:19] Base->run()
Thu, 09 Jan 2025 23:16:22 -0500 [2603:9000:f801:55e2:40c8:a7cf:9f19:4dcb] 500: trim(): Passing null to parameter #1 ($string) of type string is deprecated trace: [/home/u991737198/domains/tas2023.online/public_html/tmp/3hn69l4qoa804.3g8shy2588w00.php:276]
Thu, 09 Jan 2025 23:16:22 -0500 [2603:9000:f801:55e2:40c8:a7cf:9f19:4dcb] [/home/u991737198/domains/tas2023.online/public_html/tmp/3hn69l4qoa804.3g8shy2588w00.php:276] trim()
Thu, 09 Jan 2025 23:16:22 -0500 [2603:9000:f801:55e2:40c8:a7cf:9f19:4dcb] [/home/u991737198/domains/tas2023.online/public_html/lib/base.php:3036] require('/home/u991737198/domains/tas2023.online/public_html/tmp/3hn69l4qoa804.3g8shy2588w00.php')
Thu, 09 Jan 2025 23:16:22 -0500 [2603:9000:f801:55e2:40c8:a7cf:9f19:4dcb] [/home/u991737198/domains/tas2023.online/public_html/lib/base.php:3281] View->sandbox()
Thu, 09 Jan 2025 23:16:22 -0500 [2603:9000:f801:55e2:40c8:a7cf:9f19:4dcb] [/home/u991737198/domains/tas2023.online/public_html/tmp/3hn69l4qoa804.3h31n1yj254w8.php:7] Preview->render()
Thu, 09 Jan 2025 23:16:22 -0500 [2603:9000:f801:55e2:40c8:a7cf:9f19:4dcb] [/home/u991737198/domains/tas2023.online/public_html/lib/base.php:3036] require('/home/u991737198/domains/tas2023.online/public_html/tmp/3hn69l4qoa804.3h31n1yj254w8.php')
Thu, 09 Jan 2025 23:16:22 -0500 [2603:9000:f801:55e2:40c8:a7cf:9f19:4dcb] [/home/u991737198/domains/tas2023.online/public_html/lib/base.php:3281] View->sandbox()
Thu, 09 Jan 2025 23:16:22 -0500 [2603:9000:f801:55e2:40c8:a7cf:9f19:4dcb] [/home/u991737198/domains/tas2023.online/public_html/app/controllers/Controller.php:85] Preview->render()
Thu, 09 Jan 2025 23:16:22 -0500 [2603:9000:f801:55e2:40c8:a7cf:9f19:4dcb] [/home/u991737198/domains/tas2023.online/public_html/lib/base.php:2078] Controller->afterroute()
Thu, 09 Jan 2025 23:16:22 -0500 [2603:9000:f801:55e2:40c8:a7cf:9f19:4dcb] [/home/u991737198/domains/tas2023.online/public_html/lib/base.php:1871] Base->call()
Thu, 09 Jan 2025 23:16:22 -0500 [2603:9000:f801:55e2:40c8:a7cf:9f19:4dcb] [/home/u991737198/domains/tas2023.online/public_html/index.php:19] Base->run()
Thu, 09 Jan 2025 23:16:30 -0500 [2603:9000:f801:55e2:40c8:a7cf:9f19:4dcb] 500: Undefined variable $selected_note trace: [/home/u991737198/domains/tas2023.online/public_html/tmp/3hn69l4qoa804.3g8shy2588w00.php:307]
Thu, 09 Jan 2025 23:16:30 -0500 [2603:9000:f801:55e2:40c8:a7cf:9f19:4dcb] [/home/u991737198/domains/tas2023.online/public_html/tmp/3hn69l4qoa804.3g8shy2588w00.php:307] Base->{closure}()
Thu, 09 Jan 2025 23:16:30 -0500 [2603:9000:f801:55e2:40c8:a7cf:9f19:4dcb] [/home/u991737198/domains/tas2023.online/public_html/lib/base.php:3036] require('/home/u991737198/domains/tas2023.online/public_html/tmp/3hn69l4qoa804.3g8shy2588w00.php')
Thu, 09 Jan 2025 23:16:30 -0500 [2603:9000:f801:55e2:40c8:a7cf:9f19:4dcb] [/home/u991737198/domains/tas2023.online/public_html/lib/base.php:3281] View->sandbox()
Thu, 09 Jan 2025 23:16:30 -0500 [2603:9000:f801:55e2:40c8:a7cf:9f19:4dcb] [/home/u991737198/domains/tas2023.online/public_html/tmp/3hn69l4qoa804.3h31n1yj254w8.php:7] Preview->render()
Thu, 09 Jan 2025 23:16:30 -0500 [2603:9000:f801:55e2:40c8:a7cf:9f19:4dcb] [/home/u991737198/domains/tas2023.online/public_html/lib/base.php:3036] require('/home/u991737198/domains/tas2023.online/public_html/tmp/3hn69l4qoa804.3h31n1yj254w8.php')
Thu, 09 Jan 2025 23:16:30 -0500 [2603:9000:f801:55e2:40c8:a7cf:9f19:4dcb] [/home/u991737198/domains/tas2023.online/public_html/lib/base.php:3281] View->sandbox()
Thu, 09 Jan 2025 23:16:30 -0500 [2603:9000:f801:55e2:40c8:a7cf:9f19:4dcb] [/home/u991737198/domains/tas2023.online/public_html/app/controllers/Controller.php:85] Preview->render()
Thu, 09 Jan 2025 23:16:30 -0500 [2603:9000:f801:55e2:40c8:a7cf:9f19:4dcb] [/home/u991737198/domains/tas2023.online/public_html/lib/base.php:2078] Controller->afterroute()
Thu, 09 Jan 2025 23:16:30 -0500 [2603:9000:f801:55e2:40c8:a7cf:9f19:4dcb] [/home/u991737198/domains/tas2023.online/public_html/lib/base.php:1871] Base->call()
Thu, 09 Jan 2025 23:16:30 -0500 [2603:9000:f801:55e2:40c8:a7cf:9f19:4dcb] [/home/u991737198/domains/tas2023.online/public_html/index.php:19] Base->run()
Thu, 09 Jan 2025 23:16:35 -0500 [2603:9000:f801:55e2:40c8:a7cf:9f19:4dcb] 500: trim(): Passing null to parameter #1 ($string) of type string is deprecated trace: [/home/u991737198/domains/tas2023.online/public_html/tmp/3hn69l4qoa804.3g8shy2588w00.php:276]
Thu, 09 Jan 2025 23:16:35 -0500 [2603:9000:f801:55e2:40c8:a7cf:9f19:4dcb] [/home/u991737198/domains/tas2023.online/public_html/tmp/3hn69l4qoa804.3g8shy2588w00.php:276] trim()
Thu, 09 Jan 2025 23:16:35 -0500 [2603:9000:f801:55e2:40c8:a7cf:9f19:4dcb] [/home/u991737198/domains/tas2023.online/public_html/lib/base.php:3036] require('/home/u991737198/domains/tas2023.online/public_html/tmp/3hn69l4qoa804.3g8shy2588w00.php')
Thu, 09 Jan 2025 23:16:35 -0500 [2603:9000:f801:55e2:40c8:a7cf:9f19:4dcb] [/home/u991737198/domains/tas2023.online/public_html/lib/base.php:3281] View->sandbox()
Thu, 09 Jan 2025 23:16:35 -0500 [2603:9000:f801:55e2:40c8:a7cf:9f19:4dcb] [/home/u991737198/domains/tas2023.online/public_html/tmp/3hn69l4qoa804.3h31n1yj254w8.php:7] Preview->render()
Thu, 09 Jan 2025 23:16:35 -0500 [2603:9000:f801:55e2:40c8:a7cf:9f19:4dcb] [/home/u991737198/domains/tas2023.online/public_html/lib/base.php:3036] require('/home/u991737198/domains/tas2023.online/public_html/tmp/3hn69l4qoa804.3h31n1yj254w8.php')
Thu, 09 Jan 2025 23:16:35 -0500 [2603:9000:f801:55e2:40c8:a7cf:9f19:4dcb] [/home/u991737198/domains/tas2023.online/public_html/lib/base.php:3281] View->sandbox()
Thu, 09 Jan 2025 23:16:35 -0500 [2603:9000:f801:55e2:40c8:a7cf:9f19:4dcb] [/home/u991737198/domains/tas2023.online/public_html/app/controllers/Controller.php:85] Preview->render()
Thu, 09 Jan 2025 23:16:35 -0500 [2603:9000:f801:55e2:40c8:a7cf:9f19:4dcb] [/home/u991737198/domains/tas2023.online/public_html/lib/base.php:2078] Controller->afterroute()
Thu, 09 Jan 2025 23:16:35 -0500 [2603:9000:f801:55e2:40c8:a7cf:9f19:4dcb] [/home/u991737198/domains/tas2023.online/public_html/lib/base.php:1871] Base->call()
Thu, 09 Jan 2025 23:16:35 -0500 [2603:9000:f801:55e2:40c8:a7cf:9f19:4dcb] [/home/u991737198/domains/tas2023.online/public_html/index.php:19] Base->run()
Thu, 09 Jan 2025 23:16:40 -0500 [2603:9000:f801:55e2:40c8:a7cf:9f19:4dcb] 500: Undefined variable $selected_note trace: [/home/u991737198/domains/tas2023.online/public_html/tmp/3hn69l4qoa804.3g8shy2588w00.php:307]
Thu, 09 Jan 2025 23:16:40 -0500 [2603:9000:f801:55e2:40c8:a7cf:9f19:4dcb] [/home/u991737198/domains/tas2023.online/public_html/tmp/3hn69l4qoa804.3g8shy2588w00.php:307] Base->{closure}()
Thu, 09 Jan 2025 23:16:40 -0500 [2603:9000:f801:55e2:40c8:a7cf:9f19:4dcb] [/home/u991737198/domains/tas2023.online/public_html/lib/base.php:3036] require('/home/u991737198/domains/tas2023.online/public_html/tmp/3hn69l4qoa804.3g8shy2588w00.php')
Thu, 09 Jan 2025 23:16:40 -0500 [2603:9000:f801:55e2:40c8:a7cf:9f19:4dcb] [/home/u991737198/domains/tas2023.online/public_html/lib/base.php:3281] View->sandbox()
Thu, 09 Jan 2025 23:16:40 -0500 [2603:9000:f801:55e2:40c8:a7cf:9f19:4dcb] [/home/u991737198/domains/tas2023.online/public_html/tmp/3hn69l4qoa804.3h31n1yj254w8.php:7] Preview->render()
Thu, 09 Jan 2025 23:16:40 -0500 [2603:9000:f801:55e2:40c8:a7cf:9f19:4dcb] [/home/u991737198/domains/tas2023.online/public_html/lib/base.php:3036] require('/home/u991737198/domains/tas2023.online/public_html/tmp/3hn69l4qoa804.3h31n1yj254w8.php')
Thu, 09 Jan 2025 23:16:40 -0500 [2603:9000:f801:55e2:40c8:a7cf:9f19:4dcb] [/home/u991737198/domains/tas2023.online/public_html/lib/base.php:3281] View->sandbox()
Thu, 09 Jan 2025 23:16:40 -0500 [2603:9000:f801:55e2:40c8:a7cf:9f19:4dcb] [/home/u991737198/domains/tas2023.online/public_html/app/controllers/Controller.php:85] Preview->render()
Thu, 09 Jan 2025 23:16:40 -0500 [2603:9000:f801:55e2:40c8:a7cf:9f19:4dcb] [/home/u991737198/domains/tas2023.online/public_html/lib/base.php:2078] Controller->afterroute()
Thu, 09 Jan 2025 23:16:40 -0500 [2603:9000:f801:55e2:40c8:a7cf:9f19:4dcb] [/home/u991737198/domains/tas2023.online/public_html/lib/base.php:1871] Base->call()
Thu, 09 Jan 2025 23:16:40 -0500 [2603:9000:f801:55e2:40c8:a7cf:9f19:4dcb] [/home/u991737198/domains/tas2023.online/public_html/index.php:19] Base->run()
Thu, 09 Jan 2025 23:16:45 -0500 [2603:9000:f801:55e2:40c8:a7cf:9f19:4dcb] 500: trim(): Passing null to parameter #1 ($string) of type string is deprecated trace: [/home/u991737198/domains/tas2023.online/public_html/tmp/3hn69l4qoa804.3g8shy2588w00.php:276]
Thu, 09 Jan 2025 23:16:45 -0500 [2603:9000:f801:55e2:40c8:a7cf:9f19:4dcb] [/home/u991737198/domains/tas2023.online/public_html/tmp/3hn69l4qoa804.3g8shy2588w00.php:276] trim()
Thu, 09 Jan 2025 23:16:45 -0500 [2603:9000:f801:55e2:40c8:a7cf:9f19:4dcb] [/home/u991737198/domains/tas2023.online/public_html/lib/base.php:3036] require('/home/u991737198/domains/tas2023.online/public_html/tmp/3hn69l4qoa804.3g8shy2588w00.php')
Thu, 09 Jan 2025 23:16:45 -0500 [2603:9000:f801:55e2:40c8:a7cf:9f19:4dcb] [/home/u991737198/domains/tas2023.online/public_html/lib/base.php:3281] View->sandbox()
Thu, 09 Jan 2025 23:16:45 -0500 [2603:9000:f801:55e2:40c8:a7cf:9f19:4dcb] [/home/u991737198/domains/tas2023.online/public_html/tmp/3hn69l4qoa804.3h31n1yj254w8.php:7] Preview->render()
Thu, 09 Jan 2025 23:16:45 -0500 [2603:9000:f801:55e2:40c8:a7cf:9f19:4dcb] [/home/u991737198/domains/tas2023.online/public_html/lib/base.php:3036] require('/home/u991737198/domains/tas2023.online/public_html/tmp/3hn69l4qoa804.3h31n1yj254w8.php')
Thu, 09 Jan 2025 23:16:45 -0500 [2603:9000:f801:55e2:40c8:a7cf:9f19:4dcb] [/home/u991737198/domains/tas2023.online/public_html/lib/base.php:3281] View->sandbox()
Thu, 09 Jan 2025 23:16:45 -0500 [2603:9000:f801:55e2:40c8:a7cf:9f19:4dcb] [/home/u991737198/domains/tas2023.online/public_html/app/controllers/Controller.php:85] Preview->render()
Thu, 09 Jan 2025 23:16:45 -0500 [2603:9000:f801:55e2:40c8:a7cf:9f19:4dcb] [/home/u991737198/domains/tas2023.online/public_html/lib/base.php:2078] Controller->afterroute()
Thu, 09 Jan 2025 23:16:45 -0500 [2603:9000:f801:55e2:40c8:a7cf:9f19:4dcb] [/home/u991737198/domains/tas2023.online/public_html/lib/base.php:1871] Base->call()
Thu, 09 Jan 2025 23:16:45 -0500 [2603:9000:f801:55e2:40c8:a7cf:9f19:4dcb] [/home/u991737198/domains/tas2023.online/public_html/index.php:19] Base->run()
Thu, 09 Jan 2025 23:17:20 -0500 [2603:9000:f801:55e2:40c8:a7cf:9f19:4dcb] 500: Undefined variable $entity_num trace: [tmp/3hn69l4qoa804.1zo7dt0fljr4w.php:196]
Thu, 09 Jan 2025 23:17:20 -0500 [2603:9000:f801:55e2:40c8:a7cf:9f19:4dcb] [tmp/3hn69l4qoa804.1zo7dt0fljr4w.php:196] Base->{closure}()
Thu, 09 Jan 2025 23:17:20 -0500 [2603:9000:f801:55e2:40c8:a7cf:9f19:4dcb] [lib/base.php:3036] require('/home/u991737198/domains/tas2023.online/public_html/tmp/3hn69l4qoa804.1zo7dt0fljr4w.php')
Thu, 09 Jan 2025 23:17:20 -0500 [2603:9000:f801:55e2:40c8:a7cf:9f19:4dcb] [lib/base.php:3281] View->sandbox()
Thu, 09 Jan 2025 23:17:20 -0500 [2603:9000:f801:55e2:40c8:a7cf:9f19:4dcb] [tmp/3hn69l4qoa804.3h31n1yj254w8.php:7] Preview->render()
Thu, 09 Jan 2025 23:17:20 -0500 [2603:9000:f801:55e2:40c8:a7cf:9f19:4dcb] [lib/base.php:3036] require('/home/u991737198/domains/tas2023.online/public_html/tmp/3hn69l4qoa804.3h31n1yj254w8.php')
Thu, 09 Jan 2025 23:17:20 -0500 [2603:9000:f801:55e2:40c8:a7cf:9f19:4dcb] [lib/base.php:3281] View->sandbox()
Thu, 09 Jan 2025 23:17:20 -0500 [2603:9000:f801:55e2:40c8:a7cf:9f19:4dcb] [app/controllers/Controller.php:85] Preview->render()
Thu, 09 Jan 2025 23:17:20 -0500 [2603:9000:f801:55e2:40c8:a7cf:9f19:4dcb] [lib/base.php:2078] Controller->afterroute()
Thu, 09 Jan 2025 23:17:20 -0500 [2603:9000:f801:55e2:40c8:a7cf:9f19:4dcb] [lib/base.php:1871] Base->call()
Thu, 09 Jan 2025 23:17:20 -0500 [2603:9000:f801:55e2:40c8:a7cf:9f19:4dcb] [index.php:19] Base->run()
Thu, 09 Jan 2025 23:17:27 -0500 [2603:9000:f801:55e2:40c8:a7cf:9f19:4dcb] 500: Undefined variable $entity_num trace: [tmp/3hn69l4qoa804.1zo7dt0fljr4w.php:196]
Thu, 09 Jan 2025 23:17:27 -0500 [2603:9000:f801:55e2:40c8:a7cf:9f19:4dcb] [tmp/3hn69l4qoa804.1zo7dt0fljr4w.php:196] Base->{closure}()
Thu, 09 Jan 2025 23:17:27 -0500 [2603:9000:f801:55e2:40c8:a7cf:9f19:4dcb] [lib/base.php:3036] require('/home/u991737198/domains/tas2023.online/public_html/tmp/3hn69l4qoa804.1zo7dt0fljr4w.php')
Thu, 09 Jan 2025 23:17:27 -0500 [2603:9000:f801:55e2:40c8:a7cf:9f19:4dcb] [lib/base.php:3281] View->sandbox()
Thu, 09 Jan 2025 23:17:27 -0500 [2603:9000:f801:55e2:40c8:a7cf:9f19:4dcb] [tmp/3hn69l4qoa804.3h31n1yj254w8.php:7] Preview->render()
Thu, 09 Jan 2025 23:17:27 -0500 [2603:9000:f801:55e2:40c8:a7cf:9f19:4dcb] [lib/base.php:3036] require('/home/u991737198/domains/tas2023.online/public_html/tmp/3hn69l4qoa804.3h31n1yj254w8.php')
Thu, 09 Jan 2025 23:17:27 -0500 [2603:9000:f801:55e2:40c8:a7cf:9f19:4dcb] [lib/base.php:3281] View->sandbox()
Thu, 09 Jan 2025 23:17:27 -0500 [2603:9000:f801:55e2:40c8:a7cf:9f19:4dcb] [app/controllers/Controller.php:85] Preview->render()
Thu, 09 Jan 2025 23:17:27 -0500 [2603:9000:f801:55e2:40c8:a7cf:9f19:4dcb] [lib/base.php:2078] Controller->afterroute()
Thu, 09 Jan 2025 23:17:27 -0500 [2603:9000:f801:55e2:40c8:a7cf:9f19:4dcb] [lib/base.php:1871] Base->call()
Thu, 09 Jan 2025 23:17:27 -0500 [2603:9000:f801:55e2:40c8:a7cf:9f19:4dcb] [index.php:19] Base->run()
Thu, 09 Jan 2025 23:17:43 -0500 [2603:9000:f801:55e2:40c8:a7cf:9f19:4dcb] 500: Undefined variable $selected_note trace: [/home/u991737198/domains/tas2023.online/public_html/tmp/3hn69l4qoa804.3g8shy2588w00.php:307]
Thu, 09 Jan 2025 23:17:43 -0500 [2603:9000:f801:55e2:40c8:a7cf:9f19:4dcb] [/home/u991737198/domains/tas2023.online/public_html/tmp/3hn69l4qoa804.3g8shy2588w00.php:307] Base->{closure}()
Thu, 09 Jan 2025 23:17:43 -0500 [2603:9000:f801:55e2:40c8:a7cf:9f19:4dcb] [/home/u991737198/domains/tas2023.online/public_html/lib/base.php:3036] require('/home/u991737198/domains/tas2023.online/public_html/tmp/3hn69l4qoa804.3g8shy2588w00.php')
Thu, 09 Jan 2025 23:17:43 -0500 [2603:9000:f801:55e2:40c8:a7cf:9f19:4dcb] [/home/u991737198/domains/tas2023.online/public_html/lib/base.php:3281] View->sandbox()
Thu, 09 Jan 2025 23:17:43 -0500 [2603:9000:f801:55e2:40c8:a7cf:9f19:4dcb] [/home/u991737198/domains/tas2023.online/public_html/tmp/3hn69l4qoa804.3h31n1yj254w8.php:7] Preview->render()
Thu, 09 Jan 2025 23:17:43 -0500 [2603:9000:f801:55e2:40c8:a7cf:9f19:4dcb] [/home/u991737198/domains/tas2023.online/public_html/lib/base.php:3036] require('/home/u991737198/domains/tas2023.online/public_html/tmp/3hn69l4qoa804.3h31n1yj254w8.php')
Thu, 09 Jan 2025 23:17:43 -0500 [2603:9000:f801:55e2:40c8:a7cf:9f19:4dcb] [/home/u991737198/domains/tas2023.online/public_html/lib/base.php:3281] View->sandbox()
Thu, 09 Jan 2025 23:17:43 -0500 [2603:9000:f801:55e2:40c8:a7cf:9f19:4dcb] [/home/u991737198/domains/tas2023.online/public_html/app/controllers/Controller.php:85] Preview->render()
Thu, 09 Jan 2025 23:17:43 -0500 [2603:9000:f801:55e2:40c8:a7cf:9f19:4dcb] [/home/u991737198/domains/tas2023.online/public_html/lib/base.php:2078] Controller->afterroute()
Thu, 09 Jan 2025 23:17:43 -0500 [2603:9000:f801:55e2:40c8:a7cf:9f19:4dcb] [/home/u991737198/domains/tas2023.online/public_html/lib/base.php:1871] Base->call()
Thu, 09 Jan 2025 23:17:43 -0500 [2603:9000:f801:55e2:40c8:a7cf:9f19:4dcb] [/home/u991737198/domains/tas2023.online/public_html/index.php:19] Base->run()
Thu, 09 Jan 2025 23:17:47 -0500 [2603:9000:f801:55e2:40c8:a7cf:9f19:4dcb] 500: trim(): Passing null to parameter #1 ($string) of type string is deprecated trace: [/home/u991737198/domains/tas2023.online/public_html/tmp/3hn69l4qoa804.3g8shy2588w00.php:276]
Thu, 09 Jan 2025 23:17:47 -0500 [2603:9000:f801:55e2:40c8:a7cf:9f19:4dcb] [/home/u991737198/domains/tas2023.online/public_html/tmp/3hn69l4qoa804.3g8shy2588w00.php:276] trim()
Thu, 09 Jan 2025 23:17:47 -0500 [2603:9000:f801:55e2:40c8:a7cf:9f19:4dcb] [/home/u991737198/domains/tas2023.online/public_html/lib/base.php:3036] require('/home/u991737198/domains/tas2023.online/public_html/tmp/3hn69l4qoa804.3g8shy2588w00.php')
Thu, 09 Jan 2025 23:17:47 -0500 [2603:9000:f801:55e2:40c8:a7cf:9f19:4dcb] [/home/u991737198/domains/tas2023.online/public_html/lib/base.php:3281] View->sandbox()
Thu, 09 Jan 2025 23:17:47 -0500 [2603:9000:f801:55e2:40c8:a7cf:9f19:4dcb] [/home/u991737198/domains/tas2023.online/public_html/tmp/3hn69l4qoa804.3h31n1yj254w8.php:7] Preview->render()
Thu, 09 Jan 2025 23:17:47 -0500 [2603:9000:f801:55e2:40c8:a7cf:9f19:4dcb] [/home/u991737198/domains/tas2023.online/public_html/lib/base.php:3036] require('/home/u991737198/domains/tas2023.online/public_html/tmp/3hn69l4qoa804.3h31n1yj254w8.php')
Thu, 09 Jan 2025 23:17:47 -0500 [2603:9000:f801:55e2:40c8:a7cf:9f19:4dcb] [/home/u991737198/domains/tas2023.online/public_html/lib/base.php:3281] View->sandbox()
Thu, 09 Jan 2025 23:17:47 -0500 [2603:9000:f801:55e2:40c8:a7cf:9f19:4dcb] [/home/u991737198/domains/tas2023.online/public_html/app/controllers/Controller.php:85] Preview->render()
Thu, 09 Jan 2025 23:17:47 -0500 [2603:9000:f801:55e2:40c8:a7cf:9f19:4dcb] [/home/u991737198/domains/tas2023.online/public_html/lib/base.php:2078] Controller->afterroute()
Thu, 09 Jan 2025 23:17:47 -0500 [2603:9000:f801:55e2:40c8:a7cf:9f19:4dcb] [/home/u991737198/domains/tas2023.online/public_html/lib/base.php:1871] Base->call()
Thu, 09 Jan 2025 23:17:47 -0500 [2603:9000:f801:55e2:40c8:a7cf:9f19:4dcb] [/home/u991737198/domains/tas2023.online/public_html/index.php:19] Base->run()
Thu, 09 Jan 2025 23:17:53 -0500 [2603:9000:f801:55e2:40c8:a7cf:9f19:4dcb] 500: Undefined variable $selected_note trace: [/home/u991737198/domains/tas2023.online/public_html/tmp/3hn69l4qoa804.3g8shy2588w00.php:307]
Thu, 09 Jan 2025 23:17:53 -0500 [2603:9000:f801:55e2:40c8:a7cf:9f19:4dcb] [/home/u991737198/domains/tas2023.online/public_html/tmp/3hn69l4qoa804.3g8shy2588w00.php:307] Base->{closure}()
Thu, 09 Jan 2025 23:17:53 -0500 [2603:9000:f801:55e2:40c8:a7cf:9f19:4dcb] [/home/u991737198/domains/tas2023.online/public_html/lib/base.php:3036] require('/home/u991737198/domains/tas2023.online/public_html/tmp/3hn69l4qoa804.3g8shy2588w00.php')
Thu, 09 Jan 2025 23:17:53 -0500 [2603:9000:f801:55e2:40c8:a7cf:9f19:4dcb] [/home/u991737198/domains/tas2023.online/public_html/lib/base.php:3281] View->sandbox()
Thu, 09 Jan 2025 23:17:53 -0500 [2603:9000:f801:55e2:40c8:a7cf:9f19:4dcb] [/home/u991737198/domains/tas2023.online/public_html/tmp/3hn69l4qoa804.3h31n1yj254w8.php:7] Preview->render()
Thu, 09 Jan 2025 23:17:53 -0500 [2603:9000:f801:55e2:40c8:a7cf:9f19:4dcb] [/home/u991737198/domains/tas2023.online/public_html/lib/base.php:3036] require('/home/u991737198/domains/tas2023.online/public_html/tmp/3hn69l4qoa804.3h31n1yj254w8.php')
Thu, 09 Jan 2025 23:17:53 -0500 [2603:9000:f801:55e2:40c8:a7cf:9f19:4dcb] [/home/u991737198/domains/tas2023.online/public_html/lib/base.php:3281] View->sandbox()
Thu, 09 Jan 2025 23:17:53 -0500 [2603:9000:f801:55e2:40c8:a7cf:9f19:4dcb] [/home/u991737198/domains/tas2023.online/public_html/app/controllers/Controller.php:85] Preview->render()
Thu, 09 Jan 2025 23:17:53 -0500 [2603:9000:f801:55e2:40c8:a7cf:9f19:4dcb] [/home/u991737198/domains/tas2023.online/public_html/lib/base.php:2078] Controller->afterroute()
Thu, 09 Jan 2025 23:17:53 -0500 [2603:9000:f801:55e2:40c8:a7cf:9f19:4dcb] [/home/u991737198/domains/tas2023.online/public_html/lib/base.php:1871] Base->call()
Thu, 09 Jan 2025 23:17:53 -0500 [2603:9000:f801:55e2:40c8:a7cf:9f19:4dcb] [/home/u991737198/domains/tas2023.online/public_html/index.php:19] Base->run()
Thu, 09 Jan 2025 23:17:59 -0500 [2603:9000:f801:55e2:40c8:a7cf:9f19:4dcb] 500: trim(): Passing null to parameter #1 ($string) of type string is deprecated trace: [/home/u991737198/domains/tas2023.online/public_html/tmp/3hn69l4qoa804.3g8shy2588w00.php:276]
Thu, 09 Jan 2025 23:17:59 -0500 [2603:9000:f801:55e2:40c8:a7cf:9f19:4dcb] [/home/u991737198/domains/tas2023.online/public_html/tmp/3hn69l4qoa804.3g8shy2588w00.php:276] trim()
Thu, 09 Jan 2025 23:17:59 -0500 [2603:9000:f801:55e2:40c8:a7cf:9f19:4dcb] [/home/u991737198/domains/tas2023.online/public_html/lib/base.php:3036] require('/home/u991737198/domains/tas2023.online/public_html/tmp/3hn69l4qoa804.3g8shy2588w00.php')
Thu, 09 Jan 2025 23:17:59 -0500 [2603:9000:f801:55e2:40c8:a7cf:9f19:4dcb] [/home/u991737198/domains/tas2023.online/public_html/lib/base.php:3281] View->sandbox()
Thu, 09 Jan 2025 23:17:59 -0500 [2603:9000:f801:55e2:40c8:a7cf:9f19:4dcb] [/home/u991737198/domains/tas2023.online/public_html/tmp/3hn69l4qoa804.3h31n1yj254w8.php:7] Preview->render()
Thu, 09 Jan 2025 23:17:59 -0500 [2603:9000:f801:55e2:40c8:a7cf:9f19:4dcb] [/home/u991737198/domains/tas2023.online/public_html/lib/base.php:3036] require('/home/u991737198/domains/tas2023.online/public_html/tmp/3hn69l4qoa804.3h31n1yj254w8.php')
Thu, 09 Jan 2025 23:17:59 -0500 [2603:9000:f801:55e2:40c8:a7cf:9f19:4dcb] [/home/u991737198/domains/tas2023.online/public_html/lib/base.php:3281] View->sandbox()
Thu, 09 Jan 2025 23:17:59 -0500 [2603:9000:f801:55e2:40c8:a7cf:9f19:4dcb] [/home/u991737198/domains/tas2023.online/public_html/app/controllers/Controller.php:85] Preview->render()
Thu, 09 Jan 2025 23:17:59 -0500 [2603:9000:f801:55e2:40c8:a7cf:9f19:4dcb] [/home/u991737198/domains/tas2023.online/public_html/lib/base.php:2078] Controller->afterroute()
Thu, 09 Jan 2025 23:17:59 -0500 [2603:9000:f801:55e2:40c8:a7cf:9f19:4dcb] [/home/u991737198/domains/tas2023.online/public_html/lib/base.php:1871] Base->call()
Thu, 09 Jan 2025 23:17:59 -0500 [2603:9000:f801:55e2:40c8:a7cf:9f19:4dcb] [/home/u991737198/domains/tas2023.online/public_html/index.php:19] Base->run()
Thu, 09 Jan 2025 23:18:05 -0500 [2603:9000:f801:55e2:40c8:a7cf:9f19:4dcb] 500: Undefined variable $selected_note trace: [/home/u991737198/domains/tas2023.online/public_html/tmp/3hn69l4qoa804.3g8shy2588w00.php:307]
Thu, 09 Jan 2025 23:18:05 -0500 [2603:9000:f801:55e2:40c8:a7cf:9f19:4dcb] [/home/u991737198/domains/tas2023.online/public_html/tmp/3hn69l4qoa804.3g8shy2588w00.php:307] Base->{closure}()
Thu, 09 Jan 2025 23:18:05 -0500 [2603:9000:f801:55e2:40c8:a7cf:9f19:4dcb] [/home/u991737198/domains/tas2023.online/public_html/lib/base.php:3036] require('/home/u991737198/domains/tas2023.online/public_html/tmp/3hn69l4qoa804.3g8shy2588w00.php')
Thu, 09 Jan 2025 23:18:05 -0500 [2603:9000:f801:55e2:40c8:a7cf:9f19:4dcb] [/home/u991737198/domains/tas2023.online/public_html/lib/base.php:3281] View->sandbox()
Thu, 09 Jan 2025 23:18:05 -0500 [2603:9000:f801:55e2:40c8:a7cf:9f19:4dcb] [/home/u991737198/domains/tas2023.online/public_html/tmp/3hn69l4qoa804.3h31n1yj254w8.php:7] Preview->render()
Thu, 09 Jan 2025 23:18:05 -0500 [2603:9000:f801:55e2:40c8:a7cf:9f19:4dcb] [/home/u991737198/domains/tas2023.online/public_html/lib/base.php:3036] require('/home/u991737198/domains/tas2023.online/public_html/tmp/3hn69l4qoa804.3h31n1yj254w8.php')
Thu, 09 Jan 2025 23:18:05 -0500 [2603:9000:f801:55e2:40c8:a7cf:9f19:4dcb] [/home/u991737198/domains/tas2023.online/public_html/lib/base.php:3281] View->sandbox()
Thu, 09 Jan 2025 23:18:05 -0500 [2603:9000:f801:55e2:40c8:a7cf:9f19:4dcb] [/home/u991737198/domains/tas2023.online/public_html/app/controllers/Controller.php:85] Preview->render()
Thu, 09 Jan 2025 23:18:05 -0500 [2603:9000:f801:55e2:40c8:a7cf:9f19:4dcb] [/home/u991737198/domains/tas2023.online/public_html/lib/base.php:2078] Controller->afterroute()
Thu, 09 Jan 2025 23:18:05 -0500 [2603:9000:f801:55e2:40c8:a7cf:9f19:4dcb] [/home/u991737198/domains/tas2023.online/public_html/lib/base.php:1871] Base->call()
Thu, 09 Jan 2025 23:18:05 -0500 [2603:9000:f801:55e2:40c8:a7cf:9f19:4dcb] [/home/u991737198/domains/tas2023.online/public_html/index.php:19] Base->run()
Thu, 09 Jan 2025 23:18:10 -0500 [2603:9000:f801:55e2:40c8:a7cf:9f19:4dcb] 500: trim(): Passing null to parameter #1 ($string) of type string is deprecated trace: [/home/u991737198/domains/tas2023.online/public_html/tmp/3hn69l4qoa804.3g8shy2588w00.php:276]
Thu, 09 Jan 2025 23:18:10 -0500 [2603:9000:f801:55e2:40c8:a7cf:9f19:4dcb] [/home/u991737198/domains/tas2023.online/public_html/tmp/3hn69l4qoa804.3g8shy2588w00.php:276] trim()
Thu, 09 Jan 2025 23:18:10 -0500 [2603:9000:f801:55e2:40c8:a7cf:9f19:4dcb] [/home/u991737198/domains/tas2023.online/public_html/lib/base.php:3036] require('/home/u991737198/domains/tas2023.online/public_html/tmp/3hn69l4qoa804.3g8shy2588w00.php')
Thu, 09 Jan 2025 23:18:10 -0500 [2603:9000:f801:55e2:40c8:a7cf:9f19:4dcb] [/home/u991737198/domains/tas2023.online/public_html/lib/base.php:3281] View->sandbox()
Thu, 09 Jan 2025 23:18:10 -0500 [2603:9000:f801:55e2:40c8:a7cf:9f19:4dcb] [/home/u991737198/domains/tas2023.online/public_html/tmp/3hn69l4qoa804.3h31n1yj254w8.php:7] Preview->render()
Thu, 09 Jan 2025 23:18:10 -0500 [2603:9000:f801:55e2:40c8:a7cf:9f19:4dcb] [/home/u991737198/domains/tas2023.online/public_html/lib/base.php:3036] require('/home/u991737198/domains/tas2023.online/public_html/tmp/3hn69l4qoa804.3h31n1yj254w8.php')
Thu, 09 Jan 2025 23:18:10 -0500 [2603:9000:f801:55e2:40c8:a7cf:9f19:4dcb] [/home/u991737198/domains/tas2023.online/public_html/lib/base.php:3281] View->sandbox()
Thu, 09 Jan 2025 23:18:10 -0500 [2603:9000:f801:55e2:40c8:a7cf:9f19:4dcb] [/home/u991737198/domains/tas2023.online/public_html/app/controllers/Controller.php:85] Preview->render()
Thu, 09 Jan 2025 23:18:10 -0500 [2603:9000:f801:55e2:40c8:a7cf:9f19:4dcb] [/home/u991737198/domains/tas2023.online/public_html/lib/base.php:2078] Controller->afterroute()
Thu, 09 Jan 2025 23:18:10 -0500 [2603:9000:f801:55e2:40c8:a7cf:9f19:4dcb] [/home/u991737198/domains/tas2023.online/public_html/lib/base.php:1871] Base->call()
Thu, 09 Jan 2025 23:18:10 -0500 [2603:9000:f801:55e2:40c8:a7cf:9f19:4dcb] [/home/u991737198/domains/tas2023.online/public_html/index.php:19] Base->run()
Thu, 09 Jan 2025 23:18:41 -0500 [2603:9000:f801:55e2:40c8:a7cf:9f19:4dcb] 500: Undefined variable $selected_note trace: [/home/u991737198/domains/tas2023.online/public_html/tmp/3hn69l4qoa804.3g8shy2588w00.php:307]
Thu, 09 Jan 2025 23:18:41 -0500 [2603:9000:f801:55e2:40c8:a7cf:9f19:4dcb] [/home/u991737198/domains/tas2023.online/public_html/tmp/3hn69l4qoa804.3g8shy2588w00.php:307] Base->{closure}()
Thu, 09 Jan 2025 23:18:41 -0500 [2603:9000:f801:55e2:40c8:a7cf:9f19:4dcb] [/home/u991737198/domains/tas2023.online/public_html/lib/base.php:3036] require('/home/u991737198/domains/tas2023.online/public_html/tmp/3hn69l4qoa804.3g8shy2588w00.php')
Thu, 09 Jan 2025 23:18:41 -0500 [2603:9000:f801:55e2:40c8:a7cf:9f19:4dcb] [/home/u991737198/domains/tas2023.online/public_html/lib/base.php:3281] View->sandbox()
Thu, 09 Jan 2025 23:18:41 -0500 [2603:9000:f801:55e2:40c8:a7cf:9f19:4dcb] [/home/u991737198/domains/tas2023.online/public_html/tmp/3hn69l4qoa804.3h31n1yj254w8.php:7] Preview->render()
Thu, 09 Jan 2025 23:18:41 -0500 [2603:9000:f801:55e2:40c8:a7cf:9f19:4dcb] [/home/u991737198/domains/tas2023.online/public_html/lib/base.php:3036] require('/home/u991737198/domains/tas2023.online/public_html/tmp/3hn69l4qoa804.3h31n1yj254w8.php')
Thu, 09 Jan 2025 23:18:41 -0500 [2603:9000:f801:55e2:40c8:a7cf:9f19:4dcb] [/home/u991737198/domains/tas2023.online/public_html/lib/base.php:3281] View->sandbox()
Thu, 09 Jan 2025 23:18:41 -0500 [2603:9000:f801:55e2:40c8:a7cf:9f19:4dcb] [/home/u991737198/domains/tas2023.online/public_html/app/controllers/Controller.php:85] Preview->render()
Thu, 09 Jan 2025 23:18:41 -0500 [2603:9000:f801:55e2:40c8:a7cf:9f19:4dcb] [/home/u991737198/domains/tas2023.online/public_html/lib/base.php:2078] Controller->afterroute()
Thu, 09 Jan 2025 23:18:41 -0500 [2603:9000:f801:55e2:40c8:a7cf:9f19:4dcb] [/home/u991737198/domains/tas2023.online/public_html/lib/base.php:1871] Base->call()
Thu, 09 Jan 2025 23:18:41 -0500 [2603:9000:f801:55e2:40c8:a7cf:9f19:4dcb] [/home/u991737198/domains/tas2023.online/public_html/index.php:19] Base->run()
Thu, 09 Jan 2025 23:18:45 -0500 [2603:9000:f801:55e2:40c8:a7cf:9f19:4dcb] 500: trim(): Passing null to parameter #1 ($string) of type string is deprecated trace: [/home/u991737198/domains/tas2023.online/public_html/tmp/3hn69l4qoa804.3g8shy2588w00.php:276]
Thu, 09 Jan 2025 23:18:45 -0500 [2603:9000:f801:55e2:40c8:a7cf:9f19:4dcb] [/home/u991737198/domains/tas2023.online/public_html/tmp/3hn69l4qoa804.3g8shy2588w00.php:276] trim()
Thu, 09 Jan 2025 23:18:45 -0500 [2603:9000:f801:55e2:40c8:a7cf:9f19:4dcb] [/home/u991737198/domains/tas2023.online/public_html/lib/base.php:3036] require('/home/u991737198/domains/tas2023.online/public_html/tmp/3hn69l4qoa804.3g8shy2588w00.php')
Thu, 09 Jan 2025 23:18:45 -0500 [2603:9000:f801:55e2:40c8:a7cf:9f19:4dcb] [/home/u991737198/domains/tas2023.online/public_html/lib/base.php:3281] View->sandbox()
Thu, 09 Jan 2025 23:18:45 -0500 [2603:9000:f801:55e2:40c8:a7cf:9f19:4dcb] [/home/u991737198/domains/tas2023.online/public_html/tmp/3hn69l4qoa804.3h31n1yj254w8.php:7] Preview->render()
Thu, 09 Jan 2025 23:18:45 -0500 [2603:9000:f801:55e2:40c8:a7cf:9f19:4dcb] [/home/u991737198/domains/tas2023.online/public_html/lib/base.php:3036] require('/home/u991737198/domains/tas2023.online/public_html/tmp/3hn69l4qoa804.3h31n1yj254w8.php')
Thu, 09 Jan 2025 23:18:45 -0500 [2603:9000:f801:55e2:40c8:a7cf:9f19:4dcb] [/home/u991737198/domains/tas2023.online/public_html/lib/base.php:3281] View->sandbox()
Thu, 09 Jan 2025 23:18:45 -0500 [2603:9000:f801:55e2:40c8:a7cf:9f19:4dcb] [/home/u991737198/domains/tas2023.online/public_html/app/controllers/Controller.php:85] Preview->render()
Thu, 09 Jan 2025 23:18:45 -0500 [2603:9000:f801:55e2:40c8:a7cf:9f19:4dcb] [/home/u991737198/domains/tas2023.online/public_html/lib/base.php:2078] Controller->afterroute()
Thu, 09 Jan 2025 23:18:45 -0500 [2603:9000:f801:55e2:40c8:a7cf:9f19:4dcb] [/home/u991737198/domains/tas2023.online/public_html/lib/base.php:1871] Base->call()
Thu, 09 Jan 2025 23:18:45 -0500 [2603:9000:f801:55e2:40c8:a7cf:9f19:4dcb] [/home/u991737198/domains/tas2023.online/public_html/index.php:19] Base->run()
Thu, 09 Jan 2025 23:19:03 -0500 [2603:9000:f801:55e2:40c8:a7cf:9f19:4dcb] 500: Undefined variable $entity_num trace: [tmp/3hn69l4qoa804.1zo7dt0fljr4w.php:196]
Thu, 09 Jan 2025 23:19:03 -0500 [2603:9000:f801:55e2:40c8:a7cf:9f19:4dcb] [tmp/3hn69l4qoa804.1zo7dt0fljr4w.php:196] Base->{closure}()
Thu, 09 Jan 2025 23:19:03 -0500 [2603:9000:f801:55e2:40c8:a7cf:9f19:4dcb] [lib/base.php:3036] require('/home/u991737198/domains/tas2023.online/public_html/tmp/3hn69l4qoa804.1zo7dt0fljr4w.php')
Thu, 09 Jan 2025 23:19:03 -0500 [2603:9000:f801:55e2:40c8:a7cf:9f19:4dcb] [lib/base.php:3281] View->sandbox()
Thu, 09 Jan 2025 23:19:03 -0500 [2603:9000:f801:55e2:40c8:a7cf:9f19:4dcb] [tmp/3hn69l4qoa804.3h31n1yj254w8.php:7] Preview->render()
Thu, 09 Jan 2025 23:19:03 -0500 [2603:9000:f801:55e2:40c8:a7cf:9f19:4dcb] [lib/base.php:3036] require('/home/u991737198/domains/tas2023.online/public_html/tmp/3hn69l4qoa804.3h31n1yj254w8.php')
Thu, 09 Jan 2025 23:19:03 -0500 [2603:9000:f801:55e2:40c8:a7cf:9f19:4dcb] [lib/base.php:3281] View->sandbox()
Thu, 09 Jan 2025 23:19:03 -0500 [2603:9000:f801:55e2:40c8:a7cf:9f19:4dcb] [app/controllers/Controller.php:85] Preview->render()
Thu, 09 Jan 2025 23:19:03 -0500 [2603:9000:f801:55e2:40c8:a7cf:9f19:4dcb] [lib/base.php:2078] Controller->afterroute()
Thu, 09 Jan 2025 23:19:03 -0500 [2603:9000:f801:55e2:40c8:a7cf:9f19:4dcb] [lib/base.php:1871] Base->call()
Thu, 09 Jan 2025 23:19:03 -0500 [2603:9000:f801:55e2:40c8:a7cf:9f19:4dcb] [index.php:19] Base->run()
Thu, 09 Jan 2025 23:19:05 -0500 [2603:9000:f801:55e2:40c8:a7cf:9f19:4dcb] 500: Undefined variable $token trace: [tmp/3hn69l4qoa804.2r4f9cgm96ecs.php:191]
Thu, 09 Jan 2025 23:19:05 -0500 [2603:9000:f801:55e2:40c8:a7cf:9f19:4dcb] [tmp/3hn69l4qoa804.2r4f9cgm96ecs.php:191] Base->{closure}()
Thu, 09 Jan 2025 23:19:05 -0500 [2603:9000:f801:55e2:40c8:a7cf:9f19:4dcb] [lib/base.php:3036] require('/home/u991737198/domains/tas2023.online/public_html/tmp/3hn69l4qoa804.2r4f9cgm96ecs.php')
Thu, 09 Jan 2025 23:19:05 -0500 [2603:9000:f801:55e2:40c8:a7cf:9f19:4dcb] [lib/base.php:3281] View->sandbox()
Thu, 09 Jan 2025 23:19:05 -0500 [2603:9000:f801:55e2:40c8:a7cf:9f19:4dcb] [tmp/3hn69l4qoa804.3h31n1yj254w8.php:7] Preview->render()
Thu, 09 Jan 2025 23:19:05 -0500 [2603:9000:f801:55e2:40c8:a7cf:9f19:4dcb] [lib/base.php:3036] require('/home/u991737198/domains/tas2023.online/public_html/tmp/3hn69l4qoa804.3h31n1yj254w8.php')
Thu, 09 Jan 2025 23:19:05 -0500 [2603:9000:f801:55e2:40c8:a7cf:9f19:4dcb] [lib/base.php:3281] View->sandbox()
Thu, 09 Jan 2025 23:19:05 -0500 [2603:9000:f801:55e2:40c8:a7cf:9f19:4dcb] [app/controllers/Controller.php:85] Preview->render()
Thu, 09 Jan 2025 23:19:05 -0500 [2603:9000:f801:55e2:40c8:a7cf:9f19:4dcb] [lib/base.php:2078] Controller->afterroute()
Thu, 09 Jan 2025 23:19:05 -0500 [2603:9000:f801:55e2:40c8:a7cf:9f19:4dcb] [lib/base.php:1871] Base->call()
Thu, 09 Jan 2025 23:19:05 -0500 [2603:9000:f801:55e2:40c8:a7cf:9f19:4dcb] [index.php:19] Base->run()
Thu, 09 Jan 2025 23:19:19 -0500 [2603:9000:f801:55e2:40c8:a7cf:9f19:4dcb] 500: Undefined variable $token trace: [tmp/3hn69l4qoa804.2r4f9cgm96ecs.php:191]
Thu, 09 Jan 2025 23:19:19 -0500 [2603:9000:f801:55e2:40c8:a7cf:9f19:4dcb] [tmp/3hn69l4qoa804.2r4f9cgm96ecs.php:191] Base->{closure}()
Thu, 09 Jan 2025 23:19:19 -0500 [2603:9000:f801:55e2:40c8:a7cf:9f19:4dcb] [lib/base.php:3036] require('/home/u991737198/domains/tas2023.online/public_html/tmp/3hn69l4qoa804.2r4f9cgm96ecs.php')
Thu, 09 Jan 2025 23:19:19 -0500 [2603:9000:f801:55e2:40c8:a7cf:9f19:4dcb] [lib/base.php:3281] View->sandbox()
Thu, 09 Jan 2025 23:19:19 -0500 [2603:9000:f801:55e2:40c8:a7cf:9f19:4dcb] [tmp/3hn69l4qoa804.3h31n1yj254w8.php:7] Preview->render()
Thu, 09 Jan 2025 23:19:19 -0500 [2603:9000:f801:55e2:40c8:a7cf:9f19:4dcb] [lib/base.php:3036] require('/home/u991737198/domains/tas2023.online/public_html/tmp/3hn69l4qoa804.3h31n1yj254w8.php')
Thu, 09 Jan 2025 23:19:19 -0500 [2603:9000:f801:55e2:40c8:a7cf:9f19:4dcb] [lib/base.php:3281] View->sandbox()
Thu, 09 Jan 2025 23:19:19 -0500 [2603:9000:f801:55e2:40c8:a7cf:9f19:4dcb] [app/controllers/Controller.php:85] Preview->render()
Thu, 09 Jan 2025 23:19:19 -0500 [2603:9000:f801:55e2:40c8:a7cf:9f19:4dcb] [lib/base.php:2078] Controller->afterroute()
Thu, 09 Jan 2025 23:19:19 -0500 [2603:9000:f801:55e2:40c8:a7cf:9f19:4dcb] [lib/base.php:1871] Base->call()
Thu, 09 Jan 2025 23:19:19 -0500 [2603:9000:f801:55e2:40c8:a7cf:9f19:4dcb] [index.php:19] Base->run()
Thu, 09 Jan 2025 23:19:24 -0500 [2603:9000:f801:55e2:40c8:a7cf:9f19:4dcb] 500: Undefined variable $entity_num trace: [tmp/3hn69l4qoa804.1zo7dt0fljr4w.php:196]
Thu, 09 Jan 2025 23:19:24 -0500 [2603:9000:f801:55e2:40c8:a7cf:9f19:4dcb] [tmp/3hn69l4qoa804.1zo7dt0fljr4w.php:196] Base->{closure}()
Thu, 09 Jan 2025 23:19:24 -0500 [2603:9000:f801:55e2:40c8:a7cf:9f19:4dcb] [lib/base.php:3036] require('/home/u991737198/domains/tas2023.online/public_html/tmp/3hn69l4qoa804.1zo7dt0fljr4w.php')
Thu, 09 Jan 2025 23:19:24 -0500 [2603:9000:f801:55e2:40c8:a7cf:9f19:4dcb] [lib/base.php:3281] View->sandbox()
Thu, 09 Jan 2025 23:19:24 -0500 [2603:9000:f801:55e2:40c8:a7cf:9f19:4dcb] [tmp/3hn69l4qoa804.3h31n1yj254w8.php:7] Preview->render()
Thu, 09 Jan 2025 23:19:24 -0500 [2603:9000:f801:55e2:40c8:a7cf:9f19:4dcb] [lib/base.php:3036] require('/home/u991737198/domains/tas2023.online/public_html/tmp/3hn69l4qoa804.3h31n1yj254w8.php')
Thu, 09 Jan 2025 23:19:24 -0500 [2603:9000:f801:55e2:40c8:a7cf:9f19:4dcb] [lib/base.php:3281] View->sandbox()
Thu, 09 Jan 2025 23:19:24 -0500 [2603:9000:f801:55e2:40c8:a7cf:9f19:4dcb] [app/controllers/Controller.php:85] Preview->render()
Thu, 09 Jan 2025 23:19:24 -0500 [2603:9000:f801:55e2:40c8:a7cf:9f19:4dcb] [lib/base.php:2078] Controller->afterroute()
Thu, 09 Jan 2025 23:19:24 -0500 [2603:9000:f801:55e2:40c8:a7cf:9f19:4dcb] [lib/base.php:1871] Base->call()
Thu, 09 Jan 2025 23:19:24 -0500 [2603:9000:f801:55e2:40c8:a7cf:9f19:4dcb] [index.php:19] Base->run()
Thu, 09 Jan 2025 23:19:32 -0500 [2603:9000:f801:55e2:40c8:a7cf:9f19:4dcb] 500: Undefined variable $token trace: [tmp/3hn69l4qoa804.2r4f9cgm96ecs.php:191]
Thu, 09 Jan 2025 23:19:32 -0500 [2603:9000:f801:55e2:40c8:a7cf:9f19:4dcb] [tmp/3hn69l4qoa804.2r4f9cgm96ecs.php:191] Base->{closure}()
Thu, 09 Jan 2025 23:19:32 -0500 [2603:9000:f801:55e2:40c8:a7cf:9f19:4dcb] [lib/base.php:3036] require('/home/u991737198/domains/tas2023.online/public_html/tmp/3hn69l4qoa804.2r4f9cgm96ecs.php')
Thu, 09 Jan 2025 23:19:32 -0500 [2603:9000:f801:55e2:40c8:a7cf:9f19:4dcb] [lib/base.php:3281] View->sandbox()
Thu, 09 Jan 2025 23:19:32 -0500 [2603:9000:f801:55e2:40c8:a7cf:9f19:4dcb] [tmp/3hn69l4qoa804.3h31n1yj254w8.php:7] Preview->render()
Thu, 09 Jan 2025 23:19:32 -0500 [2603:9000:f801:55e2:40c8:a7cf:9f19:4dcb] [lib/base.php:3036] require('/home/u991737198/domains/tas2023.online/public_html/tmp/3hn69l4qoa804.3h31n1yj254w8.php')
Thu, 09 Jan 2025 23:19:32 -0500 [2603:9000:f801:55e2:40c8:a7cf:9f19:4dcb] [lib/base.php:3281] View->sandbox()
Thu, 09 Jan 2025 23:19:32 -0500 [2603:9000:f801:55e2:40c8:a7cf:9f19:4dcb] [app/controllers/Controller.php:85] Preview->render()
Thu, 09 Jan 2025 23:19:32 -0500 [2603:9000:f801:55e2:40c8:a7cf:9f19:4dcb] [lib/base.php:2078] Controller->afterroute()
Thu, 09 Jan 2025 23:19:32 -0500 [2603:9000:f801:55e2:40c8:a7cf:9f19:4dcb] [lib/base.php:1871] Base->call()
Thu, 09 Jan 2025 23:19:32 -0500 [2603:9000:f801:55e2:40c8:a7cf:9f19:4dcb] [index.php:19] Base->run()
Thu, 09 Jan 2025 23:19:36 -0500 [2603:9000:f801:55e2:40c8:a7cf:9f19:4dcb] 500: Undefined variable $token trace: [tmp/3hn69l4qoa804.2r4f9cgm96ecs.php:191]
Thu, 09 Jan 2025 23:19:36 -0500 [2603:9000:f801:55e2:40c8:a7cf:9f19:4dcb] [tmp/3hn69l4qoa804.2r4f9cgm96ecs.php:191] Base->{closure}()
Thu, 09 Jan 2025 23:19:36 -0500 [2603:9000:f801:55e2:40c8:a7cf:9f19:4dcb] [lib/base.php:3036] require('/home/u991737198/domains/tas2023.online/public_html/tmp/3hn69l4qoa804.2r4f9cgm96ecs.php')
Thu, 09 Jan 2025 23:19:36 -0500 [2603:9000:f801:55e2:40c8:a7cf:9f19:4dcb] [lib/base.php:3281] View->sandbox()
Thu, 09 Jan 2025 23:19:36 -0500 [2603:9000:f801:55e2:40c8:a7cf:9f19:4dcb] [tmp/3hn69l4qoa804.3h31n1yj254w8.php:7] Preview->render()
Thu, 09 Jan 2025 23:19:36 -0500 [2603:9000:f801:55e2:40c8:a7cf:9f19:4dcb] [lib/base.php:3036] require('/home/u991737198/domains/tas2023.online/public_html/tmp/3hn69l4qoa804.3h31n1yj254w8.php')
Thu, 09 Jan 2025 23:19:36 -0500 [2603:9000:f801:55e2:40c8:a7cf:9f19:4dcb] [lib/base.php:3281] View->sandbox()
Thu, 09 Jan 2025 23:19:36 -0500 [2603:9000:f801:55e2:40c8:a7cf:9f19:4dcb] [app/controllers/Controller.php:85] Preview->render()
Thu, 09 Jan 2025 23:19:36 -0500 [2603:9000:f801:55e2:40c8:a7cf:9f19:4dcb] [lib/base.php:2078] Controller->afterroute()
Thu, 09 Jan 2025 23:19:36 -0500 [2603:9000:f801:55e2:40c8:a7cf:9f19:4dcb] [lib/base.php:1871] Base->call()
Thu, 09 Jan 2025 23:19:36 -0500 [2603:9000:f801:55e2:40c8:a7cf:9f19:4dcb] [index.php:19] Base->run()
Thu, 09 Jan 2025 23:19:40 -0500 [2603:9000:f801:55e2:40c8:a7cf:9f19:4dcb] 500: Undefined variable $entity_num trace: [tmp/3hn69l4qoa804.1zo7dt0fljr4w.php:196]
Thu, 09 Jan 2025 23:19:40 -0500 [2603:9000:f801:55e2:40c8:a7cf:9f19:4dcb] [tmp/3hn69l4qoa804.1zo7dt0fljr4w.php:196] Base->{closure}()
Thu, 09 Jan 2025 23:19:40 -0500 [2603:9000:f801:55e2:40c8:a7cf:9f19:4dcb] [lib/base.php:3036] require('/home/u991737198/domains/tas2023.online/public_html/tmp/3hn69l4qoa804.1zo7dt0fljr4w.php')
Thu, 09 Jan 2025 23:19:40 -0500 [2603:9000:f801:55e2:40c8:a7cf:9f19:4dcb] [lib/base.php:3281] View->sandbox()
Thu, 09 Jan 2025 23:19:40 -0500 [2603:9000:f801:55e2:40c8:a7cf:9f19:4dcb] [tmp/3hn69l4qoa804.3h31n1yj254w8.php:7] Preview->render()
Thu, 09 Jan 2025 23:19:40 -0500 [2603:9000:f801:55e2:40c8:a7cf:9f19:4dcb] [lib/base.php:3036] require('/home/u991737198/domains/tas2023.online/public_html/tmp/3hn69l4qoa804.3h31n1yj254w8.php')
Thu, 09 Jan 2025 23:19:40 -0500 [2603:9000:f801:55e2:40c8:a7cf:9f19:4dcb] [lib/base.php:3281] View->sandbox()
Thu, 09 Jan 2025 23:19:40 -0500 [2603:9000:f801:55e2:40c8:a7cf:9f19:4dcb] [app/controllers/Controller.php:85] Preview->render()
Thu, 09 Jan 2025 23:19:40 -0500 [2603:9000:f801:55e2:40c8:a7cf:9f19:4dcb] [lib/base.php:2078] Controller->afterroute()
Thu, 09 Jan 2025 23:19:40 -0500 [2603:9000:f801:55e2:40c8:a7cf:9f19:4dcb] [lib/base.php:1871] Base->call()
Thu, 09 Jan 2025 23:19:40 -0500 [2603:9000:f801:55e2:40c8:a7cf:9f19:4dcb] [index.php:19] Base->run()
Thu, 09 Jan 2025 23:19:49 -0500 [2603:9000:f801:55e2:40c8:a7cf:9f19:4dcb] 500: Undefined variable $token trace: [tmp/3hn69l4qoa804.2r4f9cgm96ecs.php:191]
Thu, 09 Jan 2025 23:19:49 -0500 [2603:9000:f801:55e2:40c8:a7cf:9f19:4dcb] [tmp/3hn69l4qoa804.2r4f9cgm96ecs.php:191] Base->{closure}()
Thu, 09 Jan 2025 23:19:49 -0500 [2603:9000:f801:55e2:40c8:a7cf:9f19:4dcb] [lib/base.php:3036] require('/home/u991737198/domains/tas2023.online/public_html/tmp/3hn69l4qoa804.2r4f9cgm96ecs.php')
Thu, 09 Jan 2025 23:19:49 -0500 [2603:9000:f801:55e2:40c8:a7cf:9f19:4dcb] [lib/base.php:3281] View->sandbox()
Thu, 09 Jan 2025 23:19:49 -0500 [2603:9000:f801:55e2:40c8:a7cf:9f19:4dcb] [tmp/3hn69l4qoa804.3h31n1yj254w8.php:7] Preview->render()
Thu, 09 Jan 2025 23:19:49 -0500 [2603:9000:f801:55e2:40c8:a7cf:9f19:4dcb] [lib/base.php:3036] require('/home/u991737198/domains/tas2023.online/public_html/tmp/3hn69l4qoa804.3h31n1yj254w8.php')
Thu, 09 Jan 2025 23:19:49 -0500 [2603:9000:f801:55e2:40c8:a7cf:9f19:4dcb] [lib/base.php:3281] View->sandbox()
Thu, 09 Jan 2025 23:19:49 -0500 [2603:9000:f801:55e2:40c8:a7cf:9f19:4dcb] [app/controllers/Controller.php:85] Preview->render()
Thu, 09 Jan 2025 23:19:49 -0500 [2603:9000:f801:55e2:40c8:a7cf:9f19:4dcb] [lib/base.php:2078] Controller->afterroute()
Thu, 09 Jan 2025 23:19:49 -0500 [2603:9000:f801:55e2:40c8:a7cf:9f19:4dcb] [lib/base.php:1871] Base->call()
Thu, 09 Jan 2025 23:19:49 -0500 [2603:9000:f801:55e2:40c8:a7cf:9f19:4dcb] [index.php:19] Base->run()
Thu, 09 Jan 2025 23:19:56 -0500 [2603:9000:f801:55e2:40c8:a7cf:9f19:4dcb] 500: Undefined variable $token trace: [tmp/3hn69l4qoa804.2r4f9cgm96ecs.php:191]
Thu, 09 Jan 2025 23:19:56 -0500 [2603:9000:f801:55e2:40c8:a7cf:9f19:4dcb] [tmp/3hn69l4qoa804.2r4f9cgm96ecs.php:191] Base->{closure}()
Thu, 09 Jan 2025 23:19:56 -0500 [2603:9000:f801:55e2:40c8:a7cf:9f19:4dcb] [lib/base.php:3036] require('/home/u991737198/domains/tas2023.online/public_html/tmp/3hn69l4qoa804.2r4f9cgm96ecs.php')
Thu, 09 Jan 2025 23:19:56 -0500 [2603:9000:f801:55e2:40c8:a7cf:9f19:4dcb] [lib/base.php:3281] View->sandbox()
Thu, 09 Jan 2025 23:19:56 -0500 [2603:9000:f801:55e2:40c8:a7cf:9f19:4dcb] [tmp/3hn69l4qoa804.3h31n1yj254w8.php:7] Preview->render()
Thu, 09 Jan 2025 23:19:56 -0500 [2603:9000:f801:55e2:40c8:a7cf:9f19:4dcb] [lib/base.php:3036] require('/home/u991737198/domains/tas2023.online/public_html/tmp/3hn69l4qoa804.3h31n1yj254w8.php')
Thu, 09 Jan 2025 23:19:56 -0500 [2603:9000:f801:55e2:40c8:a7cf:9f19:4dcb] [lib/base.php:3281] View->sandbox()
Thu, 09 Jan 2025 23:19:56 -0500 [2603:9000:f801:55e2:40c8:a7cf:9f19:4dcb] [app/controllers/Controller.php:85] Preview->render()
Thu, 09 Jan 2025 23:19:56 -0500 [2603:9000:f801:55e2:40c8:a7cf:9f19:4dcb] [lib/base.php:2078] Controller->afterroute()
Thu, 09 Jan 2025 23:19:56 -0500 [2603:9000:f801:55e2:40c8:a7cf:9f19:4dcb] [lib/base.php:1871] Base->call()
Thu, 09 Jan 2025 23:19:56 -0500 [2603:9000:f801:55e2:40c8:a7cf:9f19:4dcb] [index.php:19] Base->run()
Thu, 09 Jan 2025 23:19:58 -0500 [2603:9000:f801:55e2:40c8:a7cf:9f19:4dcb] 500: Undefined variable $entity_num trace: [tmp/3hn69l4qoa804.1zo7dt0fljr4w.php:196]
Thu, 09 Jan 2025 23:19:58 -0500 [2603:9000:f801:55e2:40c8:a7cf:9f19:4dcb] [tmp/3hn69l4qoa804.1zo7dt0fljr4w.php:196] Base->{closure}()
Thu, 09 Jan 2025 23:19:58 -0500 [2603:9000:f801:55e2:40c8:a7cf:9f19:4dcb] [lib/base.php:3036] require('/home/u991737198/domains/tas2023.online/public_html/tmp/3hn69l4qoa804.1zo7dt0fljr4w.php')
Thu, 09 Jan 2025 23:19:58 -0500 [2603:9000:f801:55e2:40c8:a7cf:9f19:4dcb] [lib/base.php:3281] View->sandbox()
Thu, 09 Jan 2025 23:19:58 -0500 [2603:9000:f801:55e2:40c8:a7cf:9f19:4dcb] [tmp/3hn69l4qoa804.3h31n1yj254w8.php:7] Preview->render()
Thu, 09 Jan 2025 23:19:58 -0500 [2603:9000:f801:55e2:40c8:a7cf:9f19:4dcb] [lib/base.php:3036] require('/home/u991737198/domains/tas2023.online/public_html/tmp/3hn69l4qoa804.3h31n1yj254w8.php')
Thu, 09 Jan 2025 23:19:58 -0500 [2603:9000:f801:55e2:40c8:a7cf:9f19:4dcb] [lib/base.php:3281] View->sandbox()
Thu, 09 Jan 2025 23:19:58 -0500 [2603:9000:f801:55e2:40c8:a7cf:9f19:4dcb] [app/controllers/Controller.php:85] Preview->render()
Thu, 09 Jan 2025 23:19:58 -0500 [2603:9000:f801:55e2:40c8:a7cf:9f19:4dcb] [lib/base.php:2078] Controller->afterroute()
Thu, 09 Jan 2025 23:19:58 -0500 [2603:9000:f801:55e2:40c8:a7cf:9f19:4dcb] [lib/base.php:1871] Base->call()
Thu, 09 Jan 2025 23:19:58 -0500 [2603:9000:f801:55e2:40c8:a7cf:9f19:4dcb] [index.php:19] Base->run()
Thu, 09 Jan 2025 23:35:15 -0500 [2603:9000:f801:55e2:40c8:a7cf:9f19:4dcb] 500: Undefined variable $entity_num trace: [tmp/3hn69l4qoa804.1zo7dt0fljr4w.php:196]
Thu, 09 Jan 2025 23:35:15 -0500 [2603:9000:f801:55e2:40c8:a7cf:9f19:4dcb] [tmp/3hn69l4qoa804.1zo7dt0fljr4w.php:196] Base->{closure}()
Thu, 09 Jan 2025 23:35:15 -0500 [2603:9000:f801:55e2:40c8:a7cf:9f19:4dcb] [lib/base.php:3036] require('/home/u991737198/domains/tas2023.online/public_html/tmp/3hn69l4qoa804.1zo7dt0fljr4w.php')
Thu, 09 Jan 2025 23:35:15 -0500 [2603:9000:f801:55e2:40c8:a7cf:9f19:4dcb] [lib/base.php:3281] View->sandbox()
Thu, 09 Jan 2025 23:35:15 -0500 [2603:9000:f801:55e2:40c8:a7cf:9f19:4dcb] [tmp/3hn69l4qoa804.3h31n1yj254w8.php:7] Preview->render()
Thu, 09 Jan 2025 23:35:15 -0500 [2603:9000:f801:55e2:40c8:a7cf:9f19:4dcb] [lib/base.php:3036] require('/home/u991737198/domains/tas2023.online/public_html/tmp/3hn69l4qoa804.3h31n1yj254w8.php')
Thu, 09 Jan 2025 23:35:15 -0500 [2603:9000:f801:55e2:40c8:a7cf:9f19:4dcb] [lib/base.php:3281] View->sandbox()
Thu, 09 Jan 2025 23:35:15 -0500 [2603:9000:f801:55e2:40c8:a7cf:9f19:4dcb] [app/controllers/Controller.php:85] Preview->render()
Thu, 09 Jan 2025 23:35:15 -0500 [2603:9000:f801:55e2:40c8:a7cf:9f19:4dcb] [lib/base.php:2078] Controller->afterroute()
Thu, 09 Jan 2025 23:35:15 -0500 [2603:9000:f801:55e2:40c8:a7cf:9f19:4dcb] [lib/base.php:1871] Base->call()
Thu, 09 Jan 2025 23:35:15 -0500 [2603:9000:f801:55e2:40c8:a7cf:9f19:4dcb] [index.php:19] Base->run()
Thu, 09 Jan 2025 23:37:09 -0500 [2603:9000:f801:55e2:40c8:a7cf:9f19:4dcb] 500: Undefined variable $entity_num trace: [tmp/3hn69l4qoa804.1zo7dt0fljr4w.php:196]
Thu, 09 Jan 2025 23:37:09 -0500 [2603:9000:f801:55e2:40c8:a7cf:9f19:4dcb] [tmp/3hn69l4qoa804.1zo7dt0fljr4w.php:196] Base->{closure}()
Thu, 09 Jan 2025 23:37:09 -0500 [2603:9000:f801:55e2:40c8:a7cf:9f19:4dcb] [lib/base.php:3036] require('/home/u991737198/domains/tas2023.online/public_html/tmp/3hn69l4qoa804.1zo7dt0fljr4w.php')
Thu, 09 Jan 2025 23:37:09 -0500 [2603:9000:f801:55e2:40c8:a7cf:9f19:4dcb] [lib/base.php:3281] View->sandbox()
Thu, 09 Jan 2025 23:37:09 -0500 [2603:9000:f801:55e2:40c8:a7cf:9f19:4dcb] [tmp/3hn69l4qoa804.3h31n1yj254w8.php:7] Preview->render()
Thu, 09 Jan 2025 23:37:09 -0500 [2603:9000:f801:55e2:40c8:a7cf:9f19:4dcb] [lib/base.php:3036] require('/home/u991737198/domains/tas2023.online/public_html/tmp/3hn69l4qoa804.3h31n1yj254w8.php')
Thu, 09 Jan 2025 23:37:09 -0500 [2603:9000:f801:55e2:40c8:a7cf:9f19:4dcb] [lib/base.php:3281] View->sandbox()
Thu, 09 Jan 2025 23:37:09 -0500 [2603:9000:f801:55e2:40c8:a7cf:9f19:4dcb] [app/controllers/Controller.php:85] Preview->render()
Thu, 09 Jan 2025 23:37:09 -0500 [2603:9000:f801:55e2:40c8:a7cf:9f19:4dcb] [lib/base.php:2078] Controller->afterroute()
Thu, 09 Jan 2025 23:37:09 -0500 [2603:9000:f801:55e2:40c8:a7cf:9f19:4dcb] [lib/base.php:1871] Base->call()
Thu, 09 Jan 2025 23:37:09 -0500 [2603:9000:f801:55e2:40c8:a7cf:9f19:4dcb] [index.php:19] Base->run()
Thu, 09 Jan 2025 23:37:21 -0500 [2603:9000:f801:55e2:40c8:a7cf:9f19:4dcb] 500: Undefined variable $count trace: [tmp/3hn69l4qoa804.man4oes5p0l2.php:117]
Thu, 09 Jan 2025 23:37:21 -0500 [2603:9000:f801:55e2:40c8:a7cf:9f19:4dcb] [tmp/3hn69l4qoa804.man4oes5p0l2.php:117] Base->{closure}()
Thu, 09 Jan 2025 23:37:21 -0500 [2603:9000:f801:55e2:40c8:a7cf:9f19:4dcb] [lib/base.php:3036] require('/home/u991737198/domains/tas2023.online/public_html/tmp/3hn69l4qoa804.man4oes5p0l2.php')
Thu, 09 Jan 2025 23:37:21 -0500 [2603:9000:f801:55e2:40c8:a7cf:9f19:4dcb] [lib/base.php:3281] View->sandbox()
Thu, 09 Jan 2025 23:37:21 -0500 [2603:9000:f801:55e2:40c8:a7cf:9f19:4dcb] [tmp/3hn69l4qoa804.3h31n1yj254w8.php:7] Preview->render()
Thu, 09 Jan 2025 23:37:21 -0500 [2603:9000:f801:55e2:40c8:a7cf:9f19:4dcb] [lib/base.php:3036] require('/home/u991737198/domains/tas2023.online/public_html/tmp/3hn69l4qoa804.3h31n1yj254w8.php')
Thu, 09 Jan 2025 23:37:21 -0500 [2603:9000:f801:55e2:40c8:a7cf:9f19:4dcb] [lib/base.php:3281] View->sandbox()
Thu, 09 Jan 2025 23:37:21 -0500 [2603:9000:f801:55e2:40c8:a7cf:9f19:4dcb] [app/controllers/Controller.php:85] Preview->render()
Thu, 09 Jan 2025 23:37:21 -0500 [2603:9000:f801:55e2:40c8:a7cf:9f19:4dcb] [lib/base.php:2078] Controller->afterroute()
Thu, 09 Jan 2025 23:37:21 -0500 [2603:9000:f801:55e2:40c8:a7cf:9f19:4dcb] [lib/base.php:1871] Base->call()
Thu, 09 Jan 2025 23:37:21 -0500 [2603:9000:f801:55e2:40c8:a7cf:9f19:4dcb] [index.php:19] Base->run()
Thu, 09 Jan 2025 23:37:33 -0500 [2603:9000:f801:55e2:40c8:a7cf:9f19:4dcb] 500: Undefined variable $entity_num trace: [tmp/3hn69l4qoa804.1zo7dt0fljr4w.php:196]
Thu, 09 Jan 2025 23:37:33 -0500 [2603:9000:f801:55e2:40c8:a7cf:9f19:4dcb] [tmp/3hn69l4qoa804.1zo7dt0fljr4w.php:196] Base->{closure}()
Thu, 09 Jan 2025 23:37:33 -0500 [2603:9000:f801:55e2:40c8:a7cf:9f19:4dcb] [lib/base.php:3036] require('/home/u991737198/domains/tas2023.online/public_html/tmp/3hn69l4qoa804.1zo7dt0fljr4w.php')
Thu, 09 Jan 2025 23:37:33 -0500 [2603:9000:f801:55e2:40c8:a7cf:9f19:4dcb] [lib/base.php:3281] View->sandbox()
Thu, 09 Jan 2025 23:37:33 -0500 [2603:9000:f801:55e2:40c8:a7cf:9f19:4dcb] [tmp/3hn69l4qoa804.3h31n1yj254w8.php:7] Preview->render()
Thu, 09 Jan 2025 23:37:33 -0500 [2603:9000:f801:55e2:40c8:a7cf:9f19:4dcb] [lib/base.php:3036] require('/home/u991737198/domains/tas2023.online/public_html/tmp/3hn69l4qoa804.3h31n1yj254w8.php')
Thu, 09 Jan 2025 23:37:33 -0500 [2603:9000:f801:55e2:40c8:a7cf:9f19:4dcb] [lib/base.php:3281] View->sandbox()
Thu, 09 Jan 2025 23:37:33 -0500 [2603:9000:f801:55e2:40c8:a7cf:9f19:4dcb] [app/controllers/Controller.php:85] Preview->render()
Thu, 09 Jan 2025 23:37:33 -0500 [2603:9000:f801:55e2:40c8:a7cf:9f19:4dcb] [lib/base.php:2078] Controller->afterroute()
Thu, 09 Jan 2025 23:37:33 -0500 [2603:9000:f801:55e2:40c8:a7cf:9f19:4dcb] [lib/base.php:1871] Base->call()
Thu, 09 Jan 2025 23:37:33 -0500 [2603:9000:f801:55e2:40c8:a7cf:9f19:4dcb] [index.php:19] Base->run()
Thu, 09 Jan 2025 23:37:39 -0500 [2603:9000:f801:55e2:40c8:a7cf:9f19:4dcb] 500: Undefined variable $entity_num trace: [tmp/3hn69l4qoa804.1zo7dt0fljr4w.php:196]
Thu, 09 Jan 2025 23:37:39 -0500 [2603:9000:f801:55e2:40c8:a7cf:9f19:4dcb] [tmp/3hn69l4qoa804.1zo7dt0fljr4w.php:196] Base->{closure}()
Thu, 09 Jan 2025 23:37:39 -0500 [2603:9000:f801:55e2:40c8:a7cf:9f19:4dcb] [lib/base.php:3036] require('/home/u991737198/domains/tas2023.online/public_html/tmp/3hn69l4qoa804.1zo7dt0fljr4w.php')
Thu, 09 Jan 2025 23:37:39 -0500 [2603:9000:f801:55e2:40c8:a7cf:9f19:4dcb] [lib/base.php:3281] View->sandbox()
Thu, 09 Jan 2025 23:37:39 -0500 [2603:9000:f801:55e2:40c8:a7cf:9f19:4dcb] [tmp/3hn69l4qoa804.3h31n1yj254w8.php:7] Preview->render()
Thu, 09 Jan 2025 23:37:39 -0500 [2603:9000:f801:55e2:40c8:a7cf:9f19:4dcb] [lib/base.php:3036] require('/home/u991737198/domains/tas2023.online/public_html/tmp/3hn69l4qoa804.3h31n1yj254w8.php')
Thu, 09 Jan 2025 23:37:39 -0500 [2603:9000:f801:55e2:40c8:a7cf:9f19:4dcb] [lib/base.php:3281] View->sandbox()
Thu, 09 Jan 2025 23:37:39 -0500 [2603:9000:f801:55e2:40c8:a7cf:9f19:4dcb] [app/controllers/Controller.php:85] Preview->render()
Thu, 09 Jan 2025 23:37:39 -0500 [2603:9000:f801:55e2:40c8:a7cf:9f19:4dcb] [lib/base.php:2078] Controller->afterroute()
Thu, 09 Jan 2025 23:37:39 -0500 [2603:9000:f801:55e2:40c8:a7cf:9f19:4dcb] [lib/base.php:1871] Base->call()
Thu, 09 Jan 2025 23:37:39 -0500 [2603:9000:f801:55e2:40c8:a7cf:9f19:4dcb] [index.php:19] Base->run()
Thu, 09 Jan 2025 23:41:34 -0500 [2603:9000:f801:55e2:40c8:a7cf:9f19:4dcb] 500: Undefined variable $entity_num trace: [tmp/3hn69l4qoa804.man4oes5p0l2.php:156]
Thu, 09 Jan 2025 23:41:34 -0500 [2603:9000:f801:55e2:40c8:a7cf:9f19:4dcb] [tmp/3hn69l4qoa804.man4oes5p0l2.php:156] Base->{closure}()
Thu, 09 Jan 2025 23:41:34 -0500 [2603:9000:f801:55e2:40c8:a7cf:9f19:4dcb] [lib/base.php:3036] require('/home/u991737198/domains/tas2023.online/public_html/tmp/3hn69l4qoa804.man4oes5p0l2.php')
Thu, 09 Jan 2025 23:41:34 -0500 [2603:9000:f801:55e2:40c8:a7cf:9f19:4dcb] [lib/base.php:3281] View->sandbox()
Thu, 09 Jan 2025 23:41:34 -0500 [2603:9000:f801:55e2:40c8:a7cf:9f19:4dcb] [tmp/3hn69l4qoa804.3h31n1yj254w8.php:7] Preview->render()
Thu, 09 Jan 2025 23:41:34 -0500 [2603:9000:f801:55e2:40c8:a7cf:9f19:4dcb] [lib/base.php:3036] require('/home/u991737198/domains/tas2023.online/public_html/tmp/3hn69l4qoa804.3h31n1yj254w8.php')
Thu, 09 Jan 2025 23:41:34 -0500 [2603:9000:f801:55e2:40c8:a7cf:9f19:4dcb] [lib/base.php:3281] View->sandbox()
Thu, 09 Jan 2025 23:41:34 -0500 [2603:9000:f801:55e2:40c8:a7cf:9f19:4dcb] [app/controllers/Controller.php:85] Preview->render()
Thu, 09 Jan 2025 23:41:34 -0500 [2603:9000:f801:55e2:40c8:a7cf:9f19:4dcb] [lib/base.php:2078] Controller->afterroute()
Thu, 09 Jan 2025 23:41:34 -0500 [2603:9000:f801:55e2:40c8:a7cf:9f19:4dcb] [lib/base.php:1871] Base->call()
Thu, 09 Jan 2025 23:41:34 -0500 [2603:9000:f801:55e2:40c8:a7cf:9f19:4dcb] [index.php:19] Base->run()
Thu, 09 Jan 2025 23:41:51 -0500 [2603:9000:f801:55e2:40c8:a7cf:9f19:4dcb] 500: Undefined variable $entity_num trace: [tmp/3hn69l4qoa804.1zo7dt0fljr4w.php:196]
Thu, 09 Jan 2025 23:41:51 -0500 [2603:9000:f801:55e2:40c8:a7cf:9f19:4dcb] [tmp/3hn69l4qoa804.1zo7dt0fljr4w.php:196] Base->{closure}()
Thu, 09 Jan 2025 23:41:51 -0500 [2603:9000:f801:55e2:40c8:a7cf:9f19:4dcb] [lib/base.php:3036] require('/home/u991737198/domains/tas2023.online/public_html/tmp/3hn69l4qoa804.1zo7dt0fljr4w.php')
Thu, 09 Jan 2025 23:41:51 -0500 [2603:9000:f801:55e2:40c8:a7cf:9f19:4dcb] [lib/base.php:3281] View->sandbox()
Thu, 09 Jan 2025 23:41:51 -0500 [2603:9000:f801:55e2:40c8:a7cf:9f19:4dcb] [tmp/3hn69l4qoa804.3h31n1yj254w8.php:7] Preview->render()
Thu, 09 Jan 2025 23:41:51 -0500 [2603:9000:f801:55e2:40c8:a7cf:9f19:4dcb] [lib/base.php:3036] require('/home/u991737198/domains/tas2023.online/public_html/tmp/3hn69l4qoa804.3h31n1yj254w8.php')
Thu, 09 Jan 2025 23:41:51 -0500 [2603:9000:f801:55e2:40c8:a7cf:9f19:4dcb] [lib/base.php:3281] View->sandbox()
Thu, 09 Jan 2025 23:41:51 -0500 [2603:9000:f801:55e2:40c8:a7cf:9f19:4dcb] [app/controllers/Controller.php:85] Preview->render()
Thu, 09 Jan 2025 23:41:51 -0500 [2603:9000:f801:55e2:40c8:a7cf:9f19:4dcb] [lib/base.php:2078] Controller->afterroute()
Thu, 09 Jan 2025 23:41:51 -0500 [2603:9000:f801:55e2:40c8:a7cf:9f19:4dcb] [lib/base.php:1871] Base->call()
Thu, 09 Jan 2025 23:41:51 -0500 [2603:9000:f801:55e2:40c8:a7cf:9f19:4dcb] [index.php:19] Base->run()
Thu, 09 Jan 2025 23:42:18 -0500 [2603:9000:f801:55e2:40c8:a7cf:9f19:4dcb] 500: Undefined variable $entity_num trace: [tmp/3hn69l4qoa804.man4oes5p0l2.php:156]
Thu, 09 Jan 2025 23:42:18 -0500 [2603:9000:f801:55e2:40c8:a7cf:9f19:4dcb] [tmp/3hn69l4qoa804.man4oes5p0l2.php:156] Base->{closure}()
Thu, 09 Jan 2025 23:42:18 -0500 [2603:9000:f801:55e2:40c8:a7cf:9f19:4dcb] [lib/base.php:3036] require('/home/u991737198/domains/tas2023.online/public_html/tmp/3hn69l4qoa804.man4oes5p0l2.php')
Thu, 09 Jan 2025 23:42:18 -0500 [2603:9000:f801:55e2:40c8:a7cf:9f19:4dcb] [lib/base.php:3281] View->sandbox()
Thu, 09 Jan 2025 23:42:18 -0500 [2603:9000:f801:55e2:40c8:a7cf:9f19:4dcb] [tmp/3hn69l4qoa804.3h31n1yj254w8.php:7] Preview->render()
Thu, 09 Jan 2025 23:42:18 -0500 [2603:9000:f801:55e2:40c8:a7cf:9f19:4dcb] [lib/base.php:3036] require('/home/u991737198/domains/tas2023.online/public_html/tmp/3hn69l4qoa804.3h31n1yj254w8.php')
Thu, 09 Jan 2025 23:42:18 -0500 [2603:9000:f801:55e2:40c8:a7cf:9f19:4dcb] [lib/base.php:3281] View->sandbox()
Thu, 09 Jan 2025 23:42:18 -0500 [2603:9000:f801:55e2:40c8:a7cf:9f19:4dcb] [app/controllers/Controller.php:85] Preview->render()
Thu, 09 Jan 2025 23:42:18 -0500 [2603:9000:f801:55e2:40c8:a7cf:9f19:4dcb] [lib/base.php:2078] Controller->afterroute()
Thu, 09 Jan 2025 23:42:18 -0500 [2603:9000:f801:55e2:40c8:a7cf:9f19:4dcb] [lib/base.php:1871] Base->call()
Thu, 09 Jan 2025 23:42:18 -0500 [2603:9000:f801:55e2:40c8:a7cf:9f19:4dcb] [index.php:19] Base->run()
Thu, 09 Jan 2025 23:42:36 -0500 [2603:9000:f801:55e2:40c8:a7cf:9f19:4dcb] 500: Undefined variable $entity_num trace: [tmp/3hn69l4qoa804.1zo7dt0fljr4w.php:196]
Thu, 09 Jan 2025 23:42:36 -0500 [2603:9000:f801:55e2:40c8:a7cf:9f19:4dcb] [tmp/3hn69l4qoa804.1zo7dt0fljr4w.php:196] Base->{closure}()
Thu, 09 Jan 2025 23:42:36 -0500 [2603:9000:f801:55e2:40c8:a7cf:9f19:4dcb] [lib/base.php:3036] require('/home/u991737198/domains/tas2023.online/public_html/tmp/3hn69l4qoa804.1zo7dt0fljr4w.php')
Thu, 09 Jan 2025 23:42:36 -0500 [2603:9000:f801:55e2:40c8:a7cf:9f19:4dcb] [lib/base.php:3281] View->sandbox()
Thu, 09 Jan 2025 23:42:36 -0500 [2603:9000:f801:55e2:40c8:a7cf:9f19:4dcb] [tmp/3hn69l4qoa804.3h31n1yj254w8.php:7] Preview->render()
Thu, 09 Jan 2025 23:42:36 -0500 [2603:9000:f801:55e2:40c8:a7cf:9f19:4dcb] [lib/base.php:3036] require('/home/u991737198/domains/tas2023.online/public_html/tmp/3hn69l4qoa804.3h31n1yj254w8.php')
Thu, 09 Jan 2025 23:42:36 -0500 [2603:9000:f801:55e2:40c8:a7cf:9f19:4dcb] [lib/base.php:3281] View->sandbox()
Thu, 09 Jan 2025 23:42:36 -0500 [2603:9000:f801:55e2:40c8:a7cf:9f19:4dcb] [app/controllers/Controller.php:85] Preview->render()
Thu, 09 Jan 2025 23:42:36 -0500 [2603:9000:f801:55e2:40c8:a7cf:9f19:4dcb] [lib/base.php:2078] Controller->afterroute()
Thu, 09 Jan 2025 23:42:36 -0500 [2603:9000:f801:55e2:40c8:a7cf:9f19:4dcb] [lib/base.php:1871] Base->call()
Thu, 09 Jan 2025 23:42:36 -0500 [2603:9000:f801:55e2:40c8:a7cf:9f19:4dcb] [index.php:19] Base->run()
Thu, 09 Jan 2025 23:42:45 -0500 [2603:9000:f801:55e2:40c8:a7cf:9f19:4dcb] 500: Undefined variable $entity_num trace: [tmp/3hn69l4qoa804.1zo7dt0fljr4w.php:196]
Thu, 09 Jan 2025 23:42:45 -0500 [2603:9000:f801:55e2:40c8:a7cf:9f19:4dcb] [tmp/3hn69l4qoa804.1zo7dt0fljr4w.php:196] Base->{closure}()
Thu, 09 Jan 2025 23:42:45 -0500 [2603:9000:f801:55e2:40c8:a7cf:9f19:4dcb] [lib/base.php:3036] require('/home/u991737198/domains/tas2023.online/public_html/tmp/3hn69l4qoa804.1zo7dt0fljr4w.php')
Thu, 09 Jan 2025 23:42:45 -0500 [2603:9000:f801:55e2:40c8:a7cf:9f19:4dcb] [lib/base.php:3281] View->sandbox()
Thu, 09 Jan 2025 23:42:45 -0500 [2603:9000:f801:55e2:40c8:a7cf:9f19:4dcb] [tmp/3hn69l4qoa804.3h31n1yj254w8.php:7] Preview->render()
Thu, 09 Jan 2025 23:42:45 -0500 [2603:9000:f801:55e2:40c8:a7cf:9f19:4dcb] [lib/base.php:3036] require('/home/u991737198/domains/tas2023.online/public_html/tmp/3hn69l4qoa804.3h31n1yj254w8.php')
Thu, 09 Jan 2025 23:42:45 -0500 [2603:9000:f801:55e2:40c8:a7cf:9f19:4dcb] [lib/base.php:3281] View->sandbox()
Thu, 09 Jan 2025 23:42:45 -0500 [2603:9000:f801:55e2:40c8:a7cf:9f19:4dcb] [app/controllers/Controller.php:85] Preview->render()
Thu, 09 Jan 2025 23:42:45 -0500 [2603:9000:f801:55e2:40c8:a7cf:9f19:4dcb] [lib/base.php:2078] Controller->afterroute()
Thu, 09 Jan 2025 23:42:45 -0500 [2603:9000:f801:55e2:40c8:a7cf:9f19:4dcb] [lib/base.php:1871] Base->call()
Thu, 09 Jan 2025 23:42:45 -0500 [2603:9000:f801:55e2:40c8:a7cf:9f19:4dcb] [index.php:19] Base->run()
Thu, 09 Jan 2025 23:42:55 -0500 [2603:9000:f801:55e2:40c8:a7cf:9f19:4dcb] 500: Undefined variable $entity_num trace: [tmp/3hn69l4qoa804.1zo7dt0fljr4w.php:196]
Thu, 09 Jan 2025 23:42:55 -0500 [2603:9000:f801:55e2:40c8:a7cf:9f19:4dcb] [tmp/3hn69l4qoa804.1zo7dt0fljr4w.php:196] Base->{closure}()
Thu, 09 Jan 2025 23:42:55 -0500 [2603:9000:f801:55e2:40c8:a7cf:9f19:4dcb] [lib/base.php:3036] require('/home/u991737198/domains/tas2023.online/public_html/tmp/3hn69l4qoa804.1zo7dt0fljr4w.php')
Thu, 09 Jan 2025 23:42:55 -0500 [2603:9000:f801:55e2:40c8:a7cf:9f19:4dcb] [lib/base.php:3281] View->sandbox()
Thu, 09 Jan 2025 23:42:55 -0500 [2603:9000:f801:55e2:40c8:a7cf:9f19:4dcb] [tmp/3hn69l4qoa804.3h31n1yj254w8.php:7] Preview->render()
Thu, 09 Jan 2025 23:42:55 -0500 [2603:9000:f801:55e2:40c8:a7cf:9f19:4dcb] [lib/base.php:3036] require('/home/u991737198/domains/tas2023.online/public_html/tmp/3hn69l4qoa804.3h31n1yj254w8.php')
Thu, 09 Jan 2025 23:42:55 -0500 [2603:9000:f801:55e2:40c8:a7cf:9f19:4dcb] [lib/base.php:3281] View->sandbox()
Thu, 09 Jan 2025 23:42:55 -0500 [2603:9000:f801:55e2:40c8:a7cf:9f19:4dcb] [app/controllers/Controller.php:85] Preview->render()
Thu, 09 Jan 2025 23:42:55 -0500 [2603:9000:f801:55e2:40c8:a7cf:9f19:4dcb] [lib/base.php:2078] Controller->afterroute()
Thu, 09 Jan 2025 23:42:55 -0500 [2603:9000:f801:55e2:40c8:a7cf:9f19:4dcb] [lib/base.php:1871] Base->call()
Thu, 09 Jan 2025 23:42:55 -0500 [2603:9000:f801:55e2:40c8:a7cf:9f19:4dcb] [index.php:19] Base->run()
Thu, 09 Jan 2025 23:42:59 -0500 [2603:9000:f801:55e2:40c8:a7cf:9f19:4dcb] 500: Undefined variable $entity_num trace: [tmp/3hn69l4qoa804.1zo7dt0fljr4w.php:196]
Thu, 09 Jan 2025 23:42:59 -0500 [2603:9000:f801:55e2:40c8:a7cf:9f19:4dcb] [tmp/3hn69l4qoa804.1zo7dt0fljr4w.php:196] Base->{closure}()
Thu, 09 Jan 2025 23:42:59 -0500 [2603:9000:f801:55e2:40c8:a7cf:9f19:4dcb] [lib/base.php:3036] require('/home/u991737198/domains/tas2023.online/public_html/tmp/3hn69l4qoa804.1zo7dt0fljr4w.php')
Thu, 09 Jan 2025 23:42:59 -0500 [2603:9000:f801:55e2:40c8:a7cf:9f19:4dcb] [lib/base.php:3281] View->sandbox()
Thu, 09 Jan 2025 23:42:59 -0500 [2603:9000:f801:55e2:40c8:a7cf:9f19:4dcb] [tmp/3hn69l4qoa804.3h31n1yj254w8.php:7] Preview->render()
Thu, 09 Jan 2025 23:42:59 -0500 [2603:9000:f801:55e2:40c8:a7cf:9f19:4dcb] [lib/base.php:3036] require('/home/u991737198/domains/tas2023.online/public_html/tmp/3hn69l4qoa804.3h31n1yj254w8.php')
Thu, 09 Jan 2025 23:42:59 -0500 [2603:9000:f801:55e2:40c8:a7cf:9f19:4dcb] [lib/base.php:3281] View->sandbox()
Thu, 09 Jan 2025 23:42:59 -0500 [2603:9000:f801:55e2:40c8:a7cf:9f19:4dcb] [app/controllers/Controller.php:85] Preview->render()
Thu, 09 Jan 2025 23:42:59 -0500 [2603:9000:f801:55e2:40c8:a7cf:9f19:4dcb] [lib/base.php:2078] Controller->afterroute()
Thu, 09 Jan 2025 23:42:59 -0500 [2603:9000:f801:55e2:40c8:a7cf:9f19:4dcb] [lib/base.php:1871] Base->call()
Thu, 09 Jan 2025 23:42:59 -0500 [2603:9000:f801:55e2:40c8:a7cf:9f19:4dcb] [index.php:19] Base->run()
Thu, 09 Jan 2025 23:43:03 -0500 [2603:9000:f801:55e2:40c8:a7cf:9f19:4dcb] 500: Undefined variable $count trace: [tmp/3hn69l4qoa804.man4oes5p0l2.php:117]
Thu, 09 Jan 2025 23:43:03 -0500 [2603:9000:f801:55e2:40c8:a7cf:9f19:4dcb] [tmp/3hn69l4qoa804.man4oes5p0l2.php:117] Base->{closure}()
Thu, 09 Jan 2025 23:43:03 -0500 [2603:9000:f801:55e2:40c8:a7cf:9f19:4dcb] [lib/base.php:3036] require('/home/u991737198/domains/tas2023.online/public_html/tmp/3hn69l4qoa804.man4oes5p0l2.php')
Thu, 09 Jan 2025 23:43:03 -0500 [2603:9000:f801:55e2:40c8:a7cf:9f19:4dcb] [lib/base.php:3281] View->sandbox()
Thu, 09 Jan 2025 23:43:03 -0500 [2603:9000:f801:55e2:40c8:a7cf:9f19:4dcb] [tmp/3hn69l4qoa804.3h31n1yj254w8.php:7] Preview->render()
Thu, 09 Jan 2025 23:43:03 -0500 [2603:9000:f801:55e2:40c8:a7cf:9f19:4dcb] [lib/base.php:3036] require('/home/u991737198/domains/tas2023.online/public_html/tmp/3hn69l4qoa804.3h31n1yj254w8.php')
Thu, 09 Jan 2025 23:43:03 -0500 [2603:9000:f801:55e2:40c8:a7cf:9f19:4dcb] [lib/base.php:3281] View->sandbox()
Thu, 09 Jan 2025 23:43:03 -0500 [2603:9000:f801:55e2:40c8:a7cf:9f19:4dcb] [app/controllers/Controller.php:85] Preview->render()
Thu, 09 Jan 2025 23:43:03 -0500 [2603:9000:f801:55e2:40c8:a7cf:9f19:4dcb] [lib/base.php:2078] Controller->afterroute()
Thu, 09 Jan 2025 23:43:03 -0500 [2603:9000:f801:55e2:40c8:a7cf:9f19:4dcb] [lib/base.php:1871] Base->call()
Thu, 09 Jan 2025 23:43:03 -0500 [2603:9000:f801:55e2:40c8:a7cf:9f19:4dcb] [index.php:19] Base->run()
Thu, 09 Jan 2025 23:43:56 -0500 [2603:9000:f801:55e2:40c8:a7cf:9f19:4dcb] 500: Undefined variable $entity_num trace: [tmp/3hn69l4qoa804.1zo7dt0fljr4w.php:196]
Thu, 09 Jan 2025 23:43:56 -0500 [2603:9000:f801:55e2:40c8:a7cf:9f19:4dcb] [tmp/3hn69l4qoa804.1zo7dt0fljr4w.php:196] Base->{closure}()
Thu, 09 Jan 2025 23:43:56 -0500 [2603:9000:f801:55e2:40c8:a7cf:9f19:4dcb] [lib/base.php:3036] require('/home/u991737198/domains/tas2023.online/public_html/tmp/3hn69l4qoa804.1zo7dt0fljr4w.php')
Thu, 09 Jan 2025 23:43:56 -0500 [2603:9000:f801:55e2:40c8:a7cf:9f19:4dcb] [lib/base.php:3281] View->sandbox()
Thu, 09 Jan 2025 23:43:56 -0500 [2603:9000:f801:55e2:40c8:a7cf:9f19:4dcb] [tmp/3hn69l4qoa804.3h31n1yj254w8.php:7] Preview->render()
Thu, 09 Jan 2025 23:43:56 -0500 [2603:9000:f801:55e2:40c8:a7cf:9f19:4dcb] [lib/base.php:3036] require('/home/u991737198/domains/tas2023.online/public_html/tmp/3hn69l4qoa804.3h31n1yj254w8.php')
Thu, 09 Jan 2025 23:43:56 -0500 [2603:9000:f801:55e2:40c8:a7cf:9f19:4dcb] [lib/base.php:3281] View->sandbox()
Thu, 09 Jan 2025 23:43:56 -0500 [2603:9000:f801:55e2:40c8:a7cf:9f19:4dcb] [app/controllers/Controller.php:85] Preview->render()
Thu, 09 Jan 2025 23:43:56 -0500 [2603:9000:f801:55e2:40c8:a7cf:9f19:4dcb] [lib/base.php:2078] Controller->afterroute()
Thu, 09 Jan 2025 23:43:56 -0500 [2603:9000:f801:55e2:40c8:a7cf:9f19:4dcb] [lib/base.php:1871] Base->call()
Thu, 09 Jan 2025 23:43:56 -0500 [2603:9000:f801:55e2:40c8:a7cf:9f19:4dcb] [index.php:19] Base->run()
Thu, 09 Jan 2025 23:44:01 -0500 [2603:9000:f801:55e2:40c8:a7cf:9f19:4dcb] 500: Undefined variable $entity_num trace: [tmp/3hn69l4qoa804.1zo7dt0fljr4w.php:196]
Thu, 09 Jan 2025 23:44:01 -0500 [2603:9000:f801:55e2:40c8:a7cf:9f19:4dcb] [tmp/3hn69l4qoa804.1zo7dt0fljr4w.php:196] Base->{closure}()
Thu, 09 Jan 2025 23:44:01 -0500 [2603:9000:f801:55e2:40c8:a7cf:9f19:4dcb] [lib/base.php:3036] require('/home/u991737198/domains/tas2023.online/public_html/tmp/3hn69l4qoa804.1zo7dt0fljr4w.php')
Thu, 09 Jan 2025 23:44:01 -0500 [2603:9000:f801:55e2:40c8:a7cf:9f19:4dcb] [lib/base.php:3281] View->sandbox()
Thu, 09 Jan 2025 23:44:01 -0500 [2603:9000:f801:55e2:40c8:a7cf:9f19:4dcb] [tmp/3hn69l4qoa804.3h31n1yj254w8.php:7] Preview->render()
Thu, 09 Jan 2025 23:44:01 -0500 [2603:9000:f801:55e2:40c8:a7cf:9f19:4dcb] [lib/base.php:3036] require('/home/u991737198/domains/tas2023.online/public_html/tmp/3hn69l4qoa804.3h31n1yj254w8.php')
Thu, 09 Jan 2025 23:44:01 -0500 [2603:9000:f801:55e2:40c8:a7cf:9f19:4dcb] [lib/base.php:3281] View->sandbox()
Thu, 09 Jan 2025 23:44:01 -0500 [2603:9000:f801:55e2:40c8:a7cf:9f19:4dcb] [app/controllers/Controller.php:85] Preview->render()
Thu, 09 Jan 2025 23:44:01 -0500 [2603:9000:f801:55e2:40c8:a7cf:9f19:4dcb] [lib/base.php:2078] Controller->afterroute()
Thu, 09 Jan 2025 23:44:01 -0500 [2603:9000:f801:55e2:40c8:a7cf:9f19:4dcb] [lib/base.php:1871] Base->call()
Thu, 09 Jan 2025 23:44:01 -0500 [2603:9000:f801:55e2:40c8:a7cf:9f19:4dcb] [index.php:19] Base->run()
Thu, 09 Jan 2025 23:44:43 -0500 [2603:9000:f801:55e2:40c8:a7cf:9f19:4dcb] 500: Undefined variable $selected_note trace: [/home/u991737198/domains/tas2023.online/public_html/tmp/3hn69l4qoa804.3g8shy2588w00.php:307]
Thu, 09 Jan 2025 23:44:43 -0500 [2603:9000:f801:55e2:40c8:a7cf:9f19:4dcb] [/home/u991737198/domains/tas2023.online/public_html/tmp/3hn69l4qoa804.3g8shy2588w00.php:307] Base->{closure}()
Thu, 09 Jan 2025 23:44:43 -0500 [2603:9000:f801:55e2:40c8:a7cf:9f19:4dcb] [/home/u991737198/domains/tas2023.online/public_html/lib/base.php:3036] require('/home/u991737198/domains/tas2023.online/public_html/tmp/3hn69l4qoa804.3g8shy2588w00.php')
Thu, 09 Jan 2025 23:44:43 -0500 [2603:9000:f801:55e2:40c8:a7cf:9f19:4dcb] [/home/u991737198/domains/tas2023.online/public_html/lib/base.php:3281] View->sandbox()
Thu, 09 Jan 2025 23:44:43 -0500 [2603:9000:f801:55e2:40c8:a7cf:9f19:4dcb] [/home/u991737198/domains/tas2023.online/public_html/tmp/3hn69l4qoa804.3h31n1yj254w8.php:7] Preview->render()
Thu, 09 Jan 2025 23:44:43 -0500 [2603:9000:f801:55e2:40c8:a7cf:9f19:4dcb] [/home/u991737198/domains/tas2023.online/public_html/lib/base.php:3036] require('/home/u991737198/domains/tas2023.online/public_html/tmp/3hn69l4qoa804.3h31n1yj254w8.php')
Thu, 09 Jan 2025 23:44:43 -0500 [2603:9000:f801:55e2:40c8:a7cf:9f19:4dcb] [/home/u991737198/domains/tas2023.online/public_html/lib/base.php:3281] View->sandbox()
Thu, 09 Jan 2025 23:44:43 -0500 [2603:9000:f801:55e2:40c8:a7cf:9f19:4dcb] [/home/u991737198/domains/tas2023.online/public_html/app/controllers/Controller.php:85] Preview->render()
Thu, 09 Jan 2025 23:44:43 -0500 [2603:9000:f801:55e2:40c8:a7cf:9f19:4dcb] [/home/u991737198/domains/tas2023.online/public_html/lib/base.php:2078] Controller->afterroute()
Thu, 09 Jan 2025 23:44:43 -0500 [2603:9000:f801:55e2:40c8:a7cf:9f19:4dcb] [/home/u991737198/domains/tas2023.online/public_html/lib/base.php:1871] Base->call()
Thu, 09 Jan 2025 23:44:43 -0500 [2603:9000:f801:55e2:40c8:a7cf:9f19:4dcb] [/home/u991737198/domains/tas2023.online/public_html/index.php:19] Base->run()
Thu, 09 Jan 2025 23:46:35 -0500 [2603:9000:f801:55e2:40c8:a7cf:9f19:4dcb] 500: Undefined variable $selected_note trace: [/home/u991737198/domains/tas2023.online/public_html/tmp/3hn69l4qoa804.3g8shy2588w00.php:307]
Thu, 09 Jan 2025 23:46:35 -0500 [2603:9000:f801:55e2:40c8:a7cf:9f19:4dcb] [/home/u991737198/domains/tas2023.online/public_html/tmp/3hn69l4qoa804.3g8shy2588w00.php:307] Base->{closure}()
Thu, 09 Jan 2025 23:46:35 -0500 [2603:9000:f801:55e2:40c8:a7cf:9f19:4dcb] [/home/u991737198/domains/tas2023.online/public_html/lib/base.php:3036] require('/home/u991737198/domains/tas2023.online/public_html/tmp/3hn69l4qoa804.3g8shy2588w00.php')
Thu, 09 Jan 2025 23:46:35 -0500 [2603:9000:f801:55e2:40c8:a7cf:9f19:4dcb] [/home/u991737198/domains/tas2023.online/public_html/lib/base.php:3281] View->sandbox()
Thu, 09 Jan 2025 23:46:35 -0500 [2603:9000:f801:55e2:40c8:a7cf:9f19:4dcb] [/home/u991737198/domains/tas2023.online/public_html/tmp/3hn69l4qoa804.3h31n1yj254w8.php:7] Preview->render()
Thu, 09 Jan 2025 23:46:35 -0500 [2603:9000:f801:55e2:40c8:a7cf:9f19:4dcb] [/home/u991737198/domains/tas2023.online/public_html/lib/base.php:3036] require('/home/u991737198/domains/tas2023.online/public_html/tmp/3hn69l4qoa804.3h31n1yj254w8.php')
Thu, 09 Jan 2025 23:46:35 -0500 [2603:9000:f801:55e2:40c8:a7cf:9f19:4dcb] [/home/u991737198/domains/tas2023.online/public_html/lib/base.php:3281] View->sandbox()
Thu, 09 Jan 2025 23:46:35 -0500 [2603:9000:f801:55e2:40c8:a7cf:9f19:4dcb] [/home/u991737198/domains/tas2023.online/public_html/app/controllers/Controller.php:85] Preview->render()
Thu, 09 Jan 2025 23:46:35 -0500 [2603:9000:f801:55e2:40c8:a7cf:9f19:4dcb] [/home/u991737198/domains/tas2023.online/public_html/lib/base.php:2078] Controller->afterroute()
Thu, 09 Jan 2025 23:46:35 -0500 [2603:9000:f801:55e2:40c8:a7cf:9f19:4dcb] [/home/u991737198/domains/tas2023.online/public_html/lib/base.php:1871] Base->call()
Thu, 09 Jan 2025 23:46:35 -0500 [2603:9000:f801:55e2:40c8:a7cf:9f19:4dcb] [/home/u991737198/domains/tas2023.online/public_html/index.php:19] Base->run()
Thu, 09 Jan 2025 23:46:52 -0500 [2603:9000:f801:55e2:40c8:a7cf:9f19:4dcb] 500: Undefined variable $fechapicker trace: [/home/u991737198/domains/tas2023.online/public_html/tmp/3hn69l4qoa804.22phmm30e0u84.php:333]
Thu, 09 Jan 2025 23:46:52 -0500 [2603:9000:f801:55e2:40c8:a7cf:9f19:4dcb] [/home/u991737198/domains/tas2023.online/public_html/tmp/3hn69l4qoa804.22phmm30e0u84.php:333] Base->{closure}()
Thu, 09 Jan 2025 23:46:52 -0500 [2603:9000:f801:55e2:40c8:a7cf:9f19:4dcb] [/home/u991737198/domains/tas2023.online/public_html/lib/base.php:3036] require('/home/u991737198/domains/tas2023.online/public_html/tmp/3hn69l4qoa804.22phmm30e0u84.php')
Thu, 09 Jan 2025 23:46:52 -0500 [2603:9000:f801:55e2:40c8:a7cf:9f19:4dcb] [/home/u991737198/domains/tas2023.online/public_html/lib/base.php:3281] View->sandbox()
Thu, 09 Jan 2025 23:46:52 -0500 [2603:9000:f801:55e2:40c8:a7cf:9f19:4dcb] [/home/u991737198/domains/tas2023.online/public_html/tmp/3hn69l4qoa804.3h31n1yj254w8.php:7] Preview->render()
Thu, 09 Jan 2025 23:46:52 -0500 [2603:9000:f801:55e2:40c8:a7cf:9f19:4dcb] [/home/u991737198/domains/tas2023.online/public_html/lib/base.php:3036] require('/home/u991737198/domains/tas2023.online/public_html/tmp/3hn69l4qoa804.3h31n1yj254w8.php')
Thu, 09 Jan 2025 23:46:52 -0500 [2603:9000:f801:55e2:40c8:a7cf:9f19:4dcb] [/home/u991737198/domains/tas2023.online/public_html/lib/base.php:3281] View->sandbox()
Thu, 09 Jan 2025 23:46:52 -0500 [2603:9000:f801:55e2:40c8:a7cf:9f19:4dcb] [/home/u991737198/domains/tas2023.online/public_html/app/controllers/Controller.php:85] Preview->render()
Thu, 09 Jan 2025 23:46:52 -0500 [2603:9000:f801:55e2:40c8:a7cf:9f19:4dcb] [/home/u991737198/domains/tas2023.online/public_html/lib/base.php:2078] Controller->afterroute()
Thu, 09 Jan 2025 23:46:52 -0500 [2603:9000:f801:55e2:40c8:a7cf:9f19:4dcb] [/home/u991737198/domains/tas2023.online/public_html/lib/base.php:1871] Base->call()
Thu, 09 Jan 2025 23:46:52 -0500 [2603:9000:f801:55e2:40c8:a7cf:9f19:4dcb] [/home/u991737198/domains/tas2023.online/public_html/index.php:19] Base->run()
Thu, 09 Jan 2025 23:46:55 -0500 [2603:9000:f801:55e2:40c8:a7cf:9f19:4dcb] 500: Undefined variable $fechapicker trace: [/home/u991737198/domains/tas2023.online/public_html/tmp/3hn69l4qoa804.22phmm30e0u84.php:333]
Thu, 09 Jan 2025 23:46:55 -0500 [2603:9000:f801:55e2:40c8:a7cf:9f19:4dcb] [/home/u991737198/domains/tas2023.online/public_html/tmp/3hn69l4qoa804.22phmm30e0u84.php:333] Base->{closure}()
Thu, 09 Jan 2025 23:46:55 -0500 [2603:9000:f801:55e2:40c8:a7cf:9f19:4dcb] [/home/u991737198/domains/tas2023.online/public_html/lib/base.php:3036] require('/home/u991737198/domains/tas2023.online/public_html/tmp/3hn69l4qoa804.22phmm30e0u84.php')
Thu, 09 Jan 2025 23:46:55 -0500 [2603:9000:f801:55e2:40c8:a7cf:9f19:4dcb] [/home/u991737198/domains/tas2023.online/public_html/lib/base.php:3281] View->sandbox()
Thu, 09 Jan 2025 23:46:55 -0500 [2603:9000:f801:55e2:40c8:a7cf:9f19:4dcb] [/home/u991737198/domains/tas2023.online/public_html/tmp/3hn69l4qoa804.3h31n1yj254w8.php:7] Preview->render()
Thu, 09 Jan 2025 23:46:55 -0500 [2603:9000:f801:55e2:40c8:a7cf:9f19:4dcb] [/home/u991737198/domains/tas2023.online/public_html/lib/base.php:3036] require('/home/u991737198/domains/tas2023.online/public_html/tmp/3hn69l4qoa804.3h31n1yj254w8.php')
Thu, 09 Jan 2025 23:46:55 -0500 [2603:9000:f801:55e2:40c8:a7cf:9f19:4dcb] [/home/u991737198/domains/tas2023.online/public_html/lib/base.php:3281] View->sandbox()
Thu, 09 Jan 2025 23:46:55 -0500 [2603:9000:f801:55e2:40c8:a7cf:9f19:4dcb] [/home/u991737198/domains/tas2023.online/public_html/app/controllers/Controller.php:85] Preview->render()
Thu, 09 Jan 2025 23:46:55 -0500 [2603:9000:f801:55e2:40c8:a7cf:9f19:4dcb] [/home/u991737198/domains/tas2023.online/public_html/lib/base.php:2078] Controller->afterroute()
Thu, 09 Jan 2025 23:46:55 -0500 [2603:9000:f801:55e2:40c8:a7cf:9f19:4dcb] [/home/u991737198/domains/tas2023.online/public_html/lib/base.php:1871] Base->call()
Thu, 09 Jan 2025 23:46:55 -0500 [2603:9000:f801:55e2:40c8:a7cf:9f19:4dcb] [/home/u991737198/domains/tas2023.online/public_html/index.php:19] Base->run()
Thu, 09 Jan 2025 23:50:47 -0500 [2603:9000:f801:55e2:40c8:a7cf:9f19:4dcb] 500: Undefined variable $fechapicker trace: [/home/u991737198/domains/tas2023.online/public_html/tmp/3hn69l4qoa804.22phmm30e0u84.php:333]
Thu, 09 Jan 2025 23:50:47 -0500 [2603:9000:f801:55e2:40c8:a7cf:9f19:4dcb] [/home/u991737198/domains/tas2023.online/public_html/tmp/3hn69l4qoa804.22phmm30e0u84.php:333] Base->{closure}()
Thu, 09 Jan 2025 23:50:47 -0500 [2603:9000:f801:55e2:40c8:a7cf:9f19:4dcb] [/home/u991737198/domains/tas2023.online/public_html/lib/base.php:3036] require('/home/u991737198/domains/tas2023.online/public_html/tmp/3hn69l4qoa804.22phmm30e0u84.php')
Thu, 09 Jan 2025 23:50:47 -0500 [2603:9000:f801:55e2:40c8:a7cf:9f19:4dcb] [/home/u991737198/domains/tas2023.online/public_html/lib/base.php:3281] View->sandbox()
Thu, 09 Jan 2025 23:50:47 -0500 [2603:9000:f801:55e2:40c8:a7cf:9f19:4dcb] [/home/u991737198/domains/tas2023.online/public_html/tmp/3hn69l4qoa804.3h31n1yj254w8.php:7] Preview->render()
Thu, 09 Jan 2025 23:50:47 -0500 [2603:9000:f801:55e2:40c8:a7cf:9f19:4dcb] [/home/u991737198/domains/tas2023.online/public_html/lib/base.php:3036] require('/home/u991737198/domains/tas2023.online/public_html/tmp/3hn69l4qoa804.3h31n1yj254w8.php')
Thu, 09 Jan 2025 23:50:47 -0500 [2603:9000:f801:55e2:40c8:a7cf:9f19:4dcb] [/home/u991737198/domains/tas2023.online/public_html/lib/base.php:3281] View->sandbox()
Thu, 09 Jan 2025 23:50:47 -0500 [2603:9000:f801:55e2:40c8:a7cf:9f19:4dcb] [/home/u991737198/domains/tas2023.online/public_html/app/controllers/Controller.php:85] Preview->render()
Thu, 09 Jan 2025 23:50:47 -0500 [2603:9000:f801:55e2:40c8:a7cf:9f19:4dcb] [/home/u991737198/domains/tas2023.online/public_html/lib/base.php:2078] Controller->afterroute()
Thu, 09 Jan 2025 23:50:47 -0500 [2603:9000:f801:55e2:40c8:a7cf:9f19:4dcb] [/home/u991737198/domains/tas2023.online/public_html/lib/base.php:1871] Base->call()
Thu, 09 Jan 2025 23:50:47 -0500 [2603:9000:f801:55e2:40c8:a7cf:9f19:4dcb] [/home/u991737198/domains/tas2023.online/public_html/index.php:19] Base->run()
Thu, 09 Jan 2025 23:50:51 -0500 [2603:9000:f801:55e2:40c8:a7cf:9f19:4dcb] 500: Undefined variable $fechapicker trace: [/home/u991737198/domains/tas2023.online/public_html/tmp/3hn69l4qoa804.22phmm30e0u84.php:333]
Thu, 09 Jan 2025 23:50:51 -0500 [2603:9000:f801:55e2:40c8:a7cf:9f19:4dcb] [/home/u991737198/domains/tas2023.online/public_html/tmp/3hn69l4qoa804.22phmm30e0u84.php:333] Base->{closure}()
Thu, 09 Jan 2025 23:50:51 -0500 [2603:9000:f801:55e2:40c8:a7cf:9f19:4dcb] [/home/u991737198/domains/tas2023.online/public_html/lib/base.php:3036] require('/home/u991737198/domains/tas2023.online/public_html/tmp/3hn69l4qoa804.22phmm30e0u84.php')
Thu, 09 Jan 2025 23:50:51 -0500 [2603:9000:f801:55e2:40c8:a7cf:9f19:4dcb] [/home/u991737198/domains/tas2023.online/public_html/lib/base.php:3281] View->sandbox()
Thu, 09 Jan 2025 23:50:51 -0500 [2603:9000:f801:55e2:40c8:a7cf:9f19:4dcb] [/home/u991737198/domains/tas2023.online/public_html/tmp/3hn69l4qoa804.3h31n1yj254w8.php:7] Preview->render()
Thu, 09 Jan 2025 23:50:51 -0500 [2603:9000:f801:55e2:40c8:a7cf:9f19:4dcb] [/home/u991737198/domains/tas2023.online/public_html/lib/base.php:3036] require('/home/u991737198/domains/tas2023.online/public_html/tmp/3hn69l4qoa804.3h31n1yj254w8.php')
Thu, 09 Jan 2025 23:50:51 -0500 [2603:9000:f801:55e2:40c8:a7cf:9f19:4dcb] [/home/u991737198/domains/tas2023.online/public_html/lib/base.php:3281] View->sandbox()
Thu, 09 Jan 2025 23:50:51 -0500 [2603:9000:f801:55e2:40c8:a7cf:9f19:4dcb] [/home/u991737198/domains/tas2023.online/public_html/app/controllers/Controller.php:85] Preview->render()
Thu, 09 Jan 2025 23:50:51 -0500 [2603:9000:f801:55e2:40c8:a7cf:9f19:4dcb] [/home/u991737198/domains/tas2023.online/public_html/lib/base.php:2078] Controller->afterroute()
Thu, 09 Jan 2025 23:50:51 -0500 [2603:9000:f801:55e2:40c8:a7cf:9f19:4dcb] [/home/u991737198/domains/tas2023.online/public_html/lib/base.php:1871] Base->call()
Thu, 09 Jan 2025 23:50:51 -0500 [2603:9000:f801:55e2:40c8:a7cf:9f19:4dcb] [/home/u991737198/domains/tas2023.online/public_html/index.php:19] Base->run()
