Fri, 24 Jan 2025 07:14:16 -0500 [2603:9000:f801:55e2:407:872:ddbe:e148] 500: Undefined variable $entity_num trace: [tmp/3hn69l4qoa804.1zo7dt0fljr4w.php:200]
Fri, 24 Jan 2025 07:14:16 -0500 [2603:9000:f801:55e2:407:872:ddbe:e148] [tmp/3hn69l4qoa804.1zo7dt0fljr4w.php:200] Base->{closure}()
Fri, 24 Jan 2025 07:14:16 -0500 [2603:9000:f801:55e2:407:872:ddbe:e148] [lib/base.php:3036] require('/home/u991737198/domains/tas2023.online/public_html/tmp/3hn69l4qoa804.1zo7dt0fljr4w.php')
Fri, 24 Jan 2025 07:14:16 -0500 [2603:9000:f801:55e2:407:872:ddbe:e148] [lib/base.php:3281] View->sandbox()
Fri, 24 Jan 2025 07:14:16 -0500 [2603:9000:f801:55e2:407:872:ddbe:e148] [tmp/3hn69l4qoa804.3h31n1yj254w8.php:7] Preview->render()
Fri, 24 Jan 2025 07:14:16 -0500 [2603:9000:f801:55e2:407:872:ddbe:e148] [lib/base.php:3036] require('/home/u991737198/domains/tas2023.online/public_html/tmp/3hn69l4qoa804.3h31n1yj254w8.php')
Fri, 24 Jan 2025 07:14:16 -0500 [2603:9000:f801:55e2:407:872:ddbe:e148] [lib/base.php:3281] View->sandbox()
Fri, 24 Jan 2025 07:14:16 -0500 [2603:9000:f801:55e2:407:872:ddbe:e148] [app/controllers/Controller.php:87] Preview->render()
Fri, 24 Jan 2025 07:14:16 -0500 [2603:9000:f801:55e2:407:872:ddbe:e148] [lib/base.php:2078] Controller->afterroute()
Fri, 24 Jan 2025 07:14:16 -0500 [2603:9000:f801:55e2:407:872:ddbe:e148] [lib/base.php:1871] Base->call()
Fri, 24 Jan 2025 07:14:16 -0500 [2603:9000:f801:55e2:407:872:ddbe:e148] [index.php:19] Base->run()
Fri, 24 Jan 2025 09:26:58 -0500 [2603:9000:f801:55e2:407:872:ddbe:e148] 500: Undefined variable $i18n_select_task_type trace: [/home/u991737198/domains/tas2023.online/public_html/tmp/3hn69l4qoa804.9b9764piwerh.php:214]
Fri, 24 Jan 2025 09:26:58 -0500 [2603:9000:f801:55e2:407:872:ddbe:e148] [/home/u991737198/domains/tas2023.online/public_html/tmp/3hn69l4qoa804.9b9764piwerh.php:214] Base->{closure}()
Fri, 24 Jan 2025 09:26:58 -0500 [2603:9000:f801:55e2:407:872:ddbe:e148] [/home/u991737198/domains/tas2023.online/public_html/lib/base.php:3036] require('/home/u991737198/domains/tas2023.online/public_html/tmp/3hn69l4qoa804.9b9764piwerh.php')
Fri, 24 Jan 2025 09:26:58 -0500 [2603:9000:f801:55e2:407:872:ddbe:e148] [/home/u991737198/domains/tas2023.online/public_html/lib/base.php:3281] View->sandbox()
Fri, 24 Jan 2025 09:26:58 -0500 [2603:9000:f801:55e2:407:872:ddbe:e148] [/home/u991737198/domains/tas2023.online/public_html/tmp/3hn69l4qoa804.3h31n1yj254w8.php:7] Preview->render()
Fri, 24 Jan 2025 09:26:58 -0500 [2603:9000:f801:55e2:407:872:ddbe:e148] [/home/u991737198/domains/tas2023.online/public_html/lib/base.php:3036] require('/home/u991737198/domains/tas2023.online/public_html/tmp/3hn69l4qoa804.3h31n1yj254w8.php')
Fri, 24 Jan 2025 09:26:58 -0500 [2603:9000:f801:55e2:407:872:ddbe:e148] [/home/u991737198/domains/tas2023.online/public_html/lib/base.php:3281] View->sandbox()
Fri, 24 Jan 2025 09:26:58 -0500 [2603:9000:f801:55e2:407:872:ddbe:e148] [/home/u991737198/domains/tas2023.online/public_html/app/controllers/Controller.php:87] Preview->render()
Fri, 24 Jan 2025 09:26:58 -0500 [2603:9000:f801:55e2:407:872:ddbe:e148] [/home/u991737198/domains/tas2023.online/public_html/lib/base.php:2078] Controller->afterroute()
Fri, 24 Jan 2025 09:26:58 -0500 [2603:9000:f801:55e2:407:872:ddbe:e148] [/home/u991737198/domains/tas2023.online/public_html/lib/base.php:1871] Base->call()
Fri, 24 Jan 2025 09:26:58 -0500 [2603:9000:f801:55e2:407:872:ddbe:e148] [/home/u991737198/domains/tas2023.online/public_html/index.php:19] Base->run()
Fri, 24 Jan 2025 09:27:01 -0500 [2603:9000:f801:55e2:407:872:ddbe:e148] 500: Undefined variable $selected_note trace: [/home/u991737198/domains/tas2023.online/public_html/tmp/3hn69l4qoa804.3g8shy2588w00.php:371]
Fri, 24 Jan 2025 09:27:01 -0500 [2603:9000:f801:55e2:407:872:ddbe:e148] [/home/u991737198/domains/tas2023.online/public_html/tmp/3hn69l4qoa804.3g8shy2588w00.php:371] Base->{closure}()
Fri, 24 Jan 2025 09:27:01 -0500 [2603:9000:f801:55e2:407:872:ddbe:e148] [/home/u991737198/domains/tas2023.online/public_html/lib/base.php:3036] require('/home/u991737198/domains/tas2023.online/public_html/tmp/3hn69l4qoa804.3g8shy2588w00.php')
Fri, 24 Jan 2025 09:27:01 -0500 [2603:9000:f801:55e2:407:872:ddbe:e148] [/home/u991737198/domains/tas2023.online/public_html/lib/base.php:3281] View->sandbox()
Fri, 24 Jan 2025 09:27:01 -0500 [2603:9000:f801:55e2:407:872:ddbe:e148] [/home/u991737198/domains/tas2023.online/public_html/tmp/3hn69l4qoa804.3h31n1yj254w8.php:7] Preview->render()
Fri, 24 Jan 2025 09:27:01 -0500 [2603:9000:f801:55e2:407:872:ddbe:e148] [/home/u991737198/domains/tas2023.online/public_html/lib/base.php:3036] require('/home/u991737198/domains/tas2023.online/public_html/tmp/3hn69l4qoa804.3h31n1yj254w8.php')
Fri, 24 Jan 2025 09:27:01 -0500 [2603:9000:f801:55e2:407:872:ddbe:e148] [/home/u991737198/domains/tas2023.online/public_html/lib/base.php:3281] View->sandbox()
Fri, 24 Jan 2025 09:27:01 -0500 [2603:9000:f801:55e2:407:872:ddbe:e148] [/home/u991737198/domains/tas2023.online/public_html/app/controllers/Controller.php:87] Preview->render()
Fri, 24 Jan 2025 09:27:01 -0500 [2603:9000:f801:55e2:407:872:ddbe:e148] [/home/u991737198/domains/tas2023.online/public_html/lib/base.php:2078] Controller->afterroute()
Fri, 24 Jan 2025 09:27:01 -0500 [2603:9000:f801:55e2:407:872:ddbe:e148] [/home/u991737198/domains/tas2023.online/public_html/lib/base.php:1871] Base->call()
Fri, 24 Jan 2025 09:27:01 -0500 [2603:9000:f801:55e2:407:872:ddbe:e148] [/home/u991737198/domains/tas2023.online/public_html/index.php:19] Base->run()
Fri, 24 Jan 2025 12:55:11 -0500 [2603:9000:f801:55e2:407:872:ddbe:e148] 401: HTTP 401 (GET /task/taskData) trace: [/home/u991737198/domains/tas2023.online/public_html/lib/access.php:112] Base->error()
Fri, 24 Jan 2025 12:55:11 -0500 [2603:9000:f801:55e2:407:872:ddbe:e148] [/home/u991737198/domains/tas2023.online/public_html/app/controllers/Controller.php:78] Access->authorize()
Fri, 24 Jan 2025 12:55:11 -0500 [2603:9000:f801:55e2:407:872:ddbe:e148] [/home/u991737198/domains/tas2023.online/public_html/lib/base.php:2069] Controller->beforeroute()
Fri, 24 Jan 2025 12:55:11 -0500 [2603:9000:f801:55e2:407:872:ddbe:e148] [/home/u991737198/domains/tas2023.online/public_html/lib/base.php:1871] Base->call()
Fri, 24 Jan 2025 12:55:11 -0500 [2603:9000:f801:55e2:407:872:ddbe:e148] [/home/u991737198/domains/tas2023.online/public_html/index.php:19] Base->run()
Fri, 24 Jan 2025 12:55:43 -0500 [2603:9000:f801:55e2:407:872:ddbe:e148] 500: Undefined variable $entity_num trace: [tmp/3hn69l4qoa804.1zo7dt0fljr4w.php:200]
Fri, 24 Jan 2025 12:55:43 -0500 [2603:9000:f801:55e2:407:872:ddbe:e148] [tmp/3hn69l4qoa804.1zo7dt0fljr4w.php:200] Base->{closure}()
Fri, 24 Jan 2025 12:55:43 -0500 [2603:9000:f801:55e2:407:872:ddbe:e148] [lib/base.php:3036] require('/home/u991737198/domains/tas2023.online/public_html/tmp/3hn69l4qoa804.1zo7dt0fljr4w.php')
Fri, 24 Jan 2025 12:55:43 -0500 [2603:9000:f801:55e2:407:872:ddbe:e148] [lib/base.php:3281] View->sandbox()
Fri, 24 Jan 2025 12:55:43 -0500 [2603:9000:f801:55e2:407:872:ddbe:e148] [tmp/3hn69l4qoa804.3h31n1yj254w8.php:7] Preview->render()
Fri, 24 Jan 2025 12:55:43 -0500 [2603:9000:f801:55e2:407:872:ddbe:e148] [lib/base.php:3036] require('/home/u991737198/domains/tas2023.online/public_html/tmp/3hn69l4qoa804.3h31n1yj254w8.php')
Fri, 24 Jan 2025 12:55:43 -0500 [2603:9000:f801:55e2:407:872:ddbe:e148] [lib/base.php:3281] View->sandbox()
Fri, 24 Jan 2025 12:55:43 -0500 [2603:9000:f801:55e2:407:872:ddbe:e148] [app/controllers/Controller.php:87] Preview->render()
Fri, 24 Jan 2025 12:55:43 -0500 [2603:9000:f801:55e2:407:872:ddbe:e148] [lib/base.php:2078] Controller->afterroute()
Fri, 24 Jan 2025 12:55:43 -0500 [2603:9000:f801:55e2:407:872:ddbe:e148] [lib/base.php:1871] Base->call()
Fri, 24 Jan 2025 12:55:43 -0500 [2603:9000:f801:55e2:407:872:ddbe:e148] [index.php:19] Base->run()
Fri, 24 Jan 2025 12:55:57 -0500 [2603:9000:f801:55e2:407:872:ddbe:e148] 500: Undefined variable $entity_num trace: [tmp/3hn69l4qoa804.1zo7dt0fljr4w.php:200]
Fri, 24 Jan 2025 12:55:57 -0500 [2603:9000:f801:55e2:407:872:ddbe:e148] [tmp/3hn69l4qoa804.1zo7dt0fljr4w.php:200] Base->{closure}()
Fri, 24 Jan 2025 12:55:57 -0500 [2603:9000:f801:55e2:407:872:ddbe:e148] [lib/base.php:3036] require('/home/u991737198/domains/tas2023.online/public_html/tmp/3hn69l4qoa804.1zo7dt0fljr4w.php')
Fri, 24 Jan 2025 12:55:57 -0500 [2603:9000:f801:55e2:407:872:ddbe:e148] [lib/base.php:3281] View->sandbox()
Fri, 24 Jan 2025 12:55:57 -0500 [2603:9000:f801:55e2:407:872:ddbe:e148] [tmp/3hn69l4qoa804.3h31n1yj254w8.php:7] Preview->render()
Fri, 24 Jan 2025 12:55:57 -0500 [2603:9000:f801:55e2:407:872:ddbe:e148] [lib/base.php:3036] require('/home/u991737198/domains/tas2023.online/public_html/tmp/3hn69l4qoa804.3h31n1yj254w8.php')
Fri, 24 Jan 2025 12:55:57 -0500 [2603:9000:f801:55e2:407:872:ddbe:e148] [lib/base.php:3281] View->sandbox()
Fri, 24 Jan 2025 12:55:57 -0500 [2603:9000:f801:55e2:407:872:ddbe:e148] [app/controllers/Controller.php:87] Preview->render()
Fri, 24 Jan 2025 12:55:57 -0500 [2603:9000:f801:55e2:407:872:ddbe:e148] [lib/base.php:2078] Controller->afterroute()
Fri, 24 Jan 2025 12:55:57 -0500 [2603:9000:f801:55e2:407:872:ddbe:e148] [lib/base.php:1871] Base->call()
Fri, 24 Jan 2025 12:55:57 -0500 [2603:9000:f801:55e2:407:872:ddbe:e148] [index.php:19] Base->run()
Fri, 24 Jan 2025 12:57:30 -0500 [2603:9000:f801:55e2:407:872:ddbe:e148] 500: Undefined variable $entity_num trace: [tmp/3hn69l4qoa804.1zo7dt0fljr4w.php:200]
Fri, 24 Jan 2025 12:57:30 -0500 [2603:9000:f801:55e2:407:872:ddbe:e148] [tmp/3hn69l4qoa804.1zo7dt0fljr4w.php:200] Base->{closure}()
Fri, 24 Jan 2025 12:57:30 -0500 [2603:9000:f801:55e2:407:872:ddbe:e148] [lib/base.php:3036] require('/home/u991737198/domains/tas2023.online/public_html/tmp/3hn69l4qoa804.1zo7dt0fljr4w.php')
Fri, 24 Jan 2025 12:57:30 -0500 [2603:9000:f801:55e2:407:872:ddbe:e148] [lib/base.php:3281] View->sandbox()
Fri, 24 Jan 2025 12:57:30 -0500 [2603:9000:f801:55e2:407:872:ddbe:e148] [tmp/3hn69l4qoa804.3h31n1yj254w8.php:7] Preview->render()
Fri, 24 Jan 2025 12:57:30 -0500 [2603:9000:f801:55e2:407:872:ddbe:e148] [lib/base.php:3036] require('/home/u991737198/domains/tas2023.online/public_html/tmp/3hn69l4qoa804.3h31n1yj254w8.php')
Fri, 24 Jan 2025 12:57:30 -0500 [2603:9000:f801:55e2:407:872:ddbe:e148] [lib/base.php:3281] View->sandbox()
Fri, 24 Jan 2025 12:57:30 -0500 [2603:9000:f801:55e2:407:872:ddbe:e148] [app/controllers/Controller.php:87] Preview->render()
Fri, 24 Jan 2025 12:57:30 -0500 [2603:9000:f801:55e2:407:872:ddbe:e148] [lib/base.php:2078] Controller->afterroute()
Fri, 24 Jan 2025 12:57:30 -0500 [2603:9000:f801:55e2:407:872:ddbe:e148] [lib/base.php:1871] Base->call()
Fri, 24 Jan 2025 12:57:30 -0500 [2603:9000:f801:55e2:407:872:ddbe:e148] [index.php:19] Base->run()
Fri, 24 Jan 2025 12:57:41 -0500 [2603:9000:f801:55e2:407:872:ddbe:e148] 500: Undefined variable $entity_num trace: [tmp/3hn69l4qoa804.1zo7dt0fljr4w.php:200]
Fri, 24 Jan 2025 12:57:41 -0500 [2603:9000:f801:55e2:407:872:ddbe:e148] [tmp/3hn69l4qoa804.1zo7dt0fljr4w.php:200] Base->{closure}()
Fri, 24 Jan 2025 12:57:41 -0500 [2603:9000:f801:55e2:407:872:ddbe:e148] [lib/base.php:3036] require('/home/u991737198/domains/tas2023.online/public_html/tmp/3hn69l4qoa804.1zo7dt0fljr4w.php')
Fri, 24 Jan 2025 12:57:41 -0500 [2603:9000:f801:55e2:407:872:ddbe:e148] [lib/base.php:3281] View->sandbox()
Fri, 24 Jan 2025 12:57:41 -0500 [2603:9000:f801:55e2:407:872:ddbe:e148] [tmp/3hn69l4qoa804.3h31n1yj254w8.php:7] Preview->render()
Fri, 24 Jan 2025 12:57:41 -0500 [2603:9000:f801:55e2:407:872:ddbe:e148] [lib/base.php:3036] require('/home/u991737198/domains/tas2023.online/public_html/tmp/3hn69l4qoa804.3h31n1yj254w8.php')
Fri, 24 Jan 2025 12:57:41 -0500 [2603:9000:f801:55e2:407:872:ddbe:e148] [lib/base.php:3281] View->sandbox()
Fri, 24 Jan 2025 12:57:41 -0500 [2603:9000:f801:55e2:407:872:ddbe:e148] [app/controllers/Controller.php:87] Preview->render()
Fri, 24 Jan 2025 12:57:41 -0500 [2603:9000:f801:55e2:407:872:ddbe:e148] [lib/base.php:2078] Controller->afterroute()
Fri, 24 Jan 2025 12:57:41 -0500 [2603:9000:f801:55e2:407:872:ddbe:e148] [lib/base.php:1871] Base->call()
Fri, 24 Jan 2025 12:57:41 -0500 [2603:9000:f801:55e2:407:872:ddbe:e148] [index.php:19] Base->run()
Fri, 24 Jan 2025 12:58:38 -0500 [2603:9000:f801:55e2:407:872:ddbe:e148] 500: Undefined variable $entity_num trace: [tmp/3hn69l4qoa804.1zo7dt0fljr4w.php:200]
Fri, 24 Jan 2025 12:58:38 -0500 [2603:9000:f801:55e2:407:872:ddbe:e148] [tmp/3hn69l4qoa804.1zo7dt0fljr4w.php:200] Base->{closure}()
Fri, 24 Jan 2025 12:58:38 -0500 [2603:9000:f801:55e2:407:872:ddbe:e148] [lib/base.php:3036] require('/home/u991737198/domains/tas2023.online/public_html/tmp/3hn69l4qoa804.1zo7dt0fljr4w.php')
Fri, 24 Jan 2025 12:58:38 -0500 [2603:9000:f801:55e2:407:872:ddbe:e148] [lib/base.php:3281] View->sandbox()
Fri, 24 Jan 2025 12:58:38 -0500 [2603:9000:f801:55e2:407:872:ddbe:e148] [tmp/3hn69l4qoa804.3h31n1yj254w8.php:7] Preview->render()
Fri, 24 Jan 2025 12:58:38 -0500 [2603:9000:f801:55e2:407:872:ddbe:e148] [lib/base.php:3036] require('/home/u991737198/domains/tas2023.online/public_html/tmp/3hn69l4qoa804.3h31n1yj254w8.php')
Fri, 24 Jan 2025 12:58:38 -0500 [2603:9000:f801:55e2:407:872:ddbe:e148] [lib/base.php:3281] View->sandbox()
Fri, 24 Jan 2025 12:58:38 -0500 [2603:9000:f801:55e2:407:872:ddbe:e148] [app/controllers/Controller.php:87] Preview->render()
Fri, 24 Jan 2025 12:58:38 -0500 [2603:9000:f801:55e2:407:872:ddbe:e148] [lib/base.php:2078] Controller->afterroute()
Fri, 24 Jan 2025 12:58:38 -0500 [2603:9000:f801:55e2:407:872:ddbe:e148] [lib/base.php:1871] Base->call()
Fri, 24 Jan 2025 12:58:38 -0500 [2603:9000:f801:55e2:407:872:ddbe:e148] [index.php:19] Base->run()
Fri, 24 Jan 2025 13:00:57 -0500 [2603:9000:f801:55e2:407:872:ddbe:e148] 500: Undefined variable $entity_num trace: [tmp/3hn69l4qoa804.1zo7dt0fljr4w.php:200]
Fri, 24 Jan 2025 13:00:57 -0500 [2603:9000:f801:55e2:407:872:ddbe:e148] [tmp/3hn69l4qoa804.1zo7dt0fljr4w.php:200] Base->{closure}()
Fri, 24 Jan 2025 13:00:57 -0500 [2603:9000:f801:55e2:407:872:ddbe:e148] [lib/base.php:3036] require('/home/u991737198/domains/tas2023.online/public_html/tmp/3hn69l4qoa804.1zo7dt0fljr4w.php')
Fri, 24 Jan 2025 13:00:57 -0500 [2603:9000:f801:55e2:407:872:ddbe:e148] [lib/base.php:3281] View->sandbox()
Fri, 24 Jan 2025 13:00:57 -0500 [2603:9000:f801:55e2:407:872:ddbe:e148] [tmp/3hn69l4qoa804.3h31n1yj254w8.php:7] Preview->render()
Fri, 24 Jan 2025 13:00:57 -0500 [2603:9000:f801:55e2:407:872:ddbe:e148] [lib/base.php:3036] require('/home/u991737198/domains/tas2023.online/public_html/tmp/3hn69l4qoa804.3h31n1yj254w8.php')
Fri, 24 Jan 2025 13:00:57 -0500 [2603:9000:f801:55e2:407:872:ddbe:e148] [lib/base.php:3281] View->sandbox()
Fri, 24 Jan 2025 13:00:57 -0500 [2603:9000:f801:55e2:407:872:ddbe:e148] [app/controllers/Controller.php:87] Preview->render()
Fri, 24 Jan 2025 13:00:57 -0500 [2603:9000:f801:55e2:407:872:ddbe:e148] [lib/base.php:2078] Controller->afterroute()
Fri, 24 Jan 2025 13:00:57 -0500 [2603:9000:f801:55e2:407:872:ddbe:e148] [lib/base.php:1871] Base->call()
Fri, 24 Jan 2025 13:00:57 -0500 [2603:9000:f801:55e2:407:872:ddbe:e148] [index.php:19] Base->run()
Fri, 24 Jan 2025 13:01:06 -0500 [2603:9000:f801:55e2:407:872:ddbe:e148] 500: Undefined variable $entity_num trace: [tmp/3hn69l4qoa804.1zo7dt0fljr4w.php:200]
Fri, 24 Jan 2025 13:01:06 -0500 [2603:9000:f801:55e2:407:872:ddbe:e148] [tmp/3hn69l4qoa804.1zo7dt0fljr4w.php:200] Base->{closure}()
Fri, 24 Jan 2025 13:01:06 -0500 [2603:9000:f801:55e2:407:872:ddbe:e148] [lib/base.php:3036] require('/home/u991737198/domains/tas2023.online/public_html/tmp/3hn69l4qoa804.1zo7dt0fljr4w.php')
Fri, 24 Jan 2025 13:01:06 -0500 [2603:9000:f801:55e2:407:872:ddbe:e148] [lib/base.php:3281] View->sandbox()
Fri, 24 Jan 2025 13:01:06 -0500 [2603:9000:f801:55e2:407:872:ddbe:e148] [tmp/3hn69l4qoa804.3h31n1yj254w8.php:7] Preview->render()
Fri, 24 Jan 2025 13:01:06 -0500 [2603:9000:f801:55e2:407:872:ddbe:e148] [lib/base.php:3036] require('/home/u991737198/domains/tas2023.online/public_html/tmp/3hn69l4qoa804.3h31n1yj254w8.php')
Fri, 24 Jan 2025 13:01:06 -0500 [2603:9000:f801:55e2:407:872:ddbe:e148] [lib/base.php:3281] View->sandbox()
Fri, 24 Jan 2025 13:01:06 -0500 [2603:9000:f801:55e2:407:872:ddbe:e148] [app/controllers/Controller.php:87] Preview->render()
Fri, 24 Jan 2025 13:01:06 -0500 [2603:9000:f801:55e2:407:872:ddbe:e148] [lib/base.php:2078] Controller->afterroute()
Fri, 24 Jan 2025 13:01:06 -0500 [2603:9000:f801:55e2:407:872:ddbe:e148] [lib/base.php:1871] Base->call()
Fri, 24 Jan 2025 13:01:06 -0500 [2603:9000:f801:55e2:407:872:ddbe:e148] [index.php:19] Base->run()
Fri, 24 Jan 2025 13:01:16 -0500 [2603:9000:f801:55e2:407:872:ddbe:e148] 500: Undefined variable $entity_num trace: [tmp/3hn69l4qoa804.1zo7dt0fljr4w.php:200]
Fri, 24 Jan 2025 13:01:16 -0500 [2603:9000:f801:55e2:407:872:ddbe:e148] [tmp/3hn69l4qoa804.1zo7dt0fljr4w.php:200] Base->{closure}()
Fri, 24 Jan 2025 13:01:16 -0500 [2603:9000:f801:55e2:407:872:ddbe:e148] [lib/base.php:3036] require('/home/u991737198/domains/tas2023.online/public_html/tmp/3hn69l4qoa804.1zo7dt0fljr4w.php')
Fri, 24 Jan 2025 13:01:16 -0500 [2603:9000:f801:55e2:407:872:ddbe:e148] [lib/base.php:3281] View->sandbox()
Fri, 24 Jan 2025 13:01:16 -0500 [2603:9000:f801:55e2:407:872:ddbe:e148] [tmp/3hn69l4qoa804.3h31n1yj254w8.php:7] Preview->render()
Fri, 24 Jan 2025 13:01:16 -0500 [2603:9000:f801:55e2:407:872:ddbe:e148] [lib/base.php:3036] require('/home/u991737198/domains/tas2023.online/public_html/tmp/3hn69l4qoa804.3h31n1yj254w8.php')
Fri, 24 Jan 2025 13:01:16 -0500 [2603:9000:f801:55e2:407:872:ddbe:e148] [lib/base.php:3281] View->sandbox()
Fri, 24 Jan 2025 13:01:16 -0500 [2603:9000:f801:55e2:407:872:ddbe:e148] [app/controllers/Controller.php:87] Preview->render()
Fri, 24 Jan 2025 13:01:16 -0500 [2603:9000:f801:55e2:407:872:ddbe:e148] [lib/base.php:2078] Controller->afterroute()
Fri, 24 Jan 2025 13:01:16 -0500 [2603:9000:f801:55e2:407:872:ddbe:e148] [lib/base.php:1871] Base->call()
Fri, 24 Jan 2025 13:01:16 -0500 [2603:9000:f801:55e2:407:872:ddbe:e148] [index.php:19] Base->run()
Fri, 24 Jan 2025 13:03:24 -0500 [2603:9000:f801:55e2:407:872:ddbe:e148] 500: Undefined variable $entity_num trace: [tmp/3hn69l4qoa804.1zo7dt0fljr4w.php:200]
Fri, 24 Jan 2025 13:03:24 -0500 [2603:9000:f801:55e2:407:872:ddbe:e148] [tmp/3hn69l4qoa804.1zo7dt0fljr4w.php:200] Base->{closure}()
Fri, 24 Jan 2025 13:03:24 -0500 [2603:9000:f801:55e2:407:872:ddbe:e148] [lib/base.php:3036] require('/home/u991737198/domains/tas2023.online/public_html/tmp/3hn69l4qoa804.1zo7dt0fljr4w.php')
Fri, 24 Jan 2025 13:03:24 -0500 [2603:9000:f801:55e2:407:872:ddbe:e148] [lib/base.php:3281] View->sandbox()
Fri, 24 Jan 2025 13:03:24 -0500 [2603:9000:f801:55e2:407:872:ddbe:e148] [tmp/3hn69l4qoa804.3h31n1yj254w8.php:7] Preview->render()
Fri, 24 Jan 2025 13:03:24 -0500 [2603:9000:f801:55e2:407:872:ddbe:e148] [lib/base.php:3036] require('/home/u991737198/domains/tas2023.online/public_html/tmp/3hn69l4qoa804.3h31n1yj254w8.php')
Fri, 24 Jan 2025 13:03:24 -0500 [2603:9000:f801:55e2:407:872:ddbe:e148] [lib/base.php:3281] View->sandbox()
Fri, 24 Jan 2025 13:03:24 -0500 [2603:9000:f801:55e2:407:872:ddbe:e148] [app/controllers/Controller.php:87] Preview->render()
Fri, 24 Jan 2025 13:03:24 -0500 [2603:9000:f801:55e2:407:872:ddbe:e148] [lib/base.php:2078] Controller->afterroute()
Fri, 24 Jan 2025 13:03:24 -0500 [2603:9000:f801:55e2:407:872:ddbe:e148] [lib/base.php:1871] Base->call()
Fri, 24 Jan 2025 13:03:24 -0500 [2603:9000:f801:55e2:407:872:ddbe:e148] [index.php:19] Base->run()
Fri, 24 Jan 2025 13:03:51 -0500 [2603:9000:f801:55e2:407:872:ddbe:e148] 500: Undefined variable $entity_num trace: [tmp/3hn69l4qoa804.1zo7dt0fljr4w.php:200]
Fri, 24 Jan 2025 13:03:51 -0500 [2603:9000:f801:55e2:407:872:ddbe:e148] [tmp/3hn69l4qoa804.1zo7dt0fljr4w.php:200] Base->{closure}()
Fri, 24 Jan 2025 13:03:51 -0500 [2603:9000:f801:55e2:407:872:ddbe:e148] [lib/base.php:3036] require('/home/u991737198/domains/tas2023.online/public_html/tmp/3hn69l4qoa804.1zo7dt0fljr4w.php')
Fri, 24 Jan 2025 13:03:51 -0500 [2603:9000:f801:55e2:407:872:ddbe:e148] [lib/base.php:3281] View->sandbox()
Fri, 24 Jan 2025 13:03:51 -0500 [2603:9000:f801:55e2:407:872:ddbe:e148] [tmp/3hn69l4qoa804.3h31n1yj254w8.php:7] Preview->render()
Fri, 24 Jan 2025 13:03:51 -0500 [2603:9000:f801:55e2:407:872:ddbe:e148] [lib/base.php:3036] require('/home/u991737198/domains/tas2023.online/public_html/tmp/3hn69l4qoa804.3h31n1yj254w8.php')
Fri, 24 Jan 2025 13:03:51 -0500 [2603:9000:f801:55e2:407:872:ddbe:e148] [lib/base.php:3281] View->sandbox()
Fri, 24 Jan 2025 13:03:51 -0500 [2603:9000:f801:55e2:407:872:ddbe:e148] [app/controllers/Controller.php:87] Preview->render()
Fri, 24 Jan 2025 13:03:51 -0500 [2603:9000:f801:55e2:407:872:ddbe:e148] [lib/base.php:2078] Controller->afterroute()
Fri, 24 Jan 2025 13:03:51 -0500 [2603:9000:f801:55e2:407:872:ddbe:e148] [lib/base.php:1871] Base->call()
Fri, 24 Jan 2025 13:03:51 -0500 [2603:9000:f801:55e2:407:872:ddbe:e148] [index.php:19] Base->run()
Fri, 24 Jan 2025 13:06:30 -0500 [2603:9000:f801:55e2:407:872:ddbe:e148] 500: Undefined variable $token trace: [tmp/3hn69l4qoa804.2r4f9cgm96ecs.php:226]
Fri, 24 Jan 2025 13:06:30 -0500 [2603:9000:f801:55e2:407:872:ddbe:e148] [tmp/3hn69l4qoa804.2r4f9cgm96ecs.php:226] Base->{closure}()
Fri, 24 Jan 2025 13:06:30 -0500 [2603:9000:f801:55e2:407:872:ddbe:e148] [lib/base.php:3036] require('/home/u991737198/domains/tas2023.online/public_html/tmp/3hn69l4qoa804.2r4f9cgm96ecs.php')
Fri, 24 Jan 2025 13:06:30 -0500 [2603:9000:f801:55e2:407:872:ddbe:e148] [lib/base.php:3281] View->sandbox()
Fri, 24 Jan 2025 13:06:30 -0500 [2603:9000:f801:55e2:407:872:ddbe:e148] [tmp/3hn69l4qoa804.3h31n1yj254w8.php:7] Preview->render()
Fri, 24 Jan 2025 13:06:30 -0500 [2603:9000:f801:55e2:407:872:ddbe:e148] [lib/base.php:3036] require('/home/u991737198/domains/tas2023.online/public_html/tmp/3hn69l4qoa804.3h31n1yj254w8.php')
Fri, 24 Jan 2025 13:06:30 -0500 [2603:9000:f801:55e2:407:872:ddbe:e148] [lib/base.php:3281] View->sandbox()
Fri, 24 Jan 2025 13:06:30 -0500 [2603:9000:f801:55e2:407:872:ddbe:e148] [app/controllers/Controller.php:87] Preview->render()
Fri, 24 Jan 2025 13:06:30 -0500 [2603:9000:f801:55e2:407:872:ddbe:e148] [lib/base.php:2078] Controller->afterroute()
Fri, 24 Jan 2025 13:06:30 -0500 [2603:9000:f801:55e2:407:872:ddbe:e148] [lib/base.php:1871] Base->call()
Fri, 24 Jan 2025 13:06:30 -0500 [2603:9000:f801:55e2:407:872:ddbe:e148] [index.php:19] Base->run()
Fri, 24 Jan 2025 14:03:16 -0500 [2603:9000:f801:55e2:407:872:ddbe:e148] 500: Undefined variable $i18n_select_task_type trace: [/home/u991737198/domains/tas2023.online/public_html/tmp/3hn69l4qoa804.9b9764piwerh.php:214]
Fri, 24 Jan 2025 14:03:16 -0500 [2603:9000:f801:55e2:407:872:ddbe:e148] [/home/u991737198/domains/tas2023.online/public_html/tmp/3hn69l4qoa804.9b9764piwerh.php:214] Base->{closure}()
Fri, 24 Jan 2025 14:03:16 -0500 [2603:9000:f801:55e2:407:872:ddbe:e148] [/home/u991737198/domains/tas2023.online/public_html/lib/base.php:3036] require('/home/u991737198/domains/tas2023.online/public_html/tmp/3hn69l4qoa804.9b9764piwerh.php')
Fri, 24 Jan 2025 14:03:16 -0500 [2603:9000:f801:55e2:407:872:ddbe:e148] [/home/u991737198/domains/tas2023.online/public_html/lib/base.php:3281] View->sandbox()
Fri, 24 Jan 2025 14:03:16 -0500 [2603:9000:f801:55e2:407:872:ddbe:e148] [/home/u991737198/domains/tas2023.online/public_html/tmp/3hn69l4qoa804.3h31n1yj254w8.php:7] Preview->render()
Fri, 24 Jan 2025 14:03:16 -0500 [2603:9000:f801:55e2:407:872:ddbe:e148] [/home/u991737198/domains/tas2023.online/public_html/lib/base.php:3036] require('/home/u991737198/domains/tas2023.online/public_html/tmp/3hn69l4qoa804.3h31n1yj254w8.php')
Fri, 24 Jan 2025 14:03:16 -0500 [2603:9000:f801:55e2:407:872:ddbe:e148] [/home/u991737198/domains/tas2023.online/public_html/lib/base.php:3281] View->sandbox()
Fri, 24 Jan 2025 14:03:16 -0500 [2603:9000:f801:55e2:407:872:ddbe:e148] [/home/u991737198/domains/tas2023.online/public_html/app/controllers/Controller.php:87] Preview->render()
Fri, 24 Jan 2025 14:03:16 -0500 [2603:9000:f801:55e2:407:872:ddbe:e148] [/home/u991737198/domains/tas2023.online/public_html/lib/base.php:2078] Controller->afterroute()
Fri, 24 Jan 2025 14:03:16 -0500 [2603:9000:f801:55e2:407:872:ddbe:e148] [/home/u991737198/domains/tas2023.online/public_html/lib/base.php:1871] Base->call()
Fri, 24 Jan 2025 14:03:16 -0500 [2603:9000:f801:55e2:407:872:ddbe:e148] [/home/u991737198/domains/tas2023.online/public_html/index.php:19] Base->run()
Fri, 24 Jan 2025 14:03:22 -0500 [2603:9000:f801:55e2:407:872:ddbe:e148] 500: strtolower(): Passing null to parameter #1 ($string) of type string is deprecated trace: [/home/u991737198/domains/tas2023.online/public_html/app/controllers/TaskController.php:380]
Fri, 24 Jan 2025 14:03:22 -0500 [2603:9000:f801:55e2:407:872:ddbe:e148] [/home/u991737198/domains/tas2023.online/public_html/app/controllers/TaskController.php:380] strtolower()
Fri, 24 Jan 2025 14:03:22 -0500 [2603:9000:f801:55e2:407:872:ddbe:e148] [/home/u991737198/domains/tas2023.online/public_html/lib/base.php:2072] TaskController->edittask()
Fri, 24 Jan 2025 14:03:22 -0500 [2603:9000:f801:55e2:407:872:ddbe:e148] [/home/u991737198/domains/tas2023.online/public_html/lib/base.php:1871] Base->call()
Fri, 24 Jan 2025 14:03:22 -0500 [2603:9000:f801:55e2:407:872:ddbe:e148] [/home/u991737198/domains/tas2023.online/public_html/index.php:19] Base->run()
Fri, 24 Jan 2025 14:03:44 -0500 [2603:9000:f801:55e2:407:872:ddbe:e148] 500: Undefined variable $i18n_select_task_type trace: [/home/u991737198/domains/tas2023.online/public_html/tmp/3hn69l4qoa804.9b9764piwerh.php:214]
Fri, 24 Jan 2025 14:03:44 -0500 [2603:9000:f801:55e2:407:872:ddbe:e148] [/home/u991737198/domains/tas2023.online/public_html/tmp/3hn69l4qoa804.9b9764piwerh.php:214] Base->{closure}()
Fri, 24 Jan 2025 14:03:44 -0500 [2603:9000:f801:55e2:407:872:ddbe:e148] [/home/u991737198/domains/tas2023.online/public_html/lib/base.php:3036] require('/home/u991737198/domains/tas2023.online/public_html/tmp/3hn69l4qoa804.9b9764piwerh.php')
Fri, 24 Jan 2025 14:03:44 -0500 [2603:9000:f801:55e2:407:872:ddbe:e148] [/home/u991737198/domains/tas2023.online/public_html/lib/base.php:3281] View->sandbox()
Fri, 24 Jan 2025 14:03:44 -0500 [2603:9000:f801:55e2:407:872:ddbe:e148] [/home/u991737198/domains/tas2023.online/public_html/tmp/3hn69l4qoa804.3h31n1yj254w8.php:7] Preview->render()
Fri, 24 Jan 2025 14:03:44 -0500 [2603:9000:f801:55e2:407:872:ddbe:e148] [/home/u991737198/domains/tas2023.online/public_html/lib/base.php:3036] require('/home/u991737198/domains/tas2023.online/public_html/tmp/3hn69l4qoa804.3h31n1yj254w8.php')
Fri, 24 Jan 2025 14:03:44 -0500 [2603:9000:f801:55e2:407:872:ddbe:e148] [/home/u991737198/domains/tas2023.online/public_html/lib/base.php:3281] View->sandbox()
Fri, 24 Jan 2025 14:03:44 -0500 [2603:9000:f801:55e2:407:872:ddbe:e148] [/home/u991737198/domains/tas2023.online/public_html/app/controllers/Controller.php:87] Preview->render()
Fri, 24 Jan 2025 14:03:44 -0500 [2603:9000:f801:55e2:407:872:ddbe:e148] [/home/u991737198/domains/tas2023.online/public_html/lib/base.php:2078] Controller->afterroute()
Fri, 24 Jan 2025 14:03:44 -0500 [2603:9000:f801:55e2:407:872:ddbe:e148] [/home/u991737198/domains/tas2023.online/public_html/lib/base.php:1871] Base->call()
Fri, 24 Jan 2025 14:03:44 -0500 [2603:9000:f801:55e2:407:872:ddbe:e148] [/home/u991737198/domains/tas2023.online/public_html/index.php:19] Base->run()
Fri, 24 Jan 2025 14:03:46 -0500 [2603:9000:f801:55e2:407:872:ddbe:e148] 500: Undefined variable $task_types trace: [/home/u991737198/domains/tas2023.online/public_html/app/controllers/TaskController.php:387]
Fri, 24 Jan 2025 14:03:46 -0500 [2603:9000:f801:55e2:407:872:ddbe:e148] [/home/u991737198/domains/tas2023.online/public_html/app/controllers/TaskController.php:387] Base->{closure}()
Fri, 24 Jan 2025 14:03:46 -0500 [2603:9000:f801:55e2:407:872:ddbe:e148] [/home/u991737198/domains/tas2023.online/public_html/lib/base.php:2072] TaskController->edittask()
Fri, 24 Jan 2025 14:03:46 -0500 [2603:9000:f801:55e2:407:872:ddbe:e148] [/home/u991737198/domains/tas2023.online/public_html/lib/base.php:1871] Base->call()
Fri, 24 Jan 2025 14:03:46 -0500 [2603:9000:f801:55e2:407:872:ddbe:e148] [/home/u991737198/domains/tas2023.online/public_html/index.php:19] Base->run()
Fri, 24 Jan 2025 15:08:24 -0500 [2603:9000:f801:55e2:407:872:ddbe:e148] 500: Undefined variable $i18n_select_task_type trace: [/home/u991737198/domains/tas2023.online/public_html/tmp/3hn69l4qoa804.9b9764piwerh.php:214]
Fri, 24 Jan 2025 15:08:24 -0500 [2603:9000:f801:55e2:407:872:ddbe:e148] [/home/u991737198/domains/tas2023.online/public_html/tmp/3hn69l4qoa804.9b9764piwerh.php:214] Base->{closure}()
Fri, 24 Jan 2025 15:08:24 -0500 [2603:9000:f801:55e2:407:872:ddbe:e148] [/home/u991737198/domains/tas2023.online/public_html/lib/base.php:3036] require('/home/u991737198/domains/tas2023.online/public_html/tmp/3hn69l4qoa804.9b9764piwerh.php')
Fri, 24 Jan 2025 15:08:24 -0500 [2603:9000:f801:55e2:407:872:ddbe:e148] [/home/u991737198/domains/tas2023.online/public_html/lib/base.php:3281] View->sandbox()
Fri, 24 Jan 2025 15:08:24 -0500 [2603:9000:f801:55e2:407:872:ddbe:e148] [/home/u991737198/domains/tas2023.online/public_html/tmp/3hn69l4qoa804.3h31n1yj254w8.php:7] Preview->render()
Fri, 24 Jan 2025 15:08:24 -0500 [2603:9000:f801:55e2:407:872:ddbe:e148] [/home/u991737198/domains/tas2023.online/public_html/lib/base.php:3036] require('/home/u991737198/domains/tas2023.online/public_html/tmp/3hn69l4qoa804.3h31n1yj254w8.php')
Fri, 24 Jan 2025 15:08:24 -0500 [2603:9000:f801:55e2:407:872:ddbe:e148] [/home/u991737198/domains/tas2023.online/public_html/lib/base.php:3281] View->sandbox()
Fri, 24 Jan 2025 15:08:24 -0500 [2603:9000:f801:55e2:407:872:ddbe:e148] [/home/u991737198/domains/tas2023.online/public_html/app/controllers/Controller.php:87] Preview->render()
Fri, 24 Jan 2025 15:08:24 -0500 [2603:9000:f801:55e2:407:872:ddbe:e148] [/home/u991737198/domains/tas2023.online/public_html/lib/base.php:2078] Controller->afterroute()
Fri, 24 Jan 2025 15:08:24 -0500 [2603:9000:f801:55e2:407:872:ddbe:e148] [/home/u991737198/domains/tas2023.online/public_html/lib/base.php:1871] Base->call()
Fri, 24 Jan 2025 15:08:24 -0500 [2603:9000:f801:55e2:407:872:ddbe:e148] [/home/u991737198/domains/tas2023.online/public_html/index.php:19] Base->run()
Fri, 24 Jan 2025 15:11:00 -0500 [2603:9000:f801:55e2:407:872:ddbe:e148] 500: Undefined variable $task_types trace: [/home/u991737198/domains/tas2023.online/public_html/app/controllers/TaskController.php:388]
Fri, 24 Jan 2025 15:11:00 -0500 [2603:9000:f801:55e2:407:872:ddbe:e148] [/home/u991737198/domains/tas2023.online/public_html/app/controllers/TaskController.php:388] Base->{closure}()
Fri, 24 Jan 2025 15:11:00 -0500 [2603:9000:f801:55e2:407:872:ddbe:e148] [/home/u991737198/domains/tas2023.online/public_html/lib/base.php:2072] TaskController->edittask()
Fri, 24 Jan 2025 15:11:00 -0500 [2603:9000:f801:55e2:407:872:ddbe:e148] [/home/u991737198/domains/tas2023.online/public_html/lib/base.php:1871] Base->call()
Fri, 24 Jan 2025 15:11:00 -0500 [2603:9000:f801:55e2:407:872:ddbe:e148] [/home/u991737198/domains/tas2023.online/public_html/index.php:19] Base->run()
Fri, 24 Jan 2025 15:12:29 -0500 [2603:9000:f801:55e2:407:872:ddbe:e148] 500: Undefined variable $i18n_select_task_type trace: [/home/u991737198/domains/tas2023.online/public_html/tmp/3hn69l4qoa804.9b9764piwerh.php:214]
Fri, 24 Jan 2025 15:12:29 -0500 [2603:9000:f801:55e2:407:872:ddbe:e148] [/home/u991737198/domains/tas2023.online/public_html/tmp/3hn69l4qoa804.9b9764piwerh.php:214] Base->{closure}()
Fri, 24 Jan 2025 15:12:29 -0500 [2603:9000:f801:55e2:407:872:ddbe:e148] [/home/u991737198/domains/tas2023.online/public_html/lib/base.php:3036] require('/home/u991737198/domains/tas2023.online/public_html/tmp/3hn69l4qoa804.9b9764piwerh.php')
Fri, 24 Jan 2025 15:12:29 -0500 [2603:9000:f801:55e2:407:872:ddbe:e148] [/home/u991737198/domains/tas2023.online/public_html/lib/base.php:3281] View->sandbox()
Fri, 24 Jan 2025 15:12:29 -0500 [2603:9000:f801:55e2:407:872:ddbe:e148] [/home/u991737198/domains/tas2023.online/public_html/tmp/3hn69l4qoa804.3h31n1yj254w8.php:7] Preview->render()
Fri, 24 Jan 2025 15:12:29 -0500 [2603:9000:f801:55e2:407:872:ddbe:e148] [/home/u991737198/domains/tas2023.online/public_html/lib/base.php:3036] require('/home/u991737198/domains/tas2023.online/public_html/tmp/3hn69l4qoa804.3h31n1yj254w8.php')
Fri, 24 Jan 2025 15:12:29 -0500 [2603:9000:f801:55e2:407:872:ddbe:e148] [/home/u991737198/domains/tas2023.online/public_html/lib/base.php:3281] View->sandbox()
Fri, 24 Jan 2025 15:12:29 -0500 [2603:9000:f801:55e2:407:872:ddbe:e148] [/home/u991737198/domains/tas2023.online/public_html/app/controllers/Controller.php:87] Preview->render()
Fri, 24 Jan 2025 15:12:29 -0500 [2603:9000:f801:55e2:407:872:ddbe:e148] [/home/u991737198/domains/tas2023.online/public_html/lib/base.php:2078] Controller->afterroute()
Fri, 24 Jan 2025 15:12:29 -0500 [2603:9000:f801:55e2:407:872:ddbe:e148] [/home/u991737198/domains/tas2023.online/public_html/lib/base.php:1871] Base->call()
Fri, 24 Jan 2025 15:12:29 -0500 [2603:9000:f801:55e2:407:872:ddbe:e148] [/home/u991737198/domains/tas2023.online/public_html/index.php:19] Base->run()
Fri, 24 Jan 2025 15:13:22 -0500 [2603:9000:f801:55e2:407:872:ddbe:e148] 500: Undefined variable $i18n_select_task_type trace: [/home/u991737198/domains/tas2023.online/public_html/tmp/3hn69l4qoa804.9b9764piwerh.php:214]
Fri, 24 Jan 2025 15:13:22 -0500 [2603:9000:f801:55e2:407:872:ddbe:e148] [/home/u991737198/domains/tas2023.online/public_html/tmp/3hn69l4qoa804.9b9764piwerh.php:214] Base->{closure}()
Fri, 24 Jan 2025 15:13:22 -0500 [2603:9000:f801:55e2:407:872:ddbe:e148] [/home/u991737198/domains/tas2023.online/public_html/lib/base.php:3036] require('/home/u991737198/domains/tas2023.online/public_html/tmp/3hn69l4qoa804.9b9764piwerh.php')
Fri, 24 Jan 2025 15:13:22 -0500 [2603:9000:f801:55e2:407:872:ddbe:e148] [/home/u991737198/domains/tas2023.online/public_html/lib/base.php:3281] View->sandbox()
Fri, 24 Jan 2025 15:13:22 -0500 [2603:9000:f801:55e2:407:872:ddbe:e148] [/home/u991737198/domains/tas2023.online/public_html/tmp/3hn69l4qoa804.3h31n1yj254w8.php:7] Preview->render()
Fri, 24 Jan 2025 15:13:22 -0500 [2603:9000:f801:55e2:407:872:ddbe:e148] [/home/u991737198/domains/tas2023.online/public_html/lib/base.php:3036] require('/home/u991737198/domains/tas2023.online/public_html/tmp/3hn69l4qoa804.3h31n1yj254w8.php')
Fri, 24 Jan 2025 15:13:22 -0500 [2603:9000:f801:55e2:407:872:ddbe:e148] [/home/u991737198/domains/tas2023.online/public_html/lib/base.php:3281] View->sandbox()
Fri, 24 Jan 2025 15:13:22 -0500 [2603:9000:f801:55e2:407:872:ddbe:e148] [/home/u991737198/domains/tas2023.online/public_html/app/controllers/Controller.php:87] Preview->render()
Fri, 24 Jan 2025 15:13:22 -0500 [2603:9000:f801:55e2:407:872:ddbe:e148] [/home/u991737198/domains/tas2023.online/public_html/lib/base.php:2078] Controller->afterroute()
Fri, 24 Jan 2025 15:13:22 -0500 [2603:9000:f801:55e2:407:872:ddbe:e148] [/home/u991737198/domains/tas2023.online/public_html/lib/base.php:1871] Base->call()
Fri, 24 Jan 2025 15:13:22 -0500 [2603:9000:f801:55e2:407:872:ddbe:e148] [/home/u991737198/domains/tas2023.online/public_html/index.php:19] Base->run()
Fri, 24 Jan 2025 15:13:39 -0500 [2603:9000:f801:55e2:407:872:ddbe:e148] 500: Undefined variable $i18n_select_task_type trace: [/home/u991737198/domains/tas2023.online/public_html/tmp/3hn69l4qoa804.9b9764piwerh.php:214]
Fri, 24 Jan 2025 15:13:39 -0500 [2603:9000:f801:55e2:407:872:ddbe:e148] [/home/u991737198/domains/tas2023.online/public_html/tmp/3hn69l4qoa804.9b9764piwerh.php:214] Base->{closure}()
Fri, 24 Jan 2025 15:13:39 -0500 [2603:9000:f801:55e2:407:872:ddbe:e148] [/home/u991737198/domains/tas2023.online/public_html/lib/base.php:3036] require('/home/u991737198/domains/tas2023.online/public_html/tmp/3hn69l4qoa804.9b9764piwerh.php')
Fri, 24 Jan 2025 15:13:39 -0500 [2603:9000:f801:55e2:407:872:ddbe:e148] [/home/u991737198/domains/tas2023.online/public_html/lib/base.php:3281] View->sandbox()
Fri, 24 Jan 2025 15:13:39 -0500 [2603:9000:f801:55e2:407:872:ddbe:e148] [/home/u991737198/domains/tas2023.online/public_html/tmp/3hn69l4qoa804.3h31n1yj254w8.php:7] Preview->render()
Fri, 24 Jan 2025 15:13:39 -0500 [2603:9000:f801:55e2:407:872:ddbe:e148] [/home/u991737198/domains/tas2023.online/public_html/lib/base.php:3036] require('/home/u991737198/domains/tas2023.online/public_html/tmp/3hn69l4qoa804.3h31n1yj254w8.php')
Fri, 24 Jan 2025 15:13:39 -0500 [2603:9000:f801:55e2:407:872:ddbe:e148] [/home/u991737198/domains/tas2023.online/public_html/lib/base.php:3281] View->sandbox()
Fri, 24 Jan 2025 15:13:39 -0500 [2603:9000:f801:55e2:407:872:ddbe:e148] [/home/u991737198/domains/tas2023.online/public_html/app/controllers/Controller.php:87] Preview->render()
Fri, 24 Jan 2025 15:13:39 -0500 [2603:9000:f801:55e2:407:872:ddbe:e148] [/home/u991737198/domains/tas2023.online/public_html/lib/base.php:2078] Controller->afterroute()
Fri, 24 Jan 2025 15:13:39 -0500 [2603:9000:f801:55e2:407:872:ddbe:e148] [/home/u991737198/domains/tas2023.online/public_html/lib/base.php:1871] Base->call()
Fri, 24 Jan 2025 15:13:39 -0500 [2603:9000:f801:55e2:407:872:ddbe:e148] [/home/u991737198/domains/tas2023.online/public_html/index.php:19] Base->run()
Fri, 24 Jan 2025 15:13:41 -0500 [2603:9000:f801:55e2:407:872:ddbe:e148] 500: Undefined variable $task_types trace: [/home/u991737198/domains/tas2023.online/public_html/app/controllers/TaskController.php:389]
Fri, 24 Jan 2025 15:13:41 -0500 [2603:9000:f801:55e2:407:872:ddbe:e148] [/home/u991737198/domains/tas2023.online/public_html/app/controllers/TaskController.php:389] Base->{closure}()
Fri, 24 Jan 2025 15:13:41 -0500 [2603:9000:f801:55e2:407:872:ddbe:e148] [/home/u991737198/domains/tas2023.online/public_html/lib/base.php:2072] TaskController->edittask()
Fri, 24 Jan 2025 15:13:41 -0500 [2603:9000:f801:55e2:407:872:ddbe:e148] [/home/u991737198/domains/tas2023.online/public_html/lib/base.php:1871] Base->call()
Fri, 24 Jan 2025 15:13:41 -0500 [2603:9000:f801:55e2:407:872:ddbe:e148] [/home/u991737198/domains/tas2023.online/public_html/index.php:19] Base->run()
Fri, 24 Jan 2025 15:15:21 -0500 [2603:9000:f801:55e2:407:872:ddbe:e148] 500: Undefined variable $i18n_select_task_type trace: [/home/u991737198/domains/tas2023.online/public_html/tmp/3hn69l4qoa804.9b9764piwerh.php:214]
Fri, 24 Jan 2025 15:15:21 -0500 [2603:9000:f801:55e2:407:872:ddbe:e148] [/home/u991737198/domains/tas2023.online/public_html/tmp/3hn69l4qoa804.9b9764piwerh.php:214] Base->{closure}()
Fri, 24 Jan 2025 15:15:21 -0500 [2603:9000:f801:55e2:407:872:ddbe:e148] [/home/u991737198/domains/tas2023.online/public_html/lib/base.php:3036] require('/home/u991737198/domains/tas2023.online/public_html/tmp/3hn69l4qoa804.9b9764piwerh.php')
Fri, 24 Jan 2025 15:15:21 -0500 [2603:9000:f801:55e2:407:872:ddbe:e148] [/home/u991737198/domains/tas2023.online/public_html/lib/base.php:3281] View->sandbox()
Fri, 24 Jan 2025 15:15:21 -0500 [2603:9000:f801:55e2:407:872:ddbe:e148] [/home/u991737198/domains/tas2023.online/public_html/tmp/3hn69l4qoa804.3h31n1yj254w8.php:7] Preview->render()
Fri, 24 Jan 2025 15:15:21 -0500 [2603:9000:f801:55e2:407:872:ddbe:e148] [/home/u991737198/domains/tas2023.online/public_html/lib/base.php:3036] require('/home/u991737198/domains/tas2023.online/public_html/tmp/3hn69l4qoa804.3h31n1yj254w8.php')
Fri, 24 Jan 2025 15:15:21 -0500 [2603:9000:f801:55e2:407:872:ddbe:e148] [/home/u991737198/domains/tas2023.online/public_html/lib/base.php:3281] View->sandbox()
Fri, 24 Jan 2025 15:15:21 -0500 [2603:9000:f801:55e2:407:872:ddbe:e148] [/home/u991737198/domains/tas2023.online/public_html/app/controllers/Controller.php:87] Preview->render()
Fri, 24 Jan 2025 15:15:21 -0500 [2603:9000:f801:55e2:407:872:ddbe:e148] [/home/u991737198/domains/tas2023.online/public_html/lib/base.php:2078] Controller->afterroute()
Fri, 24 Jan 2025 15:15:21 -0500 [2603:9000:f801:55e2:407:872:ddbe:e148] [/home/u991737198/domains/tas2023.online/public_html/lib/base.php:1871] Base->call()
Fri, 24 Jan 2025 15:15:21 -0500 [2603:9000:f801:55e2:407:872:ddbe:e148] [/home/u991737198/domains/tas2023.online/public_html/index.php:19] Base->run()
Fri, 24 Jan 2025 15:15:23 -0500 [2603:9000:f801:55e2:407:872:ddbe:e148] 500: Undefined variable $selected_note trace: [/home/u991737198/domains/tas2023.online/public_html/tmp/3hn69l4qoa804.3g8shy2588w00.php:371]
Fri, 24 Jan 2025 15:15:23 -0500 [2603:9000:f801:55e2:407:872:ddbe:e148] [/home/u991737198/domains/tas2023.online/public_html/tmp/3hn69l4qoa804.3g8shy2588w00.php:371] Base->{closure}()
Fri, 24 Jan 2025 15:15:23 -0500 [2603:9000:f801:55e2:407:872:ddbe:e148] [/home/u991737198/domains/tas2023.online/public_html/lib/base.php:3036] require('/home/u991737198/domains/tas2023.online/public_html/tmp/3hn69l4qoa804.3g8shy2588w00.php')
Fri, 24 Jan 2025 15:15:23 -0500 [2603:9000:f801:55e2:407:872:ddbe:e148] [/home/u991737198/domains/tas2023.online/public_html/lib/base.php:3281] View->sandbox()
Fri, 24 Jan 2025 15:15:23 -0500 [2603:9000:f801:55e2:407:872:ddbe:e148] [/home/u991737198/domains/tas2023.online/public_html/tmp/3hn69l4qoa804.3h31n1yj254w8.php:7] Preview->render()
Fri, 24 Jan 2025 15:15:23 -0500 [2603:9000:f801:55e2:407:872:ddbe:e148] [/home/u991737198/domains/tas2023.online/public_html/lib/base.php:3036] require('/home/u991737198/domains/tas2023.online/public_html/tmp/3hn69l4qoa804.3h31n1yj254w8.php')
Fri, 24 Jan 2025 15:15:23 -0500 [2603:9000:f801:55e2:407:872:ddbe:e148] [/home/u991737198/domains/tas2023.online/public_html/lib/base.php:3281] View->sandbox()
Fri, 24 Jan 2025 15:15:23 -0500 [2603:9000:f801:55e2:407:872:ddbe:e148] [/home/u991737198/domains/tas2023.online/public_html/app/controllers/Controller.php:87] Preview->render()
Fri, 24 Jan 2025 15:15:23 -0500 [2603:9000:f801:55e2:407:872:ddbe:e148] [/home/u991737198/domains/tas2023.online/public_html/lib/base.php:2078] Controller->afterroute()
Fri, 24 Jan 2025 15:15:23 -0500 [2603:9000:f801:55e2:407:872:ddbe:e148] [/home/u991737198/domains/tas2023.online/public_html/lib/base.php:1871] Base->call()
Fri, 24 Jan 2025 15:15:23 -0500 [2603:9000:f801:55e2:407:872:ddbe:e148] [/home/u991737198/domains/tas2023.online/public_html/index.php:19] Base->run()
Fri, 24 Jan 2025 15:16:18 -0500 [2603:9000:f801:55e2:407:872:ddbe:e148] 500: trim(): Passing null to parameter #1 ($string) of type string is deprecated trace: [/home/u991737198/domains/tas2023.online/public_html/tmp/3hn69l4qoa804.3g8shy2588w00.php:340]
Fri, 24 Jan 2025 15:16:18 -0500 [2603:9000:f801:55e2:407:872:ddbe:e148] [/home/u991737198/domains/tas2023.online/public_html/tmp/3hn69l4qoa804.3g8shy2588w00.php:340] trim()
Fri, 24 Jan 2025 15:16:18 -0500 [2603:9000:f801:55e2:407:872:ddbe:e148] [/home/u991737198/domains/tas2023.online/public_html/lib/base.php:3036] require('/home/u991737198/domains/tas2023.online/public_html/tmp/3hn69l4qoa804.3g8shy2588w00.php')
Fri, 24 Jan 2025 15:16:18 -0500 [2603:9000:f801:55e2:407:872:ddbe:e148] [/home/u991737198/domains/tas2023.online/public_html/lib/base.php:3281] View->sandbox()
Fri, 24 Jan 2025 15:16:18 -0500 [2603:9000:f801:55e2:407:872:ddbe:e148] [/home/u991737198/domains/tas2023.online/public_html/tmp/3hn69l4qoa804.3h31n1yj254w8.php:7] Preview->render()
Fri, 24 Jan 2025 15:16:18 -0500 [2603:9000:f801:55e2:407:872:ddbe:e148] [/home/u991737198/domains/tas2023.online/public_html/lib/base.php:3036] require('/home/u991737198/domains/tas2023.online/public_html/tmp/3hn69l4qoa804.3h31n1yj254w8.php')
Fri, 24 Jan 2025 15:16:18 -0500 [2603:9000:f801:55e2:407:872:ddbe:e148] [/home/u991737198/domains/tas2023.online/public_html/lib/base.php:3281] View->sandbox()
Fri, 24 Jan 2025 15:16:18 -0500 [2603:9000:f801:55e2:407:872:ddbe:e148] [/home/u991737198/domains/tas2023.online/public_html/app/controllers/Controller.php:87] Preview->render()
Fri, 24 Jan 2025 15:16:18 -0500 [2603:9000:f801:55e2:407:872:ddbe:e148] [/home/u991737198/domains/tas2023.online/public_html/lib/base.php:2078] Controller->afterroute()
Fri, 24 Jan 2025 15:16:18 -0500 [2603:9000:f801:55e2:407:872:ddbe:e148] [/home/u991737198/domains/tas2023.online/public_html/lib/base.php:1871] Base->call()
Fri, 24 Jan 2025 15:16:18 -0500 [2603:9000:f801:55e2:407:872:ddbe:e148] [/home/u991737198/domains/tas2023.online/public_html/index.php:19] Base->run()
Fri, 24 Jan 2025 15:16:32 -0500 [2603:9000:f801:55e2:407:872:ddbe:e148] 500: trim(): Passing null to parameter #1 ($string) of type string is deprecated trace: [/home/u991737198/domains/tas2023.online/public_html/tmp/3hn69l4qoa804.3g8shy2588w00.php:340]
Fri, 24 Jan 2025 15:16:32 -0500 [2603:9000:f801:55e2:407:872:ddbe:e148] [/home/u991737198/domains/tas2023.online/public_html/tmp/3hn69l4qoa804.3g8shy2588w00.php:340] trim()
Fri, 24 Jan 2025 15:16:32 -0500 [2603:9000:f801:55e2:407:872:ddbe:e148] [/home/u991737198/domains/tas2023.online/public_html/lib/base.php:3036] require('/home/u991737198/domains/tas2023.online/public_html/tmp/3hn69l4qoa804.3g8shy2588w00.php')
Fri, 24 Jan 2025 15:16:32 -0500 [2603:9000:f801:55e2:407:872:ddbe:e148] [/home/u991737198/domains/tas2023.online/public_html/lib/base.php:3281] View->sandbox()
Fri, 24 Jan 2025 15:16:32 -0500 [2603:9000:f801:55e2:407:872:ddbe:e148] [/home/u991737198/domains/tas2023.online/public_html/tmp/3hn69l4qoa804.3h31n1yj254w8.php:7] Preview->render()
Fri, 24 Jan 2025 15:16:32 -0500 [2603:9000:f801:55e2:407:872:ddbe:e148] [/home/u991737198/domains/tas2023.online/public_html/lib/base.php:3036] require('/home/u991737198/domains/tas2023.online/public_html/tmp/3hn69l4qoa804.3h31n1yj254w8.php')
Fri, 24 Jan 2025 15:16:32 -0500 [2603:9000:f801:55e2:407:872:ddbe:e148] [/home/u991737198/domains/tas2023.online/public_html/lib/base.php:3281] View->sandbox()
Fri, 24 Jan 2025 15:16:32 -0500 [2603:9000:f801:55e2:407:872:ddbe:e148] [/home/u991737198/domains/tas2023.online/public_html/app/controllers/Controller.php:87] Preview->render()
Fri, 24 Jan 2025 15:16:32 -0500 [2603:9000:f801:55e2:407:872:ddbe:e148] [/home/u991737198/domains/tas2023.online/public_html/lib/base.php:2078] Controller->afterroute()
Fri, 24 Jan 2025 15:16:32 -0500 [2603:9000:f801:55e2:407:872:ddbe:e148] [/home/u991737198/domains/tas2023.online/public_html/lib/base.php:1871] Base->call()
Fri, 24 Jan 2025 15:16:32 -0500 [2603:9000:f801:55e2:407:872:ddbe:e148] [/home/u991737198/domains/tas2023.online/public_html/index.php:19] Base->run()
Fri, 24 Jan 2025 15:16:37 -0500 [2603:9000:f801:55e2:407:872:ddbe:e148] 500: Undefined variable $i18n_select_task_type trace: [/home/u991737198/domains/tas2023.online/public_html/tmp/3hn69l4qoa804.9b9764piwerh.php:214]
Fri, 24 Jan 2025 15:16:37 -0500 [2603:9000:f801:55e2:407:872:ddbe:e148] [/home/u991737198/domains/tas2023.online/public_html/tmp/3hn69l4qoa804.9b9764piwerh.php:214] Base->{closure}()
Fri, 24 Jan 2025 15:16:37 -0500 [2603:9000:f801:55e2:407:872:ddbe:e148] [/home/u991737198/domains/tas2023.online/public_html/lib/base.php:3036] require('/home/u991737198/domains/tas2023.online/public_html/tmp/3hn69l4qoa804.9b9764piwerh.php')
Fri, 24 Jan 2025 15:16:37 -0500 [2603:9000:f801:55e2:407:872:ddbe:e148] [/home/u991737198/domains/tas2023.online/public_html/lib/base.php:3281] View->sandbox()
Fri, 24 Jan 2025 15:16:37 -0500 [2603:9000:f801:55e2:407:872:ddbe:e148] [/home/u991737198/domains/tas2023.online/public_html/tmp/3hn69l4qoa804.3h31n1yj254w8.php:7] Preview->render()
Fri, 24 Jan 2025 15:16:37 -0500 [2603:9000:f801:55e2:407:872:ddbe:e148] [/home/u991737198/domains/tas2023.online/public_html/lib/base.php:3036] require('/home/u991737198/domains/tas2023.online/public_html/tmp/3hn69l4qoa804.3h31n1yj254w8.php')
Fri, 24 Jan 2025 15:16:37 -0500 [2603:9000:f801:55e2:407:872:ddbe:e148] [/home/u991737198/domains/tas2023.online/public_html/lib/base.php:3281] View->sandbox()
Fri, 24 Jan 2025 15:16:37 -0500 [2603:9000:f801:55e2:407:872:ddbe:e148] [/home/u991737198/domains/tas2023.online/public_html/app/controllers/Controller.php:87] Preview->render()
Fri, 24 Jan 2025 15:16:37 -0500 [2603:9000:f801:55e2:407:872:ddbe:e148] [/home/u991737198/domains/tas2023.online/public_html/lib/base.php:2078] Controller->afterroute()
Fri, 24 Jan 2025 15:16:37 -0500 [2603:9000:f801:55e2:407:872:ddbe:e148] [/home/u991737198/domains/tas2023.online/public_html/lib/base.php:1871] Base->call()
Fri, 24 Jan 2025 15:16:37 -0500 [2603:9000:f801:55e2:407:872:ddbe:e148] [/home/u991737198/domains/tas2023.online/public_html/index.php:19] Base->run()
Fri, 24 Jan 2025 15:16:40 -0500 [2603:9000:f801:55e2:407:872:ddbe:e148] 500: Undefined variable $selected_note trace: [/home/u991737198/domains/tas2023.online/public_html/tmp/3hn69l4qoa804.3g8shy2588w00.php:371]
Fri, 24 Jan 2025 15:16:40 -0500 [2603:9000:f801:55e2:407:872:ddbe:e148] [/home/u991737198/domains/tas2023.online/public_html/tmp/3hn69l4qoa804.3g8shy2588w00.php:371] Base->{closure}()
Fri, 24 Jan 2025 15:16:40 -0500 [2603:9000:f801:55e2:407:872:ddbe:e148] [/home/u991737198/domains/tas2023.online/public_html/lib/base.php:3036] require('/home/u991737198/domains/tas2023.online/public_html/tmp/3hn69l4qoa804.3g8shy2588w00.php')
Fri, 24 Jan 2025 15:16:40 -0500 [2603:9000:f801:55e2:407:872:ddbe:e148] [/home/u991737198/domains/tas2023.online/public_html/lib/base.php:3281] View->sandbox()
Fri, 24 Jan 2025 15:16:40 -0500 [2603:9000:f801:55e2:407:872:ddbe:e148] [/home/u991737198/domains/tas2023.online/public_html/tmp/3hn69l4qoa804.3h31n1yj254w8.php:7] Preview->render()
Fri, 24 Jan 2025 15:16:40 -0500 [2603:9000:f801:55e2:407:872:ddbe:e148] [/home/u991737198/domains/tas2023.online/public_html/lib/base.php:3036] require('/home/u991737198/domains/tas2023.online/public_html/tmp/3hn69l4qoa804.3h31n1yj254w8.php')
Fri, 24 Jan 2025 15:16:40 -0500 [2603:9000:f801:55e2:407:872:ddbe:e148] [/home/u991737198/domains/tas2023.online/public_html/lib/base.php:3281] View->sandbox()
Fri, 24 Jan 2025 15:16:40 -0500 [2603:9000:f801:55e2:407:872:ddbe:e148] [/home/u991737198/domains/tas2023.online/public_html/app/controllers/Controller.php:87] Preview->render()
Fri, 24 Jan 2025 15:16:40 -0500 [2603:9000:f801:55e2:407:872:ddbe:e148] [/home/u991737198/domains/tas2023.online/public_html/lib/base.php:2078] Controller->afterroute()
Fri, 24 Jan 2025 15:16:40 -0500 [2603:9000:f801:55e2:407:872:ddbe:e148] [/home/u991737198/domains/tas2023.online/public_html/lib/base.php:1871] Base->call()
Fri, 24 Jan 2025 15:16:40 -0500 [2603:9000:f801:55e2:407:872:ddbe:e148] [/home/u991737198/domains/tas2023.online/public_html/index.php:19] Base->run()
Fri, 24 Jan 2025 15:29:55 -0500 [2603:9000:f801:55e2:407:872:ddbe:e148] 500: trim(): Passing null to parameter #1 ($string) of type string is deprecated trace: [/home/u991737198/domains/tas2023.online/public_html/tmp/3hn69l4qoa804.3g8shy2588w00.php:340]
Fri, 24 Jan 2025 15:29:55 -0500 [2603:9000:f801:55e2:407:872:ddbe:e148] [/home/u991737198/domains/tas2023.online/public_html/tmp/3hn69l4qoa804.3g8shy2588w00.php:340] trim()
Fri, 24 Jan 2025 15:29:55 -0500 [2603:9000:f801:55e2:407:872:ddbe:e148] [/home/u991737198/domains/tas2023.online/public_html/lib/base.php:3036] require('/home/u991737198/domains/tas2023.online/public_html/tmp/3hn69l4qoa804.3g8shy2588w00.php')
Fri, 24 Jan 2025 15:29:55 -0500 [2603:9000:f801:55e2:407:872:ddbe:e148] [/home/u991737198/domains/tas2023.online/public_html/lib/base.php:3281] View->sandbox()
Fri, 24 Jan 2025 15:29:55 -0500 [2603:9000:f801:55e2:407:872:ddbe:e148] [/home/u991737198/domains/tas2023.online/public_html/tmp/3hn69l4qoa804.3h31n1yj254w8.php:7] Preview->render()
Fri, 24 Jan 2025 15:29:55 -0500 [2603:9000:f801:55e2:407:872:ddbe:e148] [/home/u991737198/domains/tas2023.online/public_html/lib/base.php:3036] require('/home/u991737198/domains/tas2023.online/public_html/tmp/3hn69l4qoa804.3h31n1yj254w8.php')
Fri, 24 Jan 2025 15:29:55 -0500 [2603:9000:f801:55e2:407:872:ddbe:e148] [/home/u991737198/domains/tas2023.online/public_html/lib/base.php:3281] View->sandbox()
Fri, 24 Jan 2025 15:29:55 -0500 [2603:9000:f801:55e2:407:872:ddbe:e148] [/home/u991737198/domains/tas2023.online/public_html/app/controllers/Controller.php:87] Preview->render()
Fri, 24 Jan 2025 15:29:55 -0500 [2603:9000:f801:55e2:407:872:ddbe:e148] [/home/u991737198/domains/tas2023.online/public_html/lib/base.php:2078] Controller->afterroute()
Fri, 24 Jan 2025 15:29:55 -0500 [2603:9000:f801:55e2:407:872:ddbe:e148] [/home/u991737198/domains/tas2023.online/public_html/lib/base.php:1871] Base->call()
Fri, 24 Jan 2025 15:29:55 -0500 [2603:9000:f801:55e2:407:872:ddbe:e148] [/home/u991737198/domains/tas2023.online/public_html/index.php:19] Base->run()
Fri, 24 Jan 2025 15:30:31 -0500 [2603:9000:f801:55e2:407:872:ddbe:e148] 500: Undefined variable $i18n_select_task_type trace: [/home/u991737198/domains/tas2023.online/public_html/tmp/3hn69l4qoa804.9b9764piwerh.php:214]
Fri, 24 Jan 2025 15:30:31 -0500 [2603:9000:f801:55e2:407:872:ddbe:e148] [/home/u991737198/domains/tas2023.online/public_html/tmp/3hn69l4qoa804.9b9764piwerh.php:214] Base->{closure}()
Fri, 24 Jan 2025 15:30:31 -0500 [2603:9000:f801:55e2:407:872:ddbe:e148] [/home/u991737198/domains/tas2023.online/public_html/lib/base.php:3036] require('/home/u991737198/domains/tas2023.online/public_html/tmp/3hn69l4qoa804.9b9764piwerh.php')
Fri, 24 Jan 2025 15:30:31 -0500 [2603:9000:f801:55e2:407:872:ddbe:e148] [/home/u991737198/domains/tas2023.online/public_html/lib/base.php:3281] View->sandbox()
Fri, 24 Jan 2025 15:30:31 -0500 [2603:9000:f801:55e2:407:872:ddbe:e148] [/home/u991737198/domains/tas2023.online/public_html/tmp/3hn69l4qoa804.3h31n1yj254w8.php:7] Preview->render()
Fri, 24 Jan 2025 15:30:31 -0500 [2603:9000:f801:55e2:407:872:ddbe:e148] [/home/u991737198/domains/tas2023.online/public_html/lib/base.php:3036] require('/home/u991737198/domains/tas2023.online/public_html/tmp/3hn69l4qoa804.3h31n1yj254w8.php')
Fri, 24 Jan 2025 15:30:31 -0500 [2603:9000:f801:55e2:407:872:ddbe:e148] [/home/u991737198/domains/tas2023.online/public_html/lib/base.php:3281] View->sandbox()
Fri, 24 Jan 2025 15:30:31 -0500 [2603:9000:f801:55e2:407:872:ddbe:e148] [/home/u991737198/domains/tas2023.online/public_html/app/controllers/Controller.php:87] Preview->render()
Fri, 24 Jan 2025 15:30:31 -0500 [2603:9000:f801:55e2:407:872:ddbe:e148] [/home/u991737198/domains/tas2023.online/public_html/lib/base.php:2078] Controller->afterroute()
Fri, 24 Jan 2025 15:30:31 -0500 [2603:9000:f801:55e2:407:872:ddbe:e148] [/home/u991737198/domains/tas2023.online/public_html/lib/base.php:1871] Base->call()
Fri, 24 Jan 2025 15:30:31 -0500 [2603:9000:f801:55e2:407:872:ddbe:e148] [/home/u991737198/domains/tas2023.online/public_html/index.php:19] Base->run()
Fri, 24 Jan 2025 15:30:33 -0500 [2603:9000:f801:55e2:407:872:ddbe:e148] 500: Undefined variable $selected_note trace: [/home/u991737198/domains/tas2023.online/public_html/tmp/3hn69l4qoa804.3g8shy2588w00.php:371]
Fri, 24 Jan 2025 15:30:33 -0500 [2603:9000:f801:55e2:407:872:ddbe:e148] [/home/u991737198/domains/tas2023.online/public_html/tmp/3hn69l4qoa804.3g8shy2588w00.php:371] Base->{closure}()
Fri, 24 Jan 2025 15:30:33 -0500 [2603:9000:f801:55e2:407:872:ddbe:e148] [/home/u991737198/domains/tas2023.online/public_html/lib/base.php:3036] require('/home/u991737198/domains/tas2023.online/public_html/tmp/3hn69l4qoa804.3g8shy2588w00.php')
Fri, 24 Jan 2025 15:30:33 -0500 [2603:9000:f801:55e2:407:872:ddbe:e148] [/home/u991737198/domains/tas2023.online/public_html/lib/base.php:3281] View->sandbox()
Fri, 24 Jan 2025 15:30:33 -0500 [2603:9000:f801:55e2:407:872:ddbe:e148] [/home/u991737198/domains/tas2023.online/public_html/tmp/3hn69l4qoa804.3h31n1yj254w8.php:7] Preview->render()
Fri, 24 Jan 2025 15:30:33 -0500 [2603:9000:f801:55e2:407:872:ddbe:e148] [/home/u991737198/domains/tas2023.online/public_html/lib/base.php:3036] require('/home/u991737198/domains/tas2023.online/public_html/tmp/3hn69l4qoa804.3h31n1yj254w8.php')
Fri, 24 Jan 2025 15:30:33 -0500 [2603:9000:f801:55e2:407:872:ddbe:e148] [/home/u991737198/domains/tas2023.online/public_html/lib/base.php:3281] View->sandbox()
Fri, 24 Jan 2025 15:30:33 -0500 [2603:9000:f801:55e2:407:872:ddbe:e148] [/home/u991737198/domains/tas2023.online/public_html/app/controllers/Controller.php:87] Preview->render()
Fri, 24 Jan 2025 15:30:33 -0500 [2603:9000:f801:55e2:407:872:ddbe:e148] [/home/u991737198/domains/tas2023.online/public_html/lib/base.php:2078] Controller->afterroute()
Fri, 24 Jan 2025 15:30:33 -0500 [2603:9000:f801:55e2:407:872:ddbe:e148] [/home/u991737198/domains/tas2023.online/public_html/lib/base.php:1871] Base->call()
Fri, 24 Jan 2025 15:30:33 -0500 [2603:9000:f801:55e2:407:872:ddbe:e148] [/home/u991737198/domains/tas2023.online/public_html/index.php:19] Base->run()
Fri, 24 Jan 2025 15:31:25 -0500 [2603:9000:f801:55e2:407:872:ddbe:e148] 500: Undefined variable $i18n_select_task_type trace: [/home/u991737198/domains/tas2023.online/public_html/tmp/3hn69l4qoa804.9b9764piwerh.php:214]
Fri, 24 Jan 2025 15:31:25 -0500 [2603:9000:f801:55e2:407:872:ddbe:e148] [/home/u991737198/domains/tas2023.online/public_html/tmp/3hn69l4qoa804.9b9764piwerh.php:214] Base->{closure}()
Fri, 24 Jan 2025 15:31:25 -0500 [2603:9000:f801:55e2:407:872:ddbe:e148] [/home/u991737198/domains/tas2023.online/public_html/lib/base.php:3036] require('/home/u991737198/domains/tas2023.online/public_html/tmp/3hn69l4qoa804.9b9764piwerh.php')
Fri, 24 Jan 2025 15:31:25 -0500 [2603:9000:f801:55e2:407:872:ddbe:e148] [/home/u991737198/domains/tas2023.online/public_html/lib/base.php:3281] View->sandbox()
Fri, 24 Jan 2025 15:31:25 -0500 [2603:9000:f801:55e2:407:872:ddbe:e148] [/home/u991737198/domains/tas2023.online/public_html/tmp/3hn69l4qoa804.3h31n1yj254w8.php:7] Preview->render()
Fri, 24 Jan 2025 15:31:25 -0500 [2603:9000:f801:55e2:407:872:ddbe:e148] [/home/u991737198/domains/tas2023.online/public_html/lib/base.php:3036] require('/home/u991737198/domains/tas2023.online/public_html/tmp/3hn69l4qoa804.3h31n1yj254w8.php')
Fri, 24 Jan 2025 15:31:25 -0500 [2603:9000:f801:55e2:407:872:ddbe:e148] [/home/u991737198/domains/tas2023.online/public_html/lib/base.php:3281] View->sandbox()
Fri, 24 Jan 2025 15:31:25 -0500 [2603:9000:f801:55e2:407:872:ddbe:e148] [/home/u991737198/domains/tas2023.online/public_html/app/controllers/Controller.php:87] Preview->render()
Fri, 24 Jan 2025 15:31:25 -0500 [2603:9000:f801:55e2:407:872:ddbe:e148] [/home/u991737198/domains/tas2023.online/public_html/lib/base.php:2078] Controller->afterroute()
Fri, 24 Jan 2025 15:31:25 -0500 [2603:9000:f801:55e2:407:872:ddbe:e148] [/home/u991737198/domains/tas2023.online/public_html/lib/base.php:1871] Base->call()
Fri, 24 Jan 2025 15:31:25 -0500 [2603:9000:f801:55e2:407:872:ddbe:e148] [/home/u991737198/domains/tas2023.online/public_html/index.php:19] Base->run()
Fri, 24 Jan 2025 15:34:37 -0500 [2603:9000:f801:55e2:407:872:ddbe:e148] 500: Undefined variable $i18n_select_task_type trace: [/home/u991737198/domains/tas2023.online/public_html/tmp/3hn69l4qoa804.9b9764piwerh.php:214]
Fri, 24 Jan 2025 15:34:37 -0500 [2603:9000:f801:55e2:407:872:ddbe:e148] [/home/u991737198/domains/tas2023.online/public_html/tmp/3hn69l4qoa804.9b9764piwerh.php:214] Base->{closure}()
Fri, 24 Jan 2025 15:34:37 -0500 [2603:9000:f801:55e2:407:872:ddbe:e148] [/home/u991737198/domains/tas2023.online/public_html/lib/base.php:3036] require('/home/u991737198/domains/tas2023.online/public_html/tmp/3hn69l4qoa804.9b9764piwerh.php')
Fri, 24 Jan 2025 15:34:37 -0500 [2603:9000:f801:55e2:407:872:ddbe:e148] [/home/u991737198/domains/tas2023.online/public_html/lib/base.php:3281] View->sandbox()
Fri, 24 Jan 2025 15:34:37 -0500 [2603:9000:f801:55e2:407:872:ddbe:e148] [/home/u991737198/domains/tas2023.online/public_html/tmp/3hn69l4qoa804.3h31n1yj254w8.php:7] Preview->render()
Fri, 24 Jan 2025 15:34:37 -0500 [2603:9000:f801:55e2:407:872:ddbe:e148] [/home/u991737198/domains/tas2023.online/public_html/lib/base.php:3036] require('/home/u991737198/domains/tas2023.online/public_html/tmp/3hn69l4qoa804.3h31n1yj254w8.php')
Fri, 24 Jan 2025 15:34:37 -0500 [2603:9000:f801:55e2:407:872:ddbe:e148] [/home/u991737198/domains/tas2023.online/public_html/lib/base.php:3281] View->sandbox()
Fri, 24 Jan 2025 15:34:37 -0500 [2603:9000:f801:55e2:407:872:ddbe:e148] [/home/u991737198/domains/tas2023.online/public_html/app/controllers/Controller.php:87] Preview->render()
Fri, 24 Jan 2025 15:34:37 -0500 [2603:9000:f801:55e2:407:872:ddbe:e148] [/home/u991737198/domains/tas2023.online/public_html/lib/base.php:2078] Controller->afterroute()
Fri, 24 Jan 2025 15:34:37 -0500 [2603:9000:f801:55e2:407:872:ddbe:e148] [/home/u991737198/domains/tas2023.online/public_html/lib/base.php:1871] Base->call()
Fri, 24 Jan 2025 15:34:37 -0500 [2603:9000:f801:55e2:407:872:ddbe:e148] [/home/u991737198/domains/tas2023.online/public_html/index.php:19] Base->run()
Fri, 24 Jan 2025 15:34:39 -0500 [2603:9000:f801:55e2:407:872:ddbe:e148] 500: Undefined variable $taskTypesKey trace: [/home/u991737198/domains/tas2023.online/public_html/app/controllers/TaskController.php:384]
Fri, 24 Jan 2025 15:34:39 -0500 [2603:9000:f801:55e2:407:872:ddbe:e148] [/home/u991737198/domains/tas2023.online/public_html/app/controllers/TaskController.php:384] Base->{closure}()
Fri, 24 Jan 2025 15:34:39 -0500 [2603:9000:f801:55e2:407:872:ddbe:e148] [/home/u991737198/domains/tas2023.online/public_html/lib/base.php:2072] TaskController->edittask()
Fri, 24 Jan 2025 15:34:39 -0500 [2603:9000:f801:55e2:407:872:ddbe:e148] [/home/u991737198/domains/tas2023.online/public_html/lib/base.php:1871] Base->call()
Fri, 24 Jan 2025 15:34:39 -0500 [2603:9000:f801:55e2:407:872:ddbe:e148] [/home/u991737198/domains/tas2023.online/public_html/index.php:19] Base->run()
Fri, 24 Jan 2025 15:35:54 -0500 [2603:9000:f801:55e2:407:872:ddbe:e148] 500: Undefined variable $selected_note trace: [/home/u991737198/domains/tas2023.online/public_html/tmp/3hn69l4qoa804.3g8shy2588w00.php:371]
Fri, 24 Jan 2025 15:35:54 -0500 [2603:9000:f801:55e2:407:872:ddbe:e148] [/home/u991737198/domains/tas2023.online/public_html/tmp/3hn69l4qoa804.3g8shy2588w00.php:371] Base->{closure}()
Fri, 24 Jan 2025 15:35:54 -0500 [2603:9000:f801:55e2:407:872:ddbe:e148] [/home/u991737198/domains/tas2023.online/public_html/lib/base.php:3036] require('/home/u991737198/domains/tas2023.online/public_html/tmp/3hn69l4qoa804.3g8shy2588w00.php')
Fri, 24 Jan 2025 15:35:54 -0500 [2603:9000:f801:55e2:407:872:ddbe:e148] [/home/u991737198/domains/tas2023.online/public_html/lib/base.php:3281] View->sandbox()
Fri, 24 Jan 2025 15:35:54 -0500 [2603:9000:f801:55e2:407:872:ddbe:e148] [/home/u991737198/domains/tas2023.online/public_html/tmp/3hn69l4qoa804.3h31n1yj254w8.php:7] Preview->render()
Fri, 24 Jan 2025 15:35:54 -0500 [2603:9000:f801:55e2:407:872:ddbe:e148] [/home/u991737198/domains/tas2023.online/public_html/lib/base.php:3036] require('/home/u991737198/domains/tas2023.online/public_html/tmp/3hn69l4qoa804.3h31n1yj254w8.php')
Fri, 24 Jan 2025 15:35:54 -0500 [2603:9000:f801:55e2:407:872:ddbe:e148] [/home/u991737198/domains/tas2023.online/public_html/lib/base.php:3281] View->sandbox()
Fri, 24 Jan 2025 15:35:54 -0500 [2603:9000:f801:55e2:407:872:ddbe:e148] [/home/u991737198/domains/tas2023.online/public_html/app/controllers/Controller.php:87] Preview->render()
Fri, 24 Jan 2025 15:35:54 -0500 [2603:9000:f801:55e2:407:872:ddbe:e148] [/home/u991737198/domains/tas2023.online/public_html/lib/base.php:2078] Controller->afterroute()
Fri, 24 Jan 2025 15:35:54 -0500 [2603:9000:f801:55e2:407:872:ddbe:e148] [/home/u991737198/domains/tas2023.online/public_html/lib/base.php:1871] Base->call()
Fri, 24 Jan 2025 15:35:54 -0500 [2603:9000:f801:55e2:407:872:ddbe:e148] [/home/u991737198/domains/tas2023.online/public_html/index.php:19] Base->run()
Fri, 24 Jan 2025 15:36:04 -0500 [2603:9000:f801:55e2:407:872:ddbe:e148] 500: trim(): Passing null to parameter #1 ($string) of type string is deprecated trace: [/home/u991737198/domains/tas2023.online/public_html/tmp/3hn69l4qoa804.3g8shy2588w00.php:340]
Fri, 24 Jan 2025 15:36:04 -0500 [2603:9000:f801:55e2:407:872:ddbe:e148] [/home/u991737198/domains/tas2023.online/public_html/tmp/3hn69l4qoa804.3g8shy2588w00.php:340] trim()
Fri, 24 Jan 2025 15:36:04 -0500 [2603:9000:f801:55e2:407:872:ddbe:e148] [/home/u991737198/domains/tas2023.online/public_html/lib/base.php:3036] require('/home/u991737198/domains/tas2023.online/public_html/tmp/3hn69l4qoa804.3g8shy2588w00.php')
Fri, 24 Jan 2025 15:36:04 -0500 [2603:9000:f801:55e2:407:872:ddbe:e148] [/home/u991737198/domains/tas2023.online/public_html/lib/base.php:3281] View->sandbox()
Fri, 24 Jan 2025 15:36:04 -0500 [2603:9000:f801:55e2:407:872:ddbe:e148] [/home/u991737198/domains/tas2023.online/public_html/tmp/3hn69l4qoa804.3h31n1yj254w8.php:7] Preview->render()
Fri, 24 Jan 2025 15:36:04 -0500 [2603:9000:f801:55e2:407:872:ddbe:e148] [/home/u991737198/domains/tas2023.online/public_html/lib/base.php:3036] require('/home/u991737198/domains/tas2023.online/public_html/tmp/3hn69l4qoa804.3h31n1yj254w8.php')
Fri, 24 Jan 2025 15:36:04 -0500 [2603:9000:f801:55e2:407:872:ddbe:e148] [/home/u991737198/domains/tas2023.online/public_html/lib/base.php:3281] View->sandbox()
Fri, 24 Jan 2025 15:36:04 -0500 [2603:9000:f801:55e2:407:872:ddbe:e148] [/home/u991737198/domains/tas2023.online/public_html/app/controllers/Controller.php:87] Preview->render()
Fri, 24 Jan 2025 15:36:04 -0500 [2603:9000:f801:55e2:407:872:ddbe:e148] [/home/u991737198/domains/tas2023.online/public_html/lib/base.php:2078] Controller->afterroute()
Fri, 24 Jan 2025 15:36:04 -0500 [2603:9000:f801:55e2:407:872:ddbe:e148] [/home/u991737198/domains/tas2023.online/public_html/lib/base.php:1871] Base->call()
Fri, 24 Jan 2025 15:36:04 -0500 [2603:9000:f801:55e2:407:872:ddbe:e148] [/home/u991737198/domains/tas2023.online/public_html/index.php:19] Base->run()
Fri, 24 Jan 2025 15:36:08 -0500 [2603:9000:f801:55e2:407:872:ddbe:e148] 500: Undefined variable $i18n_select_task_type trace: [/home/u991737198/domains/tas2023.online/public_html/tmp/3hn69l4qoa804.9b9764piwerh.php:214]
Fri, 24 Jan 2025 15:36:08 -0500 [2603:9000:f801:55e2:407:872:ddbe:e148] [/home/u991737198/domains/tas2023.online/public_html/tmp/3hn69l4qoa804.9b9764piwerh.php:214] Base->{closure}()
Fri, 24 Jan 2025 15:36:08 -0500 [2603:9000:f801:55e2:407:872:ddbe:e148] [/home/u991737198/domains/tas2023.online/public_html/lib/base.php:3036] require('/home/u991737198/domains/tas2023.online/public_html/tmp/3hn69l4qoa804.9b9764piwerh.php')
Fri, 24 Jan 2025 15:36:08 -0500 [2603:9000:f801:55e2:407:872:ddbe:e148] [/home/u991737198/domains/tas2023.online/public_html/lib/base.php:3281] View->sandbox()
Fri, 24 Jan 2025 15:36:08 -0500 [2603:9000:f801:55e2:407:872:ddbe:e148] [/home/u991737198/domains/tas2023.online/public_html/tmp/3hn69l4qoa804.3h31n1yj254w8.php:7] Preview->render()
Fri, 24 Jan 2025 15:36:08 -0500 [2603:9000:f801:55e2:407:872:ddbe:e148] [/home/u991737198/domains/tas2023.online/public_html/lib/base.php:3036] require('/home/u991737198/domains/tas2023.online/public_html/tmp/3hn69l4qoa804.3h31n1yj254w8.php')
Fri, 24 Jan 2025 15:36:08 -0500 [2603:9000:f801:55e2:407:872:ddbe:e148] [/home/u991737198/domains/tas2023.online/public_html/lib/base.php:3281] View->sandbox()
Fri, 24 Jan 2025 15:36:08 -0500 [2603:9000:f801:55e2:407:872:ddbe:e148] [/home/u991737198/domains/tas2023.online/public_html/app/controllers/Controller.php:87] Preview->render()
Fri, 24 Jan 2025 15:36:08 -0500 [2603:9000:f801:55e2:407:872:ddbe:e148] [/home/u991737198/domains/tas2023.online/public_html/lib/base.php:2078] Controller->afterroute()
Fri, 24 Jan 2025 15:36:08 -0500 [2603:9000:f801:55e2:407:872:ddbe:e148] [/home/u991737198/domains/tas2023.online/public_html/lib/base.php:1871] Base->call()
Fri, 24 Jan 2025 15:36:08 -0500 [2603:9000:f801:55e2:407:872:ddbe:e148] [/home/u991737198/domains/tas2023.online/public_html/index.php:19] Base->run()
Fri, 24 Jan 2025 15:36:13 -0500 [2603:9000:f801:55e2:407:872:ddbe:e148] 500: Undefined variable $selected_note trace: [/home/u991737198/domains/tas2023.online/public_html/tmp/3hn69l4qoa804.3g8shy2588w00.php:371]
Fri, 24 Jan 2025 15:36:13 -0500 [2603:9000:f801:55e2:407:872:ddbe:e148] [/home/u991737198/domains/tas2023.online/public_html/tmp/3hn69l4qoa804.3g8shy2588w00.php:371] Base->{closure}()
Fri, 24 Jan 2025 15:36:13 -0500 [2603:9000:f801:55e2:407:872:ddbe:e148] [/home/u991737198/domains/tas2023.online/public_html/lib/base.php:3036] require('/home/u991737198/domains/tas2023.online/public_html/tmp/3hn69l4qoa804.3g8shy2588w00.php')
Fri, 24 Jan 2025 15:36:13 -0500 [2603:9000:f801:55e2:407:872:ddbe:e148] [/home/u991737198/domains/tas2023.online/public_html/lib/base.php:3281] View->sandbox()
Fri, 24 Jan 2025 15:36:13 -0500 [2603:9000:f801:55e2:407:872:ddbe:e148] [/home/u991737198/domains/tas2023.online/public_html/tmp/3hn69l4qoa804.3h31n1yj254w8.php:7] Preview->render()
Fri, 24 Jan 2025 15:36:13 -0500 [2603:9000:f801:55e2:407:872:ddbe:e148] [/home/u991737198/domains/tas2023.online/public_html/lib/base.php:3036] require('/home/u991737198/domains/tas2023.online/public_html/tmp/3hn69l4qoa804.3h31n1yj254w8.php')
Fri, 24 Jan 2025 15:36:13 -0500 [2603:9000:f801:55e2:407:872:ddbe:e148] [/home/u991737198/domains/tas2023.online/public_html/lib/base.php:3281] View->sandbox()
Fri, 24 Jan 2025 15:36:13 -0500 [2603:9000:f801:55e2:407:872:ddbe:e148] [/home/u991737198/domains/tas2023.online/public_html/app/controllers/Controller.php:87] Preview->render()
Fri, 24 Jan 2025 15:36:13 -0500 [2603:9000:f801:55e2:407:872:ddbe:e148] [/home/u991737198/domains/tas2023.online/public_html/lib/base.php:2078] Controller->afterroute()
Fri, 24 Jan 2025 15:36:13 -0500 [2603:9000:f801:55e2:407:872:ddbe:e148] [/home/u991737198/domains/tas2023.online/public_html/lib/base.php:1871] Base->call()
Fri, 24 Jan 2025 15:36:13 -0500 [2603:9000:f801:55e2:407:872:ddbe:e148] [/home/u991737198/domains/tas2023.online/public_html/index.php:19] Base->run()
Fri, 24 Jan 2025 15:36:17 -0500 [2603:9000:f801:55e2:407:872:ddbe:e148] 500: Undefined variable $entity_num trace: [tmp/3hn69l4qoa804.1zo7dt0fljr4w.php:200]
Fri, 24 Jan 2025 15:36:17 -0500 [2603:9000:f801:55e2:407:872:ddbe:e148] [tmp/3hn69l4qoa804.1zo7dt0fljr4w.php:200] Base->{closure}()
Fri, 24 Jan 2025 15:36:17 -0500 [2603:9000:f801:55e2:407:872:ddbe:e148] [lib/base.php:3036] require('/home/u991737198/domains/tas2023.online/public_html/tmp/3hn69l4qoa804.1zo7dt0fljr4w.php')
Fri, 24 Jan 2025 15:36:17 -0500 [2603:9000:f801:55e2:407:872:ddbe:e148] [lib/base.php:3281] View->sandbox()
Fri, 24 Jan 2025 15:36:17 -0500 [2603:9000:f801:55e2:407:872:ddbe:e148] [tmp/3hn69l4qoa804.3h31n1yj254w8.php:7] Preview->render()
Fri, 24 Jan 2025 15:36:17 -0500 [2603:9000:f801:55e2:407:872:ddbe:e148] [lib/base.php:3036] require('/home/u991737198/domains/tas2023.online/public_html/tmp/3hn69l4qoa804.3h31n1yj254w8.php')
Fri, 24 Jan 2025 15:36:17 -0500 [2603:9000:f801:55e2:407:872:ddbe:e148] [lib/base.php:3281] View->sandbox()
Fri, 24 Jan 2025 15:36:17 -0500 [2603:9000:f801:55e2:407:872:ddbe:e148] [app/controllers/Controller.php:87] Preview->render()
Fri, 24 Jan 2025 15:36:17 -0500 [2603:9000:f801:55e2:407:872:ddbe:e148] [lib/base.php:2078] Controller->afterroute()
Fri, 24 Jan 2025 15:36:17 -0500 [2603:9000:f801:55e2:407:872:ddbe:e148] [lib/base.php:1871] Base->call()
Fri, 24 Jan 2025 15:36:17 -0500 [2603:9000:f801:55e2:407:872:ddbe:e148] [index.php:19] Base->run()
Fri, 24 Jan 2025 15:40:03 -0500 [2603:9000:f801:55e2:407:872:ddbe:e148] 500: Undefined variable $entity_num trace: [tmp/3hn69l4qoa804.1zo7dt0fljr4w.php:200]
Fri, 24 Jan 2025 15:40:03 -0500 [2603:9000:f801:55e2:407:872:ddbe:e148] [tmp/3hn69l4qoa804.1zo7dt0fljr4w.php:200] Base->{closure}()
Fri, 24 Jan 2025 15:40:03 -0500 [2603:9000:f801:55e2:407:872:ddbe:e148] [lib/base.php:3036] require('/home/u991737198/domains/tas2023.online/public_html/tmp/3hn69l4qoa804.1zo7dt0fljr4w.php')
Fri, 24 Jan 2025 15:40:03 -0500 [2603:9000:f801:55e2:407:872:ddbe:e148] [lib/base.php:3281] View->sandbox()
Fri, 24 Jan 2025 15:40:03 -0500 [2603:9000:f801:55e2:407:872:ddbe:e148] [tmp/3hn69l4qoa804.3h31n1yj254w8.php:7] Preview->render()
Fri, 24 Jan 2025 15:40:03 -0500 [2603:9000:f801:55e2:407:872:ddbe:e148] [lib/base.php:3036] require('/home/u991737198/domains/tas2023.online/public_html/tmp/3hn69l4qoa804.3h31n1yj254w8.php')
Fri, 24 Jan 2025 15:40:03 -0500 [2603:9000:f801:55e2:407:872:ddbe:e148] [lib/base.php:3281] View->sandbox()
Fri, 24 Jan 2025 15:40:03 -0500 [2603:9000:f801:55e2:407:872:ddbe:e148] [app/controllers/Controller.php:87] Preview->render()
Fri, 24 Jan 2025 15:40:03 -0500 [2603:9000:f801:55e2:407:872:ddbe:e148] [lib/base.php:2078] Controller->afterroute()
Fri, 24 Jan 2025 15:40:03 -0500 [2603:9000:f801:55e2:407:872:ddbe:e148] [lib/base.php:1871] Base->call()
Fri, 24 Jan 2025 15:40:03 -0500 [2603:9000:f801:55e2:407:872:ddbe:e148] [index.php:19] Base->run()
Fri, 24 Jan 2025 15:40:16 -0500 [2603:9000:f801:55e2:407:872:ddbe:e148] 500: Undefined variable $entity_num trace: [tmp/3hn69l4qoa804.1zo7dt0fljr4w.php:200]
Fri, 24 Jan 2025 15:40:16 -0500 [2603:9000:f801:55e2:407:872:ddbe:e148] [tmp/3hn69l4qoa804.1zo7dt0fljr4w.php:200] Base->{closure}()
Fri, 24 Jan 2025 15:40:16 -0500 [2603:9000:f801:55e2:407:872:ddbe:e148] [lib/base.php:3036] require('/home/u991737198/domains/tas2023.online/public_html/tmp/3hn69l4qoa804.1zo7dt0fljr4w.php')
Fri, 24 Jan 2025 15:40:16 -0500 [2603:9000:f801:55e2:407:872:ddbe:e148] [lib/base.php:3281] View->sandbox()
Fri, 24 Jan 2025 15:40:16 -0500 [2603:9000:f801:55e2:407:872:ddbe:e148] [tmp/3hn69l4qoa804.3h31n1yj254w8.php:7] Preview->render()
Fri, 24 Jan 2025 15:40:16 -0500 [2603:9000:f801:55e2:407:872:ddbe:e148] [lib/base.php:3036] require('/home/u991737198/domains/tas2023.online/public_html/tmp/3hn69l4qoa804.3h31n1yj254w8.php')
Fri, 24 Jan 2025 15:40:16 -0500 [2603:9000:f801:55e2:407:872:ddbe:e148] [lib/base.php:3281] View->sandbox()
Fri, 24 Jan 2025 15:40:16 -0500 [2603:9000:f801:55e2:407:872:ddbe:e148] [app/controllers/Controller.php:87] Preview->render()
Fri, 24 Jan 2025 15:40:16 -0500 [2603:9000:f801:55e2:407:872:ddbe:e148] [lib/base.php:2078] Controller->afterroute()
Fri, 24 Jan 2025 15:40:16 -0500 [2603:9000:f801:55e2:407:872:ddbe:e148] [lib/base.php:1871] Base->call()
Fri, 24 Jan 2025 15:40:16 -0500 [2603:9000:f801:55e2:407:872:ddbe:e148] [index.php:19] Base->run()
Fri, 24 Jan 2025 15:41:06 -0500 [2603:9000:f801:55e2:407:872:ddbe:e148] 500: Undefined variable $entity_num trace: [tmp/3hn69l4qoa804.1zo7dt0fljr4w.php:200]
Fri, 24 Jan 2025 15:41:06 -0500 [2603:9000:f801:55e2:407:872:ddbe:e148] [tmp/3hn69l4qoa804.1zo7dt0fljr4w.php:200] Base->{closure}()
Fri, 24 Jan 2025 15:41:06 -0500 [2603:9000:f801:55e2:407:872:ddbe:e148] [lib/base.php:3036] require('/home/u991737198/domains/tas2023.online/public_html/tmp/3hn69l4qoa804.1zo7dt0fljr4w.php')
Fri, 24 Jan 2025 15:41:06 -0500 [2603:9000:f801:55e2:407:872:ddbe:e148] [lib/base.php:3281] View->sandbox()
Fri, 24 Jan 2025 15:41:06 -0500 [2603:9000:f801:55e2:407:872:ddbe:e148] [tmp/3hn69l4qoa804.3h31n1yj254w8.php:7] Preview->render()
Fri, 24 Jan 2025 15:41:06 -0500 [2603:9000:f801:55e2:407:872:ddbe:e148] [lib/base.php:3036] require('/home/u991737198/domains/tas2023.online/public_html/tmp/3hn69l4qoa804.3h31n1yj254w8.php')
Fri, 24 Jan 2025 15:41:06 -0500 [2603:9000:f801:55e2:407:872:ddbe:e148] [lib/base.php:3281] View->sandbox()
Fri, 24 Jan 2025 15:41:06 -0500 [2603:9000:f801:55e2:407:872:ddbe:e148] [app/controllers/Controller.php:87] Preview->render()
Fri, 24 Jan 2025 15:41:06 -0500 [2603:9000:f801:55e2:407:872:ddbe:e148] [lib/base.php:2078] Controller->afterroute()
Fri, 24 Jan 2025 15:41:06 -0500 [2603:9000:f801:55e2:407:872:ddbe:e148] [lib/base.php:1871] Base->call()
Fri, 24 Jan 2025 15:41:06 -0500 [2603:9000:f801:55e2:407:872:ddbe:e148] [index.php:19] Base->run()
Fri, 24 Jan 2025 15:41:09 -0500 [2603:9000:f801:55e2:407:872:ddbe:e148] 500: Undefined variable $i18n_select_task_type trace: [/home/u991737198/domains/tas2023.online/public_html/tmp/3hn69l4qoa804.9b9764piwerh.php:214]
Fri, 24 Jan 2025 15:41:09 -0500 [2603:9000:f801:55e2:407:872:ddbe:e148] [/home/u991737198/domains/tas2023.online/public_html/tmp/3hn69l4qoa804.9b9764piwerh.php:214] Base->{closure}()
Fri, 24 Jan 2025 15:41:09 -0500 [2603:9000:f801:55e2:407:872:ddbe:e148] [/home/u991737198/domains/tas2023.online/public_html/lib/base.php:3036] require('/home/u991737198/domains/tas2023.online/public_html/tmp/3hn69l4qoa804.9b9764piwerh.php')
Fri, 24 Jan 2025 15:41:09 -0500 [2603:9000:f801:55e2:407:872:ddbe:e148] [/home/u991737198/domains/tas2023.online/public_html/lib/base.php:3281] View->sandbox()
Fri, 24 Jan 2025 15:41:09 -0500 [2603:9000:f801:55e2:407:872:ddbe:e148] [/home/u991737198/domains/tas2023.online/public_html/tmp/3hn69l4qoa804.3h31n1yj254w8.php:7] Preview->render()
Fri, 24 Jan 2025 15:41:09 -0500 [2603:9000:f801:55e2:407:872:ddbe:e148] [/home/u991737198/domains/tas2023.online/public_html/lib/base.php:3036] require('/home/u991737198/domains/tas2023.online/public_html/tmp/3hn69l4qoa804.3h31n1yj254w8.php')
Fri, 24 Jan 2025 15:41:09 -0500 [2603:9000:f801:55e2:407:872:ddbe:e148] [/home/u991737198/domains/tas2023.online/public_html/lib/base.php:3281] View->sandbox()
Fri, 24 Jan 2025 15:41:09 -0500 [2603:9000:f801:55e2:407:872:ddbe:e148] [/home/u991737198/domains/tas2023.online/public_html/app/controllers/Controller.php:87] Preview->render()
Fri, 24 Jan 2025 15:41:09 -0500 [2603:9000:f801:55e2:407:872:ddbe:e148] [/home/u991737198/domains/tas2023.online/public_html/lib/base.php:2078] Controller->afterroute()
Fri, 24 Jan 2025 15:41:09 -0500 [2603:9000:f801:55e2:407:872:ddbe:e148] [/home/u991737198/domains/tas2023.online/public_html/lib/base.php:1871] Base->call()
Fri, 24 Jan 2025 15:41:09 -0500 [2603:9000:f801:55e2:407:872:ddbe:e148] [/home/u991737198/domains/tas2023.online/public_html/index.php:19] Base->run()
Fri, 24 Jan 2025 15:41:18 -0500 [2603:9000:f801:55e2:407:872:ddbe:e148] 500: Undefined variable $selected_note trace: [/home/u991737198/domains/tas2023.online/public_html/tmp/3hn69l4qoa804.3g8shy2588w00.php:371]
Fri, 24 Jan 2025 15:41:18 -0500 [2603:9000:f801:55e2:407:872:ddbe:e148] [/home/u991737198/domains/tas2023.online/public_html/tmp/3hn69l4qoa804.3g8shy2588w00.php:371] Base->{closure}()
Fri, 24 Jan 2025 15:41:18 -0500 [2603:9000:f801:55e2:407:872:ddbe:e148] [/home/u991737198/domains/tas2023.online/public_html/lib/base.php:3036] require('/home/u991737198/domains/tas2023.online/public_html/tmp/3hn69l4qoa804.3g8shy2588w00.php')
Fri, 24 Jan 2025 15:41:18 -0500 [2603:9000:f801:55e2:407:872:ddbe:e148] [/home/u991737198/domains/tas2023.online/public_html/lib/base.php:3281] View->sandbox()
Fri, 24 Jan 2025 15:41:18 -0500 [2603:9000:f801:55e2:407:872:ddbe:e148] [/home/u991737198/domains/tas2023.online/public_html/tmp/3hn69l4qoa804.3h31n1yj254w8.php:7] Preview->render()
Fri, 24 Jan 2025 15:41:18 -0500 [2603:9000:f801:55e2:407:872:ddbe:e148] [/home/u991737198/domains/tas2023.online/public_html/lib/base.php:3036] require('/home/u991737198/domains/tas2023.online/public_html/tmp/3hn69l4qoa804.3h31n1yj254w8.php')
Fri, 24 Jan 2025 15:41:18 -0500 [2603:9000:f801:55e2:407:872:ddbe:e148] [/home/u991737198/domains/tas2023.online/public_html/lib/base.php:3281] View->sandbox()
Fri, 24 Jan 2025 15:41:18 -0500 [2603:9000:f801:55e2:407:872:ddbe:e148] [/home/u991737198/domains/tas2023.online/public_html/app/controllers/Controller.php:87] Preview->render()
Fri, 24 Jan 2025 15:41:18 -0500 [2603:9000:f801:55e2:407:872:ddbe:e148] [/home/u991737198/domains/tas2023.online/public_html/lib/base.php:2078] Controller->afterroute()
Fri, 24 Jan 2025 15:41:18 -0500 [2603:9000:f801:55e2:407:872:ddbe:e148] [/home/u991737198/domains/tas2023.online/public_html/lib/base.php:1871] Base->call()
Fri, 24 Jan 2025 15:41:18 -0500 [2603:9000:f801:55e2:407:872:ddbe:e148] [/home/u991737198/domains/tas2023.online/public_html/index.php:19] Base->run()
Fri, 24 Jan 2025 15:41:27 -0500 [2603:9000:f801:55e2:407:872:ddbe:e148] 500: Undefined variable $entity_num trace: [tmp/3hn69l4qoa804.1zo7dt0fljr4w.php:200]
Fri, 24 Jan 2025 15:41:27 -0500 [2603:9000:f801:55e2:407:872:ddbe:e148] [tmp/3hn69l4qoa804.1zo7dt0fljr4w.php:200] Base->{closure}()
Fri, 24 Jan 2025 15:41:27 -0500 [2603:9000:f801:55e2:407:872:ddbe:e148] [lib/base.php:3036] require('/home/u991737198/domains/tas2023.online/public_html/tmp/3hn69l4qoa804.1zo7dt0fljr4w.php')
Fri, 24 Jan 2025 15:41:27 -0500 [2603:9000:f801:55e2:407:872:ddbe:e148] [lib/base.php:3281] View->sandbox()
Fri, 24 Jan 2025 15:41:27 -0500 [2603:9000:f801:55e2:407:872:ddbe:e148] [tmp/3hn69l4qoa804.3h31n1yj254w8.php:7] Preview->render()
Fri, 24 Jan 2025 15:41:27 -0500 [2603:9000:f801:55e2:407:872:ddbe:e148] [lib/base.php:3036] require('/home/u991737198/domains/tas2023.online/public_html/tmp/3hn69l4qoa804.3h31n1yj254w8.php')
Fri, 24 Jan 2025 15:41:27 -0500 [2603:9000:f801:55e2:407:872:ddbe:e148] [lib/base.php:3281] View->sandbox()
Fri, 24 Jan 2025 15:41:27 -0500 [2603:9000:f801:55e2:407:872:ddbe:e148] [app/controllers/Controller.php:87] Preview->render()
Fri, 24 Jan 2025 15:41:27 -0500 [2603:9000:f801:55e2:407:872:ddbe:e148] [lib/base.php:2078] Controller->afterroute()
Fri, 24 Jan 2025 15:41:27 -0500 [2603:9000:f801:55e2:407:872:ddbe:e148] [lib/base.php:1871] Base->call()
Fri, 24 Jan 2025 15:41:27 -0500 [2603:9000:f801:55e2:407:872:ddbe:e148] [index.php:19] Base->run()
Fri, 24 Jan 2025 15:41:32 -0500 [2603:9000:f801:55e2:407:872:ddbe:e148] 500: Undefined variable $token trace: [tmp/3hn69l4qoa804.2r4f9cgm96ecs.php:226]
Fri, 24 Jan 2025 15:41:32 -0500 [2603:9000:f801:55e2:407:872:ddbe:e148] [tmp/3hn69l4qoa804.2r4f9cgm96ecs.php:226] Base->{closure}()
Fri, 24 Jan 2025 15:41:32 -0500 [2603:9000:f801:55e2:407:872:ddbe:e148] [lib/base.php:3036] require('/home/u991737198/domains/tas2023.online/public_html/tmp/3hn69l4qoa804.2r4f9cgm96ecs.php')
Fri, 24 Jan 2025 15:41:32 -0500 [2603:9000:f801:55e2:407:872:ddbe:e148] [lib/base.php:3281] View->sandbox()
Fri, 24 Jan 2025 15:41:32 -0500 [2603:9000:f801:55e2:407:872:ddbe:e148] [tmp/3hn69l4qoa804.3h31n1yj254w8.php:7] Preview->render()
Fri, 24 Jan 2025 15:41:32 -0500 [2603:9000:f801:55e2:407:872:ddbe:e148] [lib/base.php:3036] require('/home/u991737198/domains/tas2023.online/public_html/tmp/3hn69l4qoa804.3h31n1yj254w8.php')
Fri, 24 Jan 2025 15:41:32 -0500 [2603:9000:f801:55e2:407:872:ddbe:e148] [lib/base.php:3281] View->sandbox()
Fri, 24 Jan 2025 15:41:32 -0500 [2603:9000:f801:55e2:407:872:ddbe:e148] [app/controllers/Controller.php:87] Preview->render()
Fri, 24 Jan 2025 15:41:32 -0500 [2603:9000:f801:55e2:407:872:ddbe:e148] [lib/base.php:2078] Controller->afterroute()
Fri, 24 Jan 2025 15:41:32 -0500 [2603:9000:f801:55e2:407:872:ddbe:e148] [lib/base.php:1871] Base->call()
Fri, 24 Jan 2025 15:41:32 -0500 [2603:9000:f801:55e2:407:872:ddbe:e148] [index.php:19] Base->run()
Fri, 24 Jan 2025 15:41:40 -0500 [2603:9000:f801:55e2:407:872:ddbe:e148] 500: Undefined variable $token trace: [tmp/3hn69l4qoa804.2r4f9cgm96ecs.php:226]
Fri, 24 Jan 2025 15:41:40 -0500 [2603:9000:f801:55e2:407:872:ddbe:e148] [tmp/3hn69l4qoa804.2r4f9cgm96ecs.php:226] Base->{closure}()
Fri, 24 Jan 2025 15:41:40 -0500 [2603:9000:f801:55e2:407:872:ddbe:e148] [lib/base.php:3036] require('/home/u991737198/domains/tas2023.online/public_html/tmp/3hn69l4qoa804.2r4f9cgm96ecs.php')
Fri, 24 Jan 2025 15:41:40 -0500 [2603:9000:f801:55e2:407:872:ddbe:e148] [lib/base.php:3281] View->sandbox()
Fri, 24 Jan 2025 15:41:40 -0500 [2603:9000:f801:55e2:407:872:ddbe:e148] [tmp/3hn69l4qoa804.3h31n1yj254w8.php:7] Preview->render()
Fri, 24 Jan 2025 15:41:40 -0500 [2603:9000:f801:55e2:407:872:ddbe:e148] [lib/base.php:3036] require('/home/u991737198/domains/tas2023.online/public_html/tmp/3hn69l4qoa804.3h31n1yj254w8.php')
Fri, 24 Jan 2025 15:41:40 -0500 [2603:9000:f801:55e2:407:872:ddbe:e148] [lib/base.php:3281] View->sandbox()
Fri, 24 Jan 2025 15:41:40 -0500 [2603:9000:f801:55e2:407:872:ddbe:e148] [app/controllers/Controller.php:87] Preview->render()
Fri, 24 Jan 2025 15:41:40 -0500 [2603:9000:f801:55e2:407:872:ddbe:e148] [lib/base.php:2078] Controller->afterroute()
Fri, 24 Jan 2025 15:41:40 -0500 [2603:9000:f801:55e2:407:872:ddbe:e148] [lib/base.php:1871] Base->call()
Fri, 24 Jan 2025 15:41:40 -0500 [2603:9000:f801:55e2:407:872:ddbe:e148] [index.php:19] Base->run()
Fri, 24 Jan 2025 15:41:43 -0500 [2603:9000:f801:55e2:407:872:ddbe:e148] 500: Undefined variable $i18n_select_task_type trace: [/home/u991737198/domains/tas2023.online/public_html/tmp/3hn69l4qoa804.9b9764piwerh.php:214]
Fri, 24 Jan 2025 15:41:43 -0500 [2603:9000:f801:55e2:407:872:ddbe:e148] [/home/u991737198/domains/tas2023.online/public_html/tmp/3hn69l4qoa804.9b9764piwerh.php:214] Base->{closure}()
Fri, 24 Jan 2025 15:41:43 -0500 [2603:9000:f801:55e2:407:872:ddbe:e148] [/home/u991737198/domains/tas2023.online/public_html/lib/base.php:3036] require('/home/u991737198/domains/tas2023.online/public_html/tmp/3hn69l4qoa804.9b9764piwerh.php')
Fri, 24 Jan 2025 15:41:43 -0500 [2603:9000:f801:55e2:407:872:ddbe:e148] [/home/u991737198/domains/tas2023.online/public_html/lib/base.php:3281] View->sandbox()
Fri, 24 Jan 2025 15:41:43 -0500 [2603:9000:f801:55e2:407:872:ddbe:e148] [/home/u991737198/domains/tas2023.online/public_html/tmp/3hn69l4qoa804.3h31n1yj254w8.php:7] Preview->render()
Fri, 24 Jan 2025 15:41:43 -0500 [2603:9000:f801:55e2:407:872:ddbe:e148] [/home/u991737198/domains/tas2023.online/public_html/lib/base.php:3036] require('/home/u991737198/domains/tas2023.online/public_html/tmp/3hn69l4qoa804.3h31n1yj254w8.php')
Fri, 24 Jan 2025 15:41:43 -0500 [2603:9000:f801:55e2:407:872:ddbe:e148] [/home/u991737198/domains/tas2023.online/public_html/lib/base.php:3281] View->sandbox()
Fri, 24 Jan 2025 15:41:43 -0500 [2603:9000:f801:55e2:407:872:ddbe:e148] [/home/u991737198/domains/tas2023.online/public_html/app/controllers/Controller.php:87] Preview->render()
Fri, 24 Jan 2025 15:41:43 -0500 [2603:9000:f801:55e2:407:872:ddbe:e148] [/home/u991737198/domains/tas2023.online/public_html/lib/base.php:2078] Controller->afterroute()
Fri, 24 Jan 2025 15:41:43 -0500 [2603:9000:f801:55e2:407:872:ddbe:e148] [/home/u991737198/domains/tas2023.online/public_html/lib/base.php:1871] Base->call()
Fri, 24 Jan 2025 15:41:43 -0500 [2603:9000:f801:55e2:407:872:ddbe:e148] [/home/u991737198/domains/tas2023.online/public_html/index.php:19] Base->run()
Fri, 24 Jan 2025 15:41:46 -0500 [2603:9000:f801:55e2:407:872:ddbe:e148] 500: Undefined variable $selected_note trace: [/home/u991737198/domains/tas2023.online/public_html/tmp/3hn69l4qoa804.3g8shy2588w00.php:371]
Fri, 24 Jan 2025 15:41:46 -0500 [2603:9000:f801:55e2:407:872:ddbe:e148] [/home/u991737198/domains/tas2023.online/public_html/tmp/3hn69l4qoa804.3g8shy2588w00.php:371] Base->{closure}()
Fri, 24 Jan 2025 15:41:46 -0500 [2603:9000:f801:55e2:407:872:ddbe:e148] [/home/u991737198/domains/tas2023.online/public_html/lib/base.php:3036] require('/home/u991737198/domains/tas2023.online/public_html/tmp/3hn69l4qoa804.3g8shy2588w00.php')
Fri, 24 Jan 2025 15:41:46 -0500 [2603:9000:f801:55e2:407:872:ddbe:e148] [/home/u991737198/domains/tas2023.online/public_html/lib/base.php:3281] View->sandbox()
Fri, 24 Jan 2025 15:41:46 -0500 [2603:9000:f801:55e2:407:872:ddbe:e148] [/home/u991737198/domains/tas2023.online/public_html/tmp/3hn69l4qoa804.3h31n1yj254w8.php:7] Preview->render()
Fri, 24 Jan 2025 15:41:46 -0500 [2603:9000:f801:55e2:407:872:ddbe:e148] [/home/u991737198/domains/tas2023.online/public_html/lib/base.php:3036] require('/home/u991737198/domains/tas2023.online/public_html/tmp/3hn69l4qoa804.3h31n1yj254w8.php')
Fri, 24 Jan 2025 15:41:46 -0500 [2603:9000:f801:55e2:407:872:ddbe:e148] [/home/u991737198/domains/tas2023.online/public_html/lib/base.php:3281] View->sandbox()
Fri, 24 Jan 2025 15:41:46 -0500 [2603:9000:f801:55e2:407:872:ddbe:e148] [/home/u991737198/domains/tas2023.online/public_html/app/controllers/Controller.php:87] Preview->render()
Fri, 24 Jan 2025 15:41:46 -0500 [2603:9000:f801:55e2:407:872:ddbe:e148] [/home/u991737198/domains/tas2023.online/public_html/lib/base.php:2078] Controller->afterroute()
Fri, 24 Jan 2025 15:41:46 -0500 [2603:9000:f801:55e2:407:872:ddbe:e148] [/home/u991737198/domains/tas2023.online/public_html/lib/base.php:1871] Base->call()
Fri, 24 Jan 2025 15:41:46 -0500 [2603:9000:f801:55e2:407:872:ddbe:e148] [/home/u991737198/domains/tas2023.online/public_html/index.php:19] Base->run()
Fri, 24 Jan 2025 15:42:14 -0500 [2603:9000:f801:55e2:407:872:ddbe:e148] 500: Undefined variable $i18n_select_task_type trace: [/home/u991737198/domains/tas2023.online/public_html/tmp/3hn69l4qoa804.9b9764piwerh.php:214]
Fri, 24 Jan 2025 15:42:14 -0500 [2603:9000:f801:55e2:407:872:ddbe:e148] [/home/u991737198/domains/tas2023.online/public_html/tmp/3hn69l4qoa804.9b9764piwerh.php:214] Base->{closure}()
Fri, 24 Jan 2025 15:42:14 -0500 [2603:9000:f801:55e2:407:872:ddbe:e148] [/home/u991737198/domains/tas2023.online/public_html/lib/base.php:3036] require('/home/u991737198/domains/tas2023.online/public_html/tmp/3hn69l4qoa804.9b9764piwerh.php')
Fri, 24 Jan 2025 15:42:14 -0500 [2603:9000:f801:55e2:407:872:ddbe:e148] [/home/u991737198/domains/tas2023.online/public_html/lib/base.php:3281] View->sandbox()
Fri, 24 Jan 2025 15:42:14 -0500 [2603:9000:f801:55e2:407:872:ddbe:e148] [/home/u991737198/domains/tas2023.online/public_html/tmp/3hn69l4qoa804.3h31n1yj254w8.php:7] Preview->render()
Fri, 24 Jan 2025 15:42:14 -0500 [2603:9000:f801:55e2:407:872:ddbe:e148] [/home/u991737198/domains/tas2023.online/public_html/lib/base.php:3036] require('/home/u991737198/domains/tas2023.online/public_html/tmp/3hn69l4qoa804.3h31n1yj254w8.php')
Fri, 24 Jan 2025 15:42:14 -0500 [2603:9000:f801:55e2:407:872:ddbe:e148] [/home/u991737198/domains/tas2023.online/public_html/lib/base.php:3281] View->sandbox()
Fri, 24 Jan 2025 15:42:14 -0500 [2603:9000:f801:55e2:407:872:ddbe:e148] [/home/u991737198/domains/tas2023.online/public_html/app/controllers/Controller.php:87] Preview->render()
Fri, 24 Jan 2025 15:42:14 -0500 [2603:9000:f801:55e2:407:872:ddbe:e148] [/home/u991737198/domains/tas2023.online/public_html/lib/base.php:2078] Controller->afterroute()
Fri, 24 Jan 2025 15:42:14 -0500 [2603:9000:f801:55e2:407:872:ddbe:e148] [/home/u991737198/domains/tas2023.online/public_html/lib/base.php:1871] Base->call()
Fri, 24 Jan 2025 15:42:14 -0500 [2603:9000:f801:55e2:407:872:ddbe:e148] [/home/u991737198/domains/tas2023.online/public_html/index.php:19] Base->run()
Fri, 24 Jan 2025 15:42:15 -0500 [2603:9000:f801:55e2:407:872:ddbe:e148] 500: Undefined variable $selected_note trace: [/home/u991737198/domains/tas2023.online/public_html/tmp/3hn69l4qoa804.3g8shy2588w00.php:371]
Fri, 24 Jan 2025 15:42:15 -0500 [2603:9000:f801:55e2:407:872:ddbe:e148] [/home/u991737198/domains/tas2023.online/public_html/tmp/3hn69l4qoa804.3g8shy2588w00.php:371] Base->{closure}()
Fri, 24 Jan 2025 15:42:15 -0500 [2603:9000:f801:55e2:407:872:ddbe:e148] [/home/u991737198/domains/tas2023.online/public_html/lib/base.php:3036] require('/home/u991737198/domains/tas2023.online/public_html/tmp/3hn69l4qoa804.3g8shy2588w00.php')
Fri, 24 Jan 2025 15:42:15 -0500 [2603:9000:f801:55e2:407:872:ddbe:e148] [/home/u991737198/domains/tas2023.online/public_html/lib/base.php:3281] View->sandbox()
Fri, 24 Jan 2025 15:42:15 -0500 [2603:9000:f801:55e2:407:872:ddbe:e148] [/home/u991737198/domains/tas2023.online/public_html/tmp/3hn69l4qoa804.3h31n1yj254w8.php:7] Preview->render()
Fri, 24 Jan 2025 15:42:15 -0500 [2603:9000:f801:55e2:407:872:ddbe:e148] [/home/u991737198/domains/tas2023.online/public_html/lib/base.php:3036] require('/home/u991737198/domains/tas2023.online/public_html/tmp/3hn69l4qoa804.3h31n1yj254w8.php')
Fri, 24 Jan 2025 15:42:15 -0500 [2603:9000:f801:55e2:407:872:ddbe:e148] [/home/u991737198/domains/tas2023.online/public_html/lib/base.php:3281] View->sandbox()
Fri, 24 Jan 2025 15:42:15 -0500 [2603:9000:f801:55e2:407:872:ddbe:e148] [/home/u991737198/domains/tas2023.online/public_html/app/controllers/Controller.php:87] Preview->render()
Fri, 24 Jan 2025 15:42:15 -0500 [2603:9000:f801:55e2:407:872:ddbe:e148] [/home/u991737198/domains/tas2023.online/public_html/lib/base.php:2078] Controller->afterroute()
Fri, 24 Jan 2025 15:42:15 -0500 [2603:9000:f801:55e2:407:872:ddbe:e148] [/home/u991737198/domains/tas2023.online/public_html/lib/base.php:1871] Base->call()
Fri, 24 Jan 2025 15:42:15 -0500 [2603:9000:f801:55e2:407:872:ddbe:e148] [/home/u991737198/domains/tas2023.online/public_html/index.php:19] Base->run()
Fri, 24 Jan 2025 15:42:48 -0500 [2603:9000:f801:55e2:407:872:ddbe:e148] 500: trim(): Passing null to parameter #1 ($string) of type string is deprecated trace: [/home/u991737198/domains/tas2023.online/public_html/tmp/3hn69l4qoa804.3g8shy2588w00.php:340]
Fri, 24 Jan 2025 15:42:48 -0500 [2603:9000:f801:55e2:407:872:ddbe:e148] [/home/u991737198/domains/tas2023.online/public_html/tmp/3hn69l4qoa804.3g8shy2588w00.php:340] trim()
Fri, 24 Jan 2025 15:42:48 -0500 [2603:9000:f801:55e2:407:872:ddbe:e148] [/home/u991737198/domains/tas2023.online/public_html/lib/base.php:3036] require('/home/u991737198/domains/tas2023.online/public_html/tmp/3hn69l4qoa804.3g8shy2588w00.php')
Fri, 24 Jan 2025 15:42:48 -0500 [2603:9000:f801:55e2:407:872:ddbe:e148] [/home/u991737198/domains/tas2023.online/public_html/lib/base.php:3281] View->sandbox()
Fri, 24 Jan 2025 15:42:48 -0500 [2603:9000:f801:55e2:407:872:ddbe:e148] [/home/u991737198/domains/tas2023.online/public_html/tmp/3hn69l4qoa804.3h31n1yj254w8.php:7] Preview->render()
Fri, 24 Jan 2025 15:42:48 -0500 [2603:9000:f801:55e2:407:872:ddbe:e148] [/home/u991737198/domains/tas2023.online/public_html/lib/base.php:3036] require('/home/u991737198/domains/tas2023.online/public_html/tmp/3hn69l4qoa804.3h31n1yj254w8.php')
Fri, 24 Jan 2025 15:42:48 -0500 [2603:9000:f801:55e2:407:872:ddbe:e148] [/home/u991737198/domains/tas2023.online/public_html/lib/base.php:3281] View->sandbox()
Fri, 24 Jan 2025 15:42:48 -0500 [2603:9000:f801:55e2:407:872:ddbe:e148] [/home/u991737198/domains/tas2023.online/public_html/app/controllers/Controller.php:87] Preview->render()
Fri, 24 Jan 2025 15:42:48 -0500 [2603:9000:f801:55e2:407:872:ddbe:e148] [/home/u991737198/domains/tas2023.online/public_html/lib/base.php:2078] Controller->afterroute()
Fri, 24 Jan 2025 15:42:48 -0500 [2603:9000:f801:55e2:407:872:ddbe:e148] [/home/u991737198/domains/tas2023.online/public_html/lib/base.php:1871] Base->call()
Fri, 24 Jan 2025 15:42:48 -0500 [2603:9000:f801:55e2:407:872:ddbe:e148] [/home/u991737198/domains/tas2023.online/public_html/index.php:19] Base->run()
Fri, 24 Jan 2025 15:48:09 -0500 [2603:9000:f801:55e2:407:872:ddbe:e148] 500: Undefined variable $entity_num trace: [tmp/3hn69l4qoa804.1zo7dt0fljr4w.php:200]
Fri, 24 Jan 2025 15:48:09 -0500 [2603:9000:f801:55e2:407:872:ddbe:e148] [tmp/3hn69l4qoa804.1zo7dt0fljr4w.php:200] Base->{closure}()
Fri, 24 Jan 2025 15:48:09 -0500 [2603:9000:f801:55e2:407:872:ddbe:e148] [lib/base.php:3036] require('/home/u991737198/domains/tas2023.online/public_html/tmp/3hn69l4qoa804.1zo7dt0fljr4w.php')
Fri, 24 Jan 2025 15:48:09 -0500 [2603:9000:f801:55e2:407:872:ddbe:e148] [lib/base.php:3281] View->sandbox()
Fri, 24 Jan 2025 15:48:09 -0500 [2603:9000:f801:55e2:407:872:ddbe:e148] [tmp/3hn69l4qoa804.3h31n1yj254w8.php:7] Preview->render()
Fri, 24 Jan 2025 15:48:09 -0500 [2603:9000:f801:55e2:407:872:ddbe:e148] [lib/base.php:3036] require('/home/u991737198/domains/tas2023.online/public_html/tmp/3hn69l4qoa804.3h31n1yj254w8.php')
Fri, 24 Jan 2025 15:48:09 -0500 [2603:9000:f801:55e2:407:872:ddbe:e148] [lib/base.php:3281] View->sandbox()
Fri, 24 Jan 2025 15:48:09 -0500 [2603:9000:f801:55e2:407:872:ddbe:e148] [app/controllers/Controller.php:87] Preview->render()
Fri, 24 Jan 2025 15:48:09 -0500 [2603:9000:f801:55e2:407:872:ddbe:e148] [lib/base.php:2078] Controller->afterroute()
Fri, 24 Jan 2025 15:48:09 -0500 [2603:9000:f801:55e2:407:872:ddbe:e148] [lib/base.php:1871] Base->call()
Fri, 24 Jan 2025 15:48:09 -0500 [2603:9000:f801:55e2:407:872:ddbe:e148] [index.php:19] Base->run()
Fri, 24 Jan 2025 15:48:13 -0500 [2603:9000:f801:55e2:407:872:ddbe:e148] 500: Undefined variable $entity_num trace: [tmp/3hn69l4qoa804.1zo7dt0fljr4w.php:200]
Fri, 24 Jan 2025 15:48:13 -0500 [2603:9000:f801:55e2:407:872:ddbe:e148] [tmp/3hn69l4qoa804.1zo7dt0fljr4w.php:200] Base->{closure}()
Fri, 24 Jan 2025 15:48:13 -0500 [2603:9000:f801:55e2:407:872:ddbe:e148] [lib/base.php:3036] require('/home/u991737198/domains/tas2023.online/public_html/tmp/3hn69l4qoa804.1zo7dt0fljr4w.php')
Fri, 24 Jan 2025 15:48:13 -0500 [2603:9000:f801:55e2:407:872:ddbe:e148] [lib/base.php:3281] View->sandbox()
Fri, 24 Jan 2025 15:48:13 -0500 [2603:9000:f801:55e2:407:872:ddbe:e148] [tmp/3hn69l4qoa804.3h31n1yj254w8.php:7] Preview->render()
Fri, 24 Jan 2025 15:48:13 -0500 [2603:9000:f801:55e2:407:872:ddbe:e148] [lib/base.php:3036] require('/home/u991737198/domains/tas2023.online/public_html/tmp/3hn69l4qoa804.3h31n1yj254w8.php')
Fri, 24 Jan 2025 15:48:13 -0500 [2603:9000:f801:55e2:407:872:ddbe:e148] [lib/base.php:3281] View->sandbox()
Fri, 24 Jan 2025 15:48:13 -0500 [2603:9000:f801:55e2:407:872:ddbe:e148] [app/controllers/Controller.php:87] Preview->render()
Fri, 24 Jan 2025 15:48:13 -0500 [2603:9000:f801:55e2:407:872:ddbe:e148] [lib/base.php:2078] Controller->afterroute()
Fri, 24 Jan 2025 15:48:13 -0500 [2603:9000:f801:55e2:407:872:ddbe:e148] [lib/base.php:1871] Base->call()
Fri, 24 Jan 2025 15:48:13 -0500 [2603:9000:f801:55e2:407:872:ddbe:e148] [index.php:19] Base->run()
Fri, 24 Jan 2025 15:48:16 -0500 [2603:9000:f801:55e2:407:872:ddbe:e148] 500: Undefined variable $i18n_select_task_type trace: [/home/u991737198/domains/tas2023.online/public_html/tmp/3hn69l4qoa804.9b9764piwerh.php:214]
Fri, 24 Jan 2025 15:48:16 -0500 [2603:9000:f801:55e2:407:872:ddbe:e148] [/home/u991737198/domains/tas2023.online/public_html/tmp/3hn69l4qoa804.9b9764piwerh.php:214] Base->{closure}()
Fri, 24 Jan 2025 15:48:16 -0500 [2603:9000:f801:55e2:407:872:ddbe:e148] [/home/u991737198/domains/tas2023.online/public_html/lib/base.php:3036] require('/home/u991737198/domains/tas2023.online/public_html/tmp/3hn69l4qoa804.9b9764piwerh.php')
Fri, 24 Jan 2025 15:48:16 -0500 [2603:9000:f801:55e2:407:872:ddbe:e148] [/home/u991737198/domains/tas2023.online/public_html/lib/base.php:3281] View->sandbox()
Fri, 24 Jan 2025 15:48:16 -0500 [2603:9000:f801:55e2:407:872:ddbe:e148] [/home/u991737198/domains/tas2023.online/public_html/tmp/3hn69l4qoa804.3h31n1yj254w8.php:7] Preview->render()
Fri, 24 Jan 2025 15:48:16 -0500 [2603:9000:f801:55e2:407:872:ddbe:e148] [/home/u991737198/domains/tas2023.online/public_html/lib/base.php:3036] require('/home/u991737198/domains/tas2023.online/public_html/tmp/3hn69l4qoa804.3h31n1yj254w8.php')
Fri, 24 Jan 2025 15:48:16 -0500 [2603:9000:f801:55e2:407:872:ddbe:e148] [/home/u991737198/domains/tas2023.online/public_html/lib/base.php:3281] View->sandbox()
Fri, 24 Jan 2025 15:48:16 -0500 [2603:9000:f801:55e2:407:872:ddbe:e148] [/home/u991737198/domains/tas2023.online/public_html/app/controllers/Controller.php:87] Preview->render()
Fri, 24 Jan 2025 15:48:16 -0500 [2603:9000:f801:55e2:407:872:ddbe:e148] [/home/u991737198/domains/tas2023.online/public_html/lib/base.php:2078] Controller->afterroute()
Fri, 24 Jan 2025 15:48:16 -0500 [2603:9000:f801:55e2:407:872:ddbe:e148] [/home/u991737198/domains/tas2023.online/public_html/lib/base.php:1871] Base->call()
Fri, 24 Jan 2025 15:48:16 -0500 [2603:9000:f801:55e2:407:872:ddbe:e148] [/home/u991737198/domains/tas2023.online/public_html/index.php:19] Base->run()
Fri, 24 Jan 2025 15:48:18 -0500 [2603:9000:f801:55e2:407:872:ddbe:e148] 500: Undefined variable $selected_note trace: [/home/u991737198/domains/tas2023.online/public_html/tmp/3hn69l4qoa804.3g8shy2588w00.php:371]
Fri, 24 Jan 2025 15:48:18 -0500 [2603:9000:f801:55e2:407:872:ddbe:e148] [/home/u991737198/domains/tas2023.online/public_html/tmp/3hn69l4qoa804.3g8shy2588w00.php:371] Base->{closure}()
Fri, 24 Jan 2025 15:48:18 -0500 [2603:9000:f801:55e2:407:872:ddbe:e148] [/home/u991737198/domains/tas2023.online/public_html/lib/base.php:3036] require('/home/u991737198/domains/tas2023.online/public_html/tmp/3hn69l4qoa804.3g8shy2588w00.php')
Fri, 24 Jan 2025 15:48:18 -0500 [2603:9000:f801:55e2:407:872:ddbe:e148] [/home/u991737198/domains/tas2023.online/public_html/lib/base.php:3281] View->sandbox()
Fri, 24 Jan 2025 15:48:18 -0500 [2603:9000:f801:55e2:407:872:ddbe:e148] [/home/u991737198/domains/tas2023.online/public_html/tmp/3hn69l4qoa804.3h31n1yj254w8.php:7] Preview->render()
Fri, 24 Jan 2025 15:48:18 -0500 [2603:9000:f801:55e2:407:872:ddbe:e148] [/home/u991737198/domains/tas2023.online/public_html/lib/base.php:3036] require('/home/u991737198/domains/tas2023.online/public_html/tmp/3hn69l4qoa804.3h31n1yj254w8.php')
Fri, 24 Jan 2025 15:48:18 -0500 [2603:9000:f801:55e2:407:872:ddbe:e148] [/home/u991737198/domains/tas2023.online/public_html/lib/base.php:3281] View->sandbox()
Fri, 24 Jan 2025 15:48:18 -0500 [2603:9000:f801:55e2:407:872:ddbe:e148] [/home/u991737198/domains/tas2023.online/public_html/app/controllers/Controller.php:87] Preview->render()
Fri, 24 Jan 2025 15:48:18 -0500 [2603:9000:f801:55e2:407:872:ddbe:e148] [/home/u991737198/domains/tas2023.online/public_html/lib/base.php:2078] Controller->afterroute()
Fri, 24 Jan 2025 15:48:18 -0500 [2603:9000:f801:55e2:407:872:ddbe:e148] [/home/u991737198/domains/tas2023.online/public_html/lib/base.php:1871] Base->call()
Fri, 24 Jan 2025 15:48:18 -0500 [2603:9000:f801:55e2:407:872:ddbe:e148] [/home/u991737198/domains/tas2023.online/public_html/index.php:19] Base->run()
Fri, 24 Jan 2025 15:48:24 -0500 [2603:9000:f801:55e2:407:872:ddbe:e148] 500: Undefined variable $entity_num trace: [tmp/3hn69l4qoa804.1zo7dt0fljr4w.php:200]
Fri, 24 Jan 2025 15:48:24 -0500 [2603:9000:f801:55e2:407:872:ddbe:e148] [tmp/3hn69l4qoa804.1zo7dt0fljr4w.php:200] Base->{closure}()
Fri, 24 Jan 2025 15:48:24 -0500 [2603:9000:f801:55e2:407:872:ddbe:e148] [lib/base.php:3036] require('/home/u991737198/domains/tas2023.online/public_html/tmp/3hn69l4qoa804.1zo7dt0fljr4w.php')
Fri, 24 Jan 2025 15:48:24 -0500 [2603:9000:f801:55e2:407:872:ddbe:e148] [lib/base.php:3281] View->sandbox()
Fri, 24 Jan 2025 15:48:24 -0500 [2603:9000:f801:55e2:407:872:ddbe:e148] [tmp/3hn69l4qoa804.3h31n1yj254w8.php:7] Preview->render()
Fri, 24 Jan 2025 15:48:24 -0500 [2603:9000:f801:55e2:407:872:ddbe:e148] [lib/base.php:3036] require('/home/u991737198/domains/tas2023.online/public_html/tmp/3hn69l4qoa804.3h31n1yj254w8.php')
Fri, 24 Jan 2025 15:48:24 -0500 [2603:9000:f801:55e2:407:872:ddbe:e148] [lib/base.php:3281] View->sandbox()
Fri, 24 Jan 2025 15:48:24 -0500 [2603:9000:f801:55e2:407:872:ddbe:e148] [app/controllers/Controller.php:87] Preview->render()
Fri, 24 Jan 2025 15:48:24 -0500 [2603:9000:f801:55e2:407:872:ddbe:e148] [lib/base.php:2078] Controller->afterroute()
Fri, 24 Jan 2025 15:48:24 -0500 [2603:9000:f801:55e2:407:872:ddbe:e148] [lib/base.php:1871] Base->call()
Fri, 24 Jan 2025 15:48:24 -0500 [2603:9000:f801:55e2:407:872:ddbe:e148] [index.php:19] Base->run()
Fri, 24 Jan 2025 15:48:30 -0500 [2603:9000:f801:55e2:407:872:ddbe:e148] 500: Undefined variable $entity_num trace: [tmp/3hn69l4qoa804.1zo7dt0fljr4w.php:200]
Fri, 24 Jan 2025 15:48:30 -0500 [2603:9000:f801:55e2:407:872:ddbe:e148] [tmp/3hn69l4qoa804.1zo7dt0fljr4w.php:200] Base->{closure}()
Fri, 24 Jan 2025 15:48:30 -0500 [2603:9000:f801:55e2:407:872:ddbe:e148] [lib/base.php:3036] require('/home/u991737198/domains/tas2023.online/public_html/tmp/3hn69l4qoa804.1zo7dt0fljr4w.php')
Fri, 24 Jan 2025 15:48:30 -0500 [2603:9000:f801:55e2:407:872:ddbe:e148] [lib/base.php:3281] View->sandbox()
Fri, 24 Jan 2025 15:48:30 -0500 [2603:9000:f801:55e2:407:872:ddbe:e148] [tmp/3hn69l4qoa804.3h31n1yj254w8.php:7] Preview->render()
Fri, 24 Jan 2025 15:48:30 -0500 [2603:9000:f801:55e2:407:872:ddbe:e148] [lib/base.php:3036] require('/home/u991737198/domains/tas2023.online/public_html/tmp/3hn69l4qoa804.3h31n1yj254w8.php')
Fri, 24 Jan 2025 15:48:30 -0500 [2603:9000:f801:55e2:407:872:ddbe:e148] [lib/base.php:3281] View->sandbox()
Fri, 24 Jan 2025 15:48:30 -0500 [2603:9000:f801:55e2:407:872:ddbe:e148] [app/controllers/Controller.php:87] Preview->render()
Fri, 24 Jan 2025 15:48:30 -0500 [2603:9000:f801:55e2:407:872:ddbe:e148] [lib/base.php:2078] Controller->afterroute()
Fri, 24 Jan 2025 15:48:30 -0500 [2603:9000:f801:55e2:407:872:ddbe:e148] [lib/base.php:1871] Base->call()
Fri, 24 Jan 2025 15:48:30 -0500 [2603:9000:f801:55e2:407:872:ddbe:e148] [index.php:19] Base->run()
Fri, 24 Jan 2025 15:48:33 -0500 [2603:9000:f801:55e2:407:872:ddbe:e148] 500: Undefined variable $i18n_select_task_type trace: [/home/u991737198/domains/tas2023.online/public_html/tmp/3hn69l4qoa804.9b9764piwerh.php:214]
Fri, 24 Jan 2025 15:48:33 -0500 [2603:9000:f801:55e2:407:872:ddbe:e148] [/home/u991737198/domains/tas2023.online/public_html/tmp/3hn69l4qoa804.9b9764piwerh.php:214] Base->{closure}()
Fri, 24 Jan 2025 15:48:33 -0500 [2603:9000:f801:55e2:407:872:ddbe:e148] [/home/u991737198/domains/tas2023.online/public_html/lib/base.php:3036] require('/home/u991737198/domains/tas2023.online/public_html/tmp/3hn69l4qoa804.9b9764piwerh.php')
Fri, 24 Jan 2025 15:48:33 -0500 [2603:9000:f801:55e2:407:872:ddbe:e148] [/home/u991737198/domains/tas2023.online/public_html/lib/base.php:3281] View->sandbox()
Fri, 24 Jan 2025 15:48:33 -0500 [2603:9000:f801:55e2:407:872:ddbe:e148] [/home/u991737198/domains/tas2023.online/public_html/tmp/3hn69l4qoa804.3h31n1yj254w8.php:7] Preview->render()
Fri, 24 Jan 2025 15:48:33 -0500 [2603:9000:f801:55e2:407:872:ddbe:e148] [/home/u991737198/domains/tas2023.online/public_html/lib/base.php:3036] require('/home/u991737198/domains/tas2023.online/public_html/tmp/3hn69l4qoa804.3h31n1yj254w8.php')
Fri, 24 Jan 2025 15:48:33 -0500 [2603:9000:f801:55e2:407:872:ddbe:e148] [/home/u991737198/domains/tas2023.online/public_html/lib/base.php:3281] View->sandbox()
Fri, 24 Jan 2025 15:48:33 -0500 [2603:9000:f801:55e2:407:872:ddbe:e148] [/home/u991737198/domains/tas2023.online/public_html/app/controllers/Controller.php:87] Preview->render()
Fri, 24 Jan 2025 15:48:33 -0500 [2603:9000:f801:55e2:407:872:ddbe:e148] [/home/u991737198/domains/tas2023.online/public_html/lib/base.php:2078] Controller->afterroute()
Fri, 24 Jan 2025 15:48:33 -0500 [2603:9000:f801:55e2:407:872:ddbe:e148] [/home/u991737198/domains/tas2023.online/public_html/lib/base.php:1871] Base->call()
Fri, 24 Jan 2025 15:48:33 -0500 [2603:9000:f801:55e2:407:872:ddbe:e148] [/home/u991737198/domains/tas2023.online/public_html/index.php:19] Base->run()
Fri, 24 Jan 2025 15:48:35 -0500 [2603:9000:f801:55e2:407:872:ddbe:e148] 500: Undefined variable $selected_note trace: [/home/u991737198/domains/tas2023.online/public_html/tmp/3hn69l4qoa804.3g8shy2588w00.php:371]
Fri, 24 Jan 2025 15:48:35 -0500 [2603:9000:f801:55e2:407:872:ddbe:e148] [/home/u991737198/domains/tas2023.online/public_html/tmp/3hn69l4qoa804.3g8shy2588w00.php:371] Base->{closure}()
Fri, 24 Jan 2025 15:48:35 -0500 [2603:9000:f801:55e2:407:872:ddbe:e148] [/home/u991737198/domains/tas2023.online/public_html/lib/base.php:3036] require('/home/u991737198/domains/tas2023.online/public_html/tmp/3hn69l4qoa804.3g8shy2588w00.php')
Fri, 24 Jan 2025 15:48:35 -0500 [2603:9000:f801:55e2:407:872:ddbe:e148] [/home/u991737198/domains/tas2023.online/public_html/lib/base.php:3281] View->sandbox()
Fri, 24 Jan 2025 15:48:35 -0500 [2603:9000:f801:55e2:407:872:ddbe:e148] [/home/u991737198/domains/tas2023.online/public_html/tmp/3hn69l4qoa804.3h31n1yj254w8.php:7] Preview->render()
Fri, 24 Jan 2025 15:48:35 -0500 [2603:9000:f801:55e2:407:872:ddbe:e148] [/home/u991737198/domains/tas2023.online/public_html/lib/base.php:3036] require('/home/u991737198/domains/tas2023.online/public_html/tmp/3hn69l4qoa804.3h31n1yj254w8.php')
Fri, 24 Jan 2025 15:48:35 -0500 [2603:9000:f801:55e2:407:872:ddbe:e148] [/home/u991737198/domains/tas2023.online/public_html/lib/base.php:3281] View->sandbox()
Fri, 24 Jan 2025 15:48:35 -0500 [2603:9000:f801:55e2:407:872:ddbe:e148] [/home/u991737198/domains/tas2023.online/public_html/app/controllers/Controller.php:87] Preview->render()
Fri, 24 Jan 2025 15:48:35 -0500 [2603:9000:f801:55e2:407:872:ddbe:e148] [/home/u991737198/domains/tas2023.online/public_html/lib/base.php:2078] Controller->afterroute()
Fri, 24 Jan 2025 15:48:35 -0500 [2603:9000:f801:55e2:407:872:ddbe:e148] [/home/u991737198/domains/tas2023.online/public_html/lib/base.php:1871] Base->call()
Fri, 24 Jan 2025 15:48:35 -0500 [2603:9000:f801:55e2:407:872:ddbe:e148] [/home/u991737198/domains/tas2023.online/public_html/index.php:19] Base->run()
Fri, 24 Jan 2025 15:48:39 -0500 [2603:9000:f801:55e2:407:872:ddbe:e148] 500: Undefined variable $i18n_select_task_type trace: [/home/u991737198/domains/tas2023.online/public_html/tmp/3hn69l4qoa804.9b9764piwerh.php:214]
Fri, 24 Jan 2025 15:48:39 -0500 [2603:9000:f801:55e2:407:872:ddbe:e148] [/home/u991737198/domains/tas2023.online/public_html/tmp/3hn69l4qoa804.9b9764piwerh.php:214] Base->{closure}()
Fri, 24 Jan 2025 15:48:39 -0500 [2603:9000:f801:55e2:407:872:ddbe:e148] [/home/u991737198/domains/tas2023.online/public_html/lib/base.php:3036] require('/home/u991737198/domains/tas2023.online/public_html/tmp/3hn69l4qoa804.9b9764piwerh.php')
Fri, 24 Jan 2025 15:48:39 -0500 [2603:9000:f801:55e2:407:872:ddbe:e148] [/home/u991737198/domains/tas2023.online/public_html/lib/base.php:3281] View->sandbox()
Fri, 24 Jan 2025 15:48:39 -0500 [2603:9000:f801:55e2:407:872:ddbe:e148] [/home/u991737198/domains/tas2023.online/public_html/tmp/3hn69l4qoa804.3h31n1yj254w8.php:7] Preview->render()
Fri, 24 Jan 2025 15:48:39 -0500 [2603:9000:f801:55e2:407:872:ddbe:e148] [/home/u991737198/domains/tas2023.online/public_html/lib/base.php:3036] require('/home/u991737198/domains/tas2023.online/public_html/tmp/3hn69l4qoa804.3h31n1yj254w8.php')
Fri, 24 Jan 2025 15:48:39 -0500 [2603:9000:f801:55e2:407:872:ddbe:e148] [/home/u991737198/domains/tas2023.online/public_html/lib/base.php:3281] View->sandbox()
Fri, 24 Jan 2025 15:48:39 -0500 [2603:9000:f801:55e2:407:872:ddbe:e148] [/home/u991737198/domains/tas2023.online/public_html/app/controllers/Controller.php:87] Preview->render()
Fri, 24 Jan 2025 15:48:39 -0500 [2603:9000:f801:55e2:407:872:ddbe:e148] [/home/u991737198/domains/tas2023.online/public_html/lib/base.php:2078] Controller->afterroute()
Fri, 24 Jan 2025 15:48:39 -0500 [2603:9000:f801:55e2:407:872:ddbe:e148] [/home/u991737198/domains/tas2023.online/public_html/lib/base.php:1871] Base->call()
Fri, 24 Jan 2025 15:48:39 -0500 [2603:9000:f801:55e2:407:872:ddbe:e148] [/home/u991737198/domains/tas2023.online/public_html/index.php:19] Base->run()
Fri, 24 Jan 2025 15:48:47 -0500 [2603:9000:f801:55e2:407:872:ddbe:e148] 500: Undefined variable $selected_note trace: [/home/u991737198/domains/tas2023.online/public_html/tmp/3hn69l4qoa804.3g8shy2588w00.php:371]
Fri, 24 Jan 2025 15:48:47 -0500 [2603:9000:f801:55e2:407:872:ddbe:e148] [/home/u991737198/domains/tas2023.online/public_html/tmp/3hn69l4qoa804.3g8shy2588w00.php:371] Base->{closure}()
Fri, 24 Jan 2025 15:48:47 -0500 [2603:9000:f801:55e2:407:872:ddbe:e148] [/home/u991737198/domains/tas2023.online/public_html/lib/base.php:3036] require('/home/u991737198/domains/tas2023.online/public_html/tmp/3hn69l4qoa804.3g8shy2588w00.php')
Fri, 24 Jan 2025 15:48:47 -0500 [2603:9000:f801:55e2:407:872:ddbe:e148] [/home/u991737198/domains/tas2023.online/public_html/lib/base.php:3281] View->sandbox()
Fri, 24 Jan 2025 15:48:47 -0500 [2603:9000:f801:55e2:407:872:ddbe:e148] [/home/u991737198/domains/tas2023.online/public_html/tmp/3hn69l4qoa804.3h31n1yj254w8.php:7] Preview->render()
Fri, 24 Jan 2025 15:48:47 -0500 [2603:9000:f801:55e2:407:872:ddbe:e148] [/home/u991737198/domains/tas2023.online/public_html/lib/base.php:3036] require('/home/u991737198/domains/tas2023.online/public_html/tmp/3hn69l4qoa804.3h31n1yj254w8.php')
Fri, 24 Jan 2025 15:48:47 -0500 [2603:9000:f801:55e2:407:872:ddbe:e148] [/home/u991737198/domains/tas2023.online/public_html/lib/base.php:3281] View->sandbox()
Fri, 24 Jan 2025 15:48:47 -0500 [2603:9000:f801:55e2:407:872:ddbe:e148] [/home/u991737198/domains/tas2023.online/public_html/app/controllers/Controller.php:87] Preview->render()
Fri, 24 Jan 2025 15:48:47 -0500 [2603:9000:f801:55e2:407:872:ddbe:e148] [/home/u991737198/domains/tas2023.online/public_html/lib/base.php:2078] Controller->afterroute()
Fri, 24 Jan 2025 15:48:47 -0500 [2603:9000:f801:55e2:407:872:ddbe:e148] [/home/u991737198/domains/tas2023.online/public_html/lib/base.php:1871] Base->call()
Fri, 24 Jan 2025 15:48:47 -0500 [2603:9000:f801:55e2:407:872:ddbe:e148] [/home/u991737198/domains/tas2023.online/public_html/index.php:19] Base->run()
Fri, 24 Jan 2025 15:49:09 -0500 [2603:9000:f801:55e2:407:872:ddbe:e148] 500: trim(): Passing null to parameter #1 ($string) of type string is deprecated trace: [/home/u991737198/domains/tas2023.online/public_html/tmp/3hn69l4qoa804.3g8shy2588w00.php:340]
Fri, 24 Jan 2025 15:49:09 -0500 [2603:9000:f801:55e2:407:872:ddbe:e148] [/home/u991737198/domains/tas2023.online/public_html/tmp/3hn69l4qoa804.3g8shy2588w00.php:340] trim()
Fri, 24 Jan 2025 15:49:09 -0500 [2603:9000:f801:55e2:407:872:ddbe:e148] [/home/u991737198/domains/tas2023.online/public_html/lib/base.php:3036] require('/home/u991737198/domains/tas2023.online/public_html/tmp/3hn69l4qoa804.3g8shy2588w00.php')
Fri, 24 Jan 2025 15:49:09 -0500 [2603:9000:f801:55e2:407:872:ddbe:e148] [/home/u991737198/domains/tas2023.online/public_html/lib/base.php:3281] View->sandbox()
Fri, 24 Jan 2025 15:49:09 -0500 [2603:9000:f801:55e2:407:872:ddbe:e148] [/home/u991737198/domains/tas2023.online/public_html/tmp/3hn69l4qoa804.3h31n1yj254w8.php:7] Preview->render()
Fri, 24 Jan 2025 15:49:09 -0500 [2603:9000:f801:55e2:407:872:ddbe:e148] [/home/u991737198/domains/tas2023.online/public_html/lib/base.php:3036] require('/home/u991737198/domains/tas2023.online/public_html/tmp/3hn69l4qoa804.3h31n1yj254w8.php')
Fri, 24 Jan 2025 15:49:09 -0500 [2603:9000:f801:55e2:407:872:ddbe:e148] [/home/u991737198/domains/tas2023.online/public_html/lib/base.php:3281] View->sandbox()
Fri, 24 Jan 2025 15:49:09 -0500 [2603:9000:f801:55e2:407:872:ddbe:e148] [/home/u991737198/domains/tas2023.online/public_html/app/controllers/Controller.php:87] Preview->render()
Fri, 24 Jan 2025 15:49:09 -0500 [2603:9000:f801:55e2:407:872:ddbe:e148] [/home/u991737198/domains/tas2023.online/public_html/lib/base.php:2078] Controller->afterroute()
Fri, 24 Jan 2025 15:49:09 -0500 [2603:9000:f801:55e2:407:872:ddbe:e148] [/home/u991737198/domains/tas2023.online/public_html/lib/base.php:1871] Base->call()
Fri, 24 Jan 2025 15:49:09 -0500 [2603:9000:f801:55e2:407:872:ddbe:e148] [/home/u991737198/domains/tas2023.online/public_html/index.php:19] Base->run()
Fri, 24 Jan 2025 15:50:33 -0500 [2603:9000:f801:55e2:407:872:ddbe:e148] 500: Undefined variable $i18n_select_task_type trace: [/home/u991737198/domains/tas2023.online/public_html/tmp/3hn69l4qoa804.9b9764piwerh.php:214]
Fri, 24 Jan 2025 15:50:33 -0500 [2603:9000:f801:55e2:407:872:ddbe:e148] [/home/u991737198/domains/tas2023.online/public_html/tmp/3hn69l4qoa804.9b9764piwerh.php:214] Base->{closure}()
Fri, 24 Jan 2025 15:50:33 -0500 [2603:9000:f801:55e2:407:872:ddbe:e148] [/home/u991737198/domains/tas2023.online/public_html/lib/base.php:3036] require('/home/u991737198/domains/tas2023.online/public_html/tmp/3hn69l4qoa804.9b9764piwerh.php')
Fri, 24 Jan 2025 15:50:33 -0500 [2603:9000:f801:55e2:407:872:ddbe:e148] [/home/u991737198/domains/tas2023.online/public_html/lib/base.php:3281] View->sandbox()
Fri, 24 Jan 2025 15:50:33 -0500 [2603:9000:f801:55e2:407:872:ddbe:e148] [/home/u991737198/domains/tas2023.online/public_html/tmp/3hn69l4qoa804.3h31n1yj254w8.php:7] Preview->render()
Fri, 24 Jan 2025 15:50:33 -0500 [2603:9000:f801:55e2:407:872:ddbe:e148] [/home/u991737198/domains/tas2023.online/public_html/lib/base.php:3036] require('/home/u991737198/domains/tas2023.online/public_html/tmp/3hn69l4qoa804.3h31n1yj254w8.php')
Fri, 24 Jan 2025 15:50:33 -0500 [2603:9000:f801:55e2:407:872:ddbe:e148] [/home/u991737198/domains/tas2023.online/public_html/lib/base.php:3281] View->sandbox()
Fri, 24 Jan 2025 15:50:33 -0500 [2603:9000:f801:55e2:407:872:ddbe:e148] [/home/u991737198/domains/tas2023.online/public_html/app/controllers/Controller.php:87] Preview->render()
Fri, 24 Jan 2025 15:50:33 -0500 [2603:9000:f801:55e2:407:872:ddbe:e148] [/home/u991737198/domains/tas2023.online/public_html/lib/base.php:2078] Controller->afterroute()
Fri, 24 Jan 2025 15:50:33 -0500 [2603:9000:f801:55e2:407:872:ddbe:e148] [/home/u991737198/domains/tas2023.online/public_html/lib/base.php:1871] Base->call()
Fri, 24 Jan 2025 15:50:33 -0500 [2603:9000:f801:55e2:407:872:ddbe:e148] [/home/u991737198/domains/tas2023.online/public_html/index.php:19] Base->run()
Fri, 24 Jan 2025 15:50:37 -0500 [2603:9000:f801:55e2:407:872:ddbe:e148] 500: Undefined variable $selected_note trace: [/home/u991737198/domains/tas2023.online/public_html/tmp/3hn69l4qoa804.3g8shy2588w00.php:371]
Fri, 24 Jan 2025 15:50:37 -0500 [2603:9000:f801:55e2:407:872:ddbe:e148] [/home/u991737198/domains/tas2023.online/public_html/tmp/3hn69l4qoa804.3g8shy2588w00.php:371] Base->{closure}()
Fri, 24 Jan 2025 15:50:37 -0500 [2603:9000:f801:55e2:407:872:ddbe:e148] [/home/u991737198/domains/tas2023.online/public_html/lib/base.php:3036] require('/home/u991737198/domains/tas2023.online/public_html/tmp/3hn69l4qoa804.3g8shy2588w00.php')
Fri, 24 Jan 2025 15:50:37 -0500 [2603:9000:f801:55e2:407:872:ddbe:e148] [/home/u991737198/domains/tas2023.online/public_html/lib/base.php:3281] View->sandbox()
Fri, 24 Jan 2025 15:50:37 -0500 [2603:9000:f801:55e2:407:872:ddbe:e148] [/home/u991737198/domains/tas2023.online/public_html/tmp/3hn69l4qoa804.3h31n1yj254w8.php:7] Preview->render()
Fri, 24 Jan 2025 15:50:37 -0500 [2603:9000:f801:55e2:407:872:ddbe:e148] [/home/u991737198/domains/tas2023.online/public_html/lib/base.php:3036] require('/home/u991737198/domains/tas2023.online/public_html/tmp/3hn69l4qoa804.3h31n1yj254w8.php')
Fri, 24 Jan 2025 15:50:37 -0500 [2603:9000:f801:55e2:407:872:ddbe:e148] [/home/u991737198/domains/tas2023.online/public_html/lib/base.php:3281] View->sandbox()
Fri, 24 Jan 2025 15:50:37 -0500 [2603:9000:f801:55e2:407:872:ddbe:e148] [/home/u991737198/domains/tas2023.online/public_html/app/controllers/Controller.php:87] Preview->render()
Fri, 24 Jan 2025 15:50:37 -0500 [2603:9000:f801:55e2:407:872:ddbe:e148] [/home/u991737198/domains/tas2023.online/public_html/lib/base.php:2078] Controller->afterroute()
Fri, 24 Jan 2025 15:50:37 -0500 [2603:9000:f801:55e2:407:872:ddbe:e148] [/home/u991737198/domains/tas2023.online/public_html/lib/base.php:1871] Base->call()
Fri, 24 Jan 2025 15:50:37 -0500 [2603:9000:f801:55e2:407:872:ddbe:e148] [/home/u991737198/domains/tas2023.online/public_html/index.php:19] Base->run()
Fri, 24 Jan 2025 15:50:42 -0500 [2603:9000:f801:55e2:407:872:ddbe:e148] 500: trim(): Passing null to parameter #1 ($string) of type string is deprecated trace: [/home/u991737198/domains/tas2023.online/public_html/tmp/3hn69l4qoa804.3g8shy2588w00.php:340]
Fri, 24 Jan 2025 15:50:42 -0500 [2603:9000:f801:55e2:407:872:ddbe:e148] [/home/u991737198/domains/tas2023.online/public_html/tmp/3hn69l4qoa804.3g8shy2588w00.php:340] trim()
Fri, 24 Jan 2025 15:50:42 -0500 [2603:9000:f801:55e2:407:872:ddbe:e148] [/home/u991737198/domains/tas2023.online/public_html/lib/base.php:3036] require('/home/u991737198/domains/tas2023.online/public_html/tmp/3hn69l4qoa804.3g8shy2588w00.php')
Fri, 24 Jan 2025 15:50:42 -0500 [2603:9000:f801:55e2:407:872:ddbe:e148] [/home/u991737198/domains/tas2023.online/public_html/lib/base.php:3281] View->sandbox()
Fri, 24 Jan 2025 15:50:42 -0500 [2603:9000:f801:55e2:407:872:ddbe:e148] [/home/u991737198/domains/tas2023.online/public_html/tmp/3hn69l4qoa804.3h31n1yj254w8.php:7] Preview->render()
Fri, 24 Jan 2025 15:50:42 -0500 [2603:9000:f801:55e2:407:872:ddbe:e148] [/home/u991737198/domains/tas2023.online/public_html/lib/base.php:3036] require('/home/u991737198/domains/tas2023.online/public_html/tmp/3hn69l4qoa804.3h31n1yj254w8.php')
Fri, 24 Jan 2025 15:50:42 -0500 [2603:9000:f801:55e2:407:872:ddbe:e148] [/home/u991737198/domains/tas2023.online/public_html/lib/base.php:3281] View->sandbox()
Fri, 24 Jan 2025 15:50:42 -0500 [2603:9000:f801:55e2:407:872:ddbe:e148] [/home/u991737198/domains/tas2023.online/public_html/app/controllers/Controller.php:87] Preview->render()
Fri, 24 Jan 2025 15:50:42 -0500 [2603:9000:f801:55e2:407:872:ddbe:e148] [/home/u991737198/domains/tas2023.online/public_html/lib/base.php:2078] Controller->afterroute()
Fri, 24 Jan 2025 15:50:42 -0500 [2603:9000:f801:55e2:407:872:ddbe:e148] [/home/u991737198/domains/tas2023.online/public_html/lib/base.php:1871] Base->call()
Fri, 24 Jan 2025 15:50:42 -0500 [2603:9000:f801:55e2:407:872:ddbe:e148] [/home/u991737198/domains/tas2023.online/public_html/index.php:19] Base->run()
Fri, 24 Jan 2025 15:50:50 -0500 [2603:9000:f801:55e2:407:872:ddbe:e148] 500: Undefined variable $entity_num trace: [tmp/3hn69l4qoa804.1zo7dt0fljr4w.php:200]
Fri, 24 Jan 2025 15:50:50 -0500 [2603:9000:f801:55e2:407:872:ddbe:e148] [tmp/3hn69l4qoa804.1zo7dt0fljr4w.php:200] Base->{closure}()
Fri, 24 Jan 2025 15:50:50 -0500 [2603:9000:f801:55e2:407:872:ddbe:e148] [lib/base.php:3036] require('/home/u991737198/domains/tas2023.online/public_html/tmp/3hn69l4qoa804.1zo7dt0fljr4w.php')
Fri, 24 Jan 2025 15:50:50 -0500 [2603:9000:f801:55e2:407:872:ddbe:e148] [lib/base.php:3281] View->sandbox()
Fri, 24 Jan 2025 15:50:50 -0500 [2603:9000:f801:55e2:407:872:ddbe:e148] [tmp/3hn69l4qoa804.3h31n1yj254w8.php:7] Preview->render()
Fri, 24 Jan 2025 15:50:50 -0500 [2603:9000:f801:55e2:407:872:ddbe:e148] [lib/base.php:3036] require('/home/u991737198/domains/tas2023.online/public_html/tmp/3hn69l4qoa804.3h31n1yj254w8.php')
Fri, 24 Jan 2025 15:50:50 -0500 [2603:9000:f801:55e2:407:872:ddbe:e148] [lib/base.php:3281] View->sandbox()
Fri, 24 Jan 2025 15:50:50 -0500 [2603:9000:f801:55e2:407:872:ddbe:e148] [app/controllers/Controller.php:87] Preview->render()
Fri, 24 Jan 2025 15:50:50 -0500 [2603:9000:f801:55e2:407:872:ddbe:e148] [lib/base.php:2078] Controller->afterroute()
Fri, 24 Jan 2025 15:50:50 -0500 [2603:9000:f801:55e2:407:872:ddbe:e148] [lib/base.php:1871] Base->call()
Fri, 24 Jan 2025 15:50:50 -0500 [2603:9000:f801:55e2:407:872:ddbe:e148] [index.php:19] Base->run()
Fri, 24 Jan 2025 15:50:55 -0500 [2603:9000:f801:55e2:407:872:ddbe:e148] 500: Undefined variable $token trace: [tmp/3hn69l4qoa804.2r4f9cgm96ecs.php:226]
Fri, 24 Jan 2025 15:50:55 -0500 [2603:9000:f801:55e2:407:872:ddbe:e148] [tmp/3hn69l4qoa804.2r4f9cgm96ecs.php:226] Base->{closure}()
Fri, 24 Jan 2025 15:50:55 -0500 [2603:9000:f801:55e2:407:872:ddbe:e148] [lib/base.php:3036] require('/home/u991737198/domains/tas2023.online/public_html/tmp/3hn69l4qoa804.2r4f9cgm96ecs.php')
Fri, 24 Jan 2025 15:50:55 -0500 [2603:9000:f801:55e2:407:872:ddbe:e148] [lib/base.php:3281] View->sandbox()
Fri, 24 Jan 2025 15:50:55 -0500 [2603:9000:f801:55e2:407:872:ddbe:e148] [tmp/3hn69l4qoa804.3h31n1yj254w8.php:7] Preview->render()
Fri, 24 Jan 2025 15:50:55 -0500 [2603:9000:f801:55e2:407:872:ddbe:e148] [lib/base.php:3036] require('/home/u991737198/domains/tas2023.online/public_html/tmp/3hn69l4qoa804.3h31n1yj254w8.php')
Fri, 24 Jan 2025 15:50:55 -0500 [2603:9000:f801:55e2:407:872:ddbe:e148] [lib/base.php:3281] View->sandbox()
Fri, 24 Jan 2025 15:50:55 -0500 [2603:9000:f801:55e2:407:872:ddbe:e148] [app/controllers/Controller.php:87] Preview->render()
Fri, 24 Jan 2025 15:50:55 -0500 [2603:9000:f801:55e2:407:872:ddbe:e148] [lib/base.php:2078] Controller->afterroute()
Fri, 24 Jan 2025 15:50:55 -0500 [2603:9000:f801:55e2:407:872:ddbe:e148] [lib/base.php:1871] Base->call()
Fri, 24 Jan 2025 15:50:56 -0500 [2603:9000:f801:55e2:407:872:ddbe:e148] [index.php:19] Base->run()
Fri, 24 Jan 2025 15:51:12 -0500 [2603:9000:f801:55e2:407:872:ddbe:e148] 500: Undefined variable $entity_num trace: [tmp/3hn69l4qoa804.1zo7dt0fljr4w.php:200]
Fri, 24 Jan 2025 15:51:12 -0500 [2603:9000:f801:55e2:407:872:ddbe:e148] [tmp/3hn69l4qoa804.1zo7dt0fljr4w.php:200] Base->{closure}()
Fri, 24 Jan 2025 15:51:12 -0500 [2603:9000:f801:55e2:407:872:ddbe:e148] [lib/base.php:3036] require('/home/u991737198/domains/tas2023.online/public_html/tmp/3hn69l4qoa804.1zo7dt0fljr4w.php')
Fri, 24 Jan 2025 15:51:12 -0500 [2603:9000:f801:55e2:407:872:ddbe:e148] [lib/base.php:3281] View->sandbox()
Fri, 24 Jan 2025 15:51:12 -0500 [2603:9000:f801:55e2:407:872:ddbe:e148] [tmp/3hn69l4qoa804.3h31n1yj254w8.php:7] Preview->render()
Fri, 24 Jan 2025 15:51:12 -0500 [2603:9000:f801:55e2:407:872:ddbe:e148] [lib/base.php:3036] require('/home/u991737198/domains/tas2023.online/public_html/tmp/3hn69l4qoa804.3h31n1yj254w8.php')
Fri, 24 Jan 2025 15:51:12 -0500 [2603:9000:f801:55e2:407:872:ddbe:e148] [lib/base.php:3281] View->sandbox()
Fri, 24 Jan 2025 15:51:12 -0500 [2603:9000:f801:55e2:407:872:ddbe:e148] [app/controllers/Controller.php:87] Preview->render()
Fri, 24 Jan 2025 15:51:12 -0500 [2603:9000:f801:55e2:407:872:ddbe:e148] [lib/base.php:2078] Controller->afterroute()
Fri, 24 Jan 2025 15:51:12 -0500 [2603:9000:f801:55e2:407:872:ddbe:e148] [lib/base.php:1871] Base->call()
Fri, 24 Jan 2025 15:51:12 -0500 [2603:9000:f801:55e2:407:872:ddbe:e148] [index.php:19] Base->run()
Fri, 24 Jan 2025 15:51:14 -0500 [2603:9000:f801:55e2:407:872:ddbe:e148] 500: Undefined variable $i18n_select_task_type trace: [/home/u991737198/domains/tas2023.online/public_html/tmp/3hn69l4qoa804.9b9764piwerh.php:214]
Fri, 24 Jan 2025 15:51:14 -0500 [2603:9000:f801:55e2:407:872:ddbe:e148] [/home/u991737198/domains/tas2023.online/public_html/tmp/3hn69l4qoa804.9b9764piwerh.php:214] Base->{closure}()
Fri, 24 Jan 2025 15:51:14 -0500 [2603:9000:f801:55e2:407:872:ddbe:e148] [/home/u991737198/domains/tas2023.online/public_html/lib/base.php:3036] require('/home/u991737198/domains/tas2023.online/public_html/tmp/3hn69l4qoa804.9b9764piwerh.php')
Fri, 24 Jan 2025 15:51:14 -0500 [2603:9000:f801:55e2:407:872:ddbe:e148] [/home/u991737198/domains/tas2023.online/public_html/lib/base.php:3281] View->sandbox()
Fri, 24 Jan 2025 15:51:14 -0500 [2603:9000:f801:55e2:407:872:ddbe:e148] [/home/u991737198/domains/tas2023.online/public_html/tmp/3hn69l4qoa804.3h31n1yj254w8.php:7] Preview->render()
Fri, 24 Jan 2025 15:51:14 -0500 [2603:9000:f801:55e2:407:872:ddbe:e148] [/home/u991737198/domains/tas2023.online/public_html/lib/base.php:3036] require('/home/u991737198/domains/tas2023.online/public_html/tmp/3hn69l4qoa804.3h31n1yj254w8.php')
Fri, 24 Jan 2025 15:51:14 -0500 [2603:9000:f801:55e2:407:872:ddbe:e148] [/home/u991737198/domains/tas2023.online/public_html/lib/base.php:3281] View->sandbox()
Fri, 24 Jan 2025 15:51:14 -0500 [2603:9000:f801:55e2:407:872:ddbe:e148] [/home/u991737198/domains/tas2023.online/public_html/app/controllers/Controller.php:87] Preview->render()
Fri, 24 Jan 2025 15:51:14 -0500 [2603:9000:f801:55e2:407:872:ddbe:e148] [/home/u991737198/domains/tas2023.online/public_html/lib/base.php:2078] Controller->afterroute()
Fri, 24 Jan 2025 15:51:14 -0500 [2603:9000:f801:55e2:407:872:ddbe:e148] [/home/u991737198/domains/tas2023.online/public_html/lib/base.php:1871] Base->call()
Fri, 24 Jan 2025 15:51:14 -0500 [2603:9000:f801:55e2:407:872:ddbe:e148] [/home/u991737198/domains/tas2023.online/public_html/index.php:19] Base->run()
Fri, 24 Jan 2025 15:51:18 -0500 [2603:9000:f801:55e2:407:872:ddbe:e148] 500: Undefined variable $selected_note trace: [/home/u991737198/domains/tas2023.online/public_html/tmp/3hn69l4qoa804.3g8shy2588w00.php:371]
Fri, 24 Jan 2025 15:51:18 -0500 [2603:9000:f801:55e2:407:872:ddbe:e148] [/home/u991737198/domains/tas2023.online/public_html/tmp/3hn69l4qoa804.3g8shy2588w00.php:371] Base->{closure}()
Fri, 24 Jan 2025 15:51:18 -0500 [2603:9000:f801:55e2:407:872:ddbe:e148] [/home/u991737198/domains/tas2023.online/public_html/lib/base.php:3036] require('/home/u991737198/domains/tas2023.online/public_html/tmp/3hn69l4qoa804.3g8shy2588w00.php')
Fri, 24 Jan 2025 15:51:18 -0500 [2603:9000:f801:55e2:407:872:ddbe:e148] [/home/u991737198/domains/tas2023.online/public_html/lib/base.php:3281] View->sandbox()
Fri, 24 Jan 2025 15:51:18 -0500 [2603:9000:f801:55e2:407:872:ddbe:e148] [/home/u991737198/domains/tas2023.online/public_html/tmp/3hn69l4qoa804.3h31n1yj254w8.php:7] Preview->render()
Fri, 24 Jan 2025 15:51:18 -0500 [2603:9000:f801:55e2:407:872:ddbe:e148] [/home/u991737198/domains/tas2023.online/public_html/lib/base.php:3036] require('/home/u991737198/domains/tas2023.online/public_html/tmp/3hn69l4qoa804.3h31n1yj254w8.php')
Fri, 24 Jan 2025 15:51:18 -0500 [2603:9000:f801:55e2:407:872:ddbe:e148] [/home/u991737198/domains/tas2023.online/public_html/lib/base.php:3281] View->sandbox()
Fri, 24 Jan 2025 15:51:18 -0500 [2603:9000:f801:55e2:407:872:ddbe:e148] [/home/u991737198/domains/tas2023.online/public_html/app/controllers/Controller.php:87] Preview->render()
Fri, 24 Jan 2025 15:51:18 -0500 [2603:9000:f801:55e2:407:872:ddbe:e148] [/home/u991737198/domains/tas2023.online/public_html/lib/base.php:2078] Controller->afterroute()
Fri, 24 Jan 2025 15:51:18 -0500 [2603:9000:f801:55e2:407:872:ddbe:e148] [/home/u991737198/domains/tas2023.online/public_html/lib/base.php:1871] Base->call()
Fri, 24 Jan 2025 15:51:18 -0500 [2603:9000:f801:55e2:407:872:ddbe:e148] [/home/u991737198/domains/tas2023.online/public_html/index.php:19] Base->run()
Fri, 24 Jan 2025 15:52:16 -0500 [2603:9000:f801:55e2:407:872:ddbe:e148] 500: Undefined variable $entity_num trace: [tmp/3hn69l4qoa804.1zo7dt0fljr4w.php:200]
Fri, 24 Jan 2025 15:52:16 -0500 [2603:9000:f801:55e2:407:872:ddbe:e148] [tmp/3hn69l4qoa804.1zo7dt0fljr4w.php:200] Base->{closure}()
Fri, 24 Jan 2025 15:52:16 -0500 [2603:9000:f801:55e2:407:872:ddbe:e148] [lib/base.php:3036] require('/home/u991737198/domains/tas2023.online/public_html/tmp/3hn69l4qoa804.1zo7dt0fljr4w.php')
Fri, 24 Jan 2025 15:52:16 -0500 [2603:9000:f801:55e2:407:872:ddbe:e148] [lib/base.php:3281] View->sandbox()
Fri, 24 Jan 2025 15:52:16 -0500 [2603:9000:f801:55e2:407:872:ddbe:e148] [tmp/3hn69l4qoa804.3h31n1yj254w8.php:7] Preview->render()
Fri, 24 Jan 2025 15:52:16 -0500 [2603:9000:f801:55e2:407:872:ddbe:e148] [lib/base.php:3036] require('/home/u991737198/domains/tas2023.online/public_html/tmp/3hn69l4qoa804.3h31n1yj254w8.php')
Fri, 24 Jan 2025 15:52:16 -0500 [2603:9000:f801:55e2:407:872:ddbe:e148] [lib/base.php:3281] View->sandbox()
Fri, 24 Jan 2025 15:52:16 -0500 [2603:9000:f801:55e2:407:872:ddbe:e148] [app/controllers/Controller.php:87] Preview->render()
Fri, 24 Jan 2025 15:52:16 -0500 [2603:9000:f801:55e2:407:872:ddbe:e148] [lib/base.php:2078] Controller->afterroute()
Fri, 24 Jan 2025 15:52:16 -0500 [2603:9000:f801:55e2:407:872:ddbe:e148] [lib/base.php:1871] Base->call()
Fri, 24 Jan 2025 15:52:16 -0500 [2603:9000:f801:55e2:407:872:ddbe:e148] [index.php:19] Base->run()
Fri, 24 Jan 2025 15:52:20 -0500 [2603:9000:f801:55e2:407:872:ddbe:e148] 500: Undefined variable $token trace: [tmp/3hn69l4qoa804.2r4f9cgm96ecs.php:226]
Fri, 24 Jan 2025 15:52:20 -0500 [2603:9000:f801:55e2:407:872:ddbe:e148] [tmp/3hn69l4qoa804.2r4f9cgm96ecs.php:226] Base->{closure}()
Fri, 24 Jan 2025 15:52:20 -0500 [2603:9000:f801:55e2:407:872:ddbe:e148] [lib/base.php:3036] require('/home/u991737198/domains/tas2023.online/public_html/tmp/3hn69l4qoa804.2r4f9cgm96ecs.php')
Fri, 24 Jan 2025 15:52:20 -0500 [2603:9000:f801:55e2:407:872:ddbe:e148] [lib/base.php:3281] View->sandbox()
Fri, 24 Jan 2025 15:52:20 -0500 [2603:9000:f801:55e2:407:872:ddbe:e148] [tmp/3hn69l4qoa804.3h31n1yj254w8.php:7] Preview->render()
Fri, 24 Jan 2025 15:52:20 -0500 [2603:9000:f801:55e2:407:872:ddbe:e148] [lib/base.php:3036] require('/home/u991737198/domains/tas2023.online/public_html/tmp/3hn69l4qoa804.3h31n1yj254w8.php')
Fri, 24 Jan 2025 15:52:20 -0500 [2603:9000:f801:55e2:407:872:ddbe:e148] [lib/base.php:3281] View->sandbox()
Fri, 24 Jan 2025 15:52:20 -0500 [2603:9000:f801:55e2:407:872:ddbe:e148] [app/controllers/Controller.php:87] Preview->render()
Fri, 24 Jan 2025 15:52:20 -0500 [2603:9000:f801:55e2:407:872:ddbe:e148] [lib/base.php:2078] Controller->afterroute()
Fri, 24 Jan 2025 15:52:20 -0500 [2603:9000:f801:55e2:407:872:ddbe:e148] [lib/base.php:1871] Base->call()
Fri, 24 Jan 2025 15:52:20 -0500 [2603:9000:f801:55e2:407:872:ddbe:e148] [index.php:19] Base->run()
Fri, 24 Jan 2025 15:52:28 -0500 [2603:9000:f801:55e2:407:872:ddbe:e148] 500: Undefined variable $token trace: [tmp/3hn69l4qoa804.2r4f9cgm96ecs.php:226]
Fri, 24 Jan 2025 15:52:28 -0500 [2603:9000:f801:55e2:407:872:ddbe:e148] [tmp/3hn69l4qoa804.2r4f9cgm96ecs.php:226] Base->{closure}()
Fri, 24 Jan 2025 15:52:28 -0500 [2603:9000:f801:55e2:407:872:ddbe:e148] [lib/base.php:3036] require('/home/u991737198/domains/tas2023.online/public_html/tmp/3hn69l4qoa804.2r4f9cgm96ecs.php')
Fri, 24 Jan 2025 15:52:28 -0500 [2603:9000:f801:55e2:407:872:ddbe:e148] [lib/base.php:3281] View->sandbox()
Fri, 24 Jan 2025 15:52:28 -0500 [2603:9000:f801:55e2:407:872:ddbe:e148] [tmp/3hn69l4qoa804.3h31n1yj254w8.php:7] Preview->render()
Fri, 24 Jan 2025 15:52:28 -0500 [2603:9000:f801:55e2:407:872:ddbe:e148] [lib/base.php:3036] require('/home/u991737198/domains/tas2023.online/public_html/tmp/3hn69l4qoa804.3h31n1yj254w8.php')
Fri, 24 Jan 2025 15:52:28 -0500 [2603:9000:f801:55e2:407:872:ddbe:e148] [lib/base.php:3281] View->sandbox()
Fri, 24 Jan 2025 15:52:28 -0500 [2603:9000:f801:55e2:407:872:ddbe:e148] [app/controllers/Controller.php:87] Preview->render()
Fri, 24 Jan 2025 15:52:28 -0500 [2603:9000:f801:55e2:407:872:ddbe:e148] [lib/base.php:2078] Controller->afterroute()
Fri, 24 Jan 2025 15:52:28 -0500 [2603:9000:f801:55e2:407:872:ddbe:e148] [lib/base.php:1871] Base->call()
Fri, 24 Jan 2025 15:52:28 -0500 [2603:9000:f801:55e2:407:872:ddbe:e148] [index.php:19] Base->run()
Fri, 24 Jan 2025 15:52:32 -0500 [2603:9000:f801:55e2:407:872:ddbe:e148] 500: Undefined variable $i18n_select_task_type trace: [/home/u991737198/domains/tas2023.online/public_html/tmp/3hn69l4qoa804.9b9764piwerh.php:214]
Fri, 24 Jan 2025 15:52:32 -0500 [2603:9000:f801:55e2:407:872:ddbe:e148] [/home/u991737198/domains/tas2023.online/public_html/tmp/3hn69l4qoa804.9b9764piwerh.php:214] Base->{closure}()
Fri, 24 Jan 2025 15:52:32 -0500 [2603:9000:f801:55e2:407:872:ddbe:e148] [/home/u991737198/domains/tas2023.online/public_html/lib/base.php:3036] require('/home/u991737198/domains/tas2023.online/public_html/tmp/3hn69l4qoa804.9b9764piwerh.php')
Fri, 24 Jan 2025 15:52:32 -0500 [2603:9000:f801:55e2:407:872:ddbe:e148] [/home/u991737198/domains/tas2023.online/public_html/lib/base.php:3281] View->sandbox()
Fri, 24 Jan 2025 15:52:32 -0500 [2603:9000:f801:55e2:407:872:ddbe:e148] [/home/u991737198/domains/tas2023.online/public_html/tmp/3hn69l4qoa804.3h31n1yj254w8.php:7] Preview->render()
Fri, 24 Jan 2025 15:52:32 -0500 [2603:9000:f801:55e2:407:872:ddbe:e148] [/home/u991737198/domains/tas2023.online/public_html/lib/base.php:3036] require('/home/u991737198/domains/tas2023.online/public_html/tmp/3hn69l4qoa804.3h31n1yj254w8.php')
Fri, 24 Jan 2025 15:52:32 -0500 [2603:9000:f801:55e2:407:872:ddbe:e148] [/home/u991737198/domains/tas2023.online/public_html/lib/base.php:3281] View->sandbox()
Fri, 24 Jan 2025 15:52:32 -0500 [2603:9000:f801:55e2:407:872:ddbe:e148] [/home/u991737198/domains/tas2023.online/public_html/app/controllers/Controller.php:87] Preview->render()
Fri, 24 Jan 2025 15:52:32 -0500 [2603:9000:f801:55e2:407:872:ddbe:e148] [/home/u991737198/domains/tas2023.online/public_html/lib/base.php:2078] Controller->afterroute()
Fri, 24 Jan 2025 15:52:32 -0500 [2603:9000:f801:55e2:407:872:ddbe:e148] [/home/u991737198/domains/tas2023.online/public_html/lib/base.php:1871] Base->call()
Fri, 24 Jan 2025 15:52:32 -0500 [2603:9000:f801:55e2:407:872:ddbe:e148] [/home/u991737198/domains/tas2023.online/public_html/index.php:19] Base->run()
Fri, 24 Jan 2025 15:52:35 -0500 [2603:9000:f801:55e2:407:872:ddbe:e148] 500: Undefined variable $selected_note trace: [/home/u991737198/domains/tas2023.online/public_html/tmp/3hn69l4qoa804.3g8shy2588w00.php:371]
Fri, 24 Jan 2025 15:52:35 -0500 [2603:9000:f801:55e2:407:872:ddbe:e148] [/home/u991737198/domains/tas2023.online/public_html/tmp/3hn69l4qoa804.3g8shy2588w00.php:371] Base->{closure}()
Fri, 24 Jan 2025 15:52:35 -0500 [2603:9000:f801:55e2:407:872:ddbe:e148] [/home/u991737198/domains/tas2023.online/public_html/lib/base.php:3036] require('/home/u991737198/domains/tas2023.online/public_html/tmp/3hn69l4qoa804.3g8shy2588w00.php')
Fri, 24 Jan 2025 15:52:35 -0500 [2603:9000:f801:55e2:407:872:ddbe:e148] [/home/u991737198/domains/tas2023.online/public_html/lib/base.php:3281] View->sandbox()
Fri, 24 Jan 2025 15:52:35 -0500 [2603:9000:f801:55e2:407:872:ddbe:e148] [/home/u991737198/domains/tas2023.online/public_html/tmp/3hn69l4qoa804.3h31n1yj254w8.php:7] Preview->render()
Fri, 24 Jan 2025 15:52:35 -0500 [2603:9000:f801:55e2:407:872:ddbe:e148] [/home/u991737198/domains/tas2023.online/public_html/lib/base.php:3036] require('/home/u991737198/domains/tas2023.online/public_html/tmp/3hn69l4qoa804.3h31n1yj254w8.php')
Fri, 24 Jan 2025 15:52:35 -0500 [2603:9000:f801:55e2:407:872:ddbe:e148] [/home/u991737198/domains/tas2023.online/public_html/lib/base.php:3281] View->sandbox()
Fri, 24 Jan 2025 15:52:35 -0500 [2603:9000:f801:55e2:407:872:ddbe:e148] [/home/u991737198/domains/tas2023.online/public_html/app/controllers/Controller.php:87] Preview->render()
Fri, 24 Jan 2025 15:52:35 -0500 [2603:9000:f801:55e2:407:872:ddbe:e148] [/home/u991737198/domains/tas2023.online/public_html/lib/base.php:2078] Controller->afterroute()
Fri, 24 Jan 2025 15:52:35 -0500 [2603:9000:f801:55e2:407:872:ddbe:e148] [/home/u991737198/domains/tas2023.online/public_html/lib/base.php:1871] Base->call()
Fri, 24 Jan 2025 15:52:35 -0500 [2603:9000:f801:55e2:407:872:ddbe:e148] [/home/u991737198/domains/tas2023.online/public_html/index.php:19] Base->run()
Fri, 24 Jan 2025 15:52:49 -0500 [2603:9000:f801:55e2:407:872:ddbe:e148] 500: trim(): Passing null to parameter #1 ($string) of type string is deprecated trace: [/home/u991737198/domains/tas2023.online/public_html/tmp/3hn69l4qoa804.3g8shy2588w00.php:340]
Fri, 24 Jan 2025 15:52:49 -0500 [2603:9000:f801:55e2:407:872:ddbe:e148] [/home/u991737198/domains/tas2023.online/public_html/tmp/3hn69l4qoa804.3g8shy2588w00.php:340] trim()
Fri, 24 Jan 2025 15:52:49 -0500 [2603:9000:f801:55e2:407:872:ddbe:e148] [/home/u991737198/domains/tas2023.online/public_html/lib/base.php:3036] require('/home/u991737198/domains/tas2023.online/public_html/tmp/3hn69l4qoa804.3g8shy2588w00.php')
Fri, 24 Jan 2025 15:52:49 -0500 [2603:9000:f801:55e2:407:872:ddbe:e148] [/home/u991737198/domains/tas2023.online/public_html/lib/base.php:3281] View->sandbox()
Fri, 24 Jan 2025 15:52:49 -0500 [2603:9000:f801:55e2:407:872:ddbe:e148] [/home/u991737198/domains/tas2023.online/public_html/tmp/3hn69l4qoa804.3h31n1yj254w8.php:7] Preview->render()
Fri, 24 Jan 2025 15:52:49 -0500 [2603:9000:f801:55e2:407:872:ddbe:e148] [/home/u991737198/domains/tas2023.online/public_html/lib/base.php:3036] require('/home/u991737198/domains/tas2023.online/public_html/tmp/3hn69l4qoa804.3h31n1yj254w8.php')
Fri, 24 Jan 2025 15:52:49 -0500 [2603:9000:f801:55e2:407:872:ddbe:e148] [/home/u991737198/domains/tas2023.online/public_html/lib/base.php:3281] View->sandbox()
Fri, 24 Jan 2025 15:52:49 -0500 [2603:9000:f801:55e2:407:872:ddbe:e148] [/home/u991737198/domains/tas2023.online/public_html/app/controllers/Controller.php:87] Preview->render()
Fri, 24 Jan 2025 15:52:49 -0500 [2603:9000:f801:55e2:407:872:ddbe:e148] [/home/u991737198/domains/tas2023.online/public_html/lib/base.php:2078] Controller->afterroute()
Fri, 24 Jan 2025 15:52:49 -0500 [2603:9000:f801:55e2:407:872:ddbe:e148] [/home/u991737198/domains/tas2023.online/public_html/lib/base.php:1871] Base->call()
Fri, 24 Jan 2025 15:52:49 -0500 [2603:9000:f801:55e2:407:872:ddbe:e148] [/home/u991737198/domains/tas2023.online/public_html/index.php:19] Base->run()
Fri, 24 Jan 2025 15:52:54 -0500 [2603:9000:f801:55e2:407:872:ddbe:e148] 500: Undefined variable $entity_num trace: [tmp/3hn69l4qoa804.1zo7dt0fljr4w.php:200]
Fri, 24 Jan 2025 15:52:54 -0500 [2603:9000:f801:55e2:407:872:ddbe:e148] [tmp/3hn69l4qoa804.1zo7dt0fljr4w.php:200] Base->{closure}()
Fri, 24 Jan 2025 15:52:54 -0500 [2603:9000:f801:55e2:407:872:ddbe:e148] [lib/base.php:3036] require('/home/u991737198/domains/tas2023.online/public_html/tmp/3hn69l4qoa804.1zo7dt0fljr4w.php')
Fri, 24 Jan 2025 15:52:54 -0500 [2603:9000:f801:55e2:407:872:ddbe:e148] [lib/base.php:3281] View->sandbox()
Fri, 24 Jan 2025 15:52:54 -0500 [2603:9000:f801:55e2:407:872:ddbe:e148] [tmp/3hn69l4qoa804.3h31n1yj254w8.php:7] Preview->render()
Fri, 24 Jan 2025 15:52:54 -0500 [2603:9000:f801:55e2:407:872:ddbe:e148] [lib/base.php:3036] require('/home/u991737198/domains/tas2023.online/public_html/tmp/3hn69l4qoa804.3h31n1yj254w8.php')
Fri, 24 Jan 2025 15:52:54 -0500 [2603:9000:f801:55e2:407:872:ddbe:e148] [lib/base.php:3281] View->sandbox()
Fri, 24 Jan 2025 15:52:54 -0500 [2603:9000:f801:55e2:407:872:ddbe:e148] [app/controllers/Controller.php:87] Preview->render()
Fri, 24 Jan 2025 15:52:54 -0500 [2603:9000:f801:55e2:407:872:ddbe:e148] [lib/base.php:2078] Controller->afterroute()
Fri, 24 Jan 2025 15:52:54 -0500 [2603:9000:f801:55e2:407:872:ddbe:e148] [lib/base.php:1871] Base->call()
Fri, 24 Jan 2025 15:52:54 -0500 [2603:9000:f801:55e2:407:872:ddbe:e148] [index.php:19] Base->run()
Fri, 24 Jan 2025 15:52:57 -0500 [2603:9000:f801:55e2:407:872:ddbe:e148] 500: Undefined variable $token trace: [tmp/3hn69l4qoa804.2r4f9cgm96ecs.php:226]
Fri, 24 Jan 2025 15:52:57 -0500 [2603:9000:f801:55e2:407:872:ddbe:e148] [tmp/3hn69l4qoa804.2r4f9cgm96ecs.php:226] Base->{closure}()
Fri, 24 Jan 2025 15:52:57 -0500 [2603:9000:f801:55e2:407:872:ddbe:e148] [lib/base.php:3036] require('/home/u991737198/domains/tas2023.online/public_html/tmp/3hn69l4qoa804.2r4f9cgm96ecs.php')
Fri, 24 Jan 2025 15:52:57 -0500 [2603:9000:f801:55e2:407:872:ddbe:e148] [lib/base.php:3281] View->sandbox()
Fri, 24 Jan 2025 15:52:57 -0500 [2603:9000:f801:55e2:407:872:ddbe:e148] [tmp/3hn69l4qoa804.3h31n1yj254w8.php:7] Preview->render()
Fri, 24 Jan 2025 15:52:57 -0500 [2603:9000:f801:55e2:407:872:ddbe:e148] [lib/base.php:3036] require('/home/u991737198/domains/tas2023.online/public_html/tmp/3hn69l4qoa804.3h31n1yj254w8.php')
Fri, 24 Jan 2025 15:52:57 -0500 [2603:9000:f801:55e2:407:872:ddbe:e148] [lib/base.php:3281] View->sandbox()
Fri, 24 Jan 2025 15:52:57 -0500 [2603:9000:f801:55e2:407:872:ddbe:e148] [app/controllers/Controller.php:87] Preview->render()
Fri, 24 Jan 2025 15:52:57 -0500 [2603:9000:f801:55e2:407:872:ddbe:e148] [lib/base.php:2078] Controller->afterroute()
Fri, 24 Jan 2025 15:52:57 -0500 [2603:9000:f801:55e2:407:872:ddbe:e148] [lib/base.php:1871] Base->call()
Fri, 24 Jan 2025 15:52:57 -0500 [2603:9000:f801:55e2:407:872:ddbe:e148] [index.php:19] Base->run()
Fri, 24 Jan 2025 15:55:10 -0500 [2603:9000:f801:55e2:407:872:ddbe:e148] 500: Undefined variable $i18n_select_task_type trace: [/home/u991737198/domains/tas2023.online/public_html/tmp/3hn69l4qoa804.9b9764piwerh.php:214]
Fri, 24 Jan 2025 15:55:10 -0500 [2603:9000:f801:55e2:407:872:ddbe:e148] [/home/u991737198/domains/tas2023.online/public_html/tmp/3hn69l4qoa804.9b9764piwerh.php:214] Base->{closure}()
Fri, 24 Jan 2025 15:55:10 -0500 [2603:9000:f801:55e2:407:872:ddbe:e148] [/home/u991737198/domains/tas2023.online/public_html/lib/base.php:3036] require('/home/u991737198/domains/tas2023.online/public_html/tmp/3hn69l4qoa804.9b9764piwerh.php')
Fri, 24 Jan 2025 15:55:10 -0500 [2603:9000:f801:55e2:407:872:ddbe:e148] [/home/u991737198/domains/tas2023.online/public_html/lib/base.php:3281] View->sandbox()
Fri, 24 Jan 2025 15:55:10 -0500 [2603:9000:f801:55e2:407:872:ddbe:e148] [/home/u991737198/domains/tas2023.online/public_html/tmp/3hn69l4qoa804.3h31n1yj254w8.php:7] Preview->render()
Fri, 24 Jan 2025 15:55:10 -0500 [2603:9000:f801:55e2:407:872:ddbe:e148] [/home/u991737198/domains/tas2023.online/public_html/lib/base.php:3036] require('/home/u991737198/domains/tas2023.online/public_html/tmp/3hn69l4qoa804.3h31n1yj254w8.php')
Fri, 24 Jan 2025 15:55:10 -0500 [2603:9000:f801:55e2:407:872:ddbe:e148] [/home/u991737198/domains/tas2023.online/public_html/lib/base.php:3281] View->sandbox()
Fri, 24 Jan 2025 15:55:10 -0500 [2603:9000:f801:55e2:407:872:ddbe:e148] [/home/u991737198/domains/tas2023.online/public_html/app/controllers/Controller.php:87] Preview->render()
Fri, 24 Jan 2025 15:55:10 -0500 [2603:9000:f801:55e2:407:872:ddbe:e148] [/home/u991737198/domains/tas2023.online/public_html/lib/base.php:2078] Controller->afterroute()
Fri, 24 Jan 2025 15:55:10 -0500 [2603:9000:f801:55e2:407:872:ddbe:e148] [/home/u991737198/domains/tas2023.online/public_html/lib/base.php:1871] Base->call()
Fri, 24 Jan 2025 15:55:10 -0500 [2603:9000:f801:55e2:407:872:ddbe:e148] [/home/u991737198/domains/tas2023.online/public_html/index.php:19] Base->run()
Fri, 24 Jan 2025 15:55:27 -0500 [2603:9000:f801:55e2:407:872:ddbe:e148] 500: Undefined variable $entity_num trace: [tmp/3hn69l4qoa804.1zo7dt0fljr4w.php:200]
Fri, 24 Jan 2025 15:55:27 -0500 [2603:9000:f801:55e2:407:872:ddbe:e148] [tmp/3hn69l4qoa804.1zo7dt0fljr4w.php:200] Base->{closure}()
Fri, 24 Jan 2025 15:55:27 -0500 [2603:9000:f801:55e2:407:872:ddbe:e148] [lib/base.php:3036] require('/home/u991737198/domains/tas2023.online/public_html/tmp/3hn69l4qoa804.1zo7dt0fljr4w.php')
Fri, 24 Jan 2025 15:55:27 -0500 [2603:9000:f801:55e2:407:872:ddbe:e148] [lib/base.php:3281] View->sandbox()
Fri, 24 Jan 2025 15:55:27 -0500 [2603:9000:f801:55e2:407:872:ddbe:e148] [tmp/3hn69l4qoa804.3h31n1yj254w8.php:7] Preview->render()
Fri, 24 Jan 2025 15:55:27 -0500 [2603:9000:f801:55e2:407:872:ddbe:e148] [lib/base.php:3036] require('/home/u991737198/domains/tas2023.online/public_html/tmp/3hn69l4qoa804.3h31n1yj254w8.php')
Fri, 24 Jan 2025 15:55:27 -0500 [2603:9000:f801:55e2:407:872:ddbe:e148] [lib/base.php:3281] View->sandbox()
Fri, 24 Jan 2025 15:55:27 -0500 [2603:9000:f801:55e2:407:872:ddbe:e148] [app/controllers/Controller.php:87] Preview->render()
Fri, 24 Jan 2025 15:55:27 -0500 [2603:9000:f801:55e2:407:872:ddbe:e148] [lib/base.php:2078] Controller->afterroute()
Fri, 24 Jan 2025 15:55:27 -0500 [2603:9000:f801:55e2:407:872:ddbe:e148] [lib/base.php:1871] Base->call()
Fri, 24 Jan 2025 15:55:27 -0500 [2603:9000:f801:55e2:407:872:ddbe:e148] [index.php:19] Base->run()
Fri, 24 Jan 2025 15:55:31 -0500 [2603:9000:f801:55e2:407:872:ddbe:e148] 500: Undefined variable $token trace: [tmp/3hn69l4qoa804.2r4f9cgm96ecs.php:226]
Fri, 24 Jan 2025 15:55:31 -0500 [2603:9000:f801:55e2:407:872:ddbe:e148] [tmp/3hn69l4qoa804.2r4f9cgm96ecs.php:226] Base->{closure}()
Fri, 24 Jan 2025 15:55:31 -0500 [2603:9000:f801:55e2:407:872:ddbe:e148] [lib/base.php:3036] require('/home/u991737198/domains/tas2023.online/public_html/tmp/3hn69l4qoa804.2r4f9cgm96ecs.php')
Fri, 24 Jan 2025 15:55:31 -0500 [2603:9000:f801:55e2:407:872:ddbe:e148] [lib/base.php:3281] View->sandbox()
Fri, 24 Jan 2025 15:55:31 -0500 [2603:9000:f801:55e2:407:872:ddbe:e148] [tmp/3hn69l4qoa804.3h31n1yj254w8.php:7] Preview->render()
Fri, 24 Jan 2025 15:55:31 -0500 [2603:9000:f801:55e2:407:872:ddbe:e148] [lib/base.php:3036] require('/home/u991737198/domains/tas2023.online/public_html/tmp/3hn69l4qoa804.3h31n1yj254w8.php')
Fri, 24 Jan 2025 15:55:31 -0500 [2603:9000:f801:55e2:407:872:ddbe:e148] [lib/base.php:3281] View->sandbox()
Fri, 24 Jan 2025 15:55:31 -0500 [2603:9000:f801:55e2:407:872:ddbe:e148] [app/controllers/Controller.php:87] Preview->render()
Fri, 24 Jan 2025 15:55:31 -0500 [2603:9000:f801:55e2:407:872:ddbe:e148] [lib/base.php:2078] Controller->afterroute()
Fri, 24 Jan 2025 15:55:31 -0500 [2603:9000:f801:55e2:407:872:ddbe:e148] [lib/base.php:1871] Base->call()
Fri, 24 Jan 2025 15:55:31 -0500 [2603:9000:f801:55e2:407:872:ddbe:e148] [index.php:19] Base->run()
Fri, 24 Jan 2025 15:58:27 -0500 [2603:9000:f801:55e2:407:872:ddbe:e148] 500: Undefined variable $project1 trace: [app/controllers/ProjectController.php:182]
Fri, 24 Jan 2025 15:58:27 -0500 [2603:9000:f801:55e2:407:872:ddbe:e148] [app/controllers/ProjectController.php:182] Base->{closure}()
Fri, 24 Jan 2025 15:58:27 -0500 [2603:9000:f801:55e2:407:872:ddbe:e148] [lib/base.php:2072] ProjectController->update()
Fri, 24 Jan 2025 15:58:27 -0500 [2603:9000:f801:55e2:407:872:ddbe:e148] [lib/base.php:1871] Base->call()
Fri, 24 Jan 2025 15:58:27 -0500 [2603:9000:f801:55e2:407:872:ddbe:e148] [index.php:19] Base->run()
Fri, 24 Jan 2025 15:59:24 -0500 [2603:9000:f801:55e2:407:872:ddbe:e148] 500: Undefined variable $entity_num trace: [tmp/3hn69l4qoa804.1zo7dt0fljr4w.php:200]
Fri, 24 Jan 2025 15:59:24 -0500 [2603:9000:f801:55e2:407:872:ddbe:e148] [tmp/3hn69l4qoa804.1zo7dt0fljr4w.php:200] Base->{closure}()
Fri, 24 Jan 2025 15:59:24 -0500 [2603:9000:f801:55e2:407:872:ddbe:e148] [lib/base.php:3036] require('/home/u991737198/domains/tas2023.online/public_html/tmp/3hn69l4qoa804.1zo7dt0fljr4w.php')
Fri, 24 Jan 2025 15:59:24 -0500 [2603:9000:f801:55e2:407:872:ddbe:e148] [lib/base.php:3281] View->sandbox()
Fri, 24 Jan 2025 15:59:24 -0500 [2603:9000:f801:55e2:407:872:ddbe:e148] [tmp/3hn69l4qoa804.3h31n1yj254w8.php:7] Preview->render()
Fri, 24 Jan 2025 15:59:24 -0500 [2603:9000:f801:55e2:407:872:ddbe:e148] [lib/base.php:3036] require('/home/u991737198/domains/tas2023.online/public_html/tmp/3hn69l4qoa804.3h31n1yj254w8.php')
Fri, 24 Jan 2025 15:59:24 -0500 [2603:9000:f801:55e2:407:872:ddbe:e148] [lib/base.php:3281] View->sandbox()
Fri, 24 Jan 2025 15:59:24 -0500 [2603:9000:f801:55e2:407:872:ddbe:e148] [app/controllers/Controller.php:87] Preview->render()
Fri, 24 Jan 2025 15:59:24 -0500 [2603:9000:f801:55e2:407:872:ddbe:e148] [lib/base.php:2078] Controller->afterroute()
Fri, 24 Jan 2025 15:59:24 -0500 [2603:9000:f801:55e2:407:872:ddbe:e148] [lib/base.php:1871] Base->call()
Fri, 24 Jan 2025 15:59:24 -0500 [2603:9000:f801:55e2:407:872:ddbe:e148] [index.php:19] Base->run()
Fri, 24 Jan 2025 15:59:27 -0500 [2603:9000:f801:55e2:407:872:ddbe:e148] 500: Undefined variable $token trace: [tmp/3hn69l4qoa804.2r4f9cgm96ecs.php:226]
Fri, 24 Jan 2025 15:59:27 -0500 [2603:9000:f801:55e2:407:872:ddbe:e148] [tmp/3hn69l4qoa804.2r4f9cgm96ecs.php:226] Base->{closure}()
Fri, 24 Jan 2025 15:59:27 -0500 [2603:9000:f801:55e2:407:872:ddbe:e148] [lib/base.php:3036] require('/home/u991737198/domains/tas2023.online/public_html/tmp/3hn69l4qoa804.2r4f9cgm96ecs.php')
Fri, 24 Jan 2025 15:59:27 -0500 [2603:9000:f801:55e2:407:872:ddbe:e148] [lib/base.php:3281] View->sandbox()
Fri, 24 Jan 2025 15:59:27 -0500 [2603:9000:f801:55e2:407:872:ddbe:e148] [tmp/3hn69l4qoa804.3h31n1yj254w8.php:7] Preview->render()
Fri, 24 Jan 2025 15:59:27 -0500 [2603:9000:f801:55e2:407:872:ddbe:e148] [lib/base.php:3036] require('/home/u991737198/domains/tas2023.online/public_html/tmp/3hn69l4qoa804.3h31n1yj254w8.php')
Fri, 24 Jan 2025 15:59:27 -0500 [2603:9000:f801:55e2:407:872:ddbe:e148] [lib/base.php:3281] View->sandbox()
Fri, 24 Jan 2025 15:59:27 -0500 [2603:9000:f801:55e2:407:872:ddbe:e148] [app/controllers/Controller.php:87] Preview->render()
Fri, 24 Jan 2025 15:59:27 -0500 [2603:9000:f801:55e2:407:872:ddbe:e148] [lib/base.php:2078] Controller->afterroute()
Fri, 24 Jan 2025 15:59:27 -0500 [2603:9000:f801:55e2:407:872:ddbe:e148] [lib/base.php:1871] Base->call()
Fri, 24 Jan 2025 15:59:27 -0500 [2603:9000:f801:55e2:407:872:ddbe:e148] [index.php:19] Base->run()
Fri, 24 Jan 2025 15:59:32 -0500 [2603:9000:f801:55e2:407:872:ddbe:e148] 500: Undefined variable $token trace: [tmp/3hn69l4qoa804.2r4f9cgm96ecs.php:226]
Fri, 24 Jan 2025 15:59:32 -0500 [2603:9000:f801:55e2:407:872:ddbe:e148] [tmp/3hn69l4qoa804.2r4f9cgm96ecs.php:226] Base->{closure}()
Fri, 24 Jan 2025 15:59:32 -0500 [2603:9000:f801:55e2:407:872:ddbe:e148] [lib/base.php:3036] require('/home/u991737198/domains/tas2023.online/public_html/tmp/3hn69l4qoa804.2r4f9cgm96ecs.php')
Fri, 24 Jan 2025 15:59:32 -0500 [2603:9000:f801:55e2:407:872:ddbe:e148] [lib/base.php:3281] View->sandbox()
Fri, 24 Jan 2025 15:59:32 -0500 [2603:9000:f801:55e2:407:872:ddbe:e148] [tmp/3hn69l4qoa804.3h31n1yj254w8.php:7] Preview->render()
Fri, 24 Jan 2025 15:59:32 -0500 [2603:9000:f801:55e2:407:872:ddbe:e148] [lib/base.php:3036] require('/home/u991737198/domains/tas2023.online/public_html/tmp/3hn69l4qoa804.3h31n1yj254w8.php')
Fri, 24 Jan 2025 15:59:32 -0500 [2603:9000:f801:55e2:407:872:ddbe:e148] [lib/base.php:3281] View->sandbox()
Fri, 24 Jan 2025 15:59:32 -0500 [2603:9000:f801:55e2:407:872:ddbe:e148] [app/controllers/Controller.php:87] Preview->render()
Fri, 24 Jan 2025 15:59:32 -0500 [2603:9000:f801:55e2:407:872:ddbe:e148] [lib/base.php:2078] Controller->afterroute()
Fri, 24 Jan 2025 15:59:32 -0500 [2603:9000:f801:55e2:407:872:ddbe:e148] [lib/base.php:1871] Base->call()
Fri, 24 Jan 2025 15:59:32 -0500 [2603:9000:f801:55e2:407:872:ddbe:e148] [index.php:19] Base->run()
Fri, 24 Jan 2025 15:59:36 -0500 [2603:9000:f801:55e2:407:872:ddbe:e148] 500: Undefined variable $i18n_select_task_type trace: [/home/u991737198/domains/tas2023.online/public_html/tmp/3hn69l4qoa804.9b9764piwerh.php:214]
Fri, 24 Jan 2025 15:59:36 -0500 [2603:9000:f801:55e2:407:872:ddbe:e148] [/home/u991737198/domains/tas2023.online/public_html/tmp/3hn69l4qoa804.9b9764piwerh.php:214] Base->{closure}()
Fri, 24 Jan 2025 15:59:36 -0500 [2603:9000:f801:55e2:407:872:ddbe:e148] [/home/u991737198/domains/tas2023.online/public_html/lib/base.php:3036] require('/home/u991737198/domains/tas2023.online/public_html/tmp/3hn69l4qoa804.9b9764piwerh.php')
Fri, 24 Jan 2025 15:59:36 -0500 [2603:9000:f801:55e2:407:872:ddbe:e148] [/home/u991737198/domains/tas2023.online/public_html/lib/base.php:3281] View->sandbox()
Fri, 24 Jan 2025 15:59:36 -0500 [2603:9000:f801:55e2:407:872:ddbe:e148] [/home/u991737198/domains/tas2023.online/public_html/tmp/3hn69l4qoa804.3h31n1yj254w8.php:7] Preview->render()
Fri, 24 Jan 2025 15:59:36 -0500 [2603:9000:f801:55e2:407:872:ddbe:e148] [/home/u991737198/domains/tas2023.online/public_html/lib/base.php:3036] require('/home/u991737198/domains/tas2023.online/public_html/tmp/3hn69l4qoa804.3h31n1yj254w8.php')
Fri, 24 Jan 2025 15:59:36 -0500 [2603:9000:f801:55e2:407:872:ddbe:e148] [/home/u991737198/domains/tas2023.online/public_html/lib/base.php:3281] View->sandbox()
Fri, 24 Jan 2025 15:59:36 -0500 [2603:9000:f801:55e2:407:872:ddbe:e148] [/home/u991737198/domains/tas2023.online/public_html/app/controllers/Controller.php:87] Preview->render()
Fri, 24 Jan 2025 15:59:36 -0500 [2603:9000:f801:55e2:407:872:ddbe:e148] [/home/u991737198/domains/tas2023.online/public_html/lib/base.php:2078] Controller->afterroute()
Fri, 24 Jan 2025 15:59:36 -0500 [2603:9000:f801:55e2:407:872:ddbe:e148] [/home/u991737198/domains/tas2023.online/public_html/lib/base.php:1871] Base->call()
Fri, 24 Jan 2025 15:59:36 -0500 [2603:9000:f801:55e2:407:872:ddbe:e148] [/home/u991737198/domains/tas2023.online/public_html/index.php:19] Base->run()
Fri, 24 Jan 2025 16:00:01 -0500 [2603:9000:f801:55e2:407:872:ddbe:e148] 500: Undefined variable $selected_note trace: [/home/u991737198/domains/tas2023.online/public_html/tmp/3hn69l4qoa804.3g8shy2588w00.php:371]
Fri, 24 Jan 2025 16:00:01 -0500 [2603:9000:f801:55e2:407:872:ddbe:e148] [/home/u991737198/domains/tas2023.online/public_html/tmp/3hn69l4qoa804.3g8shy2588w00.php:371] Base->{closure}()
Fri, 24 Jan 2025 16:00:01 -0500 [2603:9000:f801:55e2:407:872:ddbe:e148] [/home/u991737198/domains/tas2023.online/public_html/lib/base.php:3036] require('/home/u991737198/domains/tas2023.online/public_html/tmp/3hn69l4qoa804.3g8shy2588w00.php')
Fri, 24 Jan 2025 16:00:01 -0500 [2603:9000:f801:55e2:407:872:ddbe:e148] [/home/u991737198/domains/tas2023.online/public_html/lib/base.php:3281] View->sandbox()
Fri, 24 Jan 2025 16:00:01 -0500 [2603:9000:f801:55e2:407:872:ddbe:e148] [/home/u991737198/domains/tas2023.online/public_html/tmp/3hn69l4qoa804.3h31n1yj254w8.php:7] Preview->render()
Fri, 24 Jan 2025 16:00:01 -0500 [2603:9000:f801:55e2:407:872:ddbe:e148] [/home/u991737198/domains/tas2023.online/public_html/lib/base.php:3036] require('/home/u991737198/domains/tas2023.online/public_html/tmp/3hn69l4qoa804.3h31n1yj254w8.php')
Fri, 24 Jan 2025 16:00:01 -0500 [2603:9000:f801:55e2:407:872:ddbe:e148] [/home/u991737198/domains/tas2023.online/public_html/lib/base.php:3281] View->sandbox()
Fri, 24 Jan 2025 16:00:01 -0500 [2603:9000:f801:55e2:407:872:ddbe:e148] [/home/u991737198/domains/tas2023.online/public_html/app/controllers/Controller.php:87] Preview->render()
Fri, 24 Jan 2025 16:00:01 -0500 [2603:9000:f801:55e2:407:872:ddbe:e148] [/home/u991737198/domains/tas2023.online/public_html/lib/base.php:2078] Controller->afterroute()
Fri, 24 Jan 2025 16:00:01 -0500 [2603:9000:f801:55e2:407:872:ddbe:e148] [/home/u991737198/domains/tas2023.online/public_html/lib/base.php:1871] Base->call()
Fri, 24 Jan 2025 16:00:01 -0500 [2603:9000:f801:55e2:407:872:ddbe:e148] [/home/u991737198/domains/tas2023.online/public_html/index.php:19] Base->run()
Fri, 24 Jan 2025 16:01:01 -0500 [2603:9000:f801:55e2:407:872:ddbe:e148] 500: trim(): Passing null to parameter #1 ($string) of type string is deprecated trace: [/home/u991737198/domains/tas2023.online/public_html/tmp/3hn69l4qoa804.3g8shy2588w00.php:340]
Fri, 24 Jan 2025 16:01:01 -0500 [2603:9000:f801:55e2:407:872:ddbe:e148] [/home/u991737198/domains/tas2023.online/public_html/tmp/3hn69l4qoa804.3g8shy2588w00.php:340] trim()
Fri, 24 Jan 2025 16:01:01 -0500 [2603:9000:f801:55e2:407:872:ddbe:e148] [/home/u991737198/domains/tas2023.online/public_html/lib/base.php:3036] require('/home/u991737198/domains/tas2023.online/public_html/tmp/3hn69l4qoa804.3g8shy2588w00.php')
Fri, 24 Jan 2025 16:01:01 -0500 [2603:9000:f801:55e2:407:872:ddbe:e148] [/home/u991737198/domains/tas2023.online/public_html/lib/base.php:3281] View->sandbox()
Fri, 24 Jan 2025 16:01:01 -0500 [2603:9000:f801:55e2:407:872:ddbe:e148] [/home/u991737198/domains/tas2023.online/public_html/tmp/3hn69l4qoa804.3h31n1yj254w8.php:7] Preview->render()
Fri, 24 Jan 2025 16:01:01 -0500 [2603:9000:f801:55e2:407:872:ddbe:e148] [/home/u991737198/domains/tas2023.online/public_html/lib/base.php:3036] require('/home/u991737198/domains/tas2023.online/public_html/tmp/3hn69l4qoa804.3h31n1yj254w8.php')
Fri, 24 Jan 2025 16:01:01 -0500 [2603:9000:f801:55e2:407:872:ddbe:e148] [/home/u991737198/domains/tas2023.online/public_html/lib/base.php:3281] View->sandbox()
Fri, 24 Jan 2025 16:01:01 -0500 [2603:9000:f801:55e2:407:872:ddbe:e148] [/home/u991737198/domains/tas2023.online/public_html/app/controllers/Controller.php:87] Preview->render()
Fri, 24 Jan 2025 16:01:01 -0500 [2603:9000:f801:55e2:407:872:ddbe:e148] [/home/u991737198/domains/tas2023.online/public_html/lib/base.php:2078] Controller->afterroute()
Fri, 24 Jan 2025 16:01:01 -0500 [2603:9000:f801:55e2:407:872:ddbe:e148] [/home/u991737198/domains/tas2023.online/public_html/lib/base.php:1871] Base->call()
Fri, 24 Jan 2025 16:01:01 -0500 [2603:9000:f801:55e2:407:872:ddbe:e148] [/home/u991737198/domains/tas2023.online/public_html/index.php:19] Base->run()
Fri, 24 Jan 2025 16:01:05 -0500 [2603:9000:f801:55e2:407:872:ddbe:e148] 500: Undefined variable $i18n_select_task_type trace: [/home/u991737198/domains/tas2023.online/public_html/tmp/3hn69l4qoa804.9b9764piwerh.php:214]
Fri, 24 Jan 2025 16:01:05 -0500 [2603:9000:f801:55e2:407:872:ddbe:e148] [/home/u991737198/domains/tas2023.online/public_html/tmp/3hn69l4qoa804.9b9764piwerh.php:214] Base->{closure}()
Fri, 24 Jan 2025 16:01:05 -0500 [2603:9000:f801:55e2:407:872:ddbe:e148] [/home/u991737198/domains/tas2023.online/public_html/lib/base.php:3036] require('/home/u991737198/domains/tas2023.online/public_html/tmp/3hn69l4qoa804.9b9764piwerh.php')
Fri, 24 Jan 2025 16:01:05 -0500 [2603:9000:f801:55e2:407:872:ddbe:e148] [/home/u991737198/domains/tas2023.online/public_html/lib/base.php:3281] View->sandbox()
Fri, 24 Jan 2025 16:01:05 -0500 [2603:9000:f801:55e2:407:872:ddbe:e148] [/home/u991737198/domains/tas2023.online/public_html/tmp/3hn69l4qoa804.3h31n1yj254w8.php:7] Preview->render()
Fri, 24 Jan 2025 16:01:05 -0500 [2603:9000:f801:55e2:407:872:ddbe:e148] [/home/u991737198/domains/tas2023.online/public_html/lib/base.php:3036] require('/home/u991737198/domains/tas2023.online/public_html/tmp/3hn69l4qoa804.3h31n1yj254w8.php')
Fri, 24 Jan 2025 16:01:05 -0500 [2603:9000:f801:55e2:407:872:ddbe:e148] [/home/u991737198/domains/tas2023.online/public_html/lib/base.php:3281] View->sandbox()
Fri, 24 Jan 2025 16:01:05 -0500 [2603:9000:f801:55e2:407:872:ddbe:e148] [/home/u991737198/domains/tas2023.online/public_html/app/controllers/Controller.php:87] Preview->render()
Fri, 24 Jan 2025 16:01:05 -0500 [2603:9000:f801:55e2:407:872:ddbe:e148] [/home/u991737198/domains/tas2023.online/public_html/lib/base.php:2078] Controller->afterroute()
Fri, 24 Jan 2025 16:01:05 -0500 [2603:9000:f801:55e2:407:872:ddbe:e148] [/home/u991737198/domains/tas2023.online/public_html/lib/base.php:1871] Base->call()
Fri, 24 Jan 2025 16:01:05 -0500 [2603:9000:f801:55e2:407:872:ddbe:e148] [/home/u991737198/domains/tas2023.online/public_html/index.php:19] Base->run()
Fri, 24 Jan 2025 18:06:33 -0500 [47.206.231.19] 401: HTTP 401 (GET /task/taskData) trace: [/home/u991737198/domains/tas2023.online/public_html/lib/access.php:112] Base->error()
Fri, 24 Jan 2025 18:06:33 -0500 [47.206.231.19] [/home/u991737198/domains/tas2023.online/public_html/app/controllers/Controller.php:78] Access->authorize()
Fri, 24 Jan 2025 18:06:33 -0500 [47.206.231.19] [/home/u991737198/domains/tas2023.online/public_html/lib/base.php:2069] Controller->beforeroute()
Fri, 24 Jan 2025 18:06:33 -0500 [47.206.231.19] [/home/u991737198/domains/tas2023.online/public_html/lib/base.php:1871] Base->call()
Fri, 24 Jan 2025 18:06:33 -0500 [47.206.231.19] [/home/u991737198/domains/tas2023.online/public_html/index.php:19] Base->run()
Fri, 24 Jan 2025 18:08:02 -0500 [47.206.231.19] 500: Undefined variable $entity_num trace: [tmp/3hn69l4qoa804.1zo7dt0fljr4w.php:200]
Fri, 24 Jan 2025 18:08:02 -0500 [47.206.231.19] [tmp/3hn69l4qoa804.1zo7dt0fljr4w.php:200] Base->{closure}()
Fri, 24 Jan 2025 18:08:02 -0500 [47.206.231.19] [lib/base.php:3036] require('/home/u991737198/domains/tas2023.online/public_html/tmp/3hn69l4qoa804.1zo7dt0fljr4w.php')
Fri, 24 Jan 2025 18:08:02 -0500 [47.206.231.19] [lib/base.php:3281] View->sandbox()
Fri, 24 Jan 2025 18:08:02 -0500 [47.206.231.19] [tmp/3hn69l4qoa804.3h31n1yj254w8.php:7] Preview->render()
Fri, 24 Jan 2025 18:08:02 -0500 [47.206.231.19] [lib/base.php:3036] require('/home/u991737198/domains/tas2023.online/public_html/tmp/3hn69l4qoa804.3h31n1yj254w8.php')
Fri, 24 Jan 2025 18:08:02 -0500 [47.206.231.19] [lib/base.php:3281] View->sandbox()
Fri, 24 Jan 2025 18:08:02 -0500 [47.206.231.19] [app/controllers/Controller.php:87] Preview->render()
Fri, 24 Jan 2025 18:08:02 -0500 [47.206.231.19] [lib/base.php:2078] Controller->afterroute()
Fri, 24 Jan 2025 18:08:02 -0500 [47.206.231.19] [lib/base.php:1871] Base->call()
Fri, 24 Jan 2025 18:08:02 -0500 [47.206.231.19] [index.php:19] Base->run()
Fri, 24 Jan 2025 18:19:50 -0500 [47.206.231.19] 500: Undefined variable $paciente trace: [app/controllers/ProjectController.php:37]
Fri, 24 Jan 2025 18:19:50 -0500 [47.206.231.19] [app/controllers/ProjectController.php:37] Base->{closure}()
Fri, 24 Jan 2025 18:19:50 -0500 [47.206.231.19] [lib/base.php:2072] ProjectController->listproject()
Fri, 24 Jan 2025 18:19:50 -0500 [47.206.231.19] [lib/base.php:1871] Base->call()
Fri, 24 Jan 2025 18:19:50 -0500 [47.206.231.19] [index.php:19] Base->run()
Fri, 24 Jan 2025 18:19:58 -0500 [47.206.231.19] 500: Undefined variable $paciente trace: [app/controllers/ProjectController.php:37]
Fri, 24 Jan 2025 18:19:58 -0500 [47.206.231.19] [app/controllers/ProjectController.php:37] Base->{closure}()
Fri, 24 Jan 2025 18:19:58 -0500 [47.206.231.19] [lib/base.php:2072] ProjectController->listproject()
Fri, 24 Jan 2025 18:19:58 -0500 [47.206.231.19] [lib/base.php:1871] Base->call()
Fri, 24 Jan 2025 18:19:58 -0500 [47.206.231.19] [index.php:19] Base->run()
Fri, 24 Jan 2025 18:21:40 -0500 [47.206.231.19] 500: Undefined variable $paciente trace: [app/controllers/ProjectController.php:37]
Fri, 24 Jan 2025 18:21:40 -0500 [47.206.231.19] [app/controllers/ProjectController.php:37] Base->{closure}()
Fri, 24 Jan 2025 18:21:40 -0500 [47.206.231.19] [lib/base.php:2072] ProjectController->listproject()
Fri, 24 Jan 2025 18:21:40 -0500 [47.206.231.19] [lib/base.php:1871] Base->call()
Fri, 24 Jan 2025 18:21:40 -0500 [47.206.231.19] [index.php:19] Base->run()
Fri, 24 Jan 2025 18:22:15 -0500 [47.206.231.19] 500: Undefined variable $entity_num trace: [tmp/3hn69l4qoa804.1zo7dt0fljr4w.php:200]
Fri, 24 Jan 2025 18:22:15 -0500 [47.206.231.19] [tmp/3hn69l4qoa804.1zo7dt0fljr4w.php:200] Base->{closure}()
Fri, 24 Jan 2025 18:22:15 -0500 [47.206.231.19] [lib/base.php:3036] require('/home/u991737198/domains/tas2023.online/public_html/tmp/3hn69l4qoa804.1zo7dt0fljr4w.php')
Fri, 24 Jan 2025 18:22:15 -0500 [47.206.231.19] [lib/base.php:3281] View->sandbox()
Fri, 24 Jan 2025 18:22:15 -0500 [47.206.231.19] [tmp/3hn69l4qoa804.3h31n1yj254w8.php:7] Preview->render()
Fri, 24 Jan 2025 18:22:15 -0500 [47.206.231.19] [lib/base.php:3036] require('/home/u991737198/domains/tas2023.online/public_html/tmp/3hn69l4qoa804.3h31n1yj254w8.php')
Fri, 24 Jan 2025 18:22:15 -0500 [47.206.231.19] [lib/base.php:3281] View->sandbox()
Fri, 24 Jan 2025 18:22:15 -0500 [47.206.231.19] [app/controllers/Controller.php:87] Preview->render()
Fri, 24 Jan 2025 18:22:15 -0500 [47.206.231.19] [lib/base.php:2078] Controller->afterroute()
Fri, 24 Jan 2025 18:22:15 -0500 [47.206.231.19] [lib/base.php:1871] Base->call()
Fri, 24 Jan 2025 18:22:15 -0500 [47.206.231.19] [index.php:19] Base->run()
Fri, 24 Jan 2025 18:25:39 -0500 [47.206.231.19] 500: Undefined variable $entity_num trace: [tmp/3hn69l4qoa804.1zo7dt0fljr4w.php:200]
Fri, 24 Jan 2025 18:25:39 -0500 [47.206.231.19] [tmp/3hn69l4qoa804.1zo7dt0fljr4w.php:200] Base->{closure}()
Fri, 24 Jan 2025 18:25:39 -0500 [47.206.231.19] [lib/base.php:3036] require('/home/u991737198/domains/tas2023.online/public_html/tmp/3hn69l4qoa804.1zo7dt0fljr4w.php')
Fri, 24 Jan 2025 18:25:39 -0500 [47.206.231.19] [lib/base.php:3281] View->sandbox()
Fri, 24 Jan 2025 18:25:39 -0500 [47.206.231.19] [tmp/3hn69l4qoa804.3h31n1yj254w8.php:7] Preview->render()
Fri, 24 Jan 2025 18:25:39 -0500 [47.206.231.19] [lib/base.php:3036] require('/home/u991737198/domains/tas2023.online/public_html/tmp/3hn69l4qoa804.3h31n1yj254w8.php')
Fri, 24 Jan 2025 18:25:39 -0500 [47.206.231.19] [lib/base.php:3281] View->sandbox()
Fri, 24 Jan 2025 18:25:39 -0500 [47.206.231.19] [app/controllers/Controller.php:87] Preview->render()
Fri, 24 Jan 2025 18:25:39 -0500 [47.206.231.19] [lib/base.php:2078] Controller->afterroute()
Fri, 24 Jan 2025 18:25:39 -0500 [47.206.231.19] [lib/base.php:1871] Base->call()
Fri, 24 Jan 2025 18:25:39 -0500 [47.206.231.19] [index.php:19] Base->run()
Fri, 24 Jan 2025 18:57:32 -0500 [47.206.231.19] 500: Undefined variable $entity_num trace: [tmp/3hn69l4qoa804.1zo7dt0fljr4w.php:200]
Fri, 24 Jan 2025 18:57:32 -0500 [47.206.231.19] [tmp/3hn69l4qoa804.1zo7dt0fljr4w.php:200] Base->{closure}()
Fri, 24 Jan 2025 18:57:32 -0500 [47.206.231.19] [lib/base.php:3036] require('/home/u991737198/domains/tas2023.online/public_html/tmp/3hn69l4qoa804.1zo7dt0fljr4w.php')
Fri, 24 Jan 2025 18:57:32 -0500 [47.206.231.19] [lib/base.php:3281] View->sandbox()
Fri, 24 Jan 2025 18:57:32 -0500 [47.206.231.19] [tmp/3hn69l4qoa804.3h31n1yj254w8.php:7] Preview->render()
Fri, 24 Jan 2025 18:57:32 -0500 [47.206.231.19] [lib/base.php:3036] require('/home/u991737198/domains/tas2023.online/public_html/tmp/3hn69l4qoa804.3h31n1yj254w8.php')
Fri, 24 Jan 2025 18:57:32 -0500 [47.206.231.19] [lib/base.php:3281] View->sandbox()
Fri, 24 Jan 2025 18:57:32 -0500 [47.206.231.19] [app/controllers/Controller.php:87] Preview->render()
Fri, 24 Jan 2025 18:57:32 -0500 [47.206.231.19] [lib/base.php:2078] Controller->afterroute()
Fri, 24 Jan 2025 18:57:32 -0500 [47.206.231.19] [lib/base.php:1871] Base->call()
Fri, 24 Jan 2025 18:57:32 -0500 [47.206.231.19] [index.php:19] Base->run()
Fri, 24 Jan 2025 18:57:40 -0500 [47.206.231.19] 500: Undefined array key "user_rol" trace: [tmp/3hn69l4qoa804.1zo7dt0fljr4w.php:92]
Fri, 24 Jan 2025 18:57:40 -0500 [47.206.231.19] [tmp/3hn69l4qoa804.1zo7dt0fljr4w.php:92] Base->{closure}()
Fri, 24 Jan 2025 18:57:40 -0500 [47.206.231.19] [lib/base.php:3036] require('/home/u991737198/domains/tas2023.online/public_html/tmp/3hn69l4qoa804.1zo7dt0fljr4w.php')
Fri, 24 Jan 2025 18:57:40 -0500 [47.206.231.19] [lib/base.php:3281] View->sandbox()
Fri, 24 Jan 2025 18:57:40 -0500 [47.206.231.19] [tmp/3hn69l4qoa804.3h31n1yj254w8.php:7] Preview->render()
Fri, 24 Jan 2025 18:57:40 -0500 [47.206.231.19] [lib/base.php:3036] require('/home/u991737198/domains/tas2023.online/public_html/tmp/3hn69l4qoa804.3h31n1yj254w8.php')
Fri, 24 Jan 2025 18:57:40 -0500 [47.206.231.19] [lib/base.php:3281] View->sandbox()
Fri, 24 Jan 2025 18:57:40 -0500 [47.206.231.19] [app/controllers/Controller.php:87] Preview->render()
Fri, 24 Jan 2025 18:57:40 -0500 [47.206.231.19] [lib/base.php:2078] Controller->afterroute()
Fri, 24 Jan 2025 18:57:40 -0500 [47.206.231.19] [lib/base.php:1871] Base->call()
Fri, 24 Jan 2025 18:57:40 -0500 [47.206.231.19] [index.php:19] Base->run()
Fri, 24 Jan 2025 18:59:59 -0500 [47.206.231.19] 500: Undefined variable $entity_num trace: [tmp/3hn69l4qoa804.1zo7dt0fljr4w.php:200]
Fri, 24 Jan 2025 18:59:59 -0500 [47.206.231.19] [tmp/3hn69l4qoa804.1zo7dt0fljr4w.php:200] Base->{closure}()
Fri, 24 Jan 2025 18:59:59 -0500 [47.206.231.19] [lib/base.php:3036] require('/home/u991737198/domains/tas2023.online/public_html/tmp/3hn69l4qoa804.1zo7dt0fljr4w.php')
Fri, 24 Jan 2025 18:59:59 -0500 [47.206.231.19] [lib/base.php:3281] View->sandbox()
Fri, 24 Jan 2025 18:59:59 -0500 [47.206.231.19] [tmp/3hn69l4qoa804.3h31n1yj254w8.php:7] Preview->render()
Fri, 24 Jan 2025 18:59:59 -0500 [47.206.231.19] [lib/base.php:3036] require('/home/u991737198/domains/tas2023.online/public_html/tmp/3hn69l4qoa804.3h31n1yj254w8.php')
Fri, 24 Jan 2025 18:59:59 -0500 [47.206.231.19] [lib/base.php:3281] View->sandbox()
Fri, 24 Jan 2025 18:59:59 -0500 [47.206.231.19] [app/controllers/Controller.php:87] Preview->render()
Fri, 24 Jan 2025 18:59:59 -0500 [47.206.231.19] [lib/base.php:2078] Controller->afterroute()
Fri, 24 Jan 2025 18:59:59 -0500 [47.206.231.19] [lib/base.php:1871] Base->call()
Fri, 24 Jan 2025 18:59:59 -0500 [47.206.231.19] [index.php:19] Base->run()
Fri, 24 Jan 2025 19:02:42 -0500 [47.206.231.19] 500: Undefined variable $entity_num trace: [tmp/3hn69l4qoa804.1zo7dt0fljr4w.php:200]
Fri, 24 Jan 2025 19:02:42 -0500 [47.206.231.19] [tmp/3hn69l4qoa804.1zo7dt0fljr4w.php:200] Base->{closure}()
Fri, 24 Jan 2025 19:02:42 -0500 [47.206.231.19] [lib/base.php:3036] require('/home/u991737198/domains/tas2023.online/public_html/tmp/3hn69l4qoa804.1zo7dt0fljr4w.php')
Fri, 24 Jan 2025 19:02:42 -0500 [47.206.231.19] [lib/base.php:3281] View->sandbox()
Fri, 24 Jan 2025 19:02:42 -0500 [47.206.231.19] [tmp/3hn69l4qoa804.3h31n1yj254w8.php:7] Preview->render()
Fri, 24 Jan 2025 19:02:42 -0500 [47.206.231.19] [lib/base.php:3036] require('/home/u991737198/domains/tas2023.online/public_html/tmp/3hn69l4qoa804.3h31n1yj254w8.php')
Fri, 24 Jan 2025 19:02:42 -0500 [47.206.231.19] [lib/base.php:3281] View->sandbox()
Fri, 24 Jan 2025 19:02:42 -0500 [47.206.231.19] [app/controllers/Controller.php:87] Preview->render()
Fri, 24 Jan 2025 19:02:42 -0500 [47.206.231.19] [lib/base.php:2078] Controller->afterroute()
Fri, 24 Jan 2025 19:02:42 -0500 [47.206.231.19] [lib/base.php:1871] Base->call()
Fri, 24 Jan 2025 19:02:42 -0500 [47.206.231.19] [index.php:19] Base->run()
Fri, 24 Jan 2025 19:04:46 -0500 [47.206.231.19] 500: Undefined variable $entity_num trace: [tmp/3hn69l4qoa804.1zo7dt0fljr4w.php:200]
Fri, 24 Jan 2025 19:04:46 -0500 [47.206.231.19] [tmp/3hn69l4qoa804.1zo7dt0fljr4w.php:200] Base->{closure}()
Fri, 24 Jan 2025 19:04:46 -0500 [47.206.231.19] [lib/base.php:3036] require('/home/u991737198/domains/tas2023.online/public_html/tmp/3hn69l4qoa804.1zo7dt0fljr4w.php')
Fri, 24 Jan 2025 19:04:46 -0500 [47.206.231.19] [lib/base.php:3281] View->sandbox()
Fri, 24 Jan 2025 19:04:46 -0500 [47.206.231.19] [tmp/3hn69l4qoa804.3h31n1yj254w8.php:7] Preview->render()
Fri, 24 Jan 2025 19:04:46 -0500 [47.206.231.19] [lib/base.php:3036] require('/home/u991737198/domains/tas2023.online/public_html/tmp/3hn69l4qoa804.3h31n1yj254w8.php')
Fri, 24 Jan 2025 19:04:46 -0500 [47.206.231.19] [lib/base.php:3281] View->sandbox()
Fri, 24 Jan 2025 19:04:46 -0500 [47.206.231.19] [app/controllers/Controller.php:87] Preview->render()
Fri, 24 Jan 2025 19:04:46 -0500 [47.206.231.19] [lib/base.php:2078] Controller->afterroute()
Fri, 24 Jan 2025 19:04:46 -0500 [47.206.231.19] [lib/base.php:1871] Base->call()
Fri, 24 Jan 2025 19:04:46 -0500 [47.206.231.19] [index.php:19] Base->run()
Fri, 24 Jan 2025 19:04:54 -0500 [47.206.231.19] 500: Undefined variable $entity_num trace: [tmp/3hn69l4qoa804.1zo7dt0fljr4w.php:200]
Fri, 24 Jan 2025 19:04:54 -0500 [47.206.231.19] [tmp/3hn69l4qoa804.1zo7dt0fljr4w.php:200] Base->{closure}()
Fri, 24 Jan 2025 19:04:54 -0500 [47.206.231.19] [lib/base.php:3036] require('/home/u991737198/domains/tas2023.online/public_html/tmp/3hn69l4qoa804.1zo7dt0fljr4w.php')
Fri, 24 Jan 2025 19:04:54 -0500 [47.206.231.19] [lib/base.php:3281] View->sandbox()
Fri, 24 Jan 2025 19:04:54 -0500 [47.206.231.19] [tmp/3hn69l4qoa804.3h31n1yj254w8.php:7] Preview->render()
Fri, 24 Jan 2025 19:04:54 -0500 [47.206.231.19] [lib/base.php:3036] require('/home/u991737198/domains/tas2023.online/public_html/tmp/3hn69l4qoa804.3h31n1yj254w8.php')
Fri, 24 Jan 2025 19:04:54 -0500 [47.206.231.19] [lib/base.php:3281] View->sandbox()
Fri, 24 Jan 2025 19:04:54 -0500 [47.206.231.19] [app/controllers/Controller.php:87] Preview->render()
Fri, 24 Jan 2025 19:04:54 -0500 [47.206.231.19] [lib/base.php:2078] Controller->afterroute()
Fri, 24 Jan 2025 19:04:54 -0500 [47.206.231.19] [lib/base.php:1871] Base->call()
Fri, 24 Jan 2025 19:04:54 -0500 [47.206.231.19] [index.php:19] Base->run()
Fri, 24 Jan 2025 19:05:32 -0500 [47.206.231.19] 500: Undefined variable $entity_num trace: [tmp/3hn69l4qoa804.1zo7dt0fljr4w.php:200]
Fri, 24 Jan 2025 19:05:32 -0500 [47.206.231.19] [tmp/3hn69l4qoa804.1zo7dt0fljr4w.php:200] Base->{closure}()
Fri, 24 Jan 2025 19:05:32 -0500 [47.206.231.19] [lib/base.php:3036] require('/home/u991737198/domains/tas2023.online/public_html/tmp/3hn69l4qoa804.1zo7dt0fljr4w.php')
Fri, 24 Jan 2025 19:05:32 -0500 [47.206.231.19] [lib/base.php:3281] View->sandbox()
Fri, 24 Jan 2025 19:05:32 -0500 [47.206.231.19] [tmp/3hn69l4qoa804.3h31n1yj254w8.php:7] Preview->render()
Fri, 24 Jan 2025 19:05:32 -0500 [47.206.231.19] [lib/base.php:3036] require('/home/u991737198/domains/tas2023.online/public_html/tmp/3hn69l4qoa804.3h31n1yj254w8.php')
Fri, 24 Jan 2025 19:05:32 -0500 [47.206.231.19] [lib/base.php:3281] View->sandbox()
Fri, 24 Jan 2025 19:05:32 -0500 [47.206.231.19] [app/controllers/Controller.php:87] Preview->render()
Fri, 24 Jan 2025 19:05:32 -0500 [47.206.231.19] [lib/base.php:2078] Controller->afterroute()
Fri, 24 Jan 2025 19:05:32 -0500 [47.206.231.19] [lib/base.php:1871] Base->call()
Fri, 24 Jan 2025 19:05:32 -0500 [47.206.231.19] [index.php:19] Base->run()
Fri, 24 Jan 2025 19:06:13 -0500 [47.206.231.19] 500: Undefined array key "user_rol" trace: [tmp/3hn69l4qoa804.1zo7dt0fljr4w.php:92]
Fri, 24 Jan 2025 19:06:13 -0500 [47.206.231.19] [tmp/3hn69l4qoa804.1zo7dt0fljr4w.php:92] Base->{closure}()
Fri, 24 Jan 2025 19:06:13 -0500 [47.206.231.19] [lib/base.php:3036] require('/home/u991737198/domains/tas2023.online/public_html/tmp/3hn69l4qoa804.1zo7dt0fljr4w.php')
Fri, 24 Jan 2025 19:06:13 -0500 [47.206.231.19] [lib/base.php:3281] View->sandbox()
Fri, 24 Jan 2025 19:06:13 -0500 [47.206.231.19] [tmp/3hn69l4qoa804.3h31n1yj254w8.php:7] Preview->render()
Fri, 24 Jan 2025 19:06:13 -0500 [47.206.231.19] [lib/base.php:3036] require('/home/u991737198/domains/tas2023.online/public_html/tmp/3hn69l4qoa804.3h31n1yj254w8.php')
Fri, 24 Jan 2025 19:06:13 -0500 [47.206.231.19] [lib/base.php:3281] View->sandbox()
Fri, 24 Jan 2025 19:06:13 -0500 [47.206.231.19] [app/controllers/Controller.php:87] Preview->render()
Fri, 24 Jan 2025 19:06:13 -0500 [47.206.231.19] [lib/base.php:2078] Controller->afterroute()
Fri, 24 Jan 2025 19:06:13 -0500 [47.206.231.19] [lib/base.php:1871] Base->call()
Fri, 24 Jan 2025 19:06:13 -0500 [47.206.231.19] [index.php:19] Base->run()
Fri, 24 Jan 2025 19:23:47 -0500 [47.206.231.19] 500: Undefined variable $entity_num trace: [tmp/3hn69l4qoa804.1zo7dt0fljr4w.php:200]
Fri, 24 Jan 2025 19:23:47 -0500 [47.206.231.19] [tmp/3hn69l4qoa804.1zo7dt0fljr4w.php:200] Base->{closure}()
Fri, 24 Jan 2025 19:23:47 -0500 [47.206.231.19] [lib/base.php:3036] require('/home/u991737198/domains/tas2023.online/public_html/tmp/3hn69l4qoa804.1zo7dt0fljr4w.php')
Fri, 24 Jan 2025 19:23:47 -0500 [47.206.231.19] [lib/base.php:3281] View->sandbox()
Fri, 24 Jan 2025 19:23:47 -0500 [47.206.231.19] [tmp/3hn69l4qoa804.3h31n1yj254w8.php:7] Preview->render()
Fri, 24 Jan 2025 19:23:47 -0500 [47.206.231.19] [lib/base.php:3036] require('/home/u991737198/domains/tas2023.online/public_html/tmp/3hn69l4qoa804.3h31n1yj254w8.php')
Fri, 24 Jan 2025 19:23:47 -0500 [47.206.231.19] [lib/base.php:3281] View->sandbox()
Fri, 24 Jan 2025 19:23:47 -0500 [47.206.231.19] [app/controllers/Controller.php:87] Preview->render()
Fri, 24 Jan 2025 19:23:47 -0500 [47.206.231.19] [lib/base.php:2078] Controller->afterroute()
Fri, 24 Jan 2025 19:23:47 -0500 [47.206.231.19] [lib/base.php:1871] Base->call()
Fri, 24 Jan 2025 19:23:47 -0500 [47.206.231.19] [index.php:19] Base->run()
Fri, 24 Jan 2025 19:23:53 -0500 [47.206.231.19] 500: Undefined array key "user_rol" trace: [tmp/3hn69l4qoa804.1zo7dt0fljr4w.php:92]
Fri, 24 Jan 2025 19:23:53 -0500 [47.206.231.19] [tmp/3hn69l4qoa804.1zo7dt0fljr4w.php:92] Base->{closure}()
Fri, 24 Jan 2025 19:23:53 -0500 [47.206.231.19] [lib/base.php:3036] require('/home/u991737198/domains/tas2023.online/public_html/tmp/3hn69l4qoa804.1zo7dt0fljr4w.php')
Fri, 24 Jan 2025 19:23:53 -0500 [47.206.231.19] [lib/base.php:3281] View->sandbox()
Fri, 24 Jan 2025 19:23:53 -0500 [47.206.231.19] [tmp/3hn69l4qoa804.3h31n1yj254w8.php:7] Preview->render()
Fri, 24 Jan 2025 19:23:53 -0500 [47.206.231.19] [lib/base.php:3036] require('/home/u991737198/domains/tas2023.online/public_html/tmp/3hn69l4qoa804.3h31n1yj254w8.php')
Fri, 24 Jan 2025 19:23:53 -0500 [47.206.231.19] [lib/base.php:3281] View->sandbox()
Fri, 24 Jan 2025 19:23:53 -0500 [47.206.231.19] [app/controllers/Controller.php:87] Preview->render()
Fri, 24 Jan 2025 19:23:53 -0500 [47.206.231.19] [lib/base.php:2078] Controller->afterroute()
Fri, 24 Jan 2025 19:23:53 -0500 [47.206.231.19] [lib/base.php:1871] Base->call()
Fri, 24 Jan 2025 19:23:53 -0500 [47.206.231.19] [index.php:19] Base->run()
Fri, 24 Jan 2025 19:35:26 -0500 [47.206.231.19] 500: Undefined variable $entity_num trace: [tmp/3hn69l4qoa804.1zo7dt0fljr4w.php:200]
Fri, 24 Jan 2025 19:35:26 -0500 [47.206.231.19] [tmp/3hn69l4qoa804.1zo7dt0fljr4w.php:200] Base->{closure}()
Fri, 24 Jan 2025 19:35:26 -0500 [47.206.231.19] [lib/base.php:3036] require('/home/u991737198/domains/tas2023.online/public_html/tmp/3hn69l4qoa804.1zo7dt0fljr4w.php')
Fri, 24 Jan 2025 19:35:26 -0500 [47.206.231.19] [lib/base.php:3281] View->sandbox()
Fri, 24 Jan 2025 19:35:26 -0500 [47.206.231.19] [tmp/3hn69l4qoa804.3h31n1yj254w8.php:7] Preview->render()
Fri, 24 Jan 2025 19:35:26 -0500 [47.206.231.19] [lib/base.php:3036] require('/home/u991737198/domains/tas2023.online/public_html/tmp/3hn69l4qoa804.3h31n1yj254w8.php')
Fri, 24 Jan 2025 19:35:26 -0500 [47.206.231.19] [lib/base.php:3281] View->sandbox()
Fri, 24 Jan 2025 19:35:26 -0500 [47.206.231.19] [app/controllers/Controller.php:87] Preview->render()
Fri, 24 Jan 2025 19:35:26 -0500 [47.206.231.19] [lib/base.php:2078] Controller->afterroute()
Fri, 24 Jan 2025 19:35:26 -0500 [47.206.231.19] [lib/base.php:1871] Base->call()
Fri, 24 Jan 2025 19:35:26 -0500 [47.206.231.19] [index.php:19] Base->run()
Fri, 24 Jan 2025 19:40:00 -0500 [47.206.231.19] 500: Undefined array key "user_rol" trace: [tmp/3hn69l4qoa804.1zo7dt0fljr4w.php:92]
Fri, 24 Jan 2025 19:40:00 -0500 [47.206.231.19] [tmp/3hn69l4qoa804.1zo7dt0fljr4w.php:92] Base->{closure}()
Fri, 24 Jan 2025 19:40:00 -0500 [47.206.231.19] [lib/base.php:3036] require('/home/u991737198/domains/tas2023.online/public_html/tmp/3hn69l4qoa804.1zo7dt0fljr4w.php')
Fri, 24 Jan 2025 19:40:00 -0500 [47.206.231.19] [lib/base.php:3281] View->sandbox()
Fri, 24 Jan 2025 19:40:00 -0500 [47.206.231.19] [tmp/3hn69l4qoa804.3h31n1yj254w8.php:7] Preview->render()
Fri, 24 Jan 2025 19:40:00 -0500 [47.206.231.19] [lib/base.php:3036] require('/home/u991737198/domains/tas2023.online/public_html/tmp/3hn69l4qoa804.3h31n1yj254w8.php')
Fri, 24 Jan 2025 19:40:00 -0500 [47.206.231.19] [lib/base.php:3281] View->sandbox()
Fri, 24 Jan 2025 19:40:00 -0500 [47.206.231.19] [app/controllers/Controller.php:87] Preview->render()
Fri, 24 Jan 2025 19:40:00 -0500 [47.206.231.19] [lib/base.php:2078] Controller->afterroute()
Fri, 24 Jan 2025 19:40:00 -0500 [47.206.231.19] [lib/base.php:1871] Base->call()
Fri, 24 Jan 2025 19:40:00 -0500 [47.206.231.19] [index.php:19] Base->run()
Fri, 24 Jan 2025 19:40:03 -0500 [47.206.231.19] 500: Undefined variable $entity_num trace: [tmp/3hn69l4qoa804.1zo7dt0fljr4w.php:200]
Fri, 24 Jan 2025 19:40:03 -0500 [47.206.231.19] [tmp/3hn69l4qoa804.1zo7dt0fljr4w.php:200] Base->{closure}()
Fri, 24 Jan 2025 19:40:03 -0500 [47.206.231.19] [lib/base.php:3036] require('/home/u991737198/domains/tas2023.online/public_html/tmp/3hn69l4qoa804.1zo7dt0fljr4w.php')
Fri, 24 Jan 2025 19:40:03 -0500 [47.206.231.19] [lib/base.php:3281] View->sandbox()
Fri, 24 Jan 2025 19:40:03 -0500 [47.206.231.19] [tmp/3hn69l4qoa804.3h31n1yj254w8.php:7] Preview->render()
Fri, 24 Jan 2025 19:40:03 -0500 [47.206.231.19] [lib/base.php:3036] require('/home/u991737198/domains/tas2023.online/public_html/tmp/3hn69l4qoa804.3h31n1yj254w8.php')
Fri, 24 Jan 2025 19:40:03 -0500 [47.206.231.19] [lib/base.php:3281] View->sandbox()
Fri, 24 Jan 2025 19:40:03 -0500 [47.206.231.19] [app/controllers/Controller.php:87] Preview->render()
Fri, 24 Jan 2025 19:40:03 -0500 [47.206.231.19] [lib/base.php:2078] Controller->afterroute()
Fri, 24 Jan 2025 19:40:03 -0500 [47.206.231.19] [lib/base.php:1871] Base->call()
Fri, 24 Jan 2025 19:40:03 -0500 [47.206.231.19] [index.php:19] Base->run()
Fri, 24 Jan 2025 19:41:00 -0500 [47.206.231.19] 500: Undefined array key "user_rol" trace: [tmp/3hn69l4qoa804.1zo7dt0fljr4w.php:92]
Fri, 24 Jan 2025 19:41:00 -0500 [47.206.231.19] [tmp/3hn69l4qoa804.1zo7dt0fljr4w.php:92] Base->{closure}()
Fri, 24 Jan 2025 19:41:00 -0500 [47.206.231.19] [lib/base.php:3036] require('/home/u991737198/domains/tas2023.online/public_html/tmp/3hn69l4qoa804.1zo7dt0fljr4w.php')
Fri, 24 Jan 2025 19:41:00 -0500 [47.206.231.19] [lib/base.php:3281] View->sandbox()
Fri, 24 Jan 2025 19:41:00 -0500 [47.206.231.19] [tmp/3hn69l4qoa804.3h31n1yj254w8.php:7] Preview->render()
Fri, 24 Jan 2025 19:41:00 -0500 [47.206.231.19] [lib/base.php:3036] require('/home/u991737198/domains/tas2023.online/public_html/tmp/3hn69l4qoa804.3h31n1yj254w8.php')
Fri, 24 Jan 2025 19:41:00 -0500 [47.206.231.19] [lib/base.php:3281] View->sandbox()
Fri, 24 Jan 2025 19:41:00 -0500 [47.206.231.19] [app/controllers/Controller.php:87] Preview->render()
Fri, 24 Jan 2025 19:41:00 -0500 [47.206.231.19] [lib/base.php:2078] Controller->afterroute()
Fri, 24 Jan 2025 19:41:00 -0500 [47.206.231.19] [lib/base.php:1871] Base->call()
Fri, 24 Jan 2025 19:41:00 -0500 [47.206.231.19] [index.php:19] Base->run()
Fri, 24 Jan 2025 19:42:53 -0500 [47.206.231.19] 500: Undefined variable $entity_num trace: [tmp/3hn69l4qoa804.1zo7dt0fljr4w.php:200]
Fri, 24 Jan 2025 19:42:53 -0500 [47.206.231.19] [tmp/3hn69l4qoa804.1zo7dt0fljr4w.php:200] Base->{closure}()
Fri, 24 Jan 2025 19:42:53 -0500 [47.206.231.19] [lib/base.php:3036] require('/home/u991737198/domains/tas2023.online/public_html/tmp/3hn69l4qoa804.1zo7dt0fljr4w.php')
Fri, 24 Jan 2025 19:42:53 -0500 [47.206.231.19] [lib/base.php:3281] View->sandbox()
Fri, 24 Jan 2025 19:42:53 -0500 [47.206.231.19] [tmp/3hn69l4qoa804.3h31n1yj254w8.php:7] Preview->render()
Fri, 24 Jan 2025 19:42:53 -0500 [47.206.231.19] [lib/base.php:3036] require('/home/u991737198/domains/tas2023.online/public_html/tmp/3hn69l4qoa804.3h31n1yj254w8.php')
Fri, 24 Jan 2025 19:42:53 -0500 [47.206.231.19] [lib/base.php:3281] View->sandbox()
Fri, 24 Jan 2025 19:42:53 -0500 [47.206.231.19] [app/controllers/Controller.php:87] Preview->render()
Fri, 24 Jan 2025 19:42:53 -0500 [47.206.231.19] [lib/base.php:2078] Controller->afterroute()
Fri, 24 Jan 2025 19:42:53 -0500 [47.206.231.19] [lib/base.php:1871] Base->call()
Fri, 24 Jan 2025 19:42:53 -0500 [47.206.231.19] [index.php:19] Base->run()
Fri, 24 Jan 2025 19:42:58 -0500 [47.206.231.19] 500: Undefined variable $entity_num trace: [tmp/3hn69l4qoa804.1zo7dt0fljr4w.php:200]
Fri, 24 Jan 2025 19:42:58 -0500 [47.206.231.19] [tmp/3hn69l4qoa804.1zo7dt0fljr4w.php:200] Base->{closure}()
Fri, 24 Jan 2025 19:42:58 -0500 [47.206.231.19] [lib/base.php:3036] require('/home/u991737198/domains/tas2023.online/public_html/tmp/3hn69l4qoa804.1zo7dt0fljr4w.php')
Fri, 24 Jan 2025 19:42:58 -0500 [47.206.231.19] [lib/base.php:3281] View->sandbox()
Fri, 24 Jan 2025 19:42:58 -0500 [47.206.231.19] [tmp/3hn69l4qoa804.3h31n1yj254w8.php:7] Preview->render()
Fri, 24 Jan 2025 19:42:58 -0500 [47.206.231.19] [lib/base.php:3036] require('/home/u991737198/domains/tas2023.online/public_html/tmp/3hn69l4qoa804.3h31n1yj254w8.php')
Fri, 24 Jan 2025 19:42:58 -0500 [47.206.231.19] [lib/base.php:3281] View->sandbox()
Fri, 24 Jan 2025 19:42:58 -0500 [47.206.231.19] [app/controllers/Controller.php:87] Preview->render()
Fri, 24 Jan 2025 19:42:58 -0500 [47.206.231.19] [lib/base.php:2078] Controller->afterroute()
Fri, 24 Jan 2025 19:42:58 -0500 [47.206.231.19] [lib/base.php:1871] Base->call()
Fri, 24 Jan 2025 19:42:58 -0500 [47.206.231.19] [index.php:19] Base->run()
Fri, 24 Jan 2025 19:43:03 -0500 [47.206.231.19] 500: Undefined variable $entity_num trace: [tmp/3hn69l4qoa804.1zo7dt0fljr4w.php:200]
Fri, 24 Jan 2025 19:43:03 -0500 [47.206.231.19] [tmp/3hn69l4qoa804.1zo7dt0fljr4w.php:200] Base->{closure}()
Fri, 24 Jan 2025 19:43:03 -0500 [47.206.231.19] [lib/base.php:3036] require('/home/u991737198/domains/tas2023.online/public_html/tmp/3hn69l4qoa804.1zo7dt0fljr4w.php')
Fri, 24 Jan 2025 19:43:03 -0500 [47.206.231.19] [lib/base.php:3281] View->sandbox()
Fri, 24 Jan 2025 19:43:03 -0500 [47.206.231.19] [tmp/3hn69l4qoa804.3h31n1yj254w8.php:7] Preview->render()
Fri, 24 Jan 2025 19:43:03 -0500 [47.206.231.19] [lib/base.php:3036] require('/home/u991737198/domains/tas2023.online/public_html/tmp/3hn69l4qoa804.3h31n1yj254w8.php')
Fri, 24 Jan 2025 19:43:03 -0500 [47.206.231.19] [lib/base.php:3281] View->sandbox()
Fri, 24 Jan 2025 19:43:03 -0500 [47.206.231.19] [app/controllers/Controller.php:87] Preview->render()
Fri, 24 Jan 2025 19:43:03 -0500 [47.206.231.19] [lib/base.php:2078] Controller->afterroute()
Fri, 24 Jan 2025 19:43:03 -0500 [47.206.231.19] [lib/base.php:1871] Base->call()
Fri, 24 Jan 2025 19:43:03 -0500 [47.206.231.19] [index.php:19] Base->run()
Fri, 24 Jan 2025 19:43:11 -0500 [47.206.231.19] 500: Undefined variable $entity_num trace: [tmp/3hn69l4qoa804.1zo7dt0fljr4w.php:200]
Fri, 24 Jan 2025 19:43:11 -0500 [47.206.231.19] [tmp/3hn69l4qoa804.1zo7dt0fljr4w.php:200] Base->{closure}()
Fri, 24 Jan 2025 19:43:11 -0500 [47.206.231.19] [lib/base.php:3036] require('/home/u991737198/domains/tas2023.online/public_html/tmp/3hn69l4qoa804.1zo7dt0fljr4w.php')
Fri, 24 Jan 2025 19:43:11 -0500 [47.206.231.19] [lib/base.php:3281] View->sandbox()
Fri, 24 Jan 2025 19:43:11 -0500 [47.206.231.19] [tmp/3hn69l4qoa804.3h31n1yj254w8.php:7] Preview->render()
Fri, 24 Jan 2025 19:43:11 -0500 [47.206.231.19] [lib/base.php:3036] require('/home/u991737198/domains/tas2023.online/public_html/tmp/3hn69l4qoa804.3h31n1yj254w8.php')
Fri, 24 Jan 2025 19:43:11 -0500 [47.206.231.19] [lib/base.php:3281] View->sandbox()
Fri, 24 Jan 2025 19:43:11 -0500 [47.206.231.19] [app/controllers/Controller.php:87] Preview->render()
Fri, 24 Jan 2025 19:43:11 -0500 [47.206.231.19] [lib/base.php:2078] Controller->afterroute()
Fri, 24 Jan 2025 19:43:11 -0500 [47.206.231.19] [lib/base.php:1871] Base->call()
Fri, 24 Jan 2025 19:43:11 -0500 [47.206.231.19] [index.php:19] Base->run()
Fri, 24 Jan 2025 19:43:18 -0500 [47.206.231.19] 500: Undefined variable $entity_num trace: [tmp/3hn69l4qoa804.1zo7dt0fljr4w.php:200]
Fri, 24 Jan 2025 19:43:18 -0500 [47.206.231.19] [tmp/3hn69l4qoa804.1zo7dt0fljr4w.php:200] Base->{closure}()
Fri, 24 Jan 2025 19:43:18 -0500 [47.206.231.19] [lib/base.php:3036] require('/home/u991737198/domains/tas2023.online/public_html/tmp/3hn69l4qoa804.1zo7dt0fljr4w.php')
Fri, 24 Jan 2025 19:43:18 -0500 [47.206.231.19] [lib/base.php:3281] View->sandbox()
Fri, 24 Jan 2025 19:43:18 -0500 [47.206.231.19] [tmp/3hn69l4qoa804.3h31n1yj254w8.php:7] Preview->render()
Fri, 24 Jan 2025 19:43:18 -0500 [47.206.231.19] [lib/base.php:3036] require('/home/u991737198/domains/tas2023.online/public_html/tmp/3hn69l4qoa804.3h31n1yj254w8.php')
Fri, 24 Jan 2025 19:43:18 -0500 [47.206.231.19] [lib/base.php:3281] View->sandbox()
Fri, 24 Jan 2025 19:43:18 -0500 [47.206.231.19] [app/controllers/Controller.php:87] Preview->render()
Fri, 24 Jan 2025 19:43:18 -0500 [47.206.231.19] [lib/base.php:2078] Controller->afterroute()
Fri, 24 Jan 2025 19:43:18 -0500 [47.206.231.19] [lib/base.php:1871] Base->call()
Fri, 24 Jan 2025 19:43:18 -0500 [47.206.231.19] [index.php:19] Base->run()
Fri, 24 Jan 2025 19:43:25 -0500 [47.206.231.19] 500: Undefined variable $entity_num trace: [tmp/3hn69l4qoa804.1zo7dt0fljr4w.php:200]
Fri, 24 Jan 2025 19:43:25 -0500 [47.206.231.19] [tmp/3hn69l4qoa804.1zo7dt0fljr4w.php:200] Base->{closure}()
Fri, 24 Jan 2025 19:43:25 -0500 [47.206.231.19] [lib/base.php:3036] require('/home/u991737198/domains/tas2023.online/public_html/tmp/3hn69l4qoa804.1zo7dt0fljr4w.php')
Fri, 24 Jan 2025 19:43:25 -0500 [47.206.231.19] [lib/base.php:3281] View->sandbox()
Fri, 24 Jan 2025 19:43:25 -0500 [47.206.231.19] [tmp/3hn69l4qoa804.3h31n1yj254w8.php:7] Preview->render()
Fri, 24 Jan 2025 19:43:25 -0500 [47.206.231.19] [lib/base.php:3036] require('/home/u991737198/domains/tas2023.online/public_html/tmp/3hn69l4qoa804.3h31n1yj254w8.php')
Fri, 24 Jan 2025 19:43:25 -0500 [47.206.231.19] [lib/base.php:3281] View->sandbox()
Fri, 24 Jan 2025 19:43:25 -0500 [47.206.231.19] [app/controllers/Controller.php:87] Preview->render()
Fri, 24 Jan 2025 19:43:25 -0500 [47.206.231.19] [lib/base.php:2078] Controller->afterroute()
Fri, 24 Jan 2025 19:43:25 -0500 [47.206.231.19] [lib/base.php:1871] Base->call()
Fri, 24 Jan 2025 19:43:25 -0500 [47.206.231.19] [index.php:19] Base->run()
Fri, 24 Jan 2025 19:46:52 -0500 [47.206.231.19] 500: Undefined variable $token trace: [tmp/3hn69l4qoa804.2r4f9cgm96ecs.php:226]
Fri, 24 Jan 2025 19:46:52 -0500 [47.206.231.19] [tmp/3hn69l4qoa804.2r4f9cgm96ecs.php:226] Base->{closure}()
Fri, 24 Jan 2025 19:46:52 -0500 [47.206.231.19] [lib/base.php:3036] require('/home/u991737198/domains/tas2023.online/public_html/tmp/3hn69l4qoa804.2r4f9cgm96ecs.php')
Fri, 24 Jan 2025 19:46:52 -0500 [47.206.231.19] [lib/base.php:3281] View->sandbox()
Fri, 24 Jan 2025 19:46:52 -0500 [47.206.231.19] [tmp/3hn69l4qoa804.3h31n1yj254w8.php:7] Preview->render()
Fri, 24 Jan 2025 19:46:52 -0500 [47.206.231.19] [lib/base.php:3036] require('/home/u991737198/domains/tas2023.online/public_html/tmp/3hn69l4qoa804.3h31n1yj254w8.php')
Fri, 24 Jan 2025 19:46:52 -0500 [47.206.231.19] [lib/base.php:3281] View->sandbox()
Fri, 24 Jan 2025 19:46:52 -0500 [47.206.231.19] [app/controllers/Controller.php:87] Preview->render()
Fri, 24 Jan 2025 19:46:52 -0500 [47.206.231.19] [lib/base.php:2078] Controller->afterroute()
Fri, 24 Jan 2025 19:46:52 -0500 [47.206.231.19] [lib/base.php:1871] Base->call()
Fri, 24 Jan 2025 19:46:52 -0500 [47.206.231.19] [index.php:19] Base->run()
Fri, 24 Jan 2025 19:50:21 -0500 [2600:1006:b043:ebe3:dc5f:7dff:7aa0:b188] 500: Undefined variable $entity_num trace: [tmp/3hn69l4qoa804.1zo7dt0fljr4w.php:200]
Fri, 24 Jan 2025 19:50:21 -0500 [2600:1006:b043:ebe3:dc5f:7dff:7aa0:b188] [tmp/3hn69l4qoa804.1zo7dt0fljr4w.php:200] Base->{closure}()
Fri, 24 Jan 2025 19:50:21 -0500 [2600:1006:b043:ebe3:dc5f:7dff:7aa0:b188] [lib/base.php:3036] require('/home/u991737198/domains/tas2023.online/public_html/tmp/3hn69l4qoa804.1zo7dt0fljr4w.php')
Fri, 24 Jan 2025 19:50:21 -0500 [2600:1006:b043:ebe3:dc5f:7dff:7aa0:b188] [lib/base.php:3281] View->sandbox()
Fri, 24 Jan 2025 19:50:21 -0500 [2600:1006:b043:ebe3:dc5f:7dff:7aa0:b188] [tmp/3hn69l4qoa804.3h31n1yj254w8.php:7] Preview->render()
Fri, 24 Jan 2025 19:50:21 -0500 [2600:1006:b043:ebe3:dc5f:7dff:7aa0:b188] [lib/base.php:3036] require('/home/u991737198/domains/tas2023.online/public_html/tmp/3hn69l4qoa804.3h31n1yj254w8.php')
Fri, 24 Jan 2025 19:50:21 -0500 [2600:1006:b043:ebe3:dc5f:7dff:7aa0:b188] [lib/base.php:3281] View->sandbox()
Fri, 24 Jan 2025 19:50:21 -0500 [2600:1006:b043:ebe3:dc5f:7dff:7aa0:b188] [app/controllers/Controller.php:87] Preview->render()
Fri, 24 Jan 2025 19:50:21 -0500 [2600:1006:b043:ebe3:dc5f:7dff:7aa0:b188] [lib/base.php:2078] Controller->afterroute()
Fri, 24 Jan 2025 19:50:21 -0500 [2600:1006:b043:ebe3:dc5f:7dff:7aa0:b188] [lib/base.php:1871] Base->call()
Fri, 24 Jan 2025 19:50:21 -0500 [2600:1006:b043:ebe3:dc5f:7dff:7aa0:b188] [index.php:19] Base->run()
Fri, 24 Jan 2025 19:50:27 -0500 [2600:1006:b043:ebe3:dc5f:7dff:7aa0:b188] 500: Undefined variable $entity_num trace: [tmp/3hn69l4qoa804.1zo7dt0fljr4w.php:200]
Fri, 24 Jan 2025 19:50:27 -0500 [2600:1006:b043:ebe3:dc5f:7dff:7aa0:b188] [tmp/3hn69l4qoa804.1zo7dt0fljr4w.php:200] Base->{closure}()
Fri, 24 Jan 2025 19:50:27 -0500 [2600:1006:b043:ebe3:dc5f:7dff:7aa0:b188] [lib/base.php:3036] require('/home/u991737198/domains/tas2023.online/public_html/tmp/3hn69l4qoa804.1zo7dt0fljr4w.php')
Fri, 24 Jan 2025 19:50:27 -0500 [2600:1006:b043:ebe3:dc5f:7dff:7aa0:b188] [lib/base.php:3281] View->sandbox()
Fri, 24 Jan 2025 19:50:27 -0500 [2600:1006:b043:ebe3:dc5f:7dff:7aa0:b188] [tmp/3hn69l4qoa804.3h31n1yj254w8.php:7] Preview->render()
Fri, 24 Jan 2025 19:50:27 -0500 [2600:1006:b043:ebe3:dc5f:7dff:7aa0:b188] [lib/base.php:3036] require('/home/u991737198/domains/tas2023.online/public_html/tmp/3hn69l4qoa804.3h31n1yj254w8.php')
Fri, 24 Jan 2025 19:50:27 -0500 [2600:1006:b043:ebe3:dc5f:7dff:7aa0:b188] [lib/base.php:3281] View->sandbox()
Fri, 24 Jan 2025 19:50:27 -0500 [2600:1006:b043:ebe3:dc5f:7dff:7aa0:b188] [app/controllers/Controller.php:87] Preview->render()
Fri, 24 Jan 2025 19:50:27 -0500 [2600:1006:b043:ebe3:dc5f:7dff:7aa0:b188] [lib/base.php:2078] Controller->afterroute()
Fri, 24 Jan 2025 19:50:27 -0500 [2600:1006:b043:ebe3:dc5f:7dff:7aa0:b188] [lib/base.php:1871] Base->call()
Fri, 24 Jan 2025 19:50:27 -0500 [2600:1006:b043:ebe3:dc5f:7dff:7aa0:b188] [index.php:19] Base->run()
Fri, 24 Jan 2025 19:50:34 -0500 [2600:1006:b043:ebe3:dc5f:7dff:7aa0:b188] 500: Undefined variable $token trace: [tmp/3hn69l4qoa804.2r4f9cgm96ecs.php:226]
Fri, 24 Jan 2025 19:50:34 -0500 [2600:1006:b043:ebe3:dc5f:7dff:7aa0:b188] [tmp/3hn69l4qoa804.2r4f9cgm96ecs.php:226] Base->{closure}()
Fri, 24 Jan 2025 19:50:34 -0500 [2600:1006:b043:ebe3:dc5f:7dff:7aa0:b188] [lib/base.php:3036] require('/home/u991737198/domains/tas2023.online/public_html/tmp/3hn69l4qoa804.2r4f9cgm96ecs.php')
Fri, 24 Jan 2025 19:50:34 -0500 [2600:1006:b043:ebe3:dc5f:7dff:7aa0:b188] [lib/base.php:3281] View->sandbox()
Fri, 24 Jan 2025 19:50:34 -0500 [2600:1006:b043:ebe3:dc5f:7dff:7aa0:b188] [tmp/3hn69l4qoa804.3h31n1yj254w8.php:7] Preview->render()
Fri, 24 Jan 2025 19:50:34 -0500 [2600:1006:b043:ebe3:dc5f:7dff:7aa0:b188] [lib/base.php:3036] require('/home/u991737198/domains/tas2023.online/public_html/tmp/3hn69l4qoa804.3h31n1yj254w8.php')
Fri, 24 Jan 2025 19:50:34 -0500 [2600:1006:b043:ebe3:dc5f:7dff:7aa0:b188] [lib/base.php:3281] View->sandbox()
Fri, 24 Jan 2025 19:50:34 -0500 [2600:1006:b043:ebe3:dc5f:7dff:7aa0:b188] [app/controllers/Controller.php:87] Preview->render()
Fri, 24 Jan 2025 19:50:34 -0500 [2600:1006:b043:ebe3:dc5f:7dff:7aa0:b188] [lib/base.php:2078] Controller->afterroute()
Fri, 24 Jan 2025 19:50:34 -0500 [2600:1006:b043:ebe3:dc5f:7dff:7aa0:b188] [lib/base.php:1871] Base->call()
Fri, 24 Jan 2025 19:50:34 -0500 [2600:1006:b043:ebe3:dc5f:7dff:7aa0:b188] [index.php:19] Base->run()
Fri, 24 Jan 2025 19:51:11 -0500 [2600:1006:b043:ebe3:dc5f:7dff:7aa0:b188] 500: Undefined variable $token trace: [tmp/3hn69l4qoa804.2r4f9cgm96ecs.php:226]
Fri, 24 Jan 2025 19:51:11 -0500 [2600:1006:b043:ebe3:dc5f:7dff:7aa0:b188] [tmp/3hn69l4qoa804.2r4f9cgm96ecs.php:226] Base->{closure}()
Fri, 24 Jan 2025 19:51:11 -0500 [2600:1006:b043:ebe3:dc5f:7dff:7aa0:b188] [lib/base.php:3036] require('/home/u991737198/domains/tas2023.online/public_html/tmp/3hn69l4qoa804.2r4f9cgm96ecs.php')
Fri, 24 Jan 2025 19:51:11 -0500 [2600:1006:b043:ebe3:dc5f:7dff:7aa0:b188] [lib/base.php:3281] View->sandbox()
Fri, 24 Jan 2025 19:51:11 -0500 [2600:1006:b043:ebe3:dc5f:7dff:7aa0:b188] [tmp/3hn69l4qoa804.3h31n1yj254w8.php:7] Preview->render()
Fri, 24 Jan 2025 19:51:11 -0500 [2600:1006:b043:ebe3:dc5f:7dff:7aa0:b188] [lib/base.php:3036] require('/home/u991737198/domains/tas2023.online/public_html/tmp/3hn69l4qoa804.3h31n1yj254w8.php')
Fri, 24 Jan 2025 19:51:11 -0500 [2600:1006:b043:ebe3:dc5f:7dff:7aa0:b188] [lib/base.php:3281] View->sandbox()
Fri, 24 Jan 2025 19:51:11 -0500 [2600:1006:b043:ebe3:dc5f:7dff:7aa0:b188] [app/controllers/Controller.php:87] Preview->render()
Fri, 24 Jan 2025 19:51:11 -0500 [2600:1006:b043:ebe3:dc5f:7dff:7aa0:b188] [lib/base.php:2078] Controller->afterroute()
Fri, 24 Jan 2025 19:51:11 -0500 [2600:1006:b043:ebe3:dc5f:7dff:7aa0:b188] [lib/base.php:1871] Base->call()
Fri, 24 Jan 2025 19:51:11 -0500 [2600:1006:b043:ebe3:dc5f:7dff:7aa0:b188] [index.php:19] Base->run()
Fri, 24 Jan 2025 19:51:37 -0500 [2600:1006:b043:ebe3:dc5f:7dff:7aa0:b188] 500: Undefined variable $token trace: [tmp/3hn69l4qoa804.2r4f9cgm96ecs.php:226]
Fri, 24 Jan 2025 19:51:37 -0500 [2600:1006:b043:ebe3:dc5f:7dff:7aa0:b188] [tmp/3hn69l4qoa804.2r4f9cgm96ecs.php:226] Base->{closure}()
Fri, 24 Jan 2025 19:51:37 -0500 [2600:1006:b043:ebe3:dc5f:7dff:7aa0:b188] [lib/base.php:3036] require('/home/u991737198/domains/tas2023.online/public_html/tmp/3hn69l4qoa804.2r4f9cgm96ecs.php')
Fri, 24 Jan 2025 19:51:37 -0500 [2600:1006:b043:ebe3:dc5f:7dff:7aa0:b188] [lib/base.php:3281] View->sandbox()
Fri, 24 Jan 2025 19:51:37 -0500 [2600:1006:b043:ebe3:dc5f:7dff:7aa0:b188] [tmp/3hn69l4qoa804.3h31n1yj254w8.php:7] Preview->render()
Fri, 24 Jan 2025 19:51:37 -0500 [2600:1006:b043:ebe3:dc5f:7dff:7aa0:b188] [lib/base.php:3036] require('/home/u991737198/domains/tas2023.online/public_html/tmp/3hn69l4qoa804.3h31n1yj254w8.php')
Fri, 24 Jan 2025 19:51:37 -0500 [2600:1006:b043:ebe3:dc5f:7dff:7aa0:b188] [lib/base.php:3281] View->sandbox()
Fri, 24 Jan 2025 19:51:37 -0500 [2600:1006:b043:ebe3:dc5f:7dff:7aa0:b188] [app/controllers/Controller.php:87] Preview->render()
Fri, 24 Jan 2025 19:51:37 -0500 [2600:1006:b043:ebe3:dc5f:7dff:7aa0:b188] [lib/base.php:2078] Controller->afterroute()
Fri, 24 Jan 2025 19:51:37 -0500 [2600:1006:b043:ebe3:dc5f:7dff:7aa0:b188] [lib/base.php:1871] Base->call()
Fri, 24 Jan 2025 19:51:37 -0500 [2600:1006:b043:ebe3:dc5f:7dff:7aa0:b188] [index.php:19] Base->run()
Fri, 24 Jan 2025 19:51:42 -0500 [2600:1006:b043:ebe3:dc5f:7dff:7aa0:b188] 500: Undefined variable $entity_num trace: [tmp/3hn69l4qoa804.1zo7dt0fljr4w.php:200]
Fri, 24 Jan 2025 19:51:42 -0500 [2600:1006:b043:ebe3:dc5f:7dff:7aa0:b188] [tmp/3hn69l4qoa804.1zo7dt0fljr4w.php:200] Base->{closure}()
Fri, 24 Jan 2025 19:51:42 -0500 [2600:1006:b043:ebe3:dc5f:7dff:7aa0:b188] [lib/base.php:3036] require('/home/u991737198/domains/tas2023.online/public_html/tmp/3hn69l4qoa804.1zo7dt0fljr4w.php')
Fri, 24 Jan 2025 19:51:42 -0500 [2600:1006:b043:ebe3:dc5f:7dff:7aa0:b188] [lib/base.php:3281] View->sandbox()
Fri, 24 Jan 2025 19:51:42 -0500 [2600:1006:b043:ebe3:dc5f:7dff:7aa0:b188] [tmp/3hn69l4qoa804.3h31n1yj254w8.php:7] Preview->render()
Fri, 24 Jan 2025 19:51:42 -0500 [2600:1006:b043:ebe3:dc5f:7dff:7aa0:b188] [lib/base.php:3036] require('/home/u991737198/domains/tas2023.online/public_html/tmp/3hn69l4qoa804.3h31n1yj254w8.php')
Fri, 24 Jan 2025 19:51:42 -0500 [2600:1006:b043:ebe3:dc5f:7dff:7aa0:b188] [lib/base.php:3281] View->sandbox()
Fri, 24 Jan 2025 19:51:42 -0500 [2600:1006:b043:ebe3:dc5f:7dff:7aa0:b188] [app/controllers/Controller.php:87] Preview->render()
Fri, 24 Jan 2025 19:51:42 -0500 [2600:1006:b043:ebe3:dc5f:7dff:7aa0:b188] [lib/base.php:2078] Controller->afterroute()
Fri, 24 Jan 2025 19:51:42 -0500 [2600:1006:b043:ebe3:dc5f:7dff:7aa0:b188] [lib/base.php:1871] Base->call()
Fri, 24 Jan 2025 19:51:42 -0500 [2600:1006:b043:ebe3:dc5f:7dff:7aa0:b188] [index.php:19] Base->run()
Fri, 24 Jan 2025 21:18:27 -0500 [2603:9000:f801:55e2:a88d:977b:f776:1e41] 401: HTTP 401 (GET /task/taskData) trace: [/home/u991737198/domains/tas2023.online/public_html/lib/access.php:112] Base->error()
Fri, 24 Jan 2025 21:18:27 -0500 [2603:9000:f801:55e2:a88d:977b:f776:1e41] [/home/u991737198/domains/tas2023.online/public_html/app/controllers/Controller.php:78] Access->authorize()
Fri, 24 Jan 2025 21:18:27 -0500 [2603:9000:f801:55e2:a88d:977b:f776:1e41] [/home/u991737198/domains/tas2023.online/public_html/lib/base.php:2069] Controller->beforeroute()
Fri, 24 Jan 2025 21:18:27 -0500 [2603:9000:f801:55e2:a88d:977b:f776:1e41] [/home/u991737198/domains/tas2023.online/public_html/lib/base.php:1871] Base->call()
Fri, 24 Jan 2025 21:18:27 -0500 [2603:9000:f801:55e2:a88d:977b:f776:1e41] [/home/u991737198/domains/tas2023.online/public_html/index.php:19] Base->run()
Fri, 24 Jan 2025 21:37:05 -0500 [2603:9000:f801:55e2:e08b:cfcd:5ac:7ef] 401: HTTP 401 (GET /task/taskData) trace: [/home/u991737198/domains/tas2023.online/public_html/lib/access.php:112] Base->error()
Fri, 24 Jan 2025 21:37:05 -0500 [2603:9000:f801:55e2:e08b:cfcd:5ac:7ef] [/home/u991737198/domains/tas2023.online/public_html/app/controllers/Controller.php:78] Access->authorize()
Fri, 24 Jan 2025 21:37:05 -0500 [2603:9000:f801:55e2:e08b:cfcd:5ac:7ef] [/home/u991737198/domains/tas2023.online/public_html/lib/base.php:2069] Controller->beforeroute()
Fri, 24 Jan 2025 21:37:05 -0500 [2603:9000:f801:55e2:e08b:cfcd:5ac:7ef] [/home/u991737198/domains/tas2023.online/public_html/lib/base.php:1871] Base->call()
Fri, 24 Jan 2025 21:37:05 -0500 [2603:9000:f801:55e2:e08b:cfcd:5ac:7ef] [/home/u991737198/domains/tas2023.online/public_html/index.php:19] Base->run()
Fri, 24 Jan 2025 21:37:33 -0500 [2603:9000:f801:55e2:e08b:cfcd:5ac:7ef] 500: Undefined variable $entity_num trace: [tmp/3hn69l4qoa804.1zo7dt0fljr4w.php:200]
Fri, 24 Jan 2025 21:37:33 -0500 [2603:9000:f801:55e2:e08b:cfcd:5ac:7ef] [tmp/3hn69l4qoa804.1zo7dt0fljr4w.php:200] Base->{closure}()
Fri, 24 Jan 2025 21:37:33 -0500 [2603:9000:f801:55e2:e08b:cfcd:5ac:7ef] [lib/base.php:3036] require('/home/u991737198/domains/tas2023.online/public_html/tmp/3hn69l4qoa804.1zo7dt0fljr4w.php')
Fri, 24 Jan 2025 21:37:33 -0500 [2603:9000:f801:55e2:e08b:cfcd:5ac:7ef] [lib/base.php:3281] View->sandbox()
Fri, 24 Jan 2025 21:37:33 -0500 [2603:9000:f801:55e2:e08b:cfcd:5ac:7ef] [tmp/3hn69l4qoa804.3h31n1yj254w8.php:7] Preview->render()
Fri, 24 Jan 2025 21:37:33 -0500 [2603:9000:f801:55e2:e08b:cfcd:5ac:7ef] [lib/base.php:3036] require('/home/u991737198/domains/tas2023.online/public_html/tmp/3hn69l4qoa804.3h31n1yj254w8.php')
Fri, 24 Jan 2025 21:37:33 -0500 [2603:9000:f801:55e2:e08b:cfcd:5ac:7ef] [lib/base.php:3281] View->sandbox()
Fri, 24 Jan 2025 21:37:33 -0500 [2603:9000:f801:55e2:e08b:cfcd:5ac:7ef] [app/controllers/Controller.php:87] Preview->render()
Fri, 24 Jan 2025 21:37:33 -0500 [2603:9000:f801:55e2:e08b:cfcd:5ac:7ef] [lib/base.php:2078] Controller->afterroute()
Fri, 24 Jan 2025 21:37:33 -0500 [2603:9000:f801:55e2:e08b:cfcd:5ac:7ef] [lib/base.php:1871] Base->call()
Fri, 24 Jan 2025 21:37:33 -0500 [2603:9000:f801:55e2:e08b:cfcd:5ac:7ef] [index.php:19] Base->run()
Fri, 24 Jan 2025 21:37:38 -0500 [2603:9000:f801:55e2:e08b:cfcd:5ac:7ef] 500: Undefined variable $entity_num trace: [tmp/3hn69l4qoa804.1zo7dt0fljr4w.php:200]
Fri, 24 Jan 2025 21:37:38 -0500 [2603:9000:f801:55e2:e08b:cfcd:5ac:7ef] [tmp/3hn69l4qoa804.1zo7dt0fljr4w.php:200] Base->{closure}()
Fri, 24 Jan 2025 21:37:38 -0500 [2603:9000:f801:55e2:e08b:cfcd:5ac:7ef] [lib/base.php:3036] require('/home/u991737198/domains/tas2023.online/public_html/tmp/3hn69l4qoa804.1zo7dt0fljr4w.php')
Fri, 24 Jan 2025 21:37:38 -0500 [2603:9000:f801:55e2:e08b:cfcd:5ac:7ef] [lib/base.php:3281] View->sandbox()
Fri, 24 Jan 2025 21:37:38 -0500 [2603:9000:f801:55e2:e08b:cfcd:5ac:7ef] [tmp/3hn69l4qoa804.3h31n1yj254w8.php:7] Preview->render()
Fri, 24 Jan 2025 21:37:38 -0500 [2603:9000:f801:55e2:e08b:cfcd:5ac:7ef] [lib/base.php:3036] require('/home/u991737198/domains/tas2023.online/public_html/tmp/3hn69l4qoa804.3h31n1yj254w8.php')
Fri, 24 Jan 2025 21:37:38 -0500 [2603:9000:f801:55e2:e08b:cfcd:5ac:7ef] [lib/base.php:3281] View->sandbox()
Fri, 24 Jan 2025 21:37:38 -0500 [2603:9000:f801:55e2:e08b:cfcd:5ac:7ef] [app/controllers/Controller.php:87] Preview->render()
Fri, 24 Jan 2025 21:37:38 -0500 [2603:9000:f801:55e2:e08b:cfcd:5ac:7ef] [lib/base.php:2078] Controller->afterroute()
Fri, 24 Jan 2025 21:37:38 -0500 [2603:9000:f801:55e2:e08b:cfcd:5ac:7ef] [lib/base.php:1871] Base->call()
Fri, 24 Jan 2025 21:37:38 -0500 [2603:9000:f801:55e2:e08b:cfcd:5ac:7ef] [index.php:19] Base->run()
Fri, 24 Jan 2025 21:37:44 -0500 [2603:9000:f801:55e2:e08b:cfcd:5ac:7ef] 500: Undefined variable $i18n_select_task_type trace: [/home/u991737198/domains/tas2023.online/public_html/tmp/3hn69l4qoa804.9b9764piwerh.php:214]
Fri, 24 Jan 2025 21:37:44 -0500 [2603:9000:f801:55e2:e08b:cfcd:5ac:7ef] [/home/u991737198/domains/tas2023.online/public_html/tmp/3hn69l4qoa804.9b9764piwerh.php:214] Base->{closure}()
Fri, 24 Jan 2025 21:37:44 -0500 [2603:9000:f801:55e2:e08b:cfcd:5ac:7ef] [/home/u991737198/domains/tas2023.online/public_html/lib/base.php:3036] require('/home/u991737198/domains/tas2023.online/public_html/tmp/3hn69l4qoa804.9b9764piwerh.php')
Fri, 24 Jan 2025 21:37:44 -0500 [2603:9000:f801:55e2:e08b:cfcd:5ac:7ef] [/home/u991737198/domains/tas2023.online/public_html/lib/base.php:3281] View->sandbox()
Fri, 24 Jan 2025 21:37:44 -0500 [2603:9000:f801:55e2:e08b:cfcd:5ac:7ef] [/home/u991737198/domains/tas2023.online/public_html/tmp/3hn69l4qoa804.3h31n1yj254w8.php:7] Preview->render()
Fri, 24 Jan 2025 21:37:44 -0500 [2603:9000:f801:55e2:e08b:cfcd:5ac:7ef] [/home/u991737198/domains/tas2023.online/public_html/lib/base.php:3036] require('/home/u991737198/domains/tas2023.online/public_html/tmp/3hn69l4qoa804.3h31n1yj254w8.php')
Fri, 24 Jan 2025 21:37:44 -0500 [2603:9000:f801:55e2:e08b:cfcd:5ac:7ef] [/home/u991737198/domains/tas2023.online/public_html/lib/base.php:3281] View->sandbox()
Fri, 24 Jan 2025 21:37:44 -0500 [2603:9000:f801:55e2:e08b:cfcd:5ac:7ef] [/home/u991737198/domains/tas2023.online/public_html/app/controllers/Controller.php:87] Preview->render()
Fri, 24 Jan 2025 21:37:44 -0500 [2603:9000:f801:55e2:e08b:cfcd:5ac:7ef] [/home/u991737198/domains/tas2023.online/public_html/lib/base.php:2078] Controller->afterroute()
Fri, 24 Jan 2025 21:37:44 -0500 [2603:9000:f801:55e2:e08b:cfcd:5ac:7ef] [/home/u991737198/domains/tas2023.online/public_html/lib/base.php:1871] Base->call()
Fri, 24 Jan 2025 21:37:44 -0500 [2603:9000:f801:55e2:e08b:cfcd:5ac:7ef] [/home/u991737198/domains/tas2023.online/public_html/index.php:19] Base->run()
Fri, 24 Jan 2025 21:37:50 -0500 [2603:9000:f801:55e2:e08b:cfcd:5ac:7ef] 500: Undefined variable $q trace: [tmp/3hn69l4qoa804.1zo7dt0fljr4w.php:148]
Fri, 24 Jan 2025 21:37:50 -0500 [2603:9000:f801:55e2:e08b:cfcd:5ac:7ef] [tmp/3hn69l4qoa804.1zo7dt0fljr4w.php:148] Base->{closure}()
Fri, 24 Jan 2025 21:37:50 -0500 [2603:9000:f801:55e2:e08b:cfcd:5ac:7ef] [lib/base.php:3036] require('/home/u991737198/domains/tas2023.online/public_html/tmp/3hn69l4qoa804.1zo7dt0fljr4w.php')
Fri, 24 Jan 2025 21:37:50 -0500 [2603:9000:f801:55e2:e08b:cfcd:5ac:7ef] [lib/base.php:3281] View->sandbox()
Fri, 24 Jan 2025 21:37:50 -0500 [2603:9000:f801:55e2:e08b:cfcd:5ac:7ef] [tmp/3hn69l4qoa804.3h31n1yj254w8.php:7] Preview->render()
Fri, 24 Jan 2025 21:37:50 -0500 [2603:9000:f801:55e2:e08b:cfcd:5ac:7ef] [lib/base.php:3036] require('/home/u991737198/domains/tas2023.online/public_html/tmp/3hn69l4qoa804.3h31n1yj254w8.php')
Fri, 24 Jan 2025 21:37:50 -0500 [2603:9000:f801:55e2:e08b:cfcd:5ac:7ef] [lib/base.php:3281] View->sandbox()
Fri, 24 Jan 2025 21:37:50 -0500 [2603:9000:f801:55e2:e08b:cfcd:5ac:7ef] [app/controllers/Controller.php:87] Preview->render()
Fri, 24 Jan 2025 21:37:50 -0500 [2603:9000:f801:55e2:e08b:cfcd:5ac:7ef] [lib/base.php:2078] Controller->afterroute()
Fri, 24 Jan 2025 21:37:50 -0500 [2603:9000:f801:55e2:e08b:cfcd:5ac:7ef] [lib/base.php:1871] Base->call()
Fri, 24 Jan 2025 21:37:50 -0500 [2603:9000:f801:55e2:e08b:cfcd:5ac:7ef] [index.php:19] Base->run()
Fri, 24 Jan 2025 21:37:55 -0500 [2603:9000:f801:55e2:e08b:cfcd:5ac:7ef] 500: Undefined variable $i18n_select_task_type trace: [/home/u991737198/domains/tas2023.online/public_html/tmp/3hn69l4qoa804.9b9764piwerh.php:214]
Fri, 24 Jan 2025 21:37:55 -0500 [2603:9000:f801:55e2:e08b:cfcd:5ac:7ef] [/home/u991737198/domains/tas2023.online/public_html/tmp/3hn69l4qoa804.9b9764piwerh.php:214] Base->{closure}()
Fri, 24 Jan 2025 21:37:55 -0500 [2603:9000:f801:55e2:e08b:cfcd:5ac:7ef] [/home/u991737198/domains/tas2023.online/public_html/lib/base.php:3036] require('/home/u991737198/domains/tas2023.online/public_html/tmp/3hn69l4qoa804.9b9764piwerh.php')
Fri, 24 Jan 2025 21:37:55 -0500 [2603:9000:f801:55e2:e08b:cfcd:5ac:7ef] [/home/u991737198/domains/tas2023.online/public_html/lib/base.php:3281] View->sandbox()
Fri, 24 Jan 2025 21:37:55 -0500 [2603:9000:f801:55e2:e08b:cfcd:5ac:7ef] [/home/u991737198/domains/tas2023.online/public_html/tmp/3hn69l4qoa804.3h31n1yj254w8.php:7] Preview->render()
Fri, 24 Jan 2025 21:37:55 -0500 [2603:9000:f801:55e2:e08b:cfcd:5ac:7ef] [/home/u991737198/domains/tas2023.online/public_html/lib/base.php:3036] require('/home/u991737198/domains/tas2023.online/public_html/tmp/3hn69l4qoa804.3h31n1yj254w8.php')
Fri, 24 Jan 2025 21:37:55 -0500 [2603:9000:f801:55e2:e08b:cfcd:5ac:7ef] [/home/u991737198/domains/tas2023.online/public_html/lib/base.php:3281] View->sandbox()
Fri, 24 Jan 2025 21:37:55 -0500 [2603:9000:f801:55e2:e08b:cfcd:5ac:7ef] [/home/u991737198/domains/tas2023.online/public_html/app/controllers/Controller.php:87] Preview->render()
Fri, 24 Jan 2025 21:37:55 -0500 [2603:9000:f801:55e2:e08b:cfcd:5ac:7ef] [/home/u991737198/domains/tas2023.online/public_html/lib/base.php:2078] Controller->afterroute()
Fri, 24 Jan 2025 21:37:55 -0500 [2603:9000:f801:55e2:e08b:cfcd:5ac:7ef] [/home/u991737198/domains/tas2023.online/public_html/lib/base.php:1871] Base->call()
Fri, 24 Jan 2025 21:37:55 -0500 [2603:9000:f801:55e2:e08b:cfcd:5ac:7ef] [/home/u991737198/domains/tas2023.online/public_html/index.php:19] Base->run()
Fri, 24 Jan 2025 21:44:48 -0500 [2603:9000:f801:55e2:e08b:cfcd:5ac:7ef] 500: Undefined variable $entity_num trace: [tmp/3hn69l4qoa804.1zo7dt0fljr4w.php:200]
Fri, 24 Jan 2025 21:44:48 -0500 [2603:9000:f801:55e2:e08b:cfcd:5ac:7ef] [tmp/3hn69l4qoa804.1zo7dt0fljr4w.php:200] Base->{closure}()
Fri, 24 Jan 2025 21:44:48 -0500 [2603:9000:f801:55e2:e08b:cfcd:5ac:7ef] [lib/base.php:3036] require('/home/u991737198/domains/tas2023.online/public_html/tmp/3hn69l4qoa804.1zo7dt0fljr4w.php')
Fri, 24 Jan 2025 21:44:48 -0500 [2603:9000:f801:55e2:e08b:cfcd:5ac:7ef] [lib/base.php:3281] View->sandbox()
Fri, 24 Jan 2025 21:44:48 -0500 [2603:9000:f801:55e2:e08b:cfcd:5ac:7ef] [tmp/3hn69l4qoa804.3h31n1yj254w8.php:7] Preview->render()
Fri, 24 Jan 2025 21:44:48 -0500 [2603:9000:f801:55e2:e08b:cfcd:5ac:7ef] [lib/base.php:3036] require('/home/u991737198/domains/tas2023.online/public_html/tmp/3hn69l4qoa804.3h31n1yj254w8.php')
Fri, 24 Jan 2025 21:44:48 -0500 [2603:9000:f801:55e2:e08b:cfcd:5ac:7ef] [lib/base.php:3281] View->sandbox()
Fri, 24 Jan 2025 21:44:48 -0500 [2603:9000:f801:55e2:e08b:cfcd:5ac:7ef] [app/controllers/Controller.php:87] Preview->render()
Fri, 24 Jan 2025 21:44:48 -0500 [2603:9000:f801:55e2:e08b:cfcd:5ac:7ef] [lib/base.php:2078] Controller->afterroute()
Fri, 24 Jan 2025 21:44:48 -0500 [2603:9000:f801:55e2:e08b:cfcd:5ac:7ef] [lib/base.php:1871] Base->call()
Fri, 24 Jan 2025 21:44:48 -0500 [2603:9000:f801:55e2:e08b:cfcd:5ac:7ef] [index.php:19] Base->run()
Fri, 24 Jan 2025 21:44:53 -0500 [2603:9000:f801:55e2:e08b:cfcd:5ac:7ef] 500: Undefined variable $i18n_select_task_type trace: [/home/u991737198/domains/tas2023.online/public_html/tmp/3hn69l4qoa804.9b9764piwerh.php:214]
Fri, 24 Jan 2025 21:44:53 -0500 [2603:9000:f801:55e2:e08b:cfcd:5ac:7ef] [/home/u991737198/domains/tas2023.online/public_html/tmp/3hn69l4qoa804.9b9764piwerh.php:214] Base->{closure}()
Fri, 24 Jan 2025 21:44:53 -0500 [2603:9000:f801:55e2:e08b:cfcd:5ac:7ef] [/home/u991737198/domains/tas2023.online/public_html/lib/base.php:3036] require('/home/u991737198/domains/tas2023.online/public_html/tmp/3hn69l4qoa804.9b9764piwerh.php')
Fri, 24 Jan 2025 21:44:53 -0500 [2603:9000:f801:55e2:e08b:cfcd:5ac:7ef] [/home/u991737198/domains/tas2023.online/public_html/lib/base.php:3281] View->sandbox()
Fri, 24 Jan 2025 21:44:53 -0500 [2603:9000:f801:55e2:e08b:cfcd:5ac:7ef] [/home/u991737198/domains/tas2023.online/public_html/tmp/3hn69l4qoa804.3h31n1yj254w8.php:7] Preview->render()
Fri, 24 Jan 2025 21:44:53 -0500 [2603:9000:f801:55e2:e08b:cfcd:5ac:7ef] [/home/u991737198/domains/tas2023.online/public_html/lib/base.php:3036] require('/home/u991737198/domains/tas2023.online/public_html/tmp/3hn69l4qoa804.3h31n1yj254w8.php')
Fri, 24 Jan 2025 21:44:53 -0500 [2603:9000:f801:55e2:e08b:cfcd:5ac:7ef] [/home/u991737198/domains/tas2023.online/public_html/lib/base.php:3281] View->sandbox()
Fri, 24 Jan 2025 21:44:53 -0500 [2603:9000:f801:55e2:e08b:cfcd:5ac:7ef] [/home/u991737198/domains/tas2023.online/public_html/app/controllers/Controller.php:87] Preview->render()
Fri, 24 Jan 2025 21:44:53 -0500 [2603:9000:f801:55e2:e08b:cfcd:5ac:7ef] [/home/u991737198/domains/tas2023.online/public_html/lib/base.php:2078] Controller->afterroute()
Fri, 24 Jan 2025 21:44:53 -0500 [2603:9000:f801:55e2:e08b:cfcd:5ac:7ef] [/home/u991737198/domains/tas2023.online/public_html/lib/base.php:1871] Base->call()
Fri, 24 Jan 2025 21:44:53 -0500 [2603:9000:f801:55e2:e08b:cfcd:5ac:7ef] [/home/u991737198/domains/tas2023.online/public_html/index.php:19] Base->run()
Fri, 24 Jan 2025 21:45:01 -0500 [2603:9000:f801:55e2:e08b:cfcd:5ac:7ef] 500: Undefined variable $entity_num trace: [tmp/3hn69l4qoa804.1zo7dt0fljr4w.php:200]
Fri, 24 Jan 2025 21:45:01 -0500 [2603:9000:f801:55e2:e08b:cfcd:5ac:7ef] [tmp/3hn69l4qoa804.1zo7dt0fljr4w.php:200] Base->{closure}()
Fri, 24 Jan 2025 21:45:01 -0500 [2603:9000:f801:55e2:e08b:cfcd:5ac:7ef] [lib/base.php:3036] require('/home/u991737198/domains/tas2023.online/public_html/tmp/3hn69l4qoa804.1zo7dt0fljr4w.php')
Fri, 24 Jan 2025 21:45:01 -0500 [2603:9000:f801:55e2:e08b:cfcd:5ac:7ef] [lib/base.php:3281] View->sandbox()
Fri, 24 Jan 2025 21:45:01 -0500 [2603:9000:f801:55e2:e08b:cfcd:5ac:7ef] [tmp/3hn69l4qoa804.3h31n1yj254w8.php:7] Preview->render()
Fri, 24 Jan 2025 21:45:01 -0500 [2603:9000:f801:55e2:e08b:cfcd:5ac:7ef] [lib/base.php:3036] require('/home/u991737198/domains/tas2023.online/public_html/tmp/3hn69l4qoa804.3h31n1yj254w8.php')
Fri, 24 Jan 2025 21:45:01 -0500 [2603:9000:f801:55e2:e08b:cfcd:5ac:7ef] [lib/base.php:3281] View->sandbox()
Fri, 24 Jan 2025 21:45:01 -0500 [2603:9000:f801:55e2:e08b:cfcd:5ac:7ef] [app/controllers/Controller.php:87] Preview->render()
Fri, 24 Jan 2025 21:45:01 -0500 [2603:9000:f801:55e2:e08b:cfcd:5ac:7ef] [lib/base.php:2078] Controller->afterroute()
Fri, 24 Jan 2025 21:45:01 -0500 [2603:9000:f801:55e2:e08b:cfcd:5ac:7ef] [lib/base.php:1871] Base->call()
Fri, 24 Jan 2025 21:45:01 -0500 [2603:9000:f801:55e2:e08b:cfcd:5ac:7ef] [index.php:19] Base->run()
Fri, 24 Jan 2025 21:45:07 -0500 [2603:9000:f801:55e2:e08b:cfcd:5ac:7ef] 500: Undefined variable $entity_num trace: [tmp/3hn69l4qoa804.1zo7dt0fljr4w.php:200]
Fri, 24 Jan 2025 21:45:07 -0500 [2603:9000:f801:55e2:e08b:cfcd:5ac:7ef] [tmp/3hn69l4qoa804.1zo7dt0fljr4w.php:200] Base->{closure}()
Fri, 24 Jan 2025 21:45:07 -0500 [2603:9000:f801:55e2:e08b:cfcd:5ac:7ef] [lib/base.php:3036] require('/home/u991737198/domains/tas2023.online/public_html/tmp/3hn69l4qoa804.1zo7dt0fljr4w.php')
Fri, 24 Jan 2025 21:45:07 -0500 [2603:9000:f801:55e2:e08b:cfcd:5ac:7ef] [lib/base.php:3281] View->sandbox()
Fri, 24 Jan 2025 21:45:07 -0500 [2603:9000:f801:55e2:e08b:cfcd:5ac:7ef] [tmp/3hn69l4qoa804.3h31n1yj254w8.php:7] Preview->render()
Fri, 24 Jan 2025 21:45:07 -0500 [2603:9000:f801:55e2:e08b:cfcd:5ac:7ef] [lib/base.php:3036] require('/home/u991737198/domains/tas2023.online/public_html/tmp/3hn69l4qoa804.3h31n1yj254w8.php')
Fri, 24 Jan 2025 21:45:07 -0500 [2603:9000:f801:55e2:e08b:cfcd:5ac:7ef] [lib/base.php:3281] View->sandbox()
Fri, 24 Jan 2025 21:45:07 -0500 [2603:9000:f801:55e2:e08b:cfcd:5ac:7ef] [app/controllers/Controller.php:87] Preview->render()
Fri, 24 Jan 2025 21:45:07 -0500 [2603:9000:f801:55e2:e08b:cfcd:5ac:7ef] [lib/base.php:2078] Controller->afterroute()
Fri, 24 Jan 2025 21:45:07 -0500 [2603:9000:f801:55e2:e08b:cfcd:5ac:7ef] [lib/base.php:1871] Base->call()
Fri, 24 Jan 2025 21:45:07 -0500 [2603:9000:f801:55e2:e08b:cfcd:5ac:7ef] [index.php:19] Base->run()
Fri, 24 Jan 2025 21:45:10 -0500 [2603:9000:f801:55e2:e08b:cfcd:5ac:7ef] 500: Undefined variable $i18n_select_task_type trace: [/home/u991737198/domains/tas2023.online/public_html/tmp/3hn69l4qoa804.9b9764piwerh.php:214]
Fri, 24 Jan 2025 21:45:10 -0500 [2603:9000:f801:55e2:e08b:cfcd:5ac:7ef] [/home/u991737198/domains/tas2023.online/public_html/tmp/3hn69l4qoa804.9b9764piwerh.php:214] Base->{closure}()
Fri, 24 Jan 2025 21:45:10 -0500 [2603:9000:f801:55e2:e08b:cfcd:5ac:7ef] [/home/u991737198/domains/tas2023.online/public_html/lib/base.php:3036] require('/home/u991737198/domains/tas2023.online/public_html/tmp/3hn69l4qoa804.9b9764piwerh.php')
Fri, 24 Jan 2025 21:45:10 -0500 [2603:9000:f801:55e2:e08b:cfcd:5ac:7ef] [/home/u991737198/domains/tas2023.online/public_html/lib/base.php:3281] View->sandbox()
Fri, 24 Jan 2025 21:45:10 -0500 [2603:9000:f801:55e2:e08b:cfcd:5ac:7ef] [/home/u991737198/domains/tas2023.online/public_html/tmp/3hn69l4qoa804.3h31n1yj254w8.php:7] Preview->render()
Fri, 24 Jan 2025 21:45:10 -0500 [2603:9000:f801:55e2:e08b:cfcd:5ac:7ef] [/home/u991737198/domains/tas2023.online/public_html/lib/base.php:3036] require('/home/u991737198/domains/tas2023.online/public_html/tmp/3hn69l4qoa804.3h31n1yj254w8.php')
Fri, 24 Jan 2025 21:45:10 -0500 [2603:9000:f801:55e2:e08b:cfcd:5ac:7ef] [/home/u991737198/domains/tas2023.online/public_html/lib/base.php:3281] View->sandbox()
Fri, 24 Jan 2025 21:45:10 -0500 [2603:9000:f801:55e2:e08b:cfcd:5ac:7ef] [/home/u991737198/domains/tas2023.online/public_html/app/controllers/Controller.php:87] Preview->render()
Fri, 24 Jan 2025 21:45:10 -0500 [2603:9000:f801:55e2:e08b:cfcd:5ac:7ef] [/home/u991737198/domains/tas2023.online/public_html/lib/base.php:2078] Controller->afterroute()
Fri, 24 Jan 2025 21:45:10 -0500 [2603:9000:f801:55e2:e08b:cfcd:5ac:7ef] [/home/u991737198/domains/tas2023.online/public_html/lib/base.php:1871] Base->call()
Fri, 24 Jan 2025 21:45:10 -0500 [2603:9000:f801:55e2:e08b:cfcd:5ac:7ef] [/home/u991737198/domains/tas2023.online/public_html/index.php:19] Base->run()
Fri, 24 Jan 2025 21:51:43 -0500 [2603:9000:f801:55e2:e08b:cfcd:5ac:7ef] 500: Undefined variable $entity_num trace: [tmp/3hn69l4qoa804.1zo7dt0fljr4w.php:200]
Fri, 24 Jan 2025 21:51:43 -0500 [2603:9000:f801:55e2:e08b:cfcd:5ac:7ef] [tmp/3hn69l4qoa804.1zo7dt0fljr4w.php:200] Base->{closure}()
Fri, 24 Jan 2025 21:51:43 -0500 [2603:9000:f801:55e2:e08b:cfcd:5ac:7ef] [lib/base.php:3036] require('/home/u991737198/domains/tas2023.online/public_html/tmp/3hn69l4qoa804.1zo7dt0fljr4w.php')
Fri, 24 Jan 2025 21:51:43 -0500 [2603:9000:f801:55e2:e08b:cfcd:5ac:7ef] [lib/base.php:3281] View->sandbox()
Fri, 24 Jan 2025 21:51:43 -0500 [2603:9000:f801:55e2:e08b:cfcd:5ac:7ef] [tmp/3hn69l4qoa804.3h31n1yj254w8.php:7] Preview->render()
Fri, 24 Jan 2025 21:51:43 -0500 [2603:9000:f801:55e2:e08b:cfcd:5ac:7ef] [lib/base.php:3036] require('/home/u991737198/domains/tas2023.online/public_html/tmp/3hn69l4qoa804.3h31n1yj254w8.php')
Fri, 24 Jan 2025 21:51:43 -0500 [2603:9000:f801:55e2:e08b:cfcd:5ac:7ef] [lib/base.php:3281] View->sandbox()
Fri, 24 Jan 2025 21:51:43 -0500 [2603:9000:f801:55e2:e08b:cfcd:5ac:7ef] [app/controllers/Controller.php:87] Preview->render()
Fri, 24 Jan 2025 21:51:43 -0500 [2603:9000:f801:55e2:e08b:cfcd:5ac:7ef] [lib/base.php:2078] Controller->afterroute()
Fri, 24 Jan 2025 21:51:43 -0500 [2603:9000:f801:55e2:e08b:cfcd:5ac:7ef] [lib/base.php:1871] Base->call()
Fri, 24 Jan 2025 21:51:43 -0500 [2603:9000:f801:55e2:e08b:cfcd:5ac:7ef] [index.php:19] Base->run()
Fri, 24 Jan 2025 21:51:47 -0500 [2603:9000:f801:55e2:e08b:cfcd:5ac:7ef] 500: Undefined variable $i18n_select_task_type trace: [/home/u991737198/domains/tas2023.online/public_html/tmp/3hn69l4qoa804.9b9764piwerh.php:214]
Fri, 24 Jan 2025 21:51:47 -0500 [2603:9000:f801:55e2:e08b:cfcd:5ac:7ef] [/home/u991737198/domains/tas2023.online/public_html/tmp/3hn69l4qoa804.9b9764piwerh.php:214] Base->{closure}()
Fri, 24 Jan 2025 21:51:47 -0500 [2603:9000:f801:55e2:e08b:cfcd:5ac:7ef] [/home/u991737198/domains/tas2023.online/public_html/lib/base.php:3036] require('/home/u991737198/domains/tas2023.online/public_html/tmp/3hn69l4qoa804.9b9764piwerh.php')
Fri, 24 Jan 2025 21:51:47 -0500 [2603:9000:f801:55e2:e08b:cfcd:5ac:7ef] [/home/u991737198/domains/tas2023.online/public_html/lib/base.php:3281] View->sandbox()
Fri, 24 Jan 2025 21:51:47 -0500 [2603:9000:f801:55e2:e08b:cfcd:5ac:7ef] [/home/u991737198/domains/tas2023.online/public_html/tmp/3hn69l4qoa804.3h31n1yj254w8.php:7] Preview->render()
Fri, 24 Jan 2025 21:51:47 -0500 [2603:9000:f801:55e2:e08b:cfcd:5ac:7ef] [/home/u991737198/domains/tas2023.online/public_html/lib/base.php:3036] require('/home/u991737198/domains/tas2023.online/public_html/tmp/3hn69l4qoa804.3h31n1yj254w8.php')
Fri, 24 Jan 2025 21:51:47 -0500 [2603:9000:f801:55e2:e08b:cfcd:5ac:7ef] [/home/u991737198/domains/tas2023.online/public_html/lib/base.php:3281] View->sandbox()
Fri, 24 Jan 2025 21:51:47 -0500 [2603:9000:f801:55e2:e08b:cfcd:5ac:7ef] [/home/u991737198/domains/tas2023.online/public_html/app/controllers/Controller.php:87] Preview->render()
Fri, 24 Jan 2025 21:51:47 -0500 [2603:9000:f801:55e2:e08b:cfcd:5ac:7ef] [/home/u991737198/domains/tas2023.online/public_html/lib/base.php:2078] Controller->afterroute()
Fri, 24 Jan 2025 21:51:47 -0500 [2603:9000:f801:55e2:e08b:cfcd:5ac:7ef] [/home/u991737198/domains/tas2023.online/public_html/lib/base.php:1871] Base->call()
Fri, 24 Jan 2025 21:51:47 -0500 [2603:9000:f801:55e2:e08b:cfcd:5ac:7ef] [/home/u991737198/domains/tas2023.online/public_html/index.php:19] Base->run()
Fri, 24 Jan 2025 21:52:41 -0500 [2603:9000:f801:55e2:e08b:cfcd:5ac:7ef] 500: Undefined variable $i18n_select_task_type trace: [/home/u991737198/domains/tas2023.online/public_html/tmp/3hn69l4qoa804.9b9764piwerh.php:214]
Fri, 24 Jan 2025 21:52:41 -0500 [2603:9000:f801:55e2:e08b:cfcd:5ac:7ef] [/home/u991737198/domains/tas2023.online/public_html/tmp/3hn69l4qoa804.9b9764piwerh.php:214] Base->{closure}()
Fri, 24 Jan 2025 21:52:41 -0500 [2603:9000:f801:55e2:e08b:cfcd:5ac:7ef] [/home/u991737198/domains/tas2023.online/public_html/lib/base.php:3036] require('/home/u991737198/domains/tas2023.online/public_html/tmp/3hn69l4qoa804.9b9764piwerh.php')
Fri, 24 Jan 2025 21:52:41 -0500 [2603:9000:f801:55e2:e08b:cfcd:5ac:7ef] [/home/u991737198/domains/tas2023.online/public_html/lib/base.php:3281] View->sandbox()
Fri, 24 Jan 2025 21:52:41 -0500 [2603:9000:f801:55e2:e08b:cfcd:5ac:7ef] [/home/u991737198/domains/tas2023.online/public_html/tmp/3hn69l4qoa804.3h31n1yj254w8.php:7] Preview->render()
Fri, 24 Jan 2025 21:52:41 -0500 [2603:9000:f801:55e2:e08b:cfcd:5ac:7ef] [/home/u991737198/domains/tas2023.online/public_html/lib/base.php:3036] require('/home/u991737198/domains/tas2023.online/public_html/tmp/3hn69l4qoa804.3h31n1yj254w8.php')
Fri, 24 Jan 2025 21:52:41 -0500 [2603:9000:f801:55e2:e08b:cfcd:5ac:7ef] [/home/u991737198/domains/tas2023.online/public_html/lib/base.php:3281] View->sandbox()
Fri, 24 Jan 2025 21:52:41 -0500 [2603:9000:f801:55e2:e08b:cfcd:5ac:7ef] [/home/u991737198/domains/tas2023.online/public_html/app/controllers/Controller.php:87] Preview->render()
Fri, 24 Jan 2025 21:52:41 -0500 [2603:9000:f801:55e2:e08b:cfcd:5ac:7ef] [/home/u991737198/domains/tas2023.online/public_html/lib/base.php:2078] Controller->afterroute()
Fri, 24 Jan 2025 21:52:41 -0500 [2603:9000:f801:55e2:e08b:cfcd:5ac:7ef] [/home/u991737198/domains/tas2023.online/public_html/lib/base.php:1871] Base->call()
Fri, 24 Jan 2025 21:52:41 -0500 [2603:9000:f801:55e2:e08b:cfcd:5ac:7ef] [/home/u991737198/domains/tas2023.online/public_html/index.php:19] Base->run()
Fri, 24 Jan 2025 21:53:45 -0500 [2603:9000:f801:55e2:e08b:cfcd:5ac:7ef] 500: Undefined variable $i18n_select_task_type trace: [/home/u991737198/domains/tas2023.online/public_html/tmp/3hn69l4qoa804.9b9764piwerh.php:214]
Fri, 24 Jan 2025 21:53:45 -0500 [2603:9000:f801:55e2:e08b:cfcd:5ac:7ef] [/home/u991737198/domains/tas2023.online/public_html/tmp/3hn69l4qoa804.9b9764piwerh.php:214] Base->{closure}()
Fri, 24 Jan 2025 21:53:45 -0500 [2603:9000:f801:55e2:e08b:cfcd:5ac:7ef] [/home/u991737198/domains/tas2023.online/public_html/lib/base.php:3036] require('/home/u991737198/domains/tas2023.online/public_html/tmp/3hn69l4qoa804.9b9764piwerh.php')
Fri, 24 Jan 2025 21:53:45 -0500 [2603:9000:f801:55e2:e08b:cfcd:5ac:7ef] [/home/u991737198/domains/tas2023.online/public_html/lib/base.php:3281] View->sandbox()
Fri, 24 Jan 2025 21:53:45 -0500 [2603:9000:f801:55e2:e08b:cfcd:5ac:7ef] [/home/u991737198/domains/tas2023.online/public_html/tmp/3hn69l4qoa804.3h31n1yj254w8.php:7] Preview->render()
Fri, 24 Jan 2025 21:53:45 -0500 [2603:9000:f801:55e2:e08b:cfcd:5ac:7ef] [/home/u991737198/domains/tas2023.online/public_html/lib/base.php:3036] require('/home/u991737198/domains/tas2023.online/public_html/tmp/3hn69l4qoa804.3h31n1yj254w8.php')
Fri, 24 Jan 2025 21:53:45 -0500 [2603:9000:f801:55e2:e08b:cfcd:5ac:7ef] [/home/u991737198/domains/tas2023.online/public_html/lib/base.php:3281] View->sandbox()
Fri, 24 Jan 2025 21:53:45 -0500 [2603:9000:f801:55e2:e08b:cfcd:5ac:7ef] [/home/u991737198/domains/tas2023.online/public_html/app/controllers/Controller.php:87] Preview->render()
Fri, 24 Jan 2025 21:53:45 -0500 [2603:9000:f801:55e2:e08b:cfcd:5ac:7ef] [/home/u991737198/domains/tas2023.online/public_html/lib/base.php:2078] Controller->afterroute()
Fri, 24 Jan 2025 21:53:45 -0500 [2603:9000:f801:55e2:e08b:cfcd:5ac:7ef] [/home/u991737198/domains/tas2023.online/public_html/lib/base.php:1871] Base->call()
Fri, 24 Jan 2025 21:53:45 -0500 [2603:9000:f801:55e2:e08b:cfcd:5ac:7ef] [/home/u991737198/domains/tas2023.online/public_html/index.php:19] Base->run()
Fri, 24 Jan 2025 21:56:13 -0500 [71.44.157.235] 500: Undefined variable $entity_num trace: [tmp/3hn69l4qoa804.1zo7dt0fljr4w.php:200]
Fri, 24 Jan 2025 21:56:13 -0500 [71.44.157.235] [tmp/3hn69l4qoa804.1zo7dt0fljr4w.php:200] Base->{closure}()
Fri, 24 Jan 2025 21:56:13 -0500 [71.44.157.235] [lib/base.php:3036] require('/home/u991737198/domains/tas2023.online/public_html/tmp/3hn69l4qoa804.1zo7dt0fljr4w.php')
Fri, 24 Jan 2025 21:56:13 -0500 [71.44.157.235] [lib/base.php:3281] View->sandbox()
Fri, 24 Jan 2025 21:56:13 -0500 [71.44.157.235] [tmp/3hn69l4qoa804.3h31n1yj254w8.php:7] Preview->render()
Fri, 24 Jan 2025 21:56:13 -0500 [71.44.157.235] [lib/base.php:3036] require('/home/u991737198/domains/tas2023.online/public_html/tmp/3hn69l4qoa804.3h31n1yj254w8.php')
Fri, 24 Jan 2025 21:56:13 -0500 [71.44.157.235] [lib/base.php:3281] View->sandbox()
Fri, 24 Jan 2025 21:56:13 -0500 [71.44.157.235] [app/controllers/Controller.php:87] Preview->render()
Fri, 24 Jan 2025 21:56:13 -0500 [71.44.157.235] [lib/base.php:2078] Controller->afterroute()
Fri, 24 Jan 2025 21:56:13 -0500 [71.44.157.235] [lib/base.php:1871] Base->call()
Fri, 24 Jan 2025 21:56:13 -0500 [71.44.157.235] [index.php:19] Base->run()
Fri, 24 Jan 2025 21:57:03 -0500 [71.44.157.235] 500: Undefined variable $entity_num trace: [tmp/3hn69l4qoa804.1zo7dt0fljr4w.php:200]
Fri, 24 Jan 2025 21:57:03 -0500 [71.44.157.235] [tmp/3hn69l4qoa804.1zo7dt0fljr4w.php:200] Base->{closure}()
Fri, 24 Jan 2025 21:57:03 -0500 [71.44.157.235] [lib/base.php:3036] require('/home/u991737198/domains/tas2023.online/public_html/tmp/3hn69l4qoa804.1zo7dt0fljr4w.php')
Fri, 24 Jan 2025 21:57:03 -0500 [71.44.157.235] [lib/base.php:3281] View->sandbox()
Fri, 24 Jan 2025 21:57:03 -0500 [71.44.157.235] [tmp/3hn69l4qoa804.3h31n1yj254w8.php:7] Preview->render()
Fri, 24 Jan 2025 21:57:03 -0500 [71.44.157.235] [lib/base.php:3036] require('/home/u991737198/domains/tas2023.online/public_html/tmp/3hn69l4qoa804.3h31n1yj254w8.php')
Fri, 24 Jan 2025 21:57:03 -0500 [71.44.157.235] [lib/base.php:3281] View->sandbox()
Fri, 24 Jan 2025 21:57:03 -0500 [71.44.157.235] [app/controllers/Controller.php:87] Preview->render()
Fri, 24 Jan 2025 21:57:03 -0500 [71.44.157.235] [lib/base.php:2078] Controller->afterroute()
Fri, 24 Jan 2025 21:57:03 -0500 [71.44.157.235] [lib/base.php:1871] Base->call()
Fri, 24 Jan 2025 21:57:03 -0500 [71.44.157.235] [index.php:19] Base->run()
Fri, 24 Jan 2025 21:57:13 -0500 [71.44.157.235] 500: Undefined variable $entity_num trace: [tmp/3hn69l4qoa804.1zo7dt0fljr4w.php:200]
Fri, 24 Jan 2025 21:57:13 -0500 [71.44.157.235] [tmp/3hn69l4qoa804.1zo7dt0fljr4w.php:200] Base->{closure}()
Fri, 24 Jan 2025 21:57:13 -0500 [71.44.157.235] [lib/base.php:3036] require('/home/u991737198/domains/tas2023.online/public_html/tmp/3hn69l4qoa804.1zo7dt0fljr4w.php')
Fri, 24 Jan 2025 21:57:13 -0500 [71.44.157.235] [lib/base.php:3281] View->sandbox()
Fri, 24 Jan 2025 21:57:13 -0500 [71.44.157.235] [tmp/3hn69l4qoa804.3h31n1yj254w8.php:7] Preview->render()
Fri, 24 Jan 2025 21:57:13 -0500 [71.44.157.235] [lib/base.php:3036] require('/home/u991737198/domains/tas2023.online/public_html/tmp/3hn69l4qoa804.3h31n1yj254w8.php')
Fri, 24 Jan 2025 21:57:13 -0500 [71.44.157.235] [lib/base.php:3281] View->sandbox()
Fri, 24 Jan 2025 21:57:13 -0500 [71.44.157.235] [app/controllers/Controller.php:87] Preview->render()
Fri, 24 Jan 2025 21:57:13 -0500 [71.44.157.235] [lib/base.php:2078] Controller->afterroute()
Fri, 24 Jan 2025 21:57:13 -0500 [71.44.157.235] [lib/base.php:1871] Base->call()
Fri, 24 Jan 2025 21:57:13 -0500 [71.44.157.235] [index.php:19] Base->run()
Fri, 24 Jan 2025 21:57:58 -0500 [71.44.157.235] 500: Undefined variable $entity_num trace: [tmp/3hn69l4qoa804.1zo7dt0fljr4w.php:200]
Fri, 24 Jan 2025 21:57:58 -0500 [71.44.157.235] [tmp/3hn69l4qoa804.1zo7dt0fljr4w.php:200] Base->{closure}()
Fri, 24 Jan 2025 21:57:58 -0500 [71.44.157.235] [lib/base.php:3036] require('/home/u991737198/domains/tas2023.online/public_html/tmp/3hn69l4qoa804.1zo7dt0fljr4w.php')
Fri, 24 Jan 2025 21:57:58 -0500 [71.44.157.235] [lib/base.php:3281] View->sandbox()
Fri, 24 Jan 2025 21:57:58 -0500 [71.44.157.235] [tmp/3hn69l4qoa804.3h31n1yj254w8.php:7] Preview->render()
Fri, 24 Jan 2025 21:57:58 -0500 [71.44.157.235] [lib/base.php:3036] require('/home/u991737198/domains/tas2023.online/public_html/tmp/3hn69l4qoa804.3h31n1yj254w8.php')
Fri, 24 Jan 2025 21:57:58 -0500 [71.44.157.235] [lib/base.php:3281] View->sandbox()
Fri, 24 Jan 2025 21:57:58 -0500 [71.44.157.235] [app/controllers/Controller.php:87] Preview->render()
Fri, 24 Jan 2025 21:57:58 -0500 [71.44.157.235] [lib/base.php:2078] Controller->afterroute()
Fri, 24 Jan 2025 21:57:58 -0500 [71.44.157.235] [lib/base.php:1871] Base->call()
Fri, 24 Jan 2025 21:57:58 -0500 [71.44.157.235] [index.php:19] Base->run()
Fri, 24 Jan 2025 21:59:18 -0500 [71.44.157.235] 500: Undefined variable $entity_num trace: [tmp/3hn69l4qoa804.1zo7dt0fljr4w.php:200]
Fri, 24 Jan 2025 21:59:18 -0500 [71.44.157.235] [tmp/3hn69l4qoa804.1zo7dt0fljr4w.php:200] Base->{closure}()
Fri, 24 Jan 2025 21:59:18 -0500 [71.44.157.235] [lib/base.php:3036] require('/home/u991737198/domains/tas2023.online/public_html/tmp/3hn69l4qoa804.1zo7dt0fljr4w.php')
Fri, 24 Jan 2025 21:59:18 -0500 [71.44.157.235] [lib/base.php:3281] View->sandbox()
Fri, 24 Jan 2025 21:59:18 -0500 [71.44.157.235] [tmp/3hn69l4qoa804.3h31n1yj254w8.php:7] Preview->render()
Fri, 24 Jan 2025 21:59:18 -0500 [71.44.157.235] [lib/base.php:3036] require('/home/u991737198/domains/tas2023.online/public_html/tmp/3hn69l4qoa804.3h31n1yj254w8.php')
Fri, 24 Jan 2025 21:59:18 -0500 [71.44.157.235] [lib/base.php:3281] View->sandbox()
Fri, 24 Jan 2025 21:59:18 -0500 [71.44.157.235] [app/controllers/Controller.php:87] Preview->render()
Fri, 24 Jan 2025 21:59:18 -0500 [71.44.157.235] [lib/base.php:2078] Controller->afterroute()
Fri, 24 Jan 2025 21:59:18 -0500 [71.44.157.235] [lib/base.php:1871] Base->call()
Fri, 24 Jan 2025 21:59:18 -0500 [71.44.157.235] [index.php:19] Base->run()
Fri, 24 Jan 2025 21:59:40 -0500 [71.44.157.235] 500: Undefined variable $i18n_select_task_type trace: [/home/u991737198/domains/tas2023.online/public_html/tmp/3hn69l4qoa804.9b9764piwerh.php:214]
Fri, 24 Jan 2025 21:59:40 -0500 [71.44.157.235] [/home/u991737198/domains/tas2023.online/public_html/tmp/3hn69l4qoa804.9b9764piwerh.php:214] Base->{closure}()
Fri, 24 Jan 2025 21:59:40 -0500 [71.44.157.235] [/home/u991737198/domains/tas2023.online/public_html/lib/base.php:3036] require('/home/u991737198/domains/tas2023.online/public_html/tmp/3hn69l4qoa804.9b9764piwerh.php')
Fri, 24 Jan 2025 21:59:40 -0500 [71.44.157.235] [/home/u991737198/domains/tas2023.online/public_html/lib/base.php:3281] View->sandbox()
Fri, 24 Jan 2025 21:59:40 -0500 [71.44.157.235] [/home/u991737198/domains/tas2023.online/public_html/tmp/3hn69l4qoa804.3h31n1yj254w8.php:7] Preview->render()
Fri, 24 Jan 2025 21:59:40 -0500 [71.44.157.235] [/home/u991737198/domains/tas2023.online/public_html/lib/base.php:3036] require('/home/u991737198/domains/tas2023.online/public_html/tmp/3hn69l4qoa804.3h31n1yj254w8.php')
Fri, 24 Jan 2025 21:59:40 -0500 [71.44.157.235] [/home/u991737198/domains/tas2023.online/public_html/lib/base.php:3281] View->sandbox()
Fri, 24 Jan 2025 21:59:40 -0500 [71.44.157.235] [/home/u991737198/domains/tas2023.online/public_html/app/controllers/Controller.php:87] Preview->render()
Fri, 24 Jan 2025 21:59:40 -0500 [71.44.157.235] [/home/u991737198/domains/tas2023.online/public_html/lib/base.php:2078] Controller->afterroute()
Fri, 24 Jan 2025 21:59:40 -0500 [71.44.157.235] [/home/u991737198/domains/tas2023.online/public_html/lib/base.php:1871] Base->call()
Fri, 24 Jan 2025 21:59:40 -0500 [71.44.157.235] [/home/u991737198/domains/tas2023.online/public_html/index.php:19] Base->run()
Fri, 24 Jan 2025 21:59:45 -0500 [71.44.157.235] 500: Undefined variable $selected_note trace: [/home/u991737198/domains/tas2023.online/public_html/tmp/3hn69l4qoa804.3g8shy2588w00.php:371]
Fri, 24 Jan 2025 21:59:45 -0500 [71.44.157.235] [/home/u991737198/domains/tas2023.online/public_html/tmp/3hn69l4qoa804.3g8shy2588w00.php:371] Base->{closure}()
Fri, 24 Jan 2025 21:59:45 -0500 [71.44.157.235] [/home/u991737198/domains/tas2023.online/public_html/lib/base.php:3036] require('/home/u991737198/domains/tas2023.online/public_html/tmp/3hn69l4qoa804.3g8shy2588w00.php')
Fri, 24 Jan 2025 21:59:45 -0500 [71.44.157.235] [/home/u991737198/domains/tas2023.online/public_html/lib/base.php:3281] View->sandbox()
Fri, 24 Jan 2025 21:59:45 -0500 [71.44.157.235] [/home/u991737198/domains/tas2023.online/public_html/tmp/3hn69l4qoa804.3h31n1yj254w8.php:7] Preview->render()
Fri, 24 Jan 2025 21:59:45 -0500 [71.44.157.235] [/home/u991737198/domains/tas2023.online/public_html/lib/base.php:3036] require('/home/u991737198/domains/tas2023.online/public_html/tmp/3hn69l4qoa804.3h31n1yj254w8.php')
Fri, 24 Jan 2025 21:59:45 -0500 [71.44.157.235] [/home/u991737198/domains/tas2023.online/public_html/lib/base.php:3281] View->sandbox()
Fri, 24 Jan 2025 21:59:45 -0500 [71.44.157.235] [/home/u991737198/domains/tas2023.online/public_html/app/controllers/Controller.php:87] Preview->render()
Fri, 24 Jan 2025 21:59:45 -0500 [71.44.157.235] [/home/u991737198/domains/tas2023.online/public_html/lib/base.php:2078] Controller->afterroute()
Fri, 24 Jan 2025 21:59:45 -0500 [71.44.157.235] [/home/u991737198/domains/tas2023.online/public_html/lib/base.php:1871] Base->call()
Fri, 24 Jan 2025 21:59:45 -0500 [71.44.157.235] [/home/u991737198/domains/tas2023.online/public_html/index.php:19] Base->run()
Fri, 24 Jan 2025 21:59:52 -0500 [71.44.157.235] 500: trim(): Passing null to parameter #1 ($string) of type string is deprecated trace: [/home/u991737198/domains/tas2023.online/public_html/tmp/3hn69l4qoa804.3g8shy2588w00.php:340]
Fri, 24 Jan 2025 21:59:52 -0500 [71.44.157.235] [/home/u991737198/domains/tas2023.online/public_html/tmp/3hn69l4qoa804.3g8shy2588w00.php:340] trim()
Fri, 24 Jan 2025 21:59:52 -0500 [71.44.157.235] [/home/u991737198/domains/tas2023.online/public_html/lib/base.php:3036] require('/home/u991737198/domains/tas2023.online/public_html/tmp/3hn69l4qoa804.3g8shy2588w00.php')
Fri, 24 Jan 2025 21:59:52 -0500 [71.44.157.235] [/home/u991737198/domains/tas2023.online/public_html/lib/base.php:3281] View->sandbox()
Fri, 24 Jan 2025 21:59:52 -0500 [71.44.157.235] [/home/u991737198/domains/tas2023.online/public_html/tmp/3hn69l4qoa804.3h31n1yj254w8.php:7] Preview->render()
Fri, 24 Jan 2025 21:59:52 -0500 [71.44.157.235] [/home/u991737198/domains/tas2023.online/public_html/lib/base.php:3036] require('/home/u991737198/domains/tas2023.online/public_html/tmp/3hn69l4qoa804.3h31n1yj254w8.php')
Fri, 24 Jan 2025 21:59:52 -0500 [71.44.157.235] [/home/u991737198/domains/tas2023.online/public_html/lib/base.php:3281] View->sandbox()
Fri, 24 Jan 2025 21:59:52 -0500 [71.44.157.235] [/home/u991737198/domains/tas2023.online/public_html/app/controllers/Controller.php:87] Preview->render()
Fri, 24 Jan 2025 21:59:52 -0500 [71.44.157.235] [/home/u991737198/domains/tas2023.online/public_html/lib/base.php:2078] Controller->afterroute()
Fri, 24 Jan 2025 21:59:52 -0500 [71.44.157.235] [/home/u991737198/domains/tas2023.online/public_html/lib/base.php:1871] Base->call()
Fri, 24 Jan 2025 21:59:52 -0500 [71.44.157.235] [/home/u991737198/domains/tas2023.online/public_html/index.php:19] Base->run()
Fri, 24 Jan 2025 22:00:12 -0500 [71.44.157.235] 500: Undefined variable $entity_num trace: [tmp/3hn69l4qoa804.1zo7dt0fljr4w.php:200]
Fri, 24 Jan 2025 22:00:12 -0500 [71.44.157.235] [tmp/3hn69l4qoa804.1zo7dt0fljr4w.php:200] Base->{closure}()
Fri, 24 Jan 2025 22:00:12 -0500 [71.44.157.235] [lib/base.php:3036] require('/home/u991737198/domains/tas2023.online/public_html/tmp/3hn69l4qoa804.1zo7dt0fljr4w.php')
Fri, 24 Jan 2025 22:00:12 -0500 [71.44.157.235] [lib/base.php:3281] View->sandbox()
Fri, 24 Jan 2025 22:00:12 -0500 [71.44.157.235] [tmp/3hn69l4qoa804.3h31n1yj254w8.php:7] Preview->render()
Fri, 24 Jan 2025 22:00:12 -0500 [71.44.157.235] [lib/base.php:3036] require('/home/u991737198/domains/tas2023.online/public_html/tmp/3hn69l4qoa804.3h31n1yj254w8.php')
Fri, 24 Jan 2025 22:00:12 -0500 [71.44.157.235] [lib/base.php:3281] View->sandbox()
Fri, 24 Jan 2025 22:00:12 -0500 [71.44.157.235] [app/controllers/Controller.php:87] Preview->render()
Fri, 24 Jan 2025 22:00:12 -0500 [71.44.157.235] [lib/base.php:2078] Controller->afterroute()
Fri, 24 Jan 2025 22:00:12 -0500 [71.44.157.235] [lib/base.php:1871] Base->call()
Fri, 24 Jan 2025 22:00:12 -0500 [71.44.157.235] [index.php:19] Base->run()
Fri, 24 Jan 2025 22:00:17 -0500 [71.44.157.235] 500: Undefined variable $token trace: [tmp/3hn69l4qoa804.2r4f9cgm96ecs.php:226]
Fri, 24 Jan 2025 22:00:17 -0500 [71.44.157.235] [tmp/3hn69l4qoa804.2r4f9cgm96ecs.php:226] Base->{closure}()
Fri, 24 Jan 2025 22:00:17 -0500 [71.44.157.235] [lib/base.php:3036] require('/home/u991737198/domains/tas2023.online/public_html/tmp/3hn69l4qoa804.2r4f9cgm96ecs.php')
Fri, 24 Jan 2025 22:00:17 -0500 [71.44.157.235] [lib/base.php:3281] View->sandbox()
Fri, 24 Jan 2025 22:00:17 -0500 [71.44.157.235] [tmp/3hn69l4qoa804.3h31n1yj254w8.php:7] Preview->render()
Fri, 24 Jan 2025 22:00:17 -0500 [71.44.157.235] [lib/base.php:3036] require('/home/u991737198/domains/tas2023.online/public_html/tmp/3hn69l4qoa804.3h31n1yj254w8.php')
Fri, 24 Jan 2025 22:00:17 -0500 [71.44.157.235] [lib/base.php:3281] View->sandbox()
Fri, 24 Jan 2025 22:00:17 -0500 [71.44.157.235] [app/controllers/Controller.php:87] Preview->render()
Fri, 24 Jan 2025 22:00:17 -0500 [71.44.157.235] [lib/base.php:2078] Controller->afterroute()
Fri, 24 Jan 2025 22:00:17 -0500 [71.44.157.235] [lib/base.php:1871] Base->call()
Fri, 24 Jan 2025 22:00:17 -0500 [71.44.157.235] [index.php:19] Base->run()
Fri, 24 Jan 2025 22:00:29 -0500 [71.44.157.235] 500: Undefined variable $token trace: [tmp/3hn69l4qoa804.2r4f9cgm96ecs.php:226]
Fri, 24 Jan 2025 22:00:29 -0500 [71.44.157.235] [tmp/3hn69l4qoa804.2r4f9cgm96ecs.php:226] Base->{closure}()
Fri, 24 Jan 2025 22:00:29 -0500 [71.44.157.235] [lib/base.php:3036] require('/home/u991737198/domains/tas2023.online/public_html/tmp/3hn69l4qoa804.2r4f9cgm96ecs.php')
Fri, 24 Jan 2025 22:00:29 -0500 [71.44.157.235] [lib/base.php:3281] View->sandbox()
Fri, 24 Jan 2025 22:00:29 -0500 [71.44.157.235] [tmp/3hn69l4qoa804.3h31n1yj254w8.php:7] Preview->render()
Fri, 24 Jan 2025 22:00:29 -0500 [71.44.157.235] [lib/base.php:3036] require('/home/u991737198/domains/tas2023.online/public_html/tmp/3hn69l4qoa804.3h31n1yj254w8.php')
Fri, 24 Jan 2025 22:00:29 -0500 [71.44.157.235] [lib/base.php:3281] View->sandbox()
Fri, 24 Jan 2025 22:00:29 -0500 [71.44.157.235] [app/controllers/Controller.php:87] Preview->render()
Fri, 24 Jan 2025 22:00:29 -0500 [71.44.157.235] [lib/base.php:2078] Controller->afterroute()
Fri, 24 Jan 2025 22:00:29 -0500 [71.44.157.235] [lib/base.php:1871] Base->call()
Fri, 24 Jan 2025 22:00:29 -0500 [71.44.157.235] [index.php:19] Base->run()
Fri, 24 Jan 2025 22:00:32 -0500 [71.44.157.235] 500: Undefined variable $i18n_select_task_type trace: [/home/u991737198/domains/tas2023.online/public_html/tmp/3hn69l4qoa804.9b9764piwerh.php:214]
Fri, 24 Jan 2025 22:00:32 -0500 [71.44.157.235] [/home/u991737198/domains/tas2023.online/public_html/tmp/3hn69l4qoa804.9b9764piwerh.php:214] Base->{closure}()
Fri, 24 Jan 2025 22:00:32 -0500 [71.44.157.235] [/home/u991737198/domains/tas2023.online/public_html/lib/base.php:3036] require('/home/u991737198/domains/tas2023.online/public_html/tmp/3hn69l4qoa804.9b9764piwerh.php')
Fri, 24 Jan 2025 22:00:32 -0500 [71.44.157.235] [/home/u991737198/domains/tas2023.online/public_html/lib/base.php:3281] View->sandbox()
Fri, 24 Jan 2025 22:00:32 -0500 [71.44.157.235] [/home/u991737198/domains/tas2023.online/public_html/tmp/3hn69l4qoa804.3h31n1yj254w8.php:7] Preview->render()
Fri, 24 Jan 2025 22:00:32 -0500 [71.44.157.235] [/home/u991737198/domains/tas2023.online/public_html/lib/base.php:3036] require('/home/u991737198/domains/tas2023.online/public_html/tmp/3hn69l4qoa804.3h31n1yj254w8.php')
Fri, 24 Jan 2025 22:00:32 -0500 [71.44.157.235] [/home/u991737198/domains/tas2023.online/public_html/lib/base.php:3281] View->sandbox()
Fri, 24 Jan 2025 22:00:32 -0500 [71.44.157.235] [/home/u991737198/domains/tas2023.online/public_html/app/controllers/Controller.php:87] Preview->render()
Fri, 24 Jan 2025 22:00:32 -0500 [71.44.157.235] [/home/u991737198/domains/tas2023.online/public_html/lib/base.php:2078] Controller->afterroute()
Fri, 24 Jan 2025 22:00:32 -0500 [71.44.157.235] [/home/u991737198/domains/tas2023.online/public_html/lib/base.php:1871] Base->call()
Fri, 24 Jan 2025 22:00:32 -0500 [71.44.157.235] [/home/u991737198/domains/tas2023.online/public_html/index.php:19] Base->run()
Fri, 24 Jan 2025 22:00:35 -0500 [71.44.157.235] 500: Undefined variable $selected_note trace: [/home/u991737198/domains/tas2023.online/public_html/tmp/3hn69l4qoa804.3g8shy2588w00.php:371]
Fri, 24 Jan 2025 22:00:35 -0500 [71.44.157.235] [/home/u991737198/domains/tas2023.online/public_html/tmp/3hn69l4qoa804.3g8shy2588w00.php:371] Base->{closure}()
Fri, 24 Jan 2025 22:00:35 -0500 [71.44.157.235] [/home/u991737198/domains/tas2023.online/public_html/lib/base.php:3036] require('/home/u991737198/domains/tas2023.online/public_html/tmp/3hn69l4qoa804.3g8shy2588w00.php')
Fri, 24 Jan 2025 22:00:35 -0500 [71.44.157.235] [/home/u991737198/domains/tas2023.online/public_html/lib/base.php:3281] View->sandbox()
Fri, 24 Jan 2025 22:00:35 -0500 [71.44.157.235] [/home/u991737198/domains/tas2023.online/public_html/tmp/3hn69l4qoa804.3h31n1yj254w8.php:7] Preview->render()
Fri, 24 Jan 2025 22:00:35 -0500 [71.44.157.235] [/home/u991737198/domains/tas2023.online/public_html/lib/base.php:3036] require('/home/u991737198/domains/tas2023.online/public_html/tmp/3hn69l4qoa804.3h31n1yj254w8.php')
Fri, 24 Jan 2025 22:00:35 -0500 [71.44.157.235] [/home/u991737198/domains/tas2023.online/public_html/lib/base.php:3281] View->sandbox()
Fri, 24 Jan 2025 22:00:35 -0500 [71.44.157.235] [/home/u991737198/domains/tas2023.online/public_html/app/controllers/Controller.php:87] Preview->render()
Fri, 24 Jan 2025 22:00:35 -0500 [71.44.157.235] [/home/u991737198/domains/tas2023.online/public_html/lib/base.php:2078] Controller->afterroute()
Fri, 24 Jan 2025 22:00:35 -0500 [71.44.157.235] [/home/u991737198/domains/tas2023.online/public_html/lib/base.php:1871] Base->call()
Fri, 24 Jan 2025 22:00:35 -0500 [71.44.157.235] [/home/u991737198/domains/tas2023.online/public_html/index.php:19] Base->run()
Fri, 24 Jan 2025 22:00:57 -0500 [71.44.157.235] 500: Undefined variable $i18n_select_task_type trace: [/home/u991737198/domains/tas2023.online/public_html/tmp/3hn69l4qoa804.9b9764piwerh.php:214]
Fri, 24 Jan 2025 22:00:57 -0500 [71.44.157.235] [/home/u991737198/domains/tas2023.online/public_html/tmp/3hn69l4qoa804.9b9764piwerh.php:214] Base->{closure}()
Fri, 24 Jan 2025 22:00:57 -0500 [71.44.157.235] [/home/u991737198/domains/tas2023.online/public_html/lib/base.php:3036] require('/home/u991737198/domains/tas2023.online/public_html/tmp/3hn69l4qoa804.9b9764piwerh.php')
Fri, 24 Jan 2025 22:00:57 -0500 [71.44.157.235] [/home/u991737198/domains/tas2023.online/public_html/lib/base.php:3281] View->sandbox()
Fri, 24 Jan 2025 22:00:57 -0500 [71.44.157.235] [/home/u991737198/domains/tas2023.online/public_html/tmp/3hn69l4qoa804.3h31n1yj254w8.php:7] Preview->render()
Fri, 24 Jan 2025 22:00:57 -0500 [71.44.157.235] [/home/u991737198/domains/tas2023.online/public_html/lib/base.php:3036] require('/home/u991737198/domains/tas2023.online/public_html/tmp/3hn69l4qoa804.3h31n1yj254w8.php')
Fri, 24 Jan 2025 22:00:57 -0500 [71.44.157.235] [/home/u991737198/domains/tas2023.online/public_html/lib/base.php:3281] View->sandbox()
Fri, 24 Jan 2025 22:00:57 -0500 [71.44.157.235] [/home/u991737198/domains/tas2023.online/public_html/app/controllers/Controller.php:87] Preview->render()
Fri, 24 Jan 2025 22:00:57 -0500 [71.44.157.235] [/home/u991737198/domains/tas2023.online/public_html/lib/base.php:2078] Controller->afterroute()
Fri, 24 Jan 2025 22:00:57 -0500 [71.44.157.235] [/home/u991737198/domains/tas2023.online/public_html/lib/base.php:1871] Base->call()
Fri, 24 Jan 2025 22:00:57 -0500 [71.44.157.235] [/home/u991737198/domains/tas2023.online/public_html/index.php:19] Base->run()
Fri, 24 Jan 2025 22:01:02 -0500 [71.44.157.235] 500: Undefined variable $selected_note trace: [/home/u991737198/domains/tas2023.online/public_html/tmp/3hn69l4qoa804.3g8shy2588w00.php:371]
Fri, 24 Jan 2025 22:01:02 -0500 [71.44.157.235] [/home/u991737198/domains/tas2023.online/public_html/tmp/3hn69l4qoa804.3g8shy2588w00.php:371] Base->{closure}()
Fri, 24 Jan 2025 22:01:02 -0500 [71.44.157.235] [/home/u991737198/domains/tas2023.online/public_html/lib/base.php:3036] require('/home/u991737198/domains/tas2023.online/public_html/tmp/3hn69l4qoa804.3g8shy2588w00.php')
Fri, 24 Jan 2025 22:01:02 -0500 [71.44.157.235] [/home/u991737198/domains/tas2023.online/public_html/lib/base.php:3281] View->sandbox()
Fri, 24 Jan 2025 22:01:02 -0500 [71.44.157.235] [/home/u991737198/domains/tas2023.online/public_html/tmp/3hn69l4qoa804.3h31n1yj254w8.php:7] Preview->render()
Fri, 24 Jan 2025 22:01:02 -0500 [71.44.157.235] [/home/u991737198/domains/tas2023.online/public_html/lib/base.php:3036] require('/home/u991737198/domains/tas2023.online/public_html/tmp/3hn69l4qoa804.3h31n1yj254w8.php')
Fri, 24 Jan 2025 22:01:02 -0500 [71.44.157.235] [/home/u991737198/domains/tas2023.online/public_html/lib/base.php:3281] View->sandbox()
Fri, 24 Jan 2025 22:01:02 -0500 [71.44.157.235] [/home/u991737198/domains/tas2023.online/public_html/app/controllers/Controller.php:87] Preview->render()
Fri, 24 Jan 2025 22:01:02 -0500 [71.44.157.235] [/home/u991737198/domains/tas2023.online/public_html/lib/base.php:2078] Controller->afterroute()
Fri, 24 Jan 2025 22:01:02 -0500 [71.44.157.235] [/home/u991737198/domains/tas2023.online/public_html/lib/base.php:1871] Base->call()
Fri, 24 Jan 2025 22:01:02 -0500 [71.44.157.235] [/home/u991737198/domains/tas2023.online/public_html/index.php:19] Base->run()
Fri, 24 Jan 2025 22:01:27 -0500 [71.44.157.235] 500: Undefined variable $entity_num trace: [tmp/3hn69l4qoa804.1zo7dt0fljr4w.php:200]
Fri, 24 Jan 2025 22:01:27 -0500 [71.44.157.235] [tmp/3hn69l4qoa804.1zo7dt0fljr4w.php:200] Base->{closure}()
Fri, 24 Jan 2025 22:01:27 -0500 [71.44.157.235] [lib/base.php:3036] require('/home/u991737198/domains/tas2023.online/public_html/tmp/3hn69l4qoa804.1zo7dt0fljr4w.php')
Fri, 24 Jan 2025 22:01:27 -0500 [71.44.157.235] [lib/base.php:3281] View->sandbox()
Fri, 24 Jan 2025 22:01:27 -0500 [71.44.157.235] [tmp/3hn69l4qoa804.3h31n1yj254w8.php:7] Preview->render()
Fri, 24 Jan 2025 22:01:27 -0500 [71.44.157.235] [lib/base.php:3036] require('/home/u991737198/domains/tas2023.online/public_html/tmp/3hn69l4qoa804.3h31n1yj254w8.php')
Fri, 24 Jan 2025 22:01:27 -0500 [71.44.157.235] [lib/base.php:3281] View->sandbox()
Fri, 24 Jan 2025 22:01:27 -0500 [71.44.157.235] [app/controllers/Controller.php:87] Preview->render()
Fri, 24 Jan 2025 22:01:27 -0500 [71.44.157.235] [lib/base.php:2078] Controller->afterroute()
Fri, 24 Jan 2025 22:01:27 -0500 [71.44.157.235] [lib/base.php:1871] Base->call()
Fri, 24 Jan 2025 22:01:27 -0500 [71.44.157.235] [index.php:19] Base->run()
Fri, 24 Jan 2025 22:01:38 -0500 [71.44.157.235] 500: Undefined variable $token trace: [tmp/3hn69l4qoa804.2r4f9cgm96ecs.php:226]
Fri, 24 Jan 2025 22:01:38 -0500 [71.44.157.235] [tmp/3hn69l4qoa804.2r4f9cgm96ecs.php:226] Base->{closure}()
Fri, 24 Jan 2025 22:01:38 -0500 [71.44.157.235] [lib/base.php:3036] require('/home/u991737198/domains/tas2023.online/public_html/tmp/3hn69l4qoa804.2r4f9cgm96ecs.php')
Fri, 24 Jan 2025 22:01:38 -0500 [71.44.157.235] [lib/base.php:3281] View->sandbox()
Fri, 24 Jan 2025 22:01:38 -0500 [71.44.157.235] [tmp/3hn69l4qoa804.3h31n1yj254w8.php:7] Preview->render()
Fri, 24 Jan 2025 22:01:38 -0500 [71.44.157.235] [lib/base.php:3036] require('/home/u991737198/domains/tas2023.online/public_html/tmp/3hn69l4qoa804.3h31n1yj254w8.php')
Fri, 24 Jan 2025 22:01:38 -0500 [71.44.157.235] [lib/base.php:3281] View->sandbox()
Fri, 24 Jan 2025 22:01:38 -0500 [71.44.157.235] [app/controllers/Controller.php:87] Preview->render()
Fri, 24 Jan 2025 22:01:38 -0500 [71.44.157.235] [lib/base.php:2078] Controller->afterroute()
Fri, 24 Jan 2025 22:01:38 -0500 [71.44.157.235] [lib/base.php:1871] Base->call()
Fri, 24 Jan 2025 22:01:38 -0500 [71.44.157.235] [index.php:19] Base->run()
Fri, 24 Jan 2025 22:01:46 -0500 [71.44.157.235] 500: Undefined variable $token trace: [tmp/3hn69l4qoa804.2r4f9cgm96ecs.php:226]
Fri, 24 Jan 2025 22:01:46 -0500 [71.44.157.235] [tmp/3hn69l4qoa804.2r4f9cgm96ecs.php:226] Base->{closure}()
Fri, 24 Jan 2025 22:01:46 -0500 [71.44.157.235] [lib/base.php:3036] require('/home/u991737198/domains/tas2023.online/public_html/tmp/3hn69l4qoa804.2r4f9cgm96ecs.php')
Fri, 24 Jan 2025 22:01:46 -0500 [71.44.157.235] [lib/base.php:3281] View->sandbox()
Fri, 24 Jan 2025 22:01:46 -0500 [71.44.157.235] [tmp/3hn69l4qoa804.3h31n1yj254w8.php:7] Preview->render()
Fri, 24 Jan 2025 22:01:46 -0500 [71.44.157.235] [lib/base.php:3036] require('/home/u991737198/domains/tas2023.online/public_html/tmp/3hn69l4qoa804.3h31n1yj254w8.php')
Fri, 24 Jan 2025 22:01:46 -0500 [71.44.157.235] [lib/base.php:3281] View->sandbox()
Fri, 24 Jan 2025 22:01:46 -0500 [71.44.157.235] [app/controllers/Controller.php:87] Preview->render()
Fri, 24 Jan 2025 22:01:46 -0500 [71.44.157.235] [lib/base.php:2078] Controller->afterroute()
Fri, 24 Jan 2025 22:01:46 -0500 [71.44.157.235] [lib/base.php:1871] Base->call()
Fri, 24 Jan 2025 22:01:46 -0500 [71.44.157.235] [index.php:19] Base->run()
Fri, 24 Jan 2025 22:01:49 -0500 [71.44.157.235] 500: Undefined variable $i18n_select_task_type trace: [/home/u991737198/domains/tas2023.online/public_html/tmp/3hn69l4qoa804.9b9764piwerh.php:214]
Fri, 24 Jan 2025 22:01:49 -0500 [71.44.157.235] [/home/u991737198/domains/tas2023.online/public_html/tmp/3hn69l4qoa804.9b9764piwerh.php:214] Base->{closure}()
Fri, 24 Jan 2025 22:01:49 -0500 [71.44.157.235] [/home/u991737198/domains/tas2023.online/public_html/lib/base.php:3036] require('/home/u991737198/domains/tas2023.online/public_html/tmp/3hn69l4qoa804.9b9764piwerh.php')
Fri, 24 Jan 2025 22:01:49 -0500 [71.44.157.235] [/home/u991737198/domains/tas2023.online/public_html/lib/base.php:3281] View->sandbox()
Fri, 24 Jan 2025 22:01:49 -0500 [71.44.157.235] [/home/u991737198/domains/tas2023.online/public_html/tmp/3hn69l4qoa804.3h31n1yj254w8.php:7] Preview->render()
Fri, 24 Jan 2025 22:01:49 -0500 [71.44.157.235] [/home/u991737198/domains/tas2023.online/public_html/lib/base.php:3036] require('/home/u991737198/domains/tas2023.online/public_html/tmp/3hn69l4qoa804.3h31n1yj254w8.php')
Fri, 24 Jan 2025 22:01:49 -0500 [71.44.157.235] [/home/u991737198/domains/tas2023.online/public_html/lib/base.php:3281] View->sandbox()
Fri, 24 Jan 2025 22:01:49 -0500 [71.44.157.235] [/home/u991737198/domains/tas2023.online/public_html/app/controllers/Controller.php:87] Preview->render()
Fri, 24 Jan 2025 22:01:49 -0500 [71.44.157.235] [/home/u991737198/domains/tas2023.online/public_html/lib/base.php:2078] Controller->afterroute()
Fri, 24 Jan 2025 22:01:49 -0500 [71.44.157.235] [/home/u991737198/domains/tas2023.online/public_html/lib/base.php:1871] Base->call()
Fri, 24 Jan 2025 22:01:49 -0500 [71.44.157.235] [/home/u991737198/domains/tas2023.online/public_html/index.php:19] Base->run()
Fri, 24 Jan 2025 22:01:53 -0500 [71.44.157.235] 500: Undefined variable $selected_note trace: [/home/u991737198/domains/tas2023.online/public_html/tmp/3hn69l4qoa804.3g8shy2588w00.php:371]
Fri, 24 Jan 2025 22:01:53 -0500 [71.44.157.235] [/home/u991737198/domains/tas2023.online/public_html/tmp/3hn69l4qoa804.3g8shy2588w00.php:371] Base->{closure}()
Fri, 24 Jan 2025 22:01:53 -0500 [71.44.157.235] [/home/u991737198/domains/tas2023.online/public_html/lib/base.php:3036] require('/home/u991737198/domains/tas2023.online/public_html/tmp/3hn69l4qoa804.3g8shy2588w00.php')
Fri, 24 Jan 2025 22:01:53 -0500 [71.44.157.235] [/home/u991737198/domains/tas2023.online/public_html/lib/base.php:3281] View->sandbox()
Fri, 24 Jan 2025 22:01:53 -0500 [71.44.157.235] [/home/u991737198/domains/tas2023.online/public_html/tmp/3hn69l4qoa804.3h31n1yj254w8.php:7] Preview->render()
Fri, 24 Jan 2025 22:01:53 -0500 [71.44.157.235] [/home/u991737198/domains/tas2023.online/public_html/lib/base.php:3036] require('/home/u991737198/domains/tas2023.online/public_html/tmp/3hn69l4qoa804.3h31n1yj254w8.php')
Fri, 24 Jan 2025 22:01:53 -0500 [71.44.157.235] [/home/u991737198/domains/tas2023.online/public_html/lib/base.php:3281] View->sandbox()
Fri, 24 Jan 2025 22:01:53 -0500 [71.44.157.235] [/home/u991737198/domains/tas2023.online/public_html/app/controllers/Controller.php:87] Preview->render()
Fri, 24 Jan 2025 22:01:53 -0500 [71.44.157.235] [/home/u991737198/domains/tas2023.online/public_html/lib/base.php:2078] Controller->afterroute()
Fri, 24 Jan 2025 22:01:53 -0500 [71.44.157.235] [/home/u991737198/domains/tas2023.online/public_html/lib/base.php:1871] Base->call()
Fri, 24 Jan 2025 22:01:53 -0500 [71.44.157.235] [/home/u991737198/domains/tas2023.online/public_html/index.php:19] Base->run()
Fri, 24 Jan 2025 22:02:19 -0500 [71.44.157.235] 500: Undefined variable $selected_note trace: [/home/u991737198/domains/tas2023.online/public_html/tmp/3hn69l4qoa804.3g8shy2588w00.php:371]
Fri, 24 Jan 2025 22:02:19 -0500 [71.44.157.235] [/home/u991737198/domains/tas2023.online/public_html/tmp/3hn69l4qoa804.3g8shy2588w00.php:371] Base->{closure}()
Fri, 24 Jan 2025 22:02:19 -0500 [71.44.157.235] [/home/u991737198/domains/tas2023.online/public_html/lib/base.php:3036] require('/home/u991737198/domains/tas2023.online/public_html/tmp/3hn69l4qoa804.3g8shy2588w00.php')
Fri, 24 Jan 2025 22:02:19 -0500 [71.44.157.235] [/home/u991737198/domains/tas2023.online/public_html/lib/base.php:3281] View->sandbox()
Fri, 24 Jan 2025 22:02:19 -0500 [71.44.157.235] [/home/u991737198/domains/tas2023.online/public_html/tmp/3hn69l4qoa804.3h31n1yj254w8.php:7] Preview->render()
Fri, 24 Jan 2025 22:02:19 -0500 [71.44.157.235] [/home/u991737198/domains/tas2023.online/public_html/lib/base.php:3036] require('/home/u991737198/domains/tas2023.online/public_html/tmp/3hn69l4qoa804.3h31n1yj254w8.php')
Fri, 24 Jan 2025 22:02:19 -0500 [71.44.157.235] [/home/u991737198/domains/tas2023.online/public_html/lib/base.php:3281] View->sandbox()
Fri, 24 Jan 2025 22:02:19 -0500 [71.44.157.235] [/home/u991737198/domains/tas2023.online/public_html/app/controllers/Controller.php:87] Preview->render()
Fri, 24 Jan 2025 22:02:19 -0500 [71.44.157.235] [/home/u991737198/domains/tas2023.online/public_html/lib/base.php:2078] Controller->afterroute()
Fri, 24 Jan 2025 22:02:19 -0500 [71.44.157.235] [/home/u991737198/domains/tas2023.online/public_html/lib/base.php:1871] Base->call()
Fri, 24 Jan 2025 22:02:19 -0500 [71.44.157.235] [/home/u991737198/domains/tas2023.online/public_html/index.php:19] Base->run()
Fri, 24 Jan 2025 22:02:48 -0500 [71.44.157.235] 500: Undefined variable $entity_num trace: [tmp/3hn69l4qoa804.1zo7dt0fljr4w.php:200]
Fri, 24 Jan 2025 22:02:48 -0500 [71.44.157.235] [tmp/3hn69l4qoa804.1zo7dt0fljr4w.php:200] Base->{closure}()
Fri, 24 Jan 2025 22:02:48 -0500 [71.44.157.235] [lib/base.php:3036] require('/home/u991737198/domains/tas2023.online/public_html/tmp/3hn69l4qoa804.1zo7dt0fljr4w.php')
Fri, 24 Jan 2025 22:02:48 -0500 [71.44.157.235] [lib/base.php:3281] View->sandbox()
Fri, 24 Jan 2025 22:02:48 -0500 [71.44.157.235] [tmp/3hn69l4qoa804.3h31n1yj254w8.php:7] Preview->render()
Fri, 24 Jan 2025 22:02:48 -0500 [71.44.157.235] [lib/base.php:3036] require('/home/u991737198/domains/tas2023.online/public_html/tmp/3hn69l4qoa804.3h31n1yj254w8.php')
Fri, 24 Jan 2025 22:02:48 -0500 [71.44.157.235] [lib/base.php:3281] View->sandbox()
Fri, 24 Jan 2025 22:02:48 -0500 [71.44.157.235] [app/controllers/Controller.php:87] Preview->render()
Fri, 24 Jan 2025 22:02:48 -0500 [71.44.157.235] [lib/base.php:2078] Controller->afterroute()
Fri, 24 Jan 2025 22:02:48 -0500 [71.44.157.235] [lib/base.php:1871] Base->call()
Fri, 24 Jan 2025 22:02:48 -0500 [71.44.157.235] [index.php:19] Base->run()
Fri, 24 Jan 2025 22:02:56 -0500 [71.44.157.235] 500: Undefined variable $token trace: [tmp/3hn69l4qoa804.2r4f9cgm96ecs.php:226]
Fri, 24 Jan 2025 22:02:56 -0500 [71.44.157.235] [tmp/3hn69l4qoa804.2r4f9cgm96ecs.php:226] Base->{closure}()
Fri, 24 Jan 2025 22:02:56 -0500 [71.44.157.235] [lib/base.php:3036] require('/home/u991737198/domains/tas2023.online/public_html/tmp/3hn69l4qoa804.2r4f9cgm96ecs.php')
Fri, 24 Jan 2025 22:02:56 -0500 [71.44.157.235] [lib/base.php:3281] View->sandbox()
Fri, 24 Jan 2025 22:02:56 -0500 [71.44.157.235] [tmp/3hn69l4qoa804.3h31n1yj254w8.php:7] Preview->render()
Fri, 24 Jan 2025 22:02:56 -0500 [71.44.157.235] [lib/base.php:3036] require('/home/u991737198/domains/tas2023.online/public_html/tmp/3hn69l4qoa804.3h31n1yj254w8.php')
Fri, 24 Jan 2025 22:02:56 -0500 [71.44.157.235] [lib/base.php:3281] View->sandbox()
Fri, 24 Jan 2025 22:02:56 -0500 [71.44.157.235] [app/controllers/Controller.php:87] Preview->render()
Fri, 24 Jan 2025 22:02:56 -0500 [71.44.157.235] [lib/base.php:2078] Controller->afterroute()
Fri, 24 Jan 2025 22:02:56 -0500 [71.44.157.235] [lib/base.php:1871] Base->call()
Fri, 24 Jan 2025 22:02:56 -0500 [71.44.157.235] [index.php:19] Base->run()
Fri, 24 Jan 2025 22:03:04 -0500 [71.44.157.235] 500: Undefined variable $token trace: [tmp/3hn69l4qoa804.2r4f9cgm96ecs.php:226]
Fri, 24 Jan 2025 22:03:04 -0500 [71.44.157.235] [tmp/3hn69l4qoa804.2r4f9cgm96ecs.php:226] Base->{closure}()
Fri, 24 Jan 2025 22:03:04 -0500 [71.44.157.235] [lib/base.php:3036] require('/home/u991737198/domains/tas2023.online/public_html/tmp/3hn69l4qoa804.2r4f9cgm96ecs.php')
Fri, 24 Jan 2025 22:03:04 -0500 [71.44.157.235] [lib/base.php:3281] View->sandbox()
Fri, 24 Jan 2025 22:03:04 -0500 [71.44.157.235] [tmp/3hn69l4qoa804.3h31n1yj254w8.php:7] Preview->render()
Fri, 24 Jan 2025 22:03:04 -0500 [71.44.157.235] [lib/base.php:3036] require('/home/u991737198/domains/tas2023.online/public_html/tmp/3hn69l4qoa804.3h31n1yj254w8.php')
Fri, 24 Jan 2025 22:03:04 -0500 [71.44.157.235] [lib/base.php:3281] View->sandbox()
Fri, 24 Jan 2025 22:03:04 -0500 [71.44.157.235] [app/controllers/Controller.php:87] Preview->render()
Fri, 24 Jan 2025 22:03:04 -0500 [71.44.157.235] [lib/base.php:2078] Controller->afterroute()
Fri, 24 Jan 2025 22:03:04 -0500 [71.44.157.235] [lib/base.php:1871] Base->call()
Fri, 24 Jan 2025 22:03:04 -0500 [71.44.157.235] [index.php:19] Base->run()
Fri, 24 Jan 2025 22:03:09 -0500 [71.44.157.235] 500: Undefined variable $i18n_select_task_type trace: [/home/u991737198/domains/tas2023.online/public_html/tmp/3hn69l4qoa804.9b9764piwerh.php:214]
Fri, 24 Jan 2025 22:03:09 -0500 [71.44.157.235] [/home/u991737198/domains/tas2023.online/public_html/tmp/3hn69l4qoa804.9b9764piwerh.php:214] Base->{closure}()
Fri, 24 Jan 2025 22:03:09 -0500 [71.44.157.235] [/home/u991737198/domains/tas2023.online/public_html/lib/base.php:3036] require('/home/u991737198/domains/tas2023.online/public_html/tmp/3hn69l4qoa804.9b9764piwerh.php')
Fri, 24 Jan 2025 22:03:09 -0500 [71.44.157.235] [/home/u991737198/domains/tas2023.online/public_html/lib/base.php:3281] View->sandbox()
Fri, 24 Jan 2025 22:03:09 -0500 [71.44.157.235] [/home/u991737198/domains/tas2023.online/public_html/tmp/3hn69l4qoa804.3h31n1yj254w8.php:7] Preview->render()
Fri, 24 Jan 2025 22:03:09 -0500 [71.44.157.235] [/home/u991737198/domains/tas2023.online/public_html/lib/base.php:3036] require('/home/u991737198/domains/tas2023.online/public_html/tmp/3hn69l4qoa804.3h31n1yj254w8.php')
Fri, 24 Jan 2025 22:03:09 -0500 [71.44.157.235] [/home/u991737198/domains/tas2023.online/public_html/lib/base.php:3281] View->sandbox()
Fri, 24 Jan 2025 22:03:09 -0500 [71.44.157.235] [/home/u991737198/domains/tas2023.online/public_html/app/controllers/Controller.php:87] Preview->render()
Fri, 24 Jan 2025 22:03:09 -0500 [71.44.157.235] [/home/u991737198/domains/tas2023.online/public_html/lib/base.php:2078] Controller->afterroute()
Fri, 24 Jan 2025 22:03:09 -0500 [71.44.157.235] [/home/u991737198/domains/tas2023.online/public_html/lib/base.php:1871] Base->call()
Fri, 24 Jan 2025 22:03:09 -0500 [71.44.157.235] [/home/u991737198/domains/tas2023.online/public_html/index.php:19] Base->run()
Fri, 24 Jan 2025 22:03:11 -0500 [71.44.157.235] 500: Undefined variable $selected_note trace: [/home/u991737198/domains/tas2023.online/public_html/tmp/3hn69l4qoa804.3g8shy2588w00.php:371]
Fri, 24 Jan 2025 22:03:11 -0500 [71.44.157.235] [/home/u991737198/domains/tas2023.online/public_html/tmp/3hn69l4qoa804.3g8shy2588w00.php:371] Base->{closure}()
Fri, 24 Jan 2025 22:03:11 -0500 [71.44.157.235] [/home/u991737198/domains/tas2023.online/public_html/lib/base.php:3036] require('/home/u991737198/domains/tas2023.online/public_html/tmp/3hn69l4qoa804.3g8shy2588w00.php')
Fri, 24 Jan 2025 22:03:11 -0500 [71.44.157.235] [/home/u991737198/domains/tas2023.online/public_html/lib/base.php:3281] View->sandbox()
Fri, 24 Jan 2025 22:03:11 -0500 [71.44.157.235] [/home/u991737198/domains/tas2023.online/public_html/tmp/3hn69l4qoa804.3h31n1yj254w8.php:7] Preview->render()
Fri, 24 Jan 2025 22:03:11 -0500 [71.44.157.235] [/home/u991737198/domains/tas2023.online/public_html/lib/base.php:3036] require('/home/u991737198/domains/tas2023.online/public_html/tmp/3hn69l4qoa804.3h31n1yj254w8.php')
Fri, 24 Jan 2025 22:03:11 -0500 [71.44.157.235] [/home/u991737198/domains/tas2023.online/public_html/lib/base.php:3281] View->sandbox()
Fri, 24 Jan 2025 22:03:11 -0500 [71.44.157.235] [/home/u991737198/domains/tas2023.online/public_html/app/controllers/Controller.php:87] Preview->render()
Fri, 24 Jan 2025 22:03:11 -0500 [71.44.157.235] [/home/u991737198/domains/tas2023.online/public_html/lib/base.php:2078] Controller->afterroute()
Fri, 24 Jan 2025 22:03:11 -0500 [71.44.157.235] [/home/u991737198/domains/tas2023.online/public_html/lib/base.php:1871] Base->call()
Fri, 24 Jan 2025 22:03:11 -0500 [71.44.157.235] [/home/u991737198/domains/tas2023.online/public_html/index.php:19] Base->run()
Fri, 24 Jan 2025 22:04:15 -0500 [71.44.157.235] 500: Undefined variable $entity_num trace: [tmp/3hn69l4qoa804.1zo7dt0fljr4w.php:200]
Fri, 24 Jan 2025 22:04:15 -0500 [71.44.157.235] [tmp/3hn69l4qoa804.1zo7dt0fljr4w.php:200] Base->{closure}()
Fri, 24 Jan 2025 22:04:15 -0500 [71.44.157.235] [lib/base.php:3036] require('/home/u991737198/domains/tas2023.online/public_html/tmp/3hn69l4qoa804.1zo7dt0fljr4w.php')
Fri, 24 Jan 2025 22:04:15 -0500 [71.44.157.235] [lib/base.php:3281] View->sandbox()
Fri, 24 Jan 2025 22:04:15 -0500 [71.44.157.235] [tmp/3hn69l4qoa804.3h31n1yj254w8.php:7] Preview->render()
Fri, 24 Jan 2025 22:04:15 -0500 [71.44.157.235] [lib/base.php:3036] require('/home/u991737198/domains/tas2023.online/public_html/tmp/3hn69l4qoa804.3h31n1yj254w8.php')
Fri, 24 Jan 2025 22:04:15 -0500 [71.44.157.235] [lib/base.php:3281] View->sandbox()
Fri, 24 Jan 2025 22:04:15 -0500 [71.44.157.235] [app/controllers/Controller.php:87] Preview->render()
Fri, 24 Jan 2025 22:04:15 -0500 [71.44.157.235] [lib/base.php:2078] Controller->afterroute()
Fri, 24 Jan 2025 22:04:15 -0500 [71.44.157.235] [lib/base.php:1871] Base->call()
Fri, 24 Jan 2025 22:04:15 -0500 [71.44.157.235] [index.php:19] Base->run()
Fri, 24 Jan 2025 22:04:17 -0500 [71.44.157.235] 500: Undefined variable $token trace: [tmp/3hn69l4qoa804.2r4f9cgm96ecs.php:226]
Fri, 24 Jan 2025 22:04:17 -0500 [71.44.157.235] [tmp/3hn69l4qoa804.2r4f9cgm96ecs.php:226] Base->{closure}()
Fri, 24 Jan 2025 22:04:17 -0500 [71.44.157.235] [lib/base.php:3036] require('/home/u991737198/domains/tas2023.online/public_html/tmp/3hn69l4qoa804.2r4f9cgm96ecs.php')
Fri, 24 Jan 2025 22:04:17 -0500 [71.44.157.235] [lib/base.php:3281] View->sandbox()
Fri, 24 Jan 2025 22:04:17 -0500 [71.44.157.235] [tmp/3hn69l4qoa804.3h31n1yj254w8.php:7] Preview->render()
Fri, 24 Jan 2025 22:04:17 -0500 [71.44.157.235] [lib/base.php:3036] require('/home/u991737198/domains/tas2023.online/public_html/tmp/3hn69l4qoa804.3h31n1yj254w8.php')
Fri, 24 Jan 2025 22:04:17 -0500 [71.44.157.235] [lib/base.php:3281] View->sandbox()
Fri, 24 Jan 2025 22:04:17 -0500 [71.44.157.235] [app/controllers/Controller.php:87] Preview->render()
Fri, 24 Jan 2025 22:04:17 -0500 [71.44.157.235] [lib/base.php:2078] Controller->afterroute()
Fri, 24 Jan 2025 22:04:17 -0500 [71.44.157.235] [lib/base.php:1871] Base->call()
Fri, 24 Jan 2025 22:04:17 -0500 [71.44.157.235] [index.php:19] Base->run()
Fri, 24 Jan 2025 22:04:23 -0500 [71.44.157.235] 500: Undefined variable $token trace: [tmp/3hn69l4qoa804.2r4f9cgm96ecs.php:226]
Fri, 24 Jan 2025 22:04:23 -0500 [71.44.157.235] [tmp/3hn69l4qoa804.2r4f9cgm96ecs.php:226] Base->{closure}()
Fri, 24 Jan 2025 22:04:23 -0500 [71.44.157.235] [lib/base.php:3036] require('/home/u991737198/domains/tas2023.online/public_html/tmp/3hn69l4qoa804.2r4f9cgm96ecs.php')
Fri, 24 Jan 2025 22:04:23 -0500 [71.44.157.235] [lib/base.php:3281] View->sandbox()
Fri, 24 Jan 2025 22:04:23 -0500 [71.44.157.235] [tmp/3hn69l4qoa804.3h31n1yj254w8.php:7] Preview->render()
Fri, 24 Jan 2025 22:04:23 -0500 [71.44.157.235] [lib/base.php:3036] require('/home/u991737198/domains/tas2023.online/public_html/tmp/3hn69l4qoa804.3h31n1yj254w8.php')
Fri, 24 Jan 2025 22:04:23 -0500 [71.44.157.235] [lib/base.php:3281] View->sandbox()
Fri, 24 Jan 2025 22:04:23 -0500 [71.44.157.235] [app/controllers/Controller.php:87] Preview->render()
Fri, 24 Jan 2025 22:04:23 -0500 [71.44.157.235] [lib/base.php:2078] Controller->afterroute()
Fri, 24 Jan 2025 22:04:23 -0500 [71.44.157.235] [lib/base.php:1871] Base->call()
Fri, 24 Jan 2025 22:04:23 -0500 [71.44.157.235] [index.php:19] Base->run()
Fri, 24 Jan 2025 22:04:26 -0500 [71.44.157.235] 500: Undefined variable $i18n_select_task_type trace: [/home/u991737198/domains/tas2023.online/public_html/tmp/3hn69l4qoa804.9b9764piwerh.php:214]
Fri, 24 Jan 2025 22:04:26 -0500 [71.44.157.235] [/home/u991737198/domains/tas2023.online/public_html/tmp/3hn69l4qoa804.9b9764piwerh.php:214] Base->{closure}()
Fri, 24 Jan 2025 22:04:26 -0500 [71.44.157.235] [/home/u991737198/domains/tas2023.online/public_html/lib/base.php:3036] require('/home/u991737198/domains/tas2023.online/public_html/tmp/3hn69l4qoa804.9b9764piwerh.php')
Fri, 24 Jan 2025 22:04:26 -0500 [71.44.157.235] [/home/u991737198/domains/tas2023.online/public_html/lib/base.php:3281] View->sandbox()
Fri, 24 Jan 2025 22:04:26 -0500 [71.44.157.235] [/home/u991737198/domains/tas2023.online/public_html/tmp/3hn69l4qoa804.3h31n1yj254w8.php:7] Preview->render()
Fri, 24 Jan 2025 22:04:26 -0500 [71.44.157.235] [/home/u991737198/domains/tas2023.online/public_html/lib/base.php:3036] require('/home/u991737198/domains/tas2023.online/public_html/tmp/3hn69l4qoa804.3h31n1yj254w8.php')
Fri, 24 Jan 2025 22:04:26 -0500 [71.44.157.235] [/home/u991737198/domains/tas2023.online/public_html/lib/base.php:3281] View->sandbox()
Fri, 24 Jan 2025 22:04:26 -0500 [71.44.157.235] [/home/u991737198/domains/tas2023.online/public_html/app/controllers/Controller.php:87] Preview->render()
Fri, 24 Jan 2025 22:04:26 -0500 [71.44.157.235] [/home/u991737198/domains/tas2023.online/public_html/lib/base.php:2078] Controller->afterroute()
Fri, 24 Jan 2025 22:04:26 -0500 [71.44.157.235] [/home/u991737198/domains/tas2023.online/public_html/lib/base.php:1871] Base->call()
Fri, 24 Jan 2025 22:04:26 -0500 [71.44.157.235] [/home/u991737198/domains/tas2023.online/public_html/index.php:19] Base->run()
Fri, 24 Jan 2025 22:04:28 -0500 [71.44.157.235] 500: Undefined variable $selected_note trace: [/home/u991737198/domains/tas2023.online/public_html/tmp/3hn69l4qoa804.3g8shy2588w00.php:371]
Fri, 24 Jan 2025 22:04:28 -0500 [71.44.157.235] [/home/u991737198/domains/tas2023.online/public_html/tmp/3hn69l4qoa804.3g8shy2588w00.php:371] Base->{closure}()
Fri, 24 Jan 2025 22:04:28 -0500 [71.44.157.235] [/home/u991737198/domains/tas2023.online/public_html/lib/base.php:3036] require('/home/u991737198/domains/tas2023.online/public_html/tmp/3hn69l4qoa804.3g8shy2588w00.php')
Fri, 24 Jan 2025 22:04:28 -0500 [71.44.157.235] [/home/u991737198/domains/tas2023.online/public_html/lib/base.php:3281] View->sandbox()
Fri, 24 Jan 2025 22:04:28 -0500 [71.44.157.235] [/home/u991737198/domains/tas2023.online/public_html/tmp/3hn69l4qoa804.3h31n1yj254w8.php:7] Preview->render()
Fri, 24 Jan 2025 22:04:28 -0500 [71.44.157.235] [/home/u991737198/domains/tas2023.online/public_html/lib/base.php:3036] require('/home/u991737198/domains/tas2023.online/public_html/tmp/3hn69l4qoa804.3h31n1yj254w8.php')
Fri, 24 Jan 2025 22:04:28 -0500 [71.44.157.235] [/home/u991737198/domains/tas2023.online/public_html/lib/base.php:3281] View->sandbox()
Fri, 24 Jan 2025 22:04:28 -0500 [71.44.157.235] [/home/u991737198/domains/tas2023.online/public_html/app/controllers/Controller.php:87] Preview->render()
Fri, 24 Jan 2025 22:04:28 -0500 [71.44.157.235] [/home/u991737198/domains/tas2023.online/public_html/lib/base.php:2078] Controller->afterroute()
Fri, 24 Jan 2025 22:04:28 -0500 [71.44.157.235] [/home/u991737198/domains/tas2023.online/public_html/lib/base.php:1871] Base->call()
Fri, 24 Jan 2025 22:04:28 -0500 [71.44.157.235] [/home/u991737198/domains/tas2023.online/public_html/index.php:19] Base->run()
Fri, 24 Jan 2025 22:15:54 -0500 [71.44.157.235] 500: Undefined variable $entity_num trace: [tmp/3hn69l4qoa804.1zo7dt0fljr4w.php:200]
Fri, 24 Jan 2025 22:15:54 -0500 [71.44.157.235] [tmp/3hn69l4qoa804.1zo7dt0fljr4w.php:200] Base->{closure}()
Fri, 24 Jan 2025 22:15:54 -0500 [71.44.157.235] [lib/base.php:3036] require('/home/u991737198/domains/tas2023.online/public_html/tmp/3hn69l4qoa804.1zo7dt0fljr4w.php')
Fri, 24 Jan 2025 22:15:54 -0500 [71.44.157.235] [lib/base.php:3281] View->sandbox()
Fri, 24 Jan 2025 22:15:54 -0500 [71.44.157.235] [tmp/3hn69l4qoa804.3h31n1yj254w8.php:7] Preview->render()
Fri, 24 Jan 2025 22:15:54 -0500 [71.44.157.235] [lib/base.php:3036] require('/home/u991737198/domains/tas2023.online/public_html/tmp/3hn69l4qoa804.3h31n1yj254w8.php')
Fri, 24 Jan 2025 22:15:54 -0500 [71.44.157.235] [lib/base.php:3281] View->sandbox()
Fri, 24 Jan 2025 22:15:54 -0500 [71.44.157.235] [app/controllers/Controller.php:87] Preview->render()
Fri, 24 Jan 2025 22:15:54 -0500 [71.44.157.235] [lib/base.php:2078] Controller->afterroute()
Fri, 24 Jan 2025 22:15:54 -0500 [71.44.157.235] [lib/base.php:1871] Base->call()
Fri, 24 Jan 2025 22:15:54 -0500 [71.44.157.235] [index.php:19] Base->run()
Fri, 24 Jan 2025 22:16:07 -0500 [71.44.157.235] 500: Undefined variable $i18n_select_task_type trace: [/home/u991737198/domains/tas2023.online/public_html/tmp/3hn69l4qoa804.9b9764piwerh.php:214]
Fri, 24 Jan 2025 22:16:07 -0500 [71.44.157.235] [/home/u991737198/domains/tas2023.online/public_html/tmp/3hn69l4qoa804.9b9764piwerh.php:214] Base->{closure}()
Fri, 24 Jan 2025 22:16:07 -0500 [71.44.157.235] [/home/u991737198/domains/tas2023.online/public_html/lib/base.php:3036] require('/home/u991737198/domains/tas2023.online/public_html/tmp/3hn69l4qoa804.9b9764piwerh.php')
Fri, 24 Jan 2025 22:16:07 -0500 [71.44.157.235] [/home/u991737198/domains/tas2023.online/public_html/lib/base.php:3281] View->sandbox()
Fri, 24 Jan 2025 22:16:07 -0500 [71.44.157.235] [/home/u991737198/domains/tas2023.online/public_html/tmp/3hn69l4qoa804.3h31n1yj254w8.php:7] Preview->render()
Fri, 24 Jan 2025 22:16:07 -0500 [71.44.157.235] [/home/u991737198/domains/tas2023.online/public_html/lib/base.php:3036] require('/home/u991737198/domains/tas2023.online/public_html/tmp/3hn69l4qoa804.3h31n1yj254w8.php')
Fri, 24 Jan 2025 22:16:07 -0500 [71.44.157.235] [/home/u991737198/domains/tas2023.online/public_html/lib/base.php:3281] View->sandbox()
Fri, 24 Jan 2025 22:16:07 -0500 [71.44.157.235] [/home/u991737198/domains/tas2023.online/public_html/app/controllers/Controller.php:87] Preview->render()
Fri, 24 Jan 2025 22:16:07 -0500 [71.44.157.235] [/home/u991737198/domains/tas2023.online/public_html/lib/base.php:2078] Controller->afterroute()
Fri, 24 Jan 2025 22:16:07 -0500 [71.44.157.235] [/home/u991737198/domains/tas2023.online/public_html/lib/base.php:1871] Base->call()
Fri, 24 Jan 2025 22:16:07 -0500 [71.44.157.235] [/home/u991737198/domains/tas2023.online/public_html/index.php:19] Base->run()
Fri, 24 Jan 2025 22:16:13 -0500 [71.44.157.235] 500: Undefined variable $selected_note trace: [/home/u991737198/domains/tas2023.online/public_html/tmp/3hn69l4qoa804.3g8shy2588w00.php:371]
Fri, 24 Jan 2025 22:16:13 -0500 [71.44.157.235] [/home/u991737198/domains/tas2023.online/public_html/tmp/3hn69l4qoa804.3g8shy2588w00.php:371] Base->{closure}()
Fri, 24 Jan 2025 22:16:13 -0500 [71.44.157.235] [/home/u991737198/domains/tas2023.online/public_html/lib/base.php:3036] require('/home/u991737198/domains/tas2023.online/public_html/tmp/3hn69l4qoa804.3g8shy2588w00.php')
Fri, 24 Jan 2025 22:16:13 -0500 [71.44.157.235] [/home/u991737198/domains/tas2023.online/public_html/lib/base.php:3281] View->sandbox()
Fri, 24 Jan 2025 22:16:13 -0500 [71.44.157.235] [/home/u991737198/domains/tas2023.online/public_html/tmp/3hn69l4qoa804.3h31n1yj254w8.php:7] Preview->render()
Fri, 24 Jan 2025 22:16:13 -0500 [71.44.157.235] [/home/u991737198/domains/tas2023.online/public_html/lib/base.php:3036] require('/home/u991737198/domains/tas2023.online/public_html/tmp/3hn69l4qoa804.3h31n1yj254w8.php')
Fri, 24 Jan 2025 22:16:13 -0500 [71.44.157.235] [/home/u991737198/domains/tas2023.online/public_html/lib/base.php:3281] View->sandbox()
Fri, 24 Jan 2025 22:16:13 -0500 [71.44.157.235] [/home/u991737198/domains/tas2023.online/public_html/app/controllers/Controller.php:87] Preview->render()
Fri, 24 Jan 2025 22:16:13 -0500 [71.44.157.235] [/home/u991737198/domains/tas2023.online/public_html/lib/base.php:2078] Controller->afterroute()
Fri, 24 Jan 2025 22:16:13 -0500 [71.44.157.235] [/home/u991737198/domains/tas2023.online/public_html/lib/base.php:1871] Base->call()
Fri, 24 Jan 2025 22:16:13 -0500 [71.44.157.235] [/home/u991737198/domains/tas2023.online/public_html/index.php:19] Base->run()
Fri, 24 Jan 2025 22:16:33 -0500 [71.44.157.235] 500: trim(): Passing null to parameter #1 ($string) of type string is deprecated trace: [/home/u991737198/domains/tas2023.online/public_html/tmp/3hn69l4qoa804.3g8shy2588w00.php:340]
Fri, 24 Jan 2025 22:16:33 -0500 [71.44.157.235] [/home/u991737198/domains/tas2023.online/public_html/tmp/3hn69l4qoa804.3g8shy2588w00.php:340] trim()
Fri, 24 Jan 2025 22:16:33 -0500 [71.44.157.235] [/home/u991737198/domains/tas2023.online/public_html/lib/base.php:3036] require('/home/u991737198/domains/tas2023.online/public_html/tmp/3hn69l4qoa804.3g8shy2588w00.php')
Fri, 24 Jan 2025 22:16:33 -0500 [71.44.157.235] [/home/u991737198/domains/tas2023.online/public_html/lib/base.php:3281] View->sandbox()
Fri, 24 Jan 2025 22:16:33 -0500 [71.44.157.235] [/home/u991737198/domains/tas2023.online/public_html/tmp/3hn69l4qoa804.3h31n1yj254w8.php:7] Preview->render()
Fri, 24 Jan 2025 22:16:33 -0500 [71.44.157.235] [/home/u991737198/domains/tas2023.online/public_html/lib/base.php:3036] require('/home/u991737198/domains/tas2023.online/public_html/tmp/3hn69l4qoa804.3h31n1yj254w8.php')
Fri, 24 Jan 2025 22:16:33 -0500 [71.44.157.235] [/home/u991737198/domains/tas2023.online/public_html/lib/base.php:3281] View->sandbox()
Fri, 24 Jan 2025 22:16:33 -0500 [71.44.157.235] [/home/u991737198/domains/tas2023.online/public_html/app/controllers/Controller.php:87] Preview->render()
Fri, 24 Jan 2025 22:16:33 -0500 [71.44.157.235] [/home/u991737198/domains/tas2023.online/public_html/lib/base.php:2078] Controller->afterroute()
Fri, 24 Jan 2025 22:16:33 -0500 [71.44.157.235] [/home/u991737198/domains/tas2023.online/public_html/lib/base.php:1871] Base->call()
Fri, 24 Jan 2025 22:16:33 -0500 [71.44.157.235] [/home/u991737198/domains/tas2023.online/public_html/index.php:19] Base->run()
Fri, 24 Jan 2025 22:21:46 -0500 [2603:9000:f801:55e2:e08b:cfcd:5ac:7ef] 401: HTTP 401 (GET /task/listtasks) trace: [/home/u991737198/domains/tas2023.online/public_html/lib/access.php:112] Base->error()
Fri, 24 Jan 2025 22:21:46 -0500 [2603:9000:f801:55e2:e08b:cfcd:5ac:7ef] [/home/u991737198/domains/tas2023.online/public_html/app/controllers/Controller.php:78] Access->authorize()
Fri, 24 Jan 2025 22:21:46 -0500 [2603:9000:f801:55e2:e08b:cfcd:5ac:7ef] [/home/u991737198/domains/tas2023.online/public_html/lib/base.php:2069] Controller->beforeroute()
Fri, 24 Jan 2025 22:21:46 -0500 [2603:9000:f801:55e2:e08b:cfcd:5ac:7ef] [/home/u991737198/domains/tas2023.online/public_html/lib/base.php:1871] Base->call()
Fri, 24 Jan 2025 22:21:46 -0500 [2603:9000:f801:55e2:e08b:cfcd:5ac:7ef] [/home/u991737198/domains/tas2023.online/public_html/index.php:19] Base->run()
Fri, 24 Jan 2025 22:58:11 -0500 [2603:9000:f801:55e2:e08b:cfcd:5ac:7ef] 500: Invalid hive key 'Construcción_task_type.1' trace: [lib/base.php:390]
Fri, 24 Jan 2025 22:58:11 -0500 [2603:9000:f801:55e2:e08b:cfcd:5ac:7ef] [lib/base.php:390] user_error()
Fri, 24 Jan 2025 22:58:11 -0500 [2603:9000:f801:55e2:e08b:cfcd:5ac:7ef] [lib/base.php:515] Base->ref()
Fri, 24 Jan 2025 22:58:11 -0500 [2603:9000:f801:55e2:e08b:cfcd:5ac:7ef] [lib/base.php:2201] Base->set()
Fri, 24 Jan 2025 22:58:11 -0500 [2603:9000:f801:55e2:e08b:cfcd:5ac:7ef] [index.php:18] Base->config()
Fri, 24 Jan 2025 22:58:11 -0500 [2603:9000:f801:55e2:e08b:cfcd:5ac:7ef] 500: Invalid hive key 'Construcción_task_type.1' trace: [lib/base.php:390]
Fri, 24 Jan 2025 22:58:11 -0500 [2603:9000:f801:55e2:e08b:cfcd:5ac:7ef] [lib/base.php:390] user_error()
Fri, 24 Jan 2025 22:58:11 -0500 [2603:9000:f801:55e2:e08b:cfcd:5ac:7ef] [lib/base.php:515] Base->ref()
Fri, 24 Jan 2025 22:58:11 -0500 [2603:9000:f801:55e2:e08b:cfcd:5ac:7ef] [lib/base.php:2201] Base->set()
Fri, 24 Jan 2025 22:58:11 -0500 [2603:9000:f801:55e2:e08b:cfcd:5ac:7ef] [index.php:18] Base->config()
Fri, 24 Jan 2025 22:58:11 -0500 [2603:9000:f801:55e2:e08b:cfcd:5ac:7ef] 500: Invalid hive key 'Construcción_task_type.1' trace: [lib/base.php:390]
Fri, 24 Jan 2025 22:58:11 -0500 [2603:9000:f801:55e2:e08b:cfcd:5ac:7ef] [lib/base.php:390] user_error()
Fri, 24 Jan 2025 22:58:11 -0500 [2603:9000:f801:55e2:e08b:cfcd:5ac:7ef] [lib/base.php:515] Base->ref()
Fri, 24 Jan 2025 22:58:11 -0500 [2603:9000:f801:55e2:e08b:cfcd:5ac:7ef] [lib/base.php:2201] Base->set()
Fri, 24 Jan 2025 22:58:11 -0500 [2603:9000:f801:55e2:e08b:cfcd:5ac:7ef] [index.php:18] Base->config()
Fri, 24 Jan 2025 22:58:11 -0500 [2603:9000:f801:55e2:e08b:cfcd:5ac:7ef] 500: Invalid hive key 'Construcción_task_type.1' trace: [lib/base.php:390]
Fri, 24 Jan 2025 22:58:11 -0500 [2603:9000:f801:55e2:e08b:cfcd:5ac:7ef] [lib/base.php:390] user_error()
Fri, 24 Jan 2025 22:58:11 -0500 [2603:9000:f801:55e2:e08b:cfcd:5ac:7ef] [lib/base.php:515] Base->ref()
Fri, 24 Jan 2025 22:58:11 -0500 [2603:9000:f801:55e2:e08b:cfcd:5ac:7ef] [lib/base.php:2201] Base->set()
Fri, 24 Jan 2025 22:58:11 -0500 [2603:9000:f801:55e2:e08b:cfcd:5ac:7ef] [index.php:18] Base->config()
Fri, 24 Jan 2025 22:58:15 -0500 [2603:9000:f801:55e2:e08b:cfcd:5ac:7ef] 500: Invalid hive key 'Construcción_task_type.1' trace: [lib/base.php:390]
Fri, 24 Jan 2025 22:58:15 -0500 [2603:9000:f801:55e2:e08b:cfcd:5ac:7ef] [lib/base.php:390] user_error()
Fri, 24 Jan 2025 22:58:15 -0500 [2603:9000:f801:55e2:e08b:cfcd:5ac:7ef] [lib/base.php:515] Base->ref()
Fri, 24 Jan 2025 22:58:15 -0500 [2603:9000:f801:55e2:e08b:cfcd:5ac:7ef] [lib/base.php:2201] Base->set()
Fri, 24 Jan 2025 22:58:15 -0500 [2603:9000:f801:55e2:e08b:cfcd:5ac:7ef] [index.php:18] Base->config()
Fri, 24 Jan 2025 22:58:16 -0500 [2603:9000:f801:55e2:e08b:cfcd:5ac:7ef] 500: Invalid hive key 'Construcción_task_type.1' trace: [lib/base.php:390]
Fri, 24 Jan 2025 22:58:16 -0500 [2603:9000:f801:55e2:e08b:cfcd:5ac:7ef] [lib/base.php:390] user_error()
Fri, 24 Jan 2025 22:58:16 -0500 [2603:9000:f801:55e2:e08b:cfcd:5ac:7ef] [lib/base.php:515] Base->ref()
Fri, 24 Jan 2025 22:58:16 -0500 [2603:9000:f801:55e2:e08b:cfcd:5ac:7ef] [lib/base.php:2201] Base->set()
Fri, 24 Jan 2025 22:58:16 -0500 [2603:9000:f801:55e2:e08b:cfcd:5ac:7ef] [index.php:18] Base->config()
Fri, 24 Jan 2025 22:58:17 -0500 [2603:9000:f801:55e2:e08b:cfcd:5ac:7ef] 500: Invalid hive key 'Construcción_task_type.1' trace: [lib/base.php:390]
Fri, 24 Jan 2025 22:58:17 -0500 [2603:9000:f801:55e2:e08b:cfcd:5ac:7ef] [lib/base.php:390] user_error()
Fri, 24 Jan 2025 22:58:17 -0500 [2603:9000:f801:55e2:e08b:cfcd:5ac:7ef] [lib/base.php:515] Base->ref()
Fri, 24 Jan 2025 22:58:17 -0500 [2603:9000:f801:55e2:e08b:cfcd:5ac:7ef] 500: Invalid hive key 'Construcción_task_type.1' trace: [lib/base.php:390]
Fri, 24 Jan 2025 22:58:17 -0500 [2603:9000:f801:55e2:e08b:cfcd:5ac:7ef] [lib/base.php:2201] Base->set()
Fri, 24 Jan 2025 22:58:17 -0500 [2603:9000:f801:55e2:e08b:cfcd:5ac:7ef] [lib/base.php:390] user_error()
Fri, 24 Jan 2025 22:58:17 -0500 [2603:9000:f801:55e2:e08b:cfcd:5ac:7ef] [index.php:18] Base->config()
Fri, 24 Jan 2025 22:58:17 -0500 [2603:9000:f801:55e2:e08b:cfcd:5ac:7ef] [lib/base.php:515] Base->ref()
Fri, 24 Jan 2025 22:58:17 -0500 [2603:9000:f801:55e2:e08b:cfcd:5ac:7ef] [lib/base.php:2201] Base->set()
Fri, 24 Jan 2025 22:58:17 -0500 [2603:9000:f801:55e2:e08b:cfcd:5ac:7ef] [index.php:18] Base->config()
Fri, 24 Jan 2025 22:58:17 -0500 [2603:9000:f801:55e2:e08b:cfcd:5ac:7ef] 500: Invalid hive key 'Construcción_task_type.1' trace: [lib/base.php:390]
Fri, 24 Jan 2025 22:58:17 -0500 [2603:9000:f801:55e2:e08b:cfcd:5ac:7ef] [lib/base.php:390] user_error()
Fri, 24 Jan 2025 22:58:17 -0500 [2603:9000:f801:55e2:e08b:cfcd:5ac:7ef] [lib/base.php:515] Base->ref()
Fri, 24 Jan 2025 22:58:17 -0500 [2603:9000:f801:55e2:e08b:cfcd:5ac:7ef] [lib/base.php:2201] Base->set()
Fri, 24 Jan 2025 22:58:17 -0500 [2603:9000:f801:55e2:e08b:cfcd:5ac:7ef] [index.php:18] Base->config()
Fri, 24 Jan 2025 22:58:17 -0500 [2603:9000:f801:55e2:e08b:cfcd:5ac:7ef] 500: Invalid hive key 'Construcción_task_type.1' trace: [lib/base.php:390]
Fri, 24 Jan 2025 22:58:17 -0500 [2603:9000:f801:55e2:e08b:cfcd:5ac:7ef] [lib/base.php:390] user_error()
Fri, 24 Jan 2025 22:58:17 -0500 [2603:9000:f801:55e2:e08b:cfcd:5ac:7ef] [lib/base.php:515] Base->ref()
Fri, 24 Jan 2025 22:58:17 -0500 [2603:9000:f801:55e2:e08b:cfcd:5ac:7ef] [lib/base.php:2201] Base->set()
Fri, 24 Jan 2025 22:58:17 -0500 [2603:9000:f801:55e2:e08b:cfcd:5ac:7ef] [index.php:18] Base->config()
Fri, 24 Jan 2025 22:58:18 -0500 [2603:9000:f801:55e2:e08b:cfcd:5ac:7ef] 500: Invalid hive key 'Construcción_task_type.1' trace: [lib/base.php:390]
Fri, 24 Jan 2025 22:58:18 -0500 [2603:9000:f801:55e2:e08b:cfcd:5ac:7ef] [lib/base.php:390] user_error()
Fri, 24 Jan 2025 22:58:18 -0500 [2603:9000:f801:55e2:e08b:cfcd:5ac:7ef] [lib/base.php:515] Base->ref()
Fri, 24 Jan 2025 22:58:18 -0500 [2603:9000:f801:55e2:e08b:cfcd:5ac:7ef] [lib/base.php:2201] Base->set()
Fri, 24 Jan 2025 22:58:18 -0500 [2603:9000:f801:55e2:e08b:cfcd:5ac:7ef] [index.php:18] Base->config()
Fri, 24 Jan 2025 22:58:57 -0500 [2603:9000:f801:55e2:e08b:cfcd:5ac:7ef] 500: Invalid hive key 'Construcción_task_type.1' trace: [lib/base.php:390]
Fri, 24 Jan 2025 22:58:57 -0500 [2603:9000:f801:55e2:e08b:cfcd:5ac:7ef] [lib/base.php:390] user_error()
Fri, 24 Jan 2025 22:58:57 -0500 [2603:9000:f801:55e2:e08b:cfcd:5ac:7ef] [lib/base.php:515] Base->ref()
Fri, 24 Jan 2025 22:58:57 -0500 [2603:9000:f801:55e2:e08b:cfcd:5ac:7ef] [lib/base.php:2201] Base->set()
Fri, 24 Jan 2025 22:58:57 -0500 [2603:9000:f801:55e2:e08b:cfcd:5ac:7ef] [index.php:18] Base->config()
Fri, 24 Jan 2025 22:58:57 -0500 [2603:9000:f801:55e2:e08b:cfcd:5ac:7ef] 500: Invalid hive key 'Construcción_task_type.1' trace: [lib/base.php:390]
Fri, 24 Jan 2025 22:58:57 -0500 [2603:9000:f801:55e2:e08b:cfcd:5ac:7ef] [lib/base.php:390] user_error()
Fri, 24 Jan 2025 22:58:57 -0500 [2603:9000:f801:55e2:e08b:cfcd:5ac:7ef] [lib/base.php:515] Base->ref()
Fri, 24 Jan 2025 22:58:57 -0500 [2603:9000:f801:55e2:e08b:cfcd:5ac:7ef] [lib/base.php:2201] Base->set()
Fri, 24 Jan 2025 22:58:57 -0500 [2603:9000:f801:55e2:e08b:cfcd:5ac:7ef] [index.php:18] Base->config()
Fri, 24 Jan 2025 23:00:02 -0500 [2603:9000:f801:55e2:e08b:cfcd:5ac:7ef] 500: Invalid hive key 'Construcción_task_type.1' trace: [lib/base.php:390]
Fri, 24 Jan 2025 23:00:02 -0500 [2603:9000:f801:55e2:e08b:cfcd:5ac:7ef] [lib/base.php:390] user_error()
Fri, 24 Jan 2025 23:00:02 -0500 [2603:9000:f801:55e2:e08b:cfcd:5ac:7ef] [lib/base.php:515] Base->ref()
Fri, 24 Jan 2025 23:00:02 -0500 [2603:9000:f801:55e2:e08b:cfcd:5ac:7ef] [lib/base.php:2201] Base->set()
Fri, 24 Jan 2025 23:00:02 -0500 [2603:9000:f801:55e2:e08b:cfcd:5ac:7ef] [index.php:18] Base->config()
Fri, 24 Jan 2025 23:00:02 -0500 [2603:9000:f801:55e2:e08b:cfcd:5ac:7ef] 500: Invalid hive key 'Construcción_task_type.1' trace: [lib/base.php:390]
Fri, 24 Jan 2025 23:00:02 -0500 [2603:9000:f801:55e2:e08b:cfcd:5ac:7ef] [lib/base.php:390] user_error()
Fri, 24 Jan 2025 23:00:02 -0500 [2603:9000:f801:55e2:e08b:cfcd:5ac:7ef] [lib/base.php:515] Base->ref()
Fri, 24 Jan 2025 23:00:02 -0500 [2603:9000:f801:55e2:e08b:cfcd:5ac:7ef] [lib/base.php:2201] Base->set()
Fri, 24 Jan 2025 23:00:02 -0500 [2603:9000:f801:55e2:e08b:cfcd:5ac:7ef] [index.php:18] Base->config()
Fri, 24 Jan 2025 23:02:12 -0500 [2603:9000:f801:55e2:e08b:cfcd:5ac:7ef] 500: Undefined variable $entity_num trace: [tmp/3hn69l4qoa804.1zo7dt0fljr4w.php:200]
Fri, 24 Jan 2025 23:02:12 -0500 [2603:9000:f801:55e2:e08b:cfcd:5ac:7ef] [tmp/3hn69l4qoa804.1zo7dt0fljr4w.php:200] Base->{closure}()
Fri, 24 Jan 2025 23:02:12 -0500 [2603:9000:f801:55e2:e08b:cfcd:5ac:7ef] [lib/base.php:3036] require('/home/u991737198/domains/tas2023.online/public_html/tmp/3hn69l4qoa804.1zo7dt0fljr4w.php')
Fri, 24 Jan 2025 23:02:12 -0500 [2603:9000:f801:55e2:e08b:cfcd:5ac:7ef] [lib/base.php:3281] View->sandbox()
Fri, 24 Jan 2025 23:02:12 -0500 [2603:9000:f801:55e2:e08b:cfcd:5ac:7ef] [tmp/3hn69l4qoa804.3h31n1yj254w8.php:7] Preview->render()
Fri, 24 Jan 2025 23:02:12 -0500 [2603:9000:f801:55e2:e08b:cfcd:5ac:7ef] [lib/base.php:3036] require('/home/u991737198/domains/tas2023.online/public_html/tmp/3hn69l4qoa804.3h31n1yj254w8.php')
Fri, 24 Jan 2025 23:02:12 -0500 [2603:9000:f801:55e2:e08b:cfcd:5ac:7ef] [lib/base.php:3281] View->sandbox()
Fri, 24 Jan 2025 23:02:12 -0500 [2603:9000:f801:55e2:e08b:cfcd:5ac:7ef] [app/controllers/Controller.php:87] Preview->render()
Fri, 24 Jan 2025 23:02:12 -0500 [2603:9000:f801:55e2:e08b:cfcd:5ac:7ef] [lib/base.php:2078] Controller->afterroute()
Fri, 24 Jan 2025 23:02:12 -0500 [2603:9000:f801:55e2:e08b:cfcd:5ac:7ef] [lib/base.php:1871] Base->call()
Fri, 24 Jan 2025 23:02:12 -0500 [2603:9000:f801:55e2:e08b:cfcd:5ac:7ef] [index.php:19] Base->run()
Fri, 24 Jan 2025 23:02:19 -0500 [2603:9000:f801:55e2:e08b:cfcd:5ac:7ef] 500: Undefined variable $token trace: [tmp/3hn69l4qoa804.2r4f9cgm96ecs.php:226]
Fri, 24 Jan 2025 23:02:19 -0500 [2603:9000:f801:55e2:e08b:cfcd:5ac:7ef] [tmp/3hn69l4qoa804.2r4f9cgm96ecs.php:226] Base->{closure}()
Fri, 24 Jan 2025 23:02:19 -0500 [2603:9000:f801:55e2:e08b:cfcd:5ac:7ef] [lib/base.php:3036] require('/home/u991737198/domains/tas2023.online/public_html/tmp/3hn69l4qoa804.2r4f9cgm96ecs.php')
Fri, 24 Jan 2025 23:02:19 -0500 [2603:9000:f801:55e2:e08b:cfcd:5ac:7ef] [lib/base.php:3281] View->sandbox()
Fri, 24 Jan 2025 23:02:19 -0500 [2603:9000:f801:55e2:e08b:cfcd:5ac:7ef] [tmp/3hn69l4qoa804.3h31n1yj254w8.php:7] Preview->render()
Fri, 24 Jan 2025 23:02:19 -0500 [2603:9000:f801:55e2:e08b:cfcd:5ac:7ef] [lib/base.php:3036] require('/home/u991737198/domains/tas2023.online/public_html/tmp/3hn69l4qoa804.3h31n1yj254w8.php')
Fri, 24 Jan 2025 23:02:19 -0500 [2603:9000:f801:55e2:e08b:cfcd:5ac:7ef] [lib/base.php:3281] View->sandbox()
Fri, 24 Jan 2025 23:02:19 -0500 [2603:9000:f801:55e2:e08b:cfcd:5ac:7ef] [app/controllers/Controller.php:87] Preview->render()
Fri, 24 Jan 2025 23:02:19 -0500 [2603:9000:f801:55e2:e08b:cfcd:5ac:7ef] [lib/base.php:2078] Controller->afterroute()
Fri, 24 Jan 2025 23:02:19 -0500 [2603:9000:f801:55e2:e08b:cfcd:5ac:7ef] [lib/base.php:1871] Base->call()
Fri, 24 Jan 2025 23:02:19 -0500 [2603:9000:f801:55e2:e08b:cfcd:5ac:7ef] [index.php:19] Base->run()
Fri, 24 Jan 2025 23:02:27 -0500 [2603:9000:f801:55e2:e08b:cfcd:5ac:7ef] 500: Undefined variable $token trace: [tmp/3hn69l4qoa804.2r4f9cgm96ecs.php:226]
Fri, 24 Jan 2025 23:02:27 -0500 [2603:9000:f801:55e2:e08b:cfcd:5ac:7ef] [tmp/3hn69l4qoa804.2r4f9cgm96ecs.php:226] Base->{closure}()
Fri, 24 Jan 2025 23:02:27 -0500 [2603:9000:f801:55e2:e08b:cfcd:5ac:7ef] [lib/base.php:3036] require('/home/u991737198/domains/tas2023.online/public_html/tmp/3hn69l4qoa804.2r4f9cgm96ecs.php')
Fri, 24 Jan 2025 23:02:27 -0500 [2603:9000:f801:55e2:e08b:cfcd:5ac:7ef] [lib/base.php:3281] View->sandbox()
Fri, 24 Jan 2025 23:02:27 -0500 [2603:9000:f801:55e2:e08b:cfcd:5ac:7ef] [tmp/3hn69l4qoa804.3h31n1yj254w8.php:7] Preview->render()
Fri, 24 Jan 2025 23:02:27 -0500 [2603:9000:f801:55e2:e08b:cfcd:5ac:7ef] [lib/base.php:3036] require('/home/u991737198/domains/tas2023.online/public_html/tmp/3hn69l4qoa804.3h31n1yj254w8.php')
Fri, 24 Jan 2025 23:02:27 -0500 [2603:9000:f801:55e2:e08b:cfcd:5ac:7ef] [lib/base.php:3281] View->sandbox()
Fri, 24 Jan 2025 23:02:27 -0500 [2603:9000:f801:55e2:e08b:cfcd:5ac:7ef] [app/controllers/Controller.php:87] Preview->render()
Fri, 24 Jan 2025 23:02:27 -0500 [2603:9000:f801:55e2:e08b:cfcd:5ac:7ef] [lib/base.php:2078] Controller->afterroute()
Fri, 24 Jan 2025 23:02:27 -0500 [2603:9000:f801:55e2:e08b:cfcd:5ac:7ef] [lib/base.php:1871] Base->call()
Fri, 24 Jan 2025 23:02:27 -0500 [2603:9000:f801:55e2:e08b:cfcd:5ac:7ef] [index.php:19] Base->run()
Fri, 24 Jan 2025 23:02:30 -0500 [2603:9000:f801:55e2:e08b:cfcd:5ac:7ef] 500: Undefined variable $i18n_select_task_type trace: [/home/u991737198/domains/tas2023.online/public_html/tmp/3hn69l4qoa804.9b9764piwerh.php:214]
Fri, 24 Jan 2025 23:02:30 -0500 [2603:9000:f801:55e2:e08b:cfcd:5ac:7ef] [/home/u991737198/domains/tas2023.online/public_html/tmp/3hn69l4qoa804.9b9764piwerh.php:214] Base->{closure}()
Fri, 24 Jan 2025 23:02:30 -0500 [2603:9000:f801:55e2:e08b:cfcd:5ac:7ef] [/home/u991737198/domains/tas2023.online/public_html/lib/base.php:3036] require('/home/u991737198/domains/tas2023.online/public_html/tmp/3hn69l4qoa804.9b9764piwerh.php')
Fri, 24 Jan 2025 23:02:30 -0500 [2603:9000:f801:55e2:e08b:cfcd:5ac:7ef] [/home/u991737198/domains/tas2023.online/public_html/lib/base.php:3281] View->sandbox()
Fri, 24 Jan 2025 23:02:30 -0500 [2603:9000:f801:55e2:e08b:cfcd:5ac:7ef] [/home/u991737198/domains/tas2023.online/public_html/tmp/3hn69l4qoa804.3h31n1yj254w8.php:7] Preview->render()
Fri, 24 Jan 2025 23:02:30 -0500 [2603:9000:f801:55e2:e08b:cfcd:5ac:7ef] [/home/u991737198/domains/tas2023.online/public_html/lib/base.php:3036] require('/home/u991737198/domains/tas2023.online/public_html/tmp/3hn69l4qoa804.3h31n1yj254w8.php')
Fri, 24 Jan 2025 23:02:30 -0500 [2603:9000:f801:55e2:e08b:cfcd:5ac:7ef] [/home/u991737198/domains/tas2023.online/public_html/lib/base.php:3281] View->sandbox()
Fri, 24 Jan 2025 23:02:30 -0500 [2603:9000:f801:55e2:e08b:cfcd:5ac:7ef] [/home/u991737198/domains/tas2023.online/public_html/app/controllers/Controller.php:87] Preview->render()
Fri, 24 Jan 2025 23:02:30 -0500 [2603:9000:f801:55e2:e08b:cfcd:5ac:7ef] [/home/u991737198/domains/tas2023.online/public_html/lib/base.php:2078] Controller->afterroute()
Fri, 24 Jan 2025 23:02:30 -0500 [2603:9000:f801:55e2:e08b:cfcd:5ac:7ef] [/home/u991737198/domains/tas2023.online/public_html/lib/base.php:1871] Base->call()
Fri, 24 Jan 2025 23:02:30 -0500 [2603:9000:f801:55e2:e08b:cfcd:5ac:7ef] [/home/u991737198/domains/tas2023.online/public_html/index.php:19] Base->run()
Fri, 24 Jan 2025 23:02:33 -0500 [2603:9000:f801:55e2:e08b:cfcd:5ac:7ef] 500: Undefined variable $selected_note trace: [/home/u991737198/domains/tas2023.online/public_html/tmp/3hn69l4qoa804.3g8shy2588w00.php:371]
Fri, 24 Jan 2025 23:02:33 -0500 [2603:9000:f801:55e2:e08b:cfcd:5ac:7ef] [/home/u991737198/domains/tas2023.online/public_html/tmp/3hn69l4qoa804.3g8shy2588w00.php:371] Base->{closure}()
Fri, 24 Jan 2025 23:02:33 -0500 [2603:9000:f801:55e2:e08b:cfcd:5ac:7ef] [/home/u991737198/domains/tas2023.online/public_html/lib/base.php:3036] require('/home/u991737198/domains/tas2023.online/public_html/tmp/3hn69l4qoa804.3g8shy2588w00.php')
Fri, 24 Jan 2025 23:02:33 -0500 [2603:9000:f801:55e2:e08b:cfcd:5ac:7ef] [/home/u991737198/domains/tas2023.online/public_html/lib/base.php:3281] View->sandbox()
Fri, 24 Jan 2025 23:02:33 -0500 [2603:9000:f801:55e2:e08b:cfcd:5ac:7ef] [/home/u991737198/domains/tas2023.online/public_html/tmp/3hn69l4qoa804.3h31n1yj254w8.php:7] Preview->render()
Fri, 24 Jan 2025 23:02:33 -0500 [2603:9000:f801:55e2:e08b:cfcd:5ac:7ef] [/home/u991737198/domains/tas2023.online/public_html/lib/base.php:3036] require('/home/u991737198/domains/tas2023.online/public_html/tmp/3hn69l4qoa804.3h31n1yj254w8.php')
Fri, 24 Jan 2025 23:02:33 -0500 [2603:9000:f801:55e2:e08b:cfcd:5ac:7ef] [/home/u991737198/domains/tas2023.online/public_html/lib/base.php:3281] View->sandbox()
Fri, 24 Jan 2025 23:02:33 -0500 [2603:9000:f801:55e2:e08b:cfcd:5ac:7ef] [/home/u991737198/domains/tas2023.online/public_html/app/controllers/Controller.php:87] Preview->render()
Fri, 24 Jan 2025 23:02:33 -0500 [2603:9000:f801:55e2:e08b:cfcd:5ac:7ef] [/home/u991737198/domains/tas2023.online/public_html/lib/base.php:2078] Controller->afterroute()
Fri, 24 Jan 2025 23:02:33 -0500 [2603:9000:f801:55e2:e08b:cfcd:5ac:7ef] [/home/u991737198/domains/tas2023.online/public_html/lib/base.php:1871] Base->call()
Fri, 24 Jan 2025 23:02:33 -0500 [2603:9000:f801:55e2:e08b:cfcd:5ac:7ef] [/home/u991737198/domains/tas2023.online/public_html/index.php:19] Base->run()
Fri, 24 Jan 2025 23:03:06 -0500 [2603:9000:f801:55e2:e08b:cfcd:5ac:7ef] 500: trim(): Passing null to parameter #1 ($string) of type string is deprecated trace: [/home/u991737198/domains/tas2023.online/public_html/tmp/3hn69l4qoa804.3g8shy2588w00.php:340]
Fri, 24 Jan 2025 23:03:06 -0500 [2603:9000:f801:55e2:e08b:cfcd:5ac:7ef] [/home/u991737198/domains/tas2023.online/public_html/tmp/3hn69l4qoa804.3g8shy2588w00.php:340] trim()
Fri, 24 Jan 2025 23:03:06 -0500 [2603:9000:f801:55e2:e08b:cfcd:5ac:7ef] [/home/u991737198/domains/tas2023.online/public_html/lib/base.php:3036] require('/home/u991737198/domains/tas2023.online/public_html/tmp/3hn69l4qoa804.3g8shy2588w00.php')
Fri, 24 Jan 2025 23:03:06 -0500 [2603:9000:f801:55e2:e08b:cfcd:5ac:7ef] [/home/u991737198/domains/tas2023.online/public_html/lib/base.php:3281] View->sandbox()
Fri, 24 Jan 2025 23:03:06 -0500 [2603:9000:f801:55e2:e08b:cfcd:5ac:7ef] [/home/u991737198/domains/tas2023.online/public_html/tmp/3hn69l4qoa804.3h31n1yj254w8.php:7] Preview->render()
Fri, 24 Jan 2025 23:03:06 -0500 [2603:9000:f801:55e2:e08b:cfcd:5ac:7ef] [/home/u991737198/domains/tas2023.online/public_html/lib/base.php:3036] require('/home/u991737198/domains/tas2023.online/public_html/tmp/3hn69l4qoa804.3h31n1yj254w8.php')
Fri, 24 Jan 2025 23:03:06 -0500 [2603:9000:f801:55e2:e08b:cfcd:5ac:7ef] [/home/u991737198/domains/tas2023.online/public_html/lib/base.php:3281] View->sandbox()
Fri, 24 Jan 2025 23:03:06 -0500 [2603:9000:f801:55e2:e08b:cfcd:5ac:7ef] [/home/u991737198/domains/tas2023.online/public_html/app/controllers/Controller.php:87] Preview->render()
Fri, 24 Jan 2025 23:03:06 -0500 [2603:9000:f801:55e2:e08b:cfcd:5ac:7ef] [/home/u991737198/domains/tas2023.online/public_html/lib/base.php:2078] Controller->afterroute()
Fri, 24 Jan 2025 23:03:06 -0500 [2603:9000:f801:55e2:e08b:cfcd:5ac:7ef] [/home/u991737198/domains/tas2023.online/public_html/lib/base.php:1871] Base->call()
Fri, 24 Jan 2025 23:03:06 -0500 [2603:9000:f801:55e2:e08b:cfcd:5ac:7ef] [/home/u991737198/domains/tas2023.online/public_html/index.php:19] Base->run()
Fri, 24 Jan 2025 23:03:09 -0500 [2603:9000:f801:55e2:e08b:cfcd:5ac:7ef] 500: Undefined variable $i18n_select_task_type trace: [/home/u991737198/domains/tas2023.online/public_html/tmp/3hn69l4qoa804.9b9764piwerh.php:214]
Fri, 24 Jan 2025 23:03:09 -0500 [2603:9000:f801:55e2:e08b:cfcd:5ac:7ef] [/home/u991737198/domains/tas2023.online/public_html/tmp/3hn69l4qoa804.9b9764piwerh.php:214] Base->{closure}()
Fri, 24 Jan 2025 23:03:09 -0500 [2603:9000:f801:55e2:e08b:cfcd:5ac:7ef] [/home/u991737198/domains/tas2023.online/public_html/lib/base.php:3036] require('/home/u991737198/domains/tas2023.online/public_html/tmp/3hn69l4qoa804.9b9764piwerh.php')
Fri, 24 Jan 2025 23:03:09 -0500 [2603:9000:f801:55e2:e08b:cfcd:5ac:7ef] [/home/u991737198/domains/tas2023.online/public_html/lib/base.php:3281] View->sandbox()
Fri, 24 Jan 2025 23:03:09 -0500 [2603:9000:f801:55e2:e08b:cfcd:5ac:7ef] [/home/u991737198/domains/tas2023.online/public_html/tmp/3hn69l4qoa804.3h31n1yj254w8.php:7] Preview->render()
Fri, 24 Jan 2025 23:03:09 -0500 [2603:9000:f801:55e2:e08b:cfcd:5ac:7ef] [/home/u991737198/domains/tas2023.online/public_html/lib/base.php:3036] require('/home/u991737198/domains/tas2023.online/public_html/tmp/3hn69l4qoa804.3h31n1yj254w8.php')
Fri, 24 Jan 2025 23:03:09 -0500 [2603:9000:f801:55e2:e08b:cfcd:5ac:7ef] [/home/u991737198/domains/tas2023.online/public_html/lib/base.php:3281] View->sandbox()
Fri, 24 Jan 2025 23:03:09 -0500 [2603:9000:f801:55e2:e08b:cfcd:5ac:7ef] [/home/u991737198/domains/tas2023.online/public_html/app/controllers/Controller.php:87] Preview->render()
Fri, 24 Jan 2025 23:03:09 -0500 [2603:9000:f801:55e2:e08b:cfcd:5ac:7ef] [/home/u991737198/domains/tas2023.online/public_html/lib/base.php:2078] Controller->afterroute()
Fri, 24 Jan 2025 23:03:09 -0500 [2603:9000:f801:55e2:e08b:cfcd:5ac:7ef] [/home/u991737198/domains/tas2023.online/public_html/lib/base.php:1871] Base->call()
Fri, 24 Jan 2025 23:03:09 -0500 [2603:9000:f801:55e2:e08b:cfcd:5ac:7ef] [/home/u991737198/domains/tas2023.online/public_html/index.php:19] Base->run()
Fri, 24 Jan 2025 23:03:11 -0500 [2603:9000:f801:55e2:e08b:cfcd:5ac:7ef] 500: Undefined variable $selected_note trace: [/home/u991737198/domains/tas2023.online/public_html/tmp/3hn69l4qoa804.3g8shy2588w00.php:371]
Fri, 24 Jan 2025 23:03:11 -0500 [2603:9000:f801:55e2:e08b:cfcd:5ac:7ef] [/home/u991737198/domains/tas2023.online/public_html/tmp/3hn69l4qoa804.3g8shy2588w00.php:371] Base->{closure}()
Fri, 24 Jan 2025 23:03:11 -0500 [2603:9000:f801:55e2:e08b:cfcd:5ac:7ef] [/home/u991737198/domains/tas2023.online/public_html/lib/base.php:3036] require('/home/u991737198/domains/tas2023.online/public_html/tmp/3hn69l4qoa804.3g8shy2588w00.php')
Fri, 24 Jan 2025 23:03:11 -0500 [2603:9000:f801:55e2:e08b:cfcd:5ac:7ef] [/home/u991737198/domains/tas2023.online/public_html/lib/base.php:3281] View->sandbox()
Fri, 24 Jan 2025 23:03:11 -0500 [2603:9000:f801:55e2:e08b:cfcd:5ac:7ef] [/home/u991737198/domains/tas2023.online/public_html/tmp/3hn69l4qoa804.3h31n1yj254w8.php:7] Preview->render()
Fri, 24 Jan 2025 23:03:11 -0500 [2603:9000:f801:55e2:e08b:cfcd:5ac:7ef] [/home/u991737198/domains/tas2023.online/public_html/lib/base.php:3036] require('/home/u991737198/domains/tas2023.online/public_html/tmp/3hn69l4qoa804.3h31n1yj254w8.php')
Fri, 24 Jan 2025 23:03:11 -0500 [2603:9000:f801:55e2:e08b:cfcd:5ac:7ef] [/home/u991737198/domains/tas2023.online/public_html/lib/base.php:3281] View->sandbox()
Fri, 24 Jan 2025 23:03:11 -0500 [2603:9000:f801:55e2:e08b:cfcd:5ac:7ef] [/home/u991737198/domains/tas2023.online/public_html/app/controllers/Controller.php:87] Preview->render()
Fri, 24 Jan 2025 23:03:11 -0500 [2603:9000:f801:55e2:e08b:cfcd:5ac:7ef] [/home/u991737198/domains/tas2023.online/public_html/lib/base.php:2078] Controller->afterroute()
Fri, 24 Jan 2025 23:03:11 -0500 [2603:9000:f801:55e2:e08b:cfcd:5ac:7ef] [/home/u991737198/domains/tas2023.online/public_html/lib/base.php:1871] Base->call()
Fri, 24 Jan 2025 23:03:11 -0500 [2603:9000:f801:55e2:e08b:cfcd:5ac:7ef] [/home/u991737198/domains/tas2023.online/public_html/index.php:19] Base->run()
Fri, 24 Jan 2025 23:03:21 -0500 [2603:9000:f801:55e2:e08b:cfcd:5ac:7ef] 500: Undefined variable $entity_num trace: [tmp/3hn69l4qoa804.1zo7dt0fljr4w.php:200]
Fri, 24 Jan 2025 23:03:21 -0500 [2603:9000:f801:55e2:e08b:cfcd:5ac:7ef] [tmp/3hn69l4qoa804.1zo7dt0fljr4w.php:200] Base->{closure}()
Fri, 24 Jan 2025 23:03:21 -0500 [2603:9000:f801:55e2:e08b:cfcd:5ac:7ef] [lib/base.php:3036] require('/home/u991737198/domains/tas2023.online/public_html/tmp/3hn69l4qoa804.1zo7dt0fljr4w.php')
Fri, 24 Jan 2025 23:03:21 -0500 [2603:9000:f801:55e2:e08b:cfcd:5ac:7ef] [lib/base.php:3281] View->sandbox()
Fri, 24 Jan 2025 23:03:21 -0500 [2603:9000:f801:55e2:e08b:cfcd:5ac:7ef] [tmp/3hn69l4qoa804.3h31n1yj254w8.php:7] Preview->render()
Fri, 24 Jan 2025 23:03:21 -0500 [2603:9000:f801:55e2:e08b:cfcd:5ac:7ef] [lib/base.php:3036] require('/home/u991737198/domains/tas2023.online/public_html/tmp/3hn69l4qoa804.3h31n1yj254w8.php')
Fri, 24 Jan 2025 23:03:21 -0500 [2603:9000:f801:55e2:e08b:cfcd:5ac:7ef] [lib/base.php:3281] View->sandbox()
Fri, 24 Jan 2025 23:03:21 -0500 [2603:9000:f801:55e2:e08b:cfcd:5ac:7ef] [app/controllers/Controller.php:87] Preview->render()
Fri, 24 Jan 2025 23:03:21 -0500 [2603:9000:f801:55e2:e08b:cfcd:5ac:7ef] [lib/base.php:2078] Controller->afterroute()
Fri, 24 Jan 2025 23:03:21 -0500 [2603:9000:f801:55e2:e08b:cfcd:5ac:7ef] [lib/base.php:1871] Base->call()
Fri, 24 Jan 2025 23:03:21 -0500 [2603:9000:f801:55e2:e08b:cfcd:5ac:7ef] [index.php:19] Base->run()
Fri, 24 Jan 2025 23:33:22 -0500 [2603:9000:f801:55e2:e08b:cfcd:5ac:7ef] 500: Undefined variable $i18n_select_task_type trace: [/home/u991737198/domains/tas2023.online/public_html/tmp/3hn69l4qoa804.9b9764piwerh.php:214]
Fri, 24 Jan 2025 23:33:22 -0500 [2603:9000:f801:55e2:e08b:cfcd:5ac:7ef] [/home/u991737198/domains/tas2023.online/public_html/tmp/3hn69l4qoa804.9b9764piwerh.php:214] Base->{closure}()
Fri, 24 Jan 2025 23:33:22 -0500 [2603:9000:f801:55e2:e08b:cfcd:5ac:7ef] [/home/u991737198/domains/tas2023.online/public_html/lib/base.php:3036] require('/home/u991737198/domains/tas2023.online/public_html/tmp/3hn69l4qoa804.9b9764piwerh.php')
Fri, 24 Jan 2025 23:33:22 -0500 [2603:9000:f801:55e2:e08b:cfcd:5ac:7ef] [/home/u991737198/domains/tas2023.online/public_html/lib/base.php:3281] View->sandbox()
Fri, 24 Jan 2025 23:33:22 -0500 [2603:9000:f801:55e2:e08b:cfcd:5ac:7ef] [/home/u991737198/domains/tas2023.online/public_html/tmp/3hn69l4qoa804.3h31n1yj254w8.php:7] Preview->render()
Fri, 24 Jan 2025 23:33:22 -0500 [2603:9000:f801:55e2:e08b:cfcd:5ac:7ef] [/home/u991737198/domains/tas2023.online/public_html/lib/base.php:3036] require('/home/u991737198/domains/tas2023.online/public_html/tmp/3hn69l4qoa804.3h31n1yj254w8.php')
Fri, 24 Jan 2025 23:33:22 -0500 [2603:9000:f801:55e2:e08b:cfcd:5ac:7ef] [/home/u991737198/domains/tas2023.online/public_html/lib/base.php:3281] View->sandbox()
Fri, 24 Jan 2025 23:33:22 -0500 [2603:9000:f801:55e2:e08b:cfcd:5ac:7ef] [/home/u991737198/domains/tas2023.online/public_html/app/controllers/Controller.php:87] Preview->render()
Fri, 24 Jan 2025 23:33:22 -0500 [2603:9000:f801:55e2:e08b:cfcd:5ac:7ef] [/home/u991737198/domains/tas2023.online/public_html/lib/base.php:2078] Controller->afterroute()
Fri, 24 Jan 2025 23:33:22 -0500 [2603:9000:f801:55e2:e08b:cfcd:5ac:7ef] [/home/u991737198/domains/tas2023.online/public_html/lib/base.php:1871] Base->call()
Fri, 24 Jan 2025 23:33:22 -0500 [2603:9000:f801:55e2:e08b:cfcd:5ac:7ef] [/home/u991737198/domains/tas2023.online/public_html/index.php:19] Base->run()
