Thu, 30 Jan 2025 05:53:46 -0500 [2603:9000:f801:55e2:206a:d4a5:9b63:80ef] 401: HTTP 401 (GET /task/taskData) trace: [/home/u991737198/domains/tas2023.online/public_html/lib/access.php:112] Base->error()
Thu, 30 Jan 2025 05:53:46 -0500 [2603:9000:f801:55e2:206a:d4a5:9b63:80ef] [/home/u991737198/domains/tas2023.online/public_html/app/controllers/Controller.php:78] Access->authorize()
Thu, 30 Jan 2025 05:53:46 -0500 [2603:9000:f801:55e2:206a:d4a5:9b63:80ef] [/home/u991737198/domains/tas2023.online/public_html/lib/base.php:2069] Controller->beforeroute()
Thu, 30 Jan 2025 05:53:46 -0500 [2603:9000:f801:55e2:206a:d4a5:9b63:80ef] [/home/u991737198/domains/tas2023.online/public_html/lib/base.php:1871] Base->call()
Thu, 30 Jan 2025 05:53:46 -0500 [2603:9000:f801:55e2:206a:d4a5:9b63:80ef] [/home/u991737198/domains/tas2023.online/public_html/index.php:19] Base->run()
Thu, 30 Jan 2025 05:53:46 -0500 [2603:9000:f801:55e2:206a:d4a5:9b63:80ef] 401: HTTP 401 (GET /task/taskDistribution) trace: [/home/u991737198/domains/tas2023.online/public_html/lib/access.php:112] Base->error()
Thu, 30 Jan 2025 05:53:46 -0500 [2603:9000:f801:55e2:206a:d4a5:9b63:80ef] [/home/u991737198/domains/tas2023.online/public_html/app/controllers/Controller.php:78] Access->authorize()
Thu, 30 Jan 2025 05:53:46 -0500 [2603:9000:f801:55e2:206a:d4a5:9b63:80ef] [/home/u991737198/domains/tas2023.online/public_html/lib/base.php:2069] Controller->beforeroute()
Thu, 30 Jan 2025 05:53:46 -0500 [2603:9000:f801:55e2:206a:d4a5:9b63:80ef] [/home/u991737198/domains/tas2023.online/public_html/lib/base.php:1871] Base->call()
Thu, 30 Jan 2025 05:53:46 -0500 [2603:9000:f801:55e2:206a:d4a5:9b63:80ef] [/home/u991737198/domains/tas2023.online/public_html/index.php:19] Base->run()
Thu, 30 Jan 2025 05:54:24 -0500 [2603:9000:f801:55e2:206a:d4a5:9b63:80ef] 500: Undefined variable $entity_num trace: [tmp/3hn69l4qoa804.1zo7dt0fljr4w.php:200]
Thu, 30 Jan 2025 05:54:24 -0500 [2603:9000:f801:55e2:206a:d4a5:9b63:80ef] [tmp/3hn69l4qoa804.1zo7dt0fljr4w.php:200] Base->{closure}()
Thu, 30 Jan 2025 05:54:24 -0500 [2603:9000:f801:55e2:206a:d4a5:9b63:80ef] [lib/base.php:3036] require('/home/u991737198/domains/tas2023.online/public_html/tmp/3hn69l4qoa804.1zo7dt0fljr4w.php')
Thu, 30 Jan 2025 05:54:24 -0500 [2603:9000:f801:55e2:206a:d4a5:9b63:80ef] [lib/base.php:3281] View->sandbox()
Thu, 30 Jan 2025 05:54:24 -0500 [2603:9000:f801:55e2:206a:d4a5:9b63:80ef] [tmp/3hn69l4qoa804.3h31n1yj254w8.php:7] Preview->render()
Thu, 30 Jan 2025 05:54:24 -0500 [2603:9000:f801:55e2:206a:d4a5:9b63:80ef] [lib/base.php:3036] require('/home/u991737198/domains/tas2023.online/public_html/tmp/3hn69l4qoa804.3h31n1yj254w8.php')
Thu, 30 Jan 2025 05:54:24 -0500 [2603:9000:f801:55e2:206a:d4a5:9b63:80ef] [lib/base.php:3281] View->sandbox()
Thu, 30 Jan 2025 05:54:24 -0500 [2603:9000:f801:55e2:206a:d4a5:9b63:80ef] [app/controllers/Controller.php:87] Preview->render()
Thu, 30 Jan 2025 05:54:24 -0500 [2603:9000:f801:55e2:206a:d4a5:9b63:80ef] [lib/base.php:2078] Controller->afterroute()
Thu, 30 Jan 2025 05:54:24 -0500 [2603:9000:f801:55e2:206a:d4a5:9b63:80ef] [lib/base.php:1871] Base->call()
Thu, 30 Jan 2025 05:54:24 -0500 [2603:9000:f801:55e2:206a:d4a5:9b63:80ef] [index.php:19] Base->run()
Thu, 30 Jan 2025 05:54:44 -0500 [2603:9000:f801:55e2:206a:d4a5:9b63:80ef] 500: Undefined variable $entity_num trace: [tmp/3hn69l4qoa804.1zo7dt0fljr4w.php:200]
Thu, 30 Jan 2025 05:54:44 -0500 [2603:9000:f801:55e2:206a:d4a5:9b63:80ef] [tmp/3hn69l4qoa804.1zo7dt0fljr4w.php:200] Base->{closure}()
Thu, 30 Jan 2025 05:54:44 -0500 [2603:9000:f801:55e2:206a:d4a5:9b63:80ef] [lib/base.php:3036] require('/home/u991737198/domains/tas2023.online/public_html/tmp/3hn69l4qoa804.1zo7dt0fljr4w.php')
Thu, 30 Jan 2025 05:54:44 -0500 [2603:9000:f801:55e2:206a:d4a5:9b63:80ef] [lib/base.php:3281] View->sandbox()
Thu, 30 Jan 2025 05:54:44 -0500 [2603:9000:f801:55e2:206a:d4a5:9b63:80ef] [tmp/3hn69l4qoa804.3h31n1yj254w8.php:7] Preview->render()
Thu, 30 Jan 2025 05:54:44 -0500 [2603:9000:f801:55e2:206a:d4a5:9b63:80ef] [lib/base.php:3036] require('/home/u991737198/domains/tas2023.online/public_html/tmp/3hn69l4qoa804.3h31n1yj254w8.php')
Thu, 30 Jan 2025 05:54:44 -0500 [2603:9000:f801:55e2:206a:d4a5:9b63:80ef] [lib/base.php:3281] View->sandbox()
Thu, 30 Jan 2025 05:54:44 -0500 [2603:9000:f801:55e2:206a:d4a5:9b63:80ef] [app/controllers/Controller.php:87] Preview->render()
Thu, 30 Jan 2025 05:54:44 -0500 [2603:9000:f801:55e2:206a:d4a5:9b63:80ef] [lib/base.php:2078] Controller->afterroute()
Thu, 30 Jan 2025 05:54:44 -0500 [2603:9000:f801:55e2:206a:d4a5:9b63:80ef] [lib/base.php:1871] Base->call()
Thu, 30 Jan 2025 05:54:44 -0500 [2603:9000:f801:55e2:206a:d4a5:9b63:80ef] [index.php:19] Base->run()
Thu, 30 Jan 2025 09:23:39 -0500 [2603:9000:f801:55e2:31a8:8197:930e:c75f] 500: Undefined variable $entity_num trace: [tmp/3hn69l4qoa804.1zo7dt0fljr4w.php:200]
Thu, 30 Jan 2025 09:23:39 -0500 [2603:9000:f801:55e2:31a8:8197:930e:c75f] [tmp/3hn69l4qoa804.1zo7dt0fljr4w.php:200] Base->{closure}()
Thu, 30 Jan 2025 09:23:39 -0500 [2603:9000:f801:55e2:31a8:8197:930e:c75f] [lib/base.php:3036] require('/home/u991737198/domains/tas2023.online/public_html/tmp/3hn69l4qoa804.1zo7dt0fljr4w.php')
Thu, 30 Jan 2025 09:23:39 -0500 [2603:9000:f801:55e2:31a8:8197:930e:c75f] [lib/base.php:3281] View->sandbox()
Thu, 30 Jan 2025 09:23:39 -0500 [2603:9000:f801:55e2:31a8:8197:930e:c75f] [tmp/3hn69l4qoa804.3h31n1yj254w8.php:7] Preview->render()
Thu, 30 Jan 2025 09:23:39 -0500 [2603:9000:f801:55e2:31a8:8197:930e:c75f] [lib/base.php:3036] require('/home/u991737198/domains/tas2023.online/public_html/tmp/3hn69l4qoa804.3h31n1yj254w8.php')
Thu, 30 Jan 2025 09:23:39 -0500 [2603:9000:f801:55e2:31a8:8197:930e:c75f] [lib/base.php:3281] View->sandbox()
Thu, 30 Jan 2025 09:23:39 -0500 [2603:9000:f801:55e2:31a8:8197:930e:c75f] [app/controllers/Controller.php:87] Preview->render()
Thu, 30 Jan 2025 09:23:39 -0500 [2603:9000:f801:55e2:31a8:8197:930e:c75f] [lib/base.php:2078] Controller->afterroute()
Thu, 30 Jan 2025 09:23:39 -0500 [2603:9000:f801:55e2:31a8:8197:930e:c75f] [lib/base.php:1871] Base->call()
Thu, 30 Jan 2025 09:23:39 -0500 [2603:9000:f801:55e2:31a8:8197:930e:c75f] [index.php:19] Base->run()
Thu, 30 Jan 2025 09:23:44 -0500 [2603:9000:f801:55e2:31a8:8197:930e:c75f] 500: Undefined variable $entity_num trace: [tmp/3hn69l4qoa804.1zo7dt0fljr4w.php:200]
Thu, 30 Jan 2025 09:23:44 -0500 [2603:9000:f801:55e2:31a8:8197:930e:c75f] [tmp/3hn69l4qoa804.1zo7dt0fljr4w.php:200] Base->{closure}()
Thu, 30 Jan 2025 09:23:44 -0500 [2603:9000:f801:55e2:31a8:8197:930e:c75f] [lib/base.php:3036] require('/home/u991737198/domains/tas2023.online/public_html/tmp/3hn69l4qoa804.1zo7dt0fljr4w.php')
Thu, 30 Jan 2025 09:23:44 -0500 [2603:9000:f801:55e2:31a8:8197:930e:c75f] [lib/base.php:3281] View->sandbox()
Thu, 30 Jan 2025 09:23:44 -0500 [2603:9000:f801:55e2:31a8:8197:930e:c75f] [tmp/3hn69l4qoa804.3h31n1yj254w8.php:7] Preview->render()
Thu, 30 Jan 2025 09:23:44 -0500 [2603:9000:f801:55e2:31a8:8197:930e:c75f] [lib/base.php:3036] require('/home/u991737198/domains/tas2023.online/public_html/tmp/3hn69l4qoa804.3h31n1yj254w8.php')
Thu, 30 Jan 2025 09:23:44 -0500 [2603:9000:f801:55e2:31a8:8197:930e:c75f] [lib/base.php:3281] View->sandbox()
Thu, 30 Jan 2025 09:23:44 -0500 [2603:9000:f801:55e2:31a8:8197:930e:c75f] [app/controllers/Controller.php:87] Preview->render()
Thu, 30 Jan 2025 09:23:44 -0500 [2603:9000:f801:55e2:31a8:8197:930e:c75f] [lib/base.php:2078] Controller->afterroute()
Thu, 30 Jan 2025 09:23:44 -0500 [2603:9000:f801:55e2:31a8:8197:930e:c75f] [lib/base.php:1871] Base->call()
Thu, 30 Jan 2025 09:23:44 -0500 [2603:9000:f801:55e2:31a8:8197:930e:c75f] [index.php:19] Base->run()
Thu, 30 Jan 2025 11:01:14 -0500 [2600:1006:b000:3ff:a142:1bd2:193a:a4bc] 401: HTTP 401 (GET /task/taskData) trace: [/home/u991737198/domains/tas2023.online/public_html/lib/access.php:112] Base->error()
Thu, 30 Jan 2025 11:01:14 -0500 [2600:1006:b000:3ff:a142:1bd2:193a:a4bc] [/home/u991737198/domains/tas2023.online/public_html/app/controllers/Controller.php:78] Access->authorize()
Thu, 30 Jan 2025 11:01:14 -0500 [2600:1006:b000:3ff:a142:1bd2:193a:a4bc] [/home/u991737198/domains/tas2023.online/public_html/lib/base.php:2069] Controller->beforeroute()
Thu, 30 Jan 2025 11:01:14 -0500 [2600:1006:b000:3ff:a142:1bd2:193a:a4bc] [/home/u991737198/domains/tas2023.online/public_html/lib/base.php:1871] Base->call()
Thu, 30 Jan 2025 11:01:14 -0500 [2600:1006:b000:3ff:a142:1bd2:193a:a4bc] [/home/u991737198/domains/tas2023.online/public_html/index.php:19] Base->run()
Thu, 30 Jan 2025 11:01:14 -0500 [2600:1006:b000:3ff:a142:1bd2:193a:a4bc] 401: HTTP 401 (GET /task/taskDistribution) trace: [/home/u991737198/domains/tas2023.online/public_html/lib/access.php:112] Base->error()
Thu, 30 Jan 2025 11:01:14 -0500 [2600:1006:b000:3ff:a142:1bd2:193a:a4bc] [/home/u991737198/domains/tas2023.online/public_html/app/controllers/Controller.php:78] Access->authorize()
Thu, 30 Jan 2025 11:01:14 -0500 [2600:1006:b000:3ff:a142:1bd2:193a:a4bc] [/home/u991737198/domains/tas2023.online/public_html/lib/base.php:2069] Controller->beforeroute()
Thu, 30 Jan 2025 11:01:14 -0500 [2600:1006:b000:3ff:a142:1bd2:193a:a4bc] [/home/u991737198/domains/tas2023.online/public_html/lib/base.php:1871] Base->call()
Thu, 30 Jan 2025 11:01:14 -0500 [2600:1006:b000:3ff:a142:1bd2:193a:a4bc] [/home/u991737198/domains/tas2023.online/public_html/index.php:19] Base->run()
Thu, 30 Jan 2025 13:49:31 -0500 [2603:9000:f801:55e2:6c8c:623b:47a3:a516] 401: HTTP 401 (GET /task/taskDistribution) trace: [/home/u991737198/domains/tas2023.online/public_html/lib/access.php:112] Base->error()
Thu, 30 Jan 2025 13:49:31 -0500 [2603:9000:f801:55e2:6c8c:623b:47a3:a516] [/home/u991737198/domains/tas2023.online/public_html/app/controllers/Controller.php:78] Access->authorize()
Thu, 30 Jan 2025 13:49:31 -0500 [2603:9000:f801:55e2:6c8c:623b:47a3:a516] 401: HTTP 401 (GET /task/taskData) trace: [/home/u991737198/domains/tas2023.online/public_html/lib/access.php:112] Base->error()
Thu, 30 Jan 2025 13:49:31 -0500 [2603:9000:f801:55e2:6c8c:623b:47a3:a516] [/home/u991737198/domains/tas2023.online/public_html/lib/base.php:2069] Controller->beforeroute()
Thu, 30 Jan 2025 13:49:31 -0500 [2603:9000:f801:55e2:6c8c:623b:47a3:a516] [/home/u991737198/domains/tas2023.online/public_html/lib/base.php:1871] Base->call()
Thu, 30 Jan 2025 13:49:31 -0500 [2603:9000:f801:55e2:6c8c:623b:47a3:a516] [/home/u991737198/domains/tas2023.online/public_html/app/controllers/Controller.php:78] Access->authorize()
Thu, 30 Jan 2025 13:49:31 -0500 [2603:9000:f801:55e2:6c8c:623b:47a3:a516] [/home/u991737198/domains/tas2023.online/public_html/index.php:19] Base->run()
Thu, 30 Jan 2025 13:49:31 -0500 [2603:9000:f801:55e2:6c8c:623b:47a3:a516] [/home/u991737198/domains/tas2023.online/public_html/lib/base.php:2069] Controller->beforeroute()
Thu, 30 Jan 2025 13:49:31 -0500 [2603:9000:f801:55e2:6c8c:623b:47a3:a516] [/home/u991737198/domains/tas2023.online/public_html/lib/base.php:1871] Base->call()
Thu, 30 Jan 2025 13:49:31 -0500 [2603:9000:f801:55e2:6c8c:623b:47a3:a516] [/home/u991737198/domains/tas2023.online/public_html/index.php:19] Base->run()
Thu, 30 Jan 2025 13:49:48 -0500 [2603:9000:f801:55e2:6c8c:623b:47a3:a516] 500: Undefined variable $entity_num trace: [tmp/3hn69l4qoa804.1zo7dt0fljr4w.php:200]
Thu, 30 Jan 2025 13:49:48 -0500 [2603:9000:f801:55e2:6c8c:623b:47a3:a516] [tmp/3hn69l4qoa804.1zo7dt0fljr4w.php:200] Base->{closure}()
Thu, 30 Jan 2025 13:49:48 -0500 [2603:9000:f801:55e2:6c8c:623b:47a3:a516] [lib/base.php:3036] require('/home/u991737198/domains/tas2023.online/public_html/tmp/3hn69l4qoa804.1zo7dt0fljr4w.php')
Thu, 30 Jan 2025 13:49:48 -0500 [2603:9000:f801:55e2:6c8c:623b:47a3:a516] [lib/base.php:3281] View->sandbox()
Thu, 30 Jan 2025 13:49:48 -0500 [2603:9000:f801:55e2:6c8c:623b:47a3:a516] [tmp/3hn69l4qoa804.3h31n1yj254w8.php:7] Preview->render()
Thu, 30 Jan 2025 13:49:48 -0500 [2603:9000:f801:55e2:6c8c:623b:47a3:a516] [lib/base.php:3036] require('/home/u991737198/domains/tas2023.online/public_html/tmp/3hn69l4qoa804.3h31n1yj254w8.php')
Thu, 30 Jan 2025 13:49:48 -0500 [2603:9000:f801:55e2:6c8c:623b:47a3:a516] [lib/base.php:3281] View->sandbox()
Thu, 30 Jan 2025 13:49:48 -0500 [2603:9000:f801:55e2:6c8c:623b:47a3:a516] [app/controllers/Controller.php:87] Preview->render()
Thu, 30 Jan 2025 13:49:48 -0500 [2603:9000:f801:55e2:6c8c:623b:47a3:a516] [lib/base.php:2078] Controller->afterroute()
Thu, 30 Jan 2025 13:49:48 -0500 [2603:9000:f801:55e2:6c8c:623b:47a3:a516] [lib/base.php:1871] Base->call()
Thu, 30 Jan 2025 13:49:48 -0500 [2603:9000:f801:55e2:6c8c:623b:47a3:a516] [index.php:19] Base->run()
Thu, 30 Jan 2025 13:50:17 -0500 [2603:9000:f801:55e2:6c8c:623b:47a3:a516] 500: Undefined variable $selected_note trace: [/home/u991737198/domains/tas2023.online/public_html/tmp/3hn69l4qoa804.3g8shy2588w00.php:374]
Thu, 30 Jan 2025 13:50:17 -0500 [2603:9000:f801:55e2:6c8c:623b:47a3:a516] [/home/u991737198/domains/tas2023.online/public_html/tmp/3hn69l4qoa804.3g8shy2588w00.php:374] Base->{closure}()
Thu, 30 Jan 2025 13:50:17 -0500 [2603:9000:f801:55e2:6c8c:623b:47a3:a516] [/home/u991737198/domains/tas2023.online/public_html/lib/base.php:3036] require('/home/u991737198/domains/tas2023.online/public_html/tmp/3hn69l4qoa804.3g8shy2588w00.php')
Thu, 30 Jan 2025 13:50:17 -0500 [2603:9000:f801:55e2:6c8c:623b:47a3:a516] [/home/u991737198/domains/tas2023.online/public_html/lib/base.php:3281] View->sandbox()
Thu, 30 Jan 2025 13:50:17 -0500 [2603:9000:f801:55e2:6c8c:623b:47a3:a516] [/home/u991737198/domains/tas2023.online/public_html/tmp/3hn69l4qoa804.3h31n1yj254w8.php:7] Preview->render()
Thu, 30 Jan 2025 13:50:17 -0500 [2603:9000:f801:55e2:6c8c:623b:47a3:a516] [/home/u991737198/domains/tas2023.online/public_html/lib/base.php:3036] require('/home/u991737198/domains/tas2023.online/public_html/tmp/3hn69l4qoa804.3h31n1yj254w8.php')
Thu, 30 Jan 2025 13:50:17 -0500 [2603:9000:f801:55e2:6c8c:623b:47a3:a516] [/home/u991737198/domains/tas2023.online/public_html/lib/base.php:3281] View->sandbox()
Thu, 30 Jan 2025 13:50:17 -0500 [2603:9000:f801:55e2:6c8c:623b:47a3:a516] [/home/u991737198/domains/tas2023.online/public_html/app/controllers/Controller.php:87] Preview->render()
Thu, 30 Jan 2025 13:50:17 -0500 [2603:9000:f801:55e2:6c8c:623b:47a3:a516] [/home/u991737198/domains/tas2023.online/public_html/lib/base.php:2078] Controller->afterroute()
Thu, 30 Jan 2025 13:50:17 -0500 [2603:9000:f801:55e2:6c8c:623b:47a3:a516] [/home/u991737198/domains/tas2023.online/public_html/lib/base.php:1871] Base->call()
Thu, 30 Jan 2025 13:50:17 -0500 [2603:9000:f801:55e2:6c8c:623b:47a3:a516] [/home/u991737198/domains/tas2023.online/public_html/index.php:19] Base->run()
Thu, 30 Jan 2025 13:50:43 -0500 [2603:9000:f801:55e2:6c8c:623b:47a3:a516] 500: Undefined variable $fechapicker trace: [/home/u991737198/domains/tas2023.online/public_html/tmp/3hn69l4qoa804.22phmm30e0u84.php:333]
Thu, 30 Jan 2025 13:50:43 -0500 [2603:9000:f801:55e2:6c8c:623b:47a3:a516] [/home/u991737198/domains/tas2023.online/public_html/tmp/3hn69l4qoa804.22phmm30e0u84.php:333] Base->{closure}()
Thu, 30 Jan 2025 13:50:43 -0500 [2603:9000:f801:55e2:6c8c:623b:47a3:a516] [/home/u991737198/domains/tas2023.online/public_html/lib/base.php:3036] require('/home/u991737198/domains/tas2023.online/public_html/tmp/3hn69l4qoa804.22phmm30e0u84.php')
Thu, 30 Jan 2025 13:50:43 -0500 [2603:9000:f801:55e2:6c8c:623b:47a3:a516] [/home/u991737198/domains/tas2023.online/public_html/lib/base.php:3281] View->sandbox()
Thu, 30 Jan 2025 13:50:43 -0500 [2603:9000:f801:55e2:6c8c:623b:47a3:a516] [/home/u991737198/domains/tas2023.online/public_html/tmp/3hn69l4qoa804.3h31n1yj254w8.php:7] Preview->render()
Thu, 30 Jan 2025 13:50:43 -0500 [2603:9000:f801:55e2:6c8c:623b:47a3:a516] [/home/u991737198/domains/tas2023.online/public_html/lib/base.php:3036] require('/home/u991737198/domains/tas2023.online/public_html/tmp/3hn69l4qoa804.3h31n1yj254w8.php')
Thu, 30 Jan 2025 13:50:43 -0500 [2603:9000:f801:55e2:6c8c:623b:47a3:a516] [/home/u991737198/domains/tas2023.online/public_html/lib/base.php:3281] View->sandbox()
Thu, 30 Jan 2025 13:50:43 -0500 [2603:9000:f801:55e2:6c8c:623b:47a3:a516] [/home/u991737198/domains/tas2023.online/public_html/app/controllers/Controller.php:87] Preview->render()
Thu, 30 Jan 2025 13:50:43 -0500 [2603:9000:f801:55e2:6c8c:623b:47a3:a516] [/home/u991737198/domains/tas2023.online/public_html/lib/base.php:2078] Controller->afterroute()
Thu, 30 Jan 2025 13:50:43 -0500 [2603:9000:f801:55e2:6c8c:623b:47a3:a516] [/home/u991737198/domains/tas2023.online/public_html/lib/base.php:1871] Base->call()
Thu, 30 Jan 2025 13:50:43 -0500 [2603:9000:f801:55e2:6c8c:623b:47a3:a516] [/home/u991737198/domains/tas2023.online/public_html/index.php:19] Base->run()
Thu, 30 Jan 2025 13:50:48 -0500 [2603:9000:f801:55e2:6c8c:623b:47a3:a516] 500: Undefined variable $fechapicker trace: [/home/u991737198/domains/tas2023.online/public_html/tmp/3hn69l4qoa804.22phmm30e0u84.php:333]
Thu, 30 Jan 2025 13:50:48 -0500 [2603:9000:f801:55e2:6c8c:623b:47a3:a516] [/home/u991737198/domains/tas2023.online/public_html/tmp/3hn69l4qoa804.22phmm30e0u84.php:333] Base->{closure}()
Thu, 30 Jan 2025 13:50:48 -0500 [2603:9000:f801:55e2:6c8c:623b:47a3:a516] [/home/u991737198/domains/tas2023.online/public_html/lib/base.php:3036] require('/home/u991737198/domains/tas2023.online/public_html/tmp/3hn69l4qoa804.22phmm30e0u84.php')
Thu, 30 Jan 2025 13:50:48 -0500 [2603:9000:f801:55e2:6c8c:623b:47a3:a516] [/home/u991737198/domains/tas2023.online/public_html/lib/base.php:3281] View->sandbox()
Thu, 30 Jan 2025 13:50:48 -0500 [2603:9000:f801:55e2:6c8c:623b:47a3:a516] [/home/u991737198/domains/tas2023.online/public_html/tmp/3hn69l4qoa804.3h31n1yj254w8.php:7] Preview->render()
Thu, 30 Jan 2025 13:50:48 -0500 [2603:9000:f801:55e2:6c8c:623b:47a3:a516] [/home/u991737198/domains/tas2023.online/public_html/lib/base.php:3036] require('/home/u991737198/domains/tas2023.online/public_html/tmp/3hn69l4qoa804.3h31n1yj254w8.php')
Thu, 30 Jan 2025 13:50:48 -0500 [2603:9000:f801:55e2:6c8c:623b:47a3:a516] [/home/u991737198/domains/tas2023.online/public_html/lib/base.php:3281] View->sandbox()
Thu, 30 Jan 2025 13:50:48 -0500 [2603:9000:f801:55e2:6c8c:623b:47a3:a516] [/home/u991737198/domains/tas2023.online/public_html/app/controllers/Controller.php:87] Preview->render()
Thu, 30 Jan 2025 13:50:48 -0500 [2603:9000:f801:55e2:6c8c:623b:47a3:a516] [/home/u991737198/domains/tas2023.online/public_html/lib/base.php:2078] Controller->afterroute()
Thu, 30 Jan 2025 13:50:48 -0500 [2603:9000:f801:55e2:6c8c:623b:47a3:a516] [/home/u991737198/domains/tas2023.online/public_html/lib/base.php:1871] Base->call()
Thu, 30 Jan 2025 13:50:48 -0500 [2603:9000:f801:55e2:6c8c:623b:47a3:a516] [/home/u991737198/domains/tas2023.online/public_html/index.php:19] Base->run()
Thu, 30 Jan 2025 13:50:51 -0500 [2603:9000:f801:55e2:6c8c:623b:47a3:a516] 500: Undefined variable $fechapicker trace: [/home/u991737198/domains/tas2023.online/public_html/tmp/3hn69l4qoa804.22phmm30e0u84.php:333]
Thu, 30 Jan 2025 13:50:51 -0500 [2603:9000:f801:55e2:6c8c:623b:47a3:a516] [/home/u991737198/domains/tas2023.online/public_html/tmp/3hn69l4qoa804.22phmm30e0u84.php:333] Base->{closure}()
Thu, 30 Jan 2025 13:50:51 -0500 [2603:9000:f801:55e2:6c8c:623b:47a3:a516] [/home/u991737198/domains/tas2023.online/public_html/lib/base.php:3036] require('/home/u991737198/domains/tas2023.online/public_html/tmp/3hn69l4qoa804.22phmm30e0u84.php')
Thu, 30 Jan 2025 13:50:51 -0500 [2603:9000:f801:55e2:6c8c:623b:47a3:a516] [/home/u991737198/domains/tas2023.online/public_html/lib/base.php:3281] View->sandbox()
Thu, 30 Jan 2025 13:50:51 -0500 [2603:9000:f801:55e2:6c8c:623b:47a3:a516] [/home/u991737198/domains/tas2023.online/public_html/tmp/3hn69l4qoa804.3h31n1yj254w8.php:7] Preview->render()
Thu, 30 Jan 2025 13:50:51 -0500 [2603:9000:f801:55e2:6c8c:623b:47a3:a516] [/home/u991737198/domains/tas2023.online/public_html/lib/base.php:3036] require('/home/u991737198/domains/tas2023.online/public_html/tmp/3hn69l4qoa804.3h31n1yj254w8.php')
Thu, 30 Jan 2025 13:50:51 -0500 [2603:9000:f801:55e2:6c8c:623b:47a3:a516] [/home/u991737198/domains/tas2023.online/public_html/lib/base.php:3281] View->sandbox()
Thu, 30 Jan 2025 13:50:51 -0500 [2603:9000:f801:55e2:6c8c:623b:47a3:a516] [/home/u991737198/domains/tas2023.online/public_html/app/controllers/Controller.php:87] Preview->render()
Thu, 30 Jan 2025 13:50:51 -0500 [2603:9000:f801:55e2:6c8c:623b:47a3:a516] [/home/u991737198/domains/tas2023.online/public_html/lib/base.php:2078] Controller->afterroute()
Thu, 30 Jan 2025 13:50:51 -0500 [2603:9000:f801:55e2:6c8c:623b:47a3:a516] [/home/u991737198/domains/tas2023.online/public_html/lib/base.php:1871] Base->call()
Thu, 30 Jan 2025 13:50:51 -0500 [2603:9000:f801:55e2:6c8c:623b:47a3:a516] [/home/u991737198/domains/tas2023.online/public_html/index.php:19] Base->run()
Thu, 30 Jan 2025 13:50:52 -0500 [2603:9000:f801:55e2:6c8c:623b:47a3:a516] 500: Undefined variable $fechapicker trace: [/home/u991737198/domains/tas2023.online/public_html/tmp/3hn69l4qoa804.22phmm30e0u84.php:333]
Thu, 30 Jan 2025 13:50:52 -0500 [2603:9000:f801:55e2:6c8c:623b:47a3:a516] [/home/u991737198/domains/tas2023.online/public_html/tmp/3hn69l4qoa804.22phmm30e0u84.php:333] Base->{closure}()
Thu, 30 Jan 2025 13:50:52 -0500 [2603:9000:f801:55e2:6c8c:623b:47a3:a516] [/home/u991737198/domains/tas2023.online/public_html/lib/base.php:3036] require('/home/u991737198/domains/tas2023.online/public_html/tmp/3hn69l4qoa804.22phmm30e0u84.php')
Thu, 30 Jan 2025 13:50:52 -0500 [2603:9000:f801:55e2:6c8c:623b:47a3:a516] [/home/u991737198/domains/tas2023.online/public_html/lib/base.php:3281] View->sandbox()
Thu, 30 Jan 2025 13:50:52 -0500 [2603:9000:f801:55e2:6c8c:623b:47a3:a516] [/home/u991737198/domains/tas2023.online/public_html/tmp/3hn69l4qoa804.3h31n1yj254w8.php:7] Preview->render()
Thu, 30 Jan 2025 13:50:52 -0500 [2603:9000:f801:55e2:6c8c:623b:47a3:a516] [/home/u991737198/domains/tas2023.online/public_html/lib/base.php:3036] require('/home/u991737198/domains/tas2023.online/public_html/tmp/3hn69l4qoa804.3h31n1yj254w8.php')
Thu, 30 Jan 2025 13:50:52 -0500 [2603:9000:f801:55e2:6c8c:623b:47a3:a516] [/home/u991737198/domains/tas2023.online/public_html/lib/base.php:3281] View->sandbox()
Thu, 30 Jan 2025 13:50:52 -0500 [2603:9000:f801:55e2:6c8c:623b:47a3:a516] [/home/u991737198/domains/tas2023.online/public_html/app/controllers/Controller.php:87] Preview->render()
Thu, 30 Jan 2025 13:50:52 -0500 [2603:9000:f801:55e2:6c8c:623b:47a3:a516] [/home/u991737198/domains/tas2023.online/public_html/lib/base.php:2078] Controller->afterroute()
Thu, 30 Jan 2025 13:50:52 -0500 [2603:9000:f801:55e2:6c8c:623b:47a3:a516] [/home/u991737198/domains/tas2023.online/public_html/lib/base.php:1871] Base->call()
Thu, 30 Jan 2025 13:50:52 -0500 [2603:9000:f801:55e2:6c8c:623b:47a3:a516] [/home/u991737198/domains/tas2023.online/public_html/index.php:19] Base->run()
Thu, 30 Jan 2025 13:50:53 -0500 [2603:9000:f801:55e2:6c8c:623b:47a3:a516] 500: Undefined variable $fechapicker trace: [/home/u991737198/domains/tas2023.online/public_html/tmp/3hn69l4qoa804.22phmm30e0u84.php:333]
Thu, 30 Jan 2025 13:50:53 -0500 [2603:9000:f801:55e2:6c8c:623b:47a3:a516] [/home/u991737198/domains/tas2023.online/public_html/tmp/3hn69l4qoa804.22phmm30e0u84.php:333] Base->{closure}()
Thu, 30 Jan 2025 13:50:53 -0500 [2603:9000:f801:55e2:6c8c:623b:47a3:a516] [/home/u991737198/domains/tas2023.online/public_html/lib/base.php:3036] require('/home/u991737198/domains/tas2023.online/public_html/tmp/3hn69l4qoa804.22phmm30e0u84.php')
Thu, 30 Jan 2025 13:50:53 -0500 [2603:9000:f801:55e2:6c8c:623b:47a3:a516] [/home/u991737198/domains/tas2023.online/public_html/lib/base.php:3281] View->sandbox()
Thu, 30 Jan 2025 13:50:53 -0500 [2603:9000:f801:55e2:6c8c:623b:47a3:a516] [/home/u991737198/domains/tas2023.online/public_html/tmp/3hn69l4qoa804.3h31n1yj254w8.php:7] Preview->render()
Thu, 30 Jan 2025 13:50:53 -0500 [2603:9000:f801:55e2:6c8c:623b:47a3:a516] [/home/u991737198/domains/tas2023.online/public_html/lib/base.php:3036] require('/home/u991737198/domains/tas2023.online/public_html/tmp/3hn69l4qoa804.3h31n1yj254w8.php')
Thu, 30 Jan 2025 13:50:53 -0500 [2603:9000:f801:55e2:6c8c:623b:47a3:a516] [/home/u991737198/domains/tas2023.online/public_html/lib/base.php:3281] View->sandbox()
Thu, 30 Jan 2025 13:50:53 -0500 [2603:9000:f801:55e2:6c8c:623b:47a3:a516] [/home/u991737198/domains/tas2023.online/public_html/app/controllers/Controller.php:87] Preview->render()
Thu, 30 Jan 2025 13:50:53 -0500 [2603:9000:f801:55e2:6c8c:623b:47a3:a516] [/home/u991737198/domains/tas2023.online/public_html/lib/base.php:2078] Controller->afterroute()
Thu, 30 Jan 2025 13:50:53 -0500 [2603:9000:f801:55e2:6c8c:623b:47a3:a516] [/home/u991737198/domains/tas2023.online/public_html/lib/base.php:1871] Base->call()
Thu, 30 Jan 2025 13:50:53 -0500 [2603:9000:f801:55e2:6c8c:623b:47a3:a516] [/home/u991737198/domains/tas2023.online/public_html/index.php:19] Base->run()
Thu, 30 Jan 2025 13:50:55 -0500 [2603:9000:f801:55e2:6c8c:623b:47a3:a516] 500: Undefined variable $fechapicker trace: [/home/u991737198/domains/tas2023.online/public_html/tmp/3hn69l4qoa804.22phmm30e0u84.php:333]
Thu, 30 Jan 2025 13:50:55 -0500 [2603:9000:f801:55e2:6c8c:623b:47a3:a516] [/home/u991737198/domains/tas2023.online/public_html/tmp/3hn69l4qoa804.22phmm30e0u84.php:333] Base->{closure}()
Thu, 30 Jan 2025 13:50:55 -0500 [2603:9000:f801:55e2:6c8c:623b:47a3:a516] [/home/u991737198/domains/tas2023.online/public_html/lib/base.php:3036] require('/home/u991737198/domains/tas2023.online/public_html/tmp/3hn69l4qoa804.22phmm30e0u84.php')
Thu, 30 Jan 2025 13:50:55 -0500 [2603:9000:f801:55e2:6c8c:623b:47a3:a516] [/home/u991737198/domains/tas2023.online/public_html/lib/base.php:3281] View->sandbox()
Thu, 30 Jan 2025 13:50:55 -0500 [2603:9000:f801:55e2:6c8c:623b:47a3:a516] [/home/u991737198/domains/tas2023.online/public_html/tmp/3hn69l4qoa804.3h31n1yj254w8.php:7] Preview->render()
Thu, 30 Jan 2025 13:50:55 -0500 [2603:9000:f801:55e2:6c8c:623b:47a3:a516] [/home/u991737198/domains/tas2023.online/public_html/lib/base.php:3036] require('/home/u991737198/domains/tas2023.online/public_html/tmp/3hn69l4qoa804.3h31n1yj254w8.php')
Thu, 30 Jan 2025 13:50:55 -0500 [2603:9000:f801:55e2:6c8c:623b:47a3:a516] [/home/u991737198/domains/tas2023.online/public_html/lib/base.php:3281] View->sandbox()
Thu, 30 Jan 2025 13:50:55 -0500 [2603:9000:f801:55e2:6c8c:623b:47a3:a516] [/home/u991737198/domains/tas2023.online/public_html/app/controllers/Controller.php:87] Preview->render()
Thu, 30 Jan 2025 13:50:55 -0500 [2603:9000:f801:55e2:6c8c:623b:47a3:a516] [/home/u991737198/domains/tas2023.online/public_html/lib/base.php:2078] Controller->afterroute()
Thu, 30 Jan 2025 13:50:55 -0500 [2603:9000:f801:55e2:6c8c:623b:47a3:a516] [/home/u991737198/domains/tas2023.online/public_html/lib/base.php:1871] Base->call()
Thu, 30 Jan 2025 13:50:55 -0500 [2603:9000:f801:55e2:6c8c:623b:47a3:a516] [/home/u991737198/domains/tas2023.online/public_html/index.php:19] Base->run()
Thu, 30 Jan 2025 13:50:56 -0500 [2603:9000:f801:55e2:6c8c:623b:47a3:a516] 500: Undefined variable $fechapicker trace: [/home/u991737198/domains/tas2023.online/public_html/tmp/3hn69l4qoa804.22phmm30e0u84.php:333]
Thu, 30 Jan 2025 13:50:56 -0500 [2603:9000:f801:55e2:6c8c:623b:47a3:a516] [/home/u991737198/domains/tas2023.online/public_html/tmp/3hn69l4qoa804.22phmm30e0u84.php:333] Base->{closure}()
Thu, 30 Jan 2025 13:50:56 -0500 [2603:9000:f801:55e2:6c8c:623b:47a3:a516] [/home/u991737198/domains/tas2023.online/public_html/lib/base.php:3036] require('/home/u991737198/domains/tas2023.online/public_html/tmp/3hn69l4qoa804.22phmm30e0u84.php')
Thu, 30 Jan 2025 13:50:56 -0500 [2603:9000:f801:55e2:6c8c:623b:47a3:a516] [/home/u991737198/domains/tas2023.online/public_html/lib/base.php:3281] View->sandbox()
Thu, 30 Jan 2025 13:50:56 -0500 [2603:9000:f801:55e2:6c8c:623b:47a3:a516] [/home/u991737198/domains/tas2023.online/public_html/tmp/3hn69l4qoa804.3h31n1yj254w8.php:7] Preview->render()
Thu, 30 Jan 2025 13:50:56 -0500 [2603:9000:f801:55e2:6c8c:623b:47a3:a516] [/home/u991737198/domains/tas2023.online/public_html/lib/base.php:3036] require('/home/u991737198/domains/tas2023.online/public_html/tmp/3hn69l4qoa804.3h31n1yj254w8.php')
Thu, 30 Jan 2025 13:50:56 -0500 [2603:9000:f801:55e2:6c8c:623b:47a3:a516] [/home/u991737198/domains/tas2023.online/public_html/lib/base.php:3281] View->sandbox()
Thu, 30 Jan 2025 13:50:56 -0500 [2603:9000:f801:55e2:6c8c:623b:47a3:a516] [/home/u991737198/domains/tas2023.online/public_html/app/controllers/Controller.php:87] Preview->render()
Thu, 30 Jan 2025 13:50:56 -0500 [2603:9000:f801:55e2:6c8c:623b:47a3:a516] [/home/u991737198/domains/tas2023.online/public_html/lib/base.php:2078] Controller->afterroute()
Thu, 30 Jan 2025 13:50:56 -0500 [2603:9000:f801:55e2:6c8c:623b:47a3:a516] [/home/u991737198/domains/tas2023.online/public_html/lib/base.php:1871] Base->call()
Thu, 30 Jan 2025 13:50:56 -0500 [2603:9000:f801:55e2:6c8c:623b:47a3:a516] [/home/u991737198/domains/tas2023.online/public_html/index.php:19] Base->run()
Thu, 30 Jan 2025 13:51:12 -0500 [2603:9000:f801:55e2:6c8c:623b:47a3:a516] 500: Undefined variable $selected_note trace: [/home/u991737198/domains/tas2023.online/public_html/tmp/3hn69l4qoa804.3g8shy2588w00.php:374]
Thu, 30 Jan 2025 13:51:12 -0500 [2603:9000:f801:55e2:6c8c:623b:47a3:a516] [/home/u991737198/domains/tas2023.online/public_html/tmp/3hn69l4qoa804.3g8shy2588w00.php:374] Base->{closure}()
Thu, 30 Jan 2025 13:51:12 -0500 [2603:9000:f801:55e2:6c8c:623b:47a3:a516] [/home/u991737198/domains/tas2023.online/public_html/lib/base.php:3036] require('/home/u991737198/domains/tas2023.online/public_html/tmp/3hn69l4qoa804.3g8shy2588w00.php')
Thu, 30 Jan 2025 13:51:12 -0500 [2603:9000:f801:55e2:6c8c:623b:47a3:a516] [/home/u991737198/domains/tas2023.online/public_html/lib/base.php:3281] View->sandbox()
Thu, 30 Jan 2025 13:51:12 -0500 [2603:9000:f801:55e2:6c8c:623b:47a3:a516] [/home/u991737198/domains/tas2023.online/public_html/tmp/3hn69l4qoa804.3h31n1yj254w8.php:7] Preview->render()
Thu, 30 Jan 2025 13:51:12 -0500 [2603:9000:f801:55e2:6c8c:623b:47a3:a516] [/home/u991737198/domains/tas2023.online/public_html/lib/base.php:3036] require('/home/u991737198/domains/tas2023.online/public_html/tmp/3hn69l4qoa804.3h31n1yj254w8.php')
Thu, 30 Jan 2025 13:51:12 -0500 [2603:9000:f801:55e2:6c8c:623b:47a3:a516] [/home/u991737198/domains/tas2023.online/public_html/lib/base.php:3281] View->sandbox()
Thu, 30 Jan 2025 13:51:12 -0500 [2603:9000:f801:55e2:6c8c:623b:47a3:a516] [/home/u991737198/domains/tas2023.online/public_html/app/controllers/Controller.php:87] Preview->render()
Thu, 30 Jan 2025 13:51:12 -0500 [2603:9000:f801:55e2:6c8c:623b:47a3:a516] [/home/u991737198/domains/tas2023.online/public_html/lib/base.php:2078] Controller->afterroute()
Thu, 30 Jan 2025 13:51:12 -0500 [2603:9000:f801:55e2:6c8c:623b:47a3:a516] [/home/u991737198/domains/tas2023.online/public_html/lib/base.php:1871] Base->call()
Thu, 30 Jan 2025 13:51:12 -0500 [2603:9000:f801:55e2:6c8c:623b:47a3:a516] [/home/u991737198/domains/tas2023.online/public_html/index.php:19] Base->run()
Thu, 30 Jan 2025 13:54:45 -0500 [2603:9000:f801:55e2:6c8c:623b:47a3:a516] 500: Undefined variable $fechapicker trace: [/home/u991737198/domains/tas2023.online/public_html/tmp/3hn69l4qoa804.22phmm30e0u84.php:334]
Thu, 30 Jan 2025 13:54:45 -0500 [2603:9000:f801:55e2:6c8c:623b:47a3:a516] [/home/u991737198/domains/tas2023.online/public_html/tmp/3hn69l4qoa804.22phmm30e0u84.php:334] Base->{closure}()
Thu, 30 Jan 2025 13:54:45 -0500 [2603:9000:f801:55e2:6c8c:623b:47a3:a516] [/home/u991737198/domains/tas2023.online/public_html/lib/base.php:3036] require('/home/u991737198/domains/tas2023.online/public_html/tmp/3hn69l4qoa804.22phmm30e0u84.php')
Thu, 30 Jan 2025 13:54:45 -0500 [2603:9000:f801:55e2:6c8c:623b:47a3:a516] [/home/u991737198/domains/tas2023.online/public_html/lib/base.php:3281] View->sandbox()
Thu, 30 Jan 2025 13:54:45 -0500 [2603:9000:f801:55e2:6c8c:623b:47a3:a516] [/home/u991737198/domains/tas2023.online/public_html/tmp/3hn69l4qoa804.3h31n1yj254w8.php:7] Preview->render()
Thu, 30 Jan 2025 13:54:45 -0500 [2603:9000:f801:55e2:6c8c:623b:47a3:a516] [/home/u991737198/domains/tas2023.online/public_html/lib/base.php:3036] require('/home/u991737198/domains/tas2023.online/public_html/tmp/3hn69l4qoa804.3h31n1yj254w8.php')
Thu, 30 Jan 2025 13:54:45 -0500 [2603:9000:f801:55e2:6c8c:623b:47a3:a516] [/home/u991737198/domains/tas2023.online/public_html/lib/base.php:3281] View->sandbox()
Thu, 30 Jan 2025 13:54:45 -0500 [2603:9000:f801:55e2:6c8c:623b:47a3:a516] [/home/u991737198/domains/tas2023.online/public_html/app/controllers/Controller.php:87] Preview->render()
Thu, 30 Jan 2025 13:54:45 -0500 [2603:9000:f801:55e2:6c8c:623b:47a3:a516] [/home/u991737198/domains/tas2023.online/public_html/lib/base.php:2078] Controller->afterroute()
Thu, 30 Jan 2025 13:54:45 -0500 [2603:9000:f801:55e2:6c8c:623b:47a3:a516] [/home/u991737198/domains/tas2023.online/public_html/lib/base.php:1871] Base->call()
Thu, 30 Jan 2025 13:54:45 -0500 [2603:9000:f801:55e2:6c8c:623b:47a3:a516] [/home/u991737198/domains/tas2023.online/public_html/index.php:19] Base->run()
Thu, 30 Jan 2025 13:54:47 -0500 [2603:9000:f801:55e2:6c8c:623b:47a3:a516] 500: Undefined variable $getTaskStatusName trace: [/home/u991737198/domains/tas2023.online/public_html/tmp/3hn69l4qoa804.22phmm30e0u84.php:140]
Thu, 30 Jan 2025 13:54:47 -0500 [2603:9000:f801:55e2:6c8c:623b:47a3:a516] [/home/u991737198/domains/tas2023.online/public_html/tmp/3hn69l4qoa804.22phmm30e0u84.php:140] Base->{closure}()
Thu, 30 Jan 2025 13:54:47 -0500 [2603:9000:f801:55e2:6c8c:623b:47a3:a516] [/home/u991737198/domains/tas2023.online/public_html/lib/base.php:3036] require('/home/u991737198/domains/tas2023.online/public_html/tmp/3hn69l4qoa804.22phmm30e0u84.php')
Thu, 30 Jan 2025 13:54:47 -0500 [2603:9000:f801:55e2:6c8c:623b:47a3:a516] [/home/u991737198/domains/tas2023.online/public_html/lib/base.php:3281] View->sandbox()
Thu, 30 Jan 2025 13:54:47 -0500 [2603:9000:f801:55e2:6c8c:623b:47a3:a516] [/home/u991737198/domains/tas2023.online/public_html/tmp/3hn69l4qoa804.3h31n1yj254w8.php:7] Preview->render()
Thu, 30 Jan 2025 13:54:47 -0500 [2603:9000:f801:55e2:6c8c:623b:47a3:a516] [/home/u991737198/domains/tas2023.online/public_html/lib/base.php:3036] require('/home/u991737198/domains/tas2023.online/public_html/tmp/3hn69l4qoa804.3h31n1yj254w8.php')
Thu, 30 Jan 2025 13:54:47 -0500 [2603:9000:f801:55e2:6c8c:623b:47a3:a516] [/home/u991737198/domains/tas2023.online/public_html/lib/base.php:3281] View->sandbox()
Thu, 30 Jan 2025 13:54:47 -0500 [2603:9000:f801:55e2:6c8c:623b:47a3:a516] [/home/u991737198/domains/tas2023.online/public_html/app/controllers/Controller.php:87] Preview->render()
Thu, 30 Jan 2025 13:54:47 -0500 [2603:9000:f801:55e2:6c8c:623b:47a3:a516] [/home/u991737198/domains/tas2023.online/public_html/lib/base.php:2078] Controller->afterroute()
Thu, 30 Jan 2025 13:54:47 -0500 [2603:9000:f801:55e2:6c8c:623b:47a3:a516] [/home/u991737198/domains/tas2023.online/public_html/lib/base.php:1871] Base->call()
Thu, 30 Jan 2025 13:54:47 -0500 [2603:9000:f801:55e2:6c8c:623b:47a3:a516] [/home/u991737198/domains/tas2023.online/public_html/index.php:19] Base->run()
Thu, 30 Jan 2025 13:57:36 -0500 [2603:9000:f801:55e2:6c8c:623b:47a3:a516] 500: Undefined variable $fechapicker trace: [/home/u991737198/domains/tas2023.online/public_html/tmp/3hn69l4qoa804.22phmm30e0u84.php:334]
Thu, 30 Jan 2025 13:57:36 -0500 [2603:9000:f801:55e2:6c8c:623b:47a3:a516] [/home/u991737198/domains/tas2023.online/public_html/tmp/3hn69l4qoa804.22phmm30e0u84.php:334] Base->{closure}()
Thu, 30 Jan 2025 13:57:36 -0500 [2603:9000:f801:55e2:6c8c:623b:47a3:a516] [/home/u991737198/domains/tas2023.online/public_html/lib/base.php:3036] require('/home/u991737198/domains/tas2023.online/public_html/tmp/3hn69l4qoa804.22phmm30e0u84.php')
Thu, 30 Jan 2025 13:57:36 -0500 [2603:9000:f801:55e2:6c8c:623b:47a3:a516] [/home/u991737198/domains/tas2023.online/public_html/lib/base.php:3281] View->sandbox()
Thu, 30 Jan 2025 13:57:36 -0500 [2603:9000:f801:55e2:6c8c:623b:47a3:a516] [/home/u991737198/domains/tas2023.online/public_html/tmp/3hn69l4qoa804.3h31n1yj254w8.php:7] Preview->render()
Thu, 30 Jan 2025 13:57:36 -0500 [2603:9000:f801:55e2:6c8c:623b:47a3:a516] [/home/u991737198/domains/tas2023.online/public_html/lib/base.php:3036] require('/home/u991737198/domains/tas2023.online/public_html/tmp/3hn69l4qoa804.3h31n1yj254w8.php')
Thu, 30 Jan 2025 13:57:36 -0500 [2603:9000:f801:55e2:6c8c:623b:47a3:a516] [/home/u991737198/domains/tas2023.online/public_html/lib/base.php:3281] View->sandbox()
Thu, 30 Jan 2025 13:57:36 -0500 [2603:9000:f801:55e2:6c8c:623b:47a3:a516] [/home/u991737198/domains/tas2023.online/public_html/app/controllers/Controller.php:87] Preview->render()
Thu, 30 Jan 2025 13:57:36 -0500 [2603:9000:f801:55e2:6c8c:623b:47a3:a516] [/home/u991737198/domains/tas2023.online/public_html/lib/base.php:2078] Controller->afterroute()
Thu, 30 Jan 2025 13:57:36 -0500 [2603:9000:f801:55e2:6c8c:623b:47a3:a516] [/home/u991737198/domains/tas2023.online/public_html/lib/base.php:1871] Base->call()
Thu, 30 Jan 2025 13:57:36 -0500 [2603:9000:f801:55e2:6c8c:623b:47a3:a516] [/home/u991737198/domains/tas2023.online/public_html/index.php:19] Base->run()
Thu, 30 Jan 2025 13:57:39 -0500 [2603:9000:f801:55e2:6c8c:623b:47a3:a516] 500: Undefined variable $fechapicker trace: [/home/u991737198/domains/tas2023.online/public_html/tmp/3hn69l4qoa804.22phmm30e0u84.php:334]
Thu, 30 Jan 2025 13:57:39 -0500 [2603:9000:f801:55e2:6c8c:623b:47a3:a516] [/home/u991737198/domains/tas2023.online/public_html/tmp/3hn69l4qoa804.22phmm30e0u84.php:334] Base->{closure}()
Thu, 30 Jan 2025 13:57:39 -0500 [2603:9000:f801:55e2:6c8c:623b:47a3:a516] [/home/u991737198/domains/tas2023.online/public_html/lib/base.php:3036] require('/home/u991737198/domains/tas2023.online/public_html/tmp/3hn69l4qoa804.22phmm30e0u84.php')
Thu, 30 Jan 2025 13:57:39 -0500 [2603:9000:f801:55e2:6c8c:623b:47a3:a516] [/home/u991737198/domains/tas2023.online/public_html/lib/base.php:3281] View->sandbox()
Thu, 30 Jan 2025 13:57:39 -0500 [2603:9000:f801:55e2:6c8c:623b:47a3:a516] [/home/u991737198/domains/tas2023.online/public_html/tmp/3hn69l4qoa804.3h31n1yj254w8.php:7] Preview->render()
Thu, 30 Jan 2025 13:57:39 -0500 [2603:9000:f801:55e2:6c8c:623b:47a3:a516] [/home/u991737198/domains/tas2023.online/public_html/lib/base.php:3036] require('/home/u991737198/domains/tas2023.online/public_html/tmp/3hn69l4qoa804.3h31n1yj254w8.php')
Thu, 30 Jan 2025 13:57:39 -0500 [2603:9000:f801:55e2:6c8c:623b:47a3:a516] [/home/u991737198/domains/tas2023.online/public_html/lib/base.php:3281] View->sandbox()
Thu, 30 Jan 2025 13:57:39 -0500 [2603:9000:f801:55e2:6c8c:623b:47a3:a516] [/home/u991737198/domains/tas2023.online/public_html/app/controllers/Controller.php:87] Preview->render()
Thu, 30 Jan 2025 13:57:39 -0500 [2603:9000:f801:55e2:6c8c:623b:47a3:a516] [/home/u991737198/domains/tas2023.online/public_html/lib/base.php:2078] Controller->afterroute()
Thu, 30 Jan 2025 13:57:39 -0500 [2603:9000:f801:55e2:6c8c:623b:47a3:a516] [/home/u991737198/domains/tas2023.online/public_html/lib/base.php:1871] Base->call()
Thu, 30 Jan 2025 13:57:39 -0500 [2603:9000:f801:55e2:6c8c:623b:47a3:a516] [/home/u991737198/domains/tas2023.online/public_html/index.php:19] Base->run()
Thu, 30 Jan 2025 13:57:51 -0500 [2603:9000:f801:55e2:6c8c:623b:47a3:a516] 500: Undefined variable $selected_note trace: [/home/u991737198/domains/tas2023.online/public_html/tmp/3hn69l4qoa804.3g8shy2588w00.php:374]
Thu, 30 Jan 2025 13:57:51 -0500 [2603:9000:f801:55e2:6c8c:623b:47a3:a516] [/home/u991737198/domains/tas2023.online/public_html/tmp/3hn69l4qoa804.3g8shy2588w00.php:374] Base->{closure}()
Thu, 30 Jan 2025 13:57:51 -0500 [2603:9000:f801:55e2:6c8c:623b:47a3:a516] [/home/u991737198/domains/tas2023.online/public_html/lib/base.php:3036] require('/home/u991737198/domains/tas2023.online/public_html/tmp/3hn69l4qoa804.3g8shy2588w00.php')
Thu, 30 Jan 2025 13:57:51 -0500 [2603:9000:f801:55e2:6c8c:623b:47a3:a516] [/home/u991737198/domains/tas2023.online/public_html/lib/base.php:3281] View->sandbox()
Thu, 30 Jan 2025 13:57:51 -0500 [2603:9000:f801:55e2:6c8c:623b:47a3:a516] [/home/u991737198/domains/tas2023.online/public_html/tmp/3hn69l4qoa804.3h31n1yj254w8.php:7] Preview->render()
Thu, 30 Jan 2025 13:57:51 -0500 [2603:9000:f801:55e2:6c8c:623b:47a3:a516] [/home/u991737198/domains/tas2023.online/public_html/lib/base.php:3036] require('/home/u991737198/domains/tas2023.online/public_html/tmp/3hn69l4qoa804.3h31n1yj254w8.php')
Thu, 30 Jan 2025 13:57:51 -0500 [2603:9000:f801:55e2:6c8c:623b:47a3:a516] [/home/u991737198/domains/tas2023.online/public_html/lib/base.php:3281] View->sandbox()
Thu, 30 Jan 2025 13:57:51 -0500 [2603:9000:f801:55e2:6c8c:623b:47a3:a516] [/home/u991737198/domains/tas2023.online/public_html/app/controllers/Controller.php:87] Preview->render()
Thu, 30 Jan 2025 13:57:51 -0500 [2603:9000:f801:55e2:6c8c:623b:47a3:a516] [/home/u991737198/domains/tas2023.online/public_html/lib/base.php:2078] Controller->afterroute()
Thu, 30 Jan 2025 13:57:51 -0500 [2603:9000:f801:55e2:6c8c:623b:47a3:a516] [/home/u991737198/domains/tas2023.online/public_html/lib/base.php:1871] Base->call()
Thu, 30 Jan 2025 13:57:51 -0500 [2603:9000:f801:55e2:6c8c:623b:47a3:a516] [/home/u991737198/domains/tas2023.online/public_html/index.php:19] Base->run()
Thu, 30 Jan 2025 13:58:03 -0500 [2603:9000:f801:55e2:6c8c:623b:47a3:a516] 500: Undefined variable $entity_num trace: [tmp/3hn69l4qoa804.man4oes5p0l2.php:176]
Thu, 30 Jan 2025 13:58:03 -0500 [2603:9000:f801:55e2:6c8c:623b:47a3:a516] [tmp/3hn69l4qoa804.man4oes5p0l2.php:176] Base->{closure}()
Thu, 30 Jan 2025 13:58:03 -0500 [2603:9000:f801:55e2:6c8c:623b:47a3:a516] [lib/base.php:3036] require('/home/u991737198/domains/tas2023.online/public_html/tmp/3hn69l4qoa804.man4oes5p0l2.php')
Thu, 30 Jan 2025 13:58:03 -0500 [2603:9000:f801:55e2:6c8c:623b:47a3:a516] [lib/base.php:3281] View->sandbox()
Thu, 30 Jan 2025 13:58:03 -0500 [2603:9000:f801:55e2:6c8c:623b:47a3:a516] [tmp/3hn69l4qoa804.3h31n1yj254w8.php:7] Preview->render()
Thu, 30 Jan 2025 13:58:03 -0500 [2603:9000:f801:55e2:6c8c:623b:47a3:a516] [lib/base.php:3036] require('/home/u991737198/domains/tas2023.online/public_html/tmp/3hn69l4qoa804.3h31n1yj254w8.php')
Thu, 30 Jan 2025 13:58:03 -0500 [2603:9000:f801:55e2:6c8c:623b:47a3:a516] [lib/base.php:3281] View->sandbox()
Thu, 30 Jan 2025 13:58:03 -0500 [2603:9000:f801:55e2:6c8c:623b:47a3:a516] [app/controllers/Controller.php:87] Preview->render()
Thu, 30 Jan 2025 13:58:03 -0500 [2603:9000:f801:55e2:6c8c:623b:47a3:a516] [lib/base.php:2078] Controller->afterroute()
Thu, 30 Jan 2025 13:58:03 -0500 [2603:9000:f801:55e2:6c8c:623b:47a3:a516] [lib/base.php:1871] Base->call()
Thu, 30 Jan 2025 13:58:03 -0500 [2603:9000:f801:55e2:6c8c:623b:47a3:a516] [index.php:19] Base->run()
Thu, 30 Jan 2025 13:59:49 -0500 [2603:9000:f801:55e2:6c8c:623b:47a3:a516] 500: Undefined variable $current_task_status_name trace: [/home/u991737198/domains/tas2023.online/public_html/tmp/3hn69l4qoa804.3g8shy2588w00.php:79]
Thu, 30 Jan 2025 13:59:49 -0500 [2603:9000:f801:55e2:6c8c:623b:47a3:a516] [/home/u991737198/domains/tas2023.online/public_html/tmp/3hn69l4qoa804.3g8shy2588w00.php:79] Base->{closure}()
Thu, 30 Jan 2025 13:59:49 -0500 [2603:9000:f801:55e2:6c8c:623b:47a3:a516] [/home/u991737198/domains/tas2023.online/public_html/lib/base.php:3036] require('/home/u991737198/domains/tas2023.online/public_html/tmp/3hn69l4qoa804.3g8shy2588w00.php')
Thu, 30 Jan 2025 13:59:49 -0500 [2603:9000:f801:55e2:6c8c:623b:47a3:a516] [/home/u991737198/domains/tas2023.online/public_html/lib/base.php:3281] View->sandbox()
Thu, 30 Jan 2025 13:59:49 -0500 [2603:9000:f801:55e2:6c8c:623b:47a3:a516] [/home/u991737198/domains/tas2023.online/public_html/tmp/3hn69l4qoa804.3h31n1yj254w8.php:7] Preview->render()
Thu, 30 Jan 2025 13:59:49 -0500 [2603:9000:f801:55e2:6c8c:623b:47a3:a516] [/home/u991737198/domains/tas2023.online/public_html/lib/base.php:3036] require('/home/u991737198/domains/tas2023.online/public_html/tmp/3hn69l4qoa804.3h31n1yj254w8.php')
Thu, 30 Jan 2025 13:59:49 -0500 [2603:9000:f801:55e2:6c8c:623b:47a3:a516] [/home/u991737198/domains/tas2023.online/public_html/lib/base.php:3281] View->sandbox()
Thu, 30 Jan 2025 13:59:49 -0500 [2603:9000:f801:55e2:6c8c:623b:47a3:a516] [/home/u991737198/domains/tas2023.online/public_html/app/controllers/Controller.php:87] Preview->render()
Thu, 30 Jan 2025 13:59:49 -0500 [2603:9000:f801:55e2:6c8c:623b:47a3:a516] [/home/u991737198/domains/tas2023.online/public_html/lib/base.php:2078] Controller->afterroute()
Thu, 30 Jan 2025 13:59:49 -0500 [2603:9000:f801:55e2:6c8c:623b:47a3:a516] [/home/u991737198/domains/tas2023.online/public_html/lib/base.php:1871] Base->call()
Thu, 30 Jan 2025 13:59:49 -0500 [2603:9000:f801:55e2:6c8c:623b:47a3:a516] [/home/u991737198/domains/tas2023.online/public_html/index.php:19] Base->run()
Thu, 30 Jan 2025 14:05:02 -0500 [2603:9000:f801:55e2:6c8c:623b:47a3:a516] 500: Undefined variable $current_task_status_name trace: [/home/u991737198/domains/tas2023.online/public_html/tmp/3hn69l4qoa804.3g8shy2588w00.php:79]
Thu, 30 Jan 2025 14:05:02 -0500 [2603:9000:f801:55e2:6c8c:623b:47a3:a516] [/home/u991737198/domains/tas2023.online/public_html/tmp/3hn69l4qoa804.3g8shy2588w00.php:79] Base->{closure}()
Thu, 30 Jan 2025 14:05:02 -0500 [2603:9000:f801:55e2:6c8c:623b:47a3:a516] [/home/u991737198/domains/tas2023.online/public_html/lib/base.php:3036] require('/home/u991737198/domains/tas2023.online/public_html/tmp/3hn69l4qoa804.3g8shy2588w00.php')
Thu, 30 Jan 2025 14:05:02 -0500 [2603:9000:f801:55e2:6c8c:623b:47a3:a516] [/home/u991737198/domains/tas2023.online/public_html/lib/base.php:3281] View->sandbox()
Thu, 30 Jan 2025 14:05:02 -0500 [2603:9000:f801:55e2:6c8c:623b:47a3:a516] [/home/u991737198/domains/tas2023.online/public_html/tmp/3hn69l4qoa804.3h31n1yj254w8.php:7] Preview->render()
Thu, 30 Jan 2025 14:05:02 -0500 [2603:9000:f801:55e2:6c8c:623b:47a3:a516] [/home/u991737198/domains/tas2023.online/public_html/lib/base.php:3036] require('/home/u991737198/domains/tas2023.online/public_html/tmp/3hn69l4qoa804.3h31n1yj254w8.php')
Thu, 30 Jan 2025 14:05:02 -0500 [2603:9000:f801:55e2:6c8c:623b:47a3:a516] [/home/u991737198/domains/tas2023.online/public_html/lib/base.php:3281] View->sandbox()
Thu, 30 Jan 2025 14:05:02 -0500 [2603:9000:f801:55e2:6c8c:623b:47a3:a516] [/home/u991737198/domains/tas2023.online/public_html/app/controllers/Controller.php:87] Preview->render()
Thu, 30 Jan 2025 14:05:02 -0500 [2603:9000:f801:55e2:6c8c:623b:47a3:a516] [/home/u991737198/domains/tas2023.online/public_html/lib/base.php:2078] Controller->afterroute()
Thu, 30 Jan 2025 14:05:02 -0500 [2603:9000:f801:55e2:6c8c:623b:47a3:a516] [/home/u991737198/domains/tas2023.online/public_html/lib/base.php:1871] Base->call()
Thu, 30 Jan 2025 14:05:02 -0500 [2603:9000:f801:55e2:6c8c:623b:47a3:a516] [/home/u991737198/domains/tas2023.online/public_html/index.php:19] Base->run()
Thu, 30 Jan 2025 14:09:40 -0500 [2603:9000:f801:55e2:6c8c:623b:47a3:a516] 500: Undefined variable $current_task_status_name trace: [/home/u991737198/domains/tas2023.online/public_html/tmp/3hn69l4qoa804.3g8shy2588w00.php:79]
Thu, 30 Jan 2025 14:09:40 -0500 [2603:9000:f801:55e2:6c8c:623b:47a3:a516] [/home/u991737198/domains/tas2023.online/public_html/tmp/3hn69l4qoa804.3g8shy2588w00.php:79] Base->{closure}()
Thu, 30 Jan 2025 14:09:40 -0500 [2603:9000:f801:55e2:6c8c:623b:47a3:a516] [/home/u991737198/domains/tas2023.online/public_html/lib/base.php:3036] require('/home/u991737198/domains/tas2023.online/public_html/tmp/3hn69l4qoa804.3g8shy2588w00.php')
Thu, 30 Jan 2025 14:09:40 -0500 [2603:9000:f801:55e2:6c8c:623b:47a3:a516] [/home/u991737198/domains/tas2023.online/public_html/lib/base.php:3281] View->sandbox()
Thu, 30 Jan 2025 14:09:40 -0500 [2603:9000:f801:55e2:6c8c:623b:47a3:a516] [/home/u991737198/domains/tas2023.online/public_html/tmp/3hn69l4qoa804.3h31n1yj254w8.php:7] Preview->render()
Thu, 30 Jan 2025 14:09:40 -0500 [2603:9000:f801:55e2:6c8c:623b:47a3:a516] [/home/u991737198/domains/tas2023.online/public_html/lib/base.php:3036] require('/home/u991737198/domains/tas2023.online/public_html/tmp/3hn69l4qoa804.3h31n1yj254w8.php')
Thu, 30 Jan 2025 14:09:40 -0500 [2603:9000:f801:55e2:6c8c:623b:47a3:a516] [/home/u991737198/domains/tas2023.online/public_html/lib/base.php:3281] View->sandbox()
Thu, 30 Jan 2025 14:09:40 -0500 [2603:9000:f801:55e2:6c8c:623b:47a3:a516] [/home/u991737198/domains/tas2023.online/public_html/app/controllers/Controller.php:87] Preview->render()
Thu, 30 Jan 2025 14:09:40 -0500 [2603:9000:f801:55e2:6c8c:623b:47a3:a516] [/home/u991737198/domains/tas2023.online/public_html/lib/base.php:2078] Controller->afterroute()
Thu, 30 Jan 2025 14:09:40 -0500 [2603:9000:f801:55e2:6c8c:623b:47a3:a516] [/home/u991737198/domains/tas2023.online/public_html/lib/base.php:1871] Base->call()
Thu, 30 Jan 2025 14:09:40 -0500 [2603:9000:f801:55e2:6c8c:623b:47a3:a516] [/home/u991737198/domains/tas2023.online/public_html/index.php:19] Base->run()
Thu, 30 Jan 2025 14:12:59 -0500 [2603:9000:f801:55e2:6c8c:623b:47a3:a516] 500: Undefined variable $current_task_status_name trace: [/home/u991737198/domains/tas2023.online/public_html/tmp/3hn69l4qoa804.3g8shy2588w00.php:79]
Thu, 30 Jan 2025 14:12:59 -0500 [2603:9000:f801:55e2:6c8c:623b:47a3:a516] [/home/u991737198/domains/tas2023.online/public_html/tmp/3hn69l4qoa804.3g8shy2588w00.php:79] Base->{closure}()
Thu, 30 Jan 2025 14:12:59 -0500 [2603:9000:f801:55e2:6c8c:623b:47a3:a516] [/home/u991737198/domains/tas2023.online/public_html/lib/base.php:3036] require('/home/u991737198/domains/tas2023.online/public_html/tmp/3hn69l4qoa804.3g8shy2588w00.php')
Thu, 30 Jan 2025 14:12:59 -0500 [2603:9000:f801:55e2:6c8c:623b:47a3:a516] [/home/u991737198/domains/tas2023.online/public_html/lib/base.php:3281] View->sandbox()
Thu, 30 Jan 2025 14:12:59 -0500 [2603:9000:f801:55e2:6c8c:623b:47a3:a516] [/home/u991737198/domains/tas2023.online/public_html/tmp/3hn69l4qoa804.3h31n1yj254w8.php:7] Preview->render()
Thu, 30 Jan 2025 14:12:59 -0500 [2603:9000:f801:55e2:6c8c:623b:47a3:a516] [/home/u991737198/domains/tas2023.online/public_html/lib/base.php:3036] require('/home/u991737198/domains/tas2023.online/public_html/tmp/3hn69l4qoa804.3h31n1yj254w8.php')
Thu, 30 Jan 2025 14:12:59 -0500 [2603:9000:f801:55e2:6c8c:623b:47a3:a516] [/home/u991737198/domains/tas2023.online/public_html/lib/base.php:3281] View->sandbox()
Thu, 30 Jan 2025 14:12:59 -0500 [2603:9000:f801:55e2:6c8c:623b:47a3:a516] [/home/u991737198/domains/tas2023.online/public_html/app/controllers/Controller.php:87] Preview->render()
Thu, 30 Jan 2025 14:12:59 -0500 [2603:9000:f801:55e2:6c8c:623b:47a3:a516] [/home/u991737198/domains/tas2023.online/public_html/lib/base.php:2078] Controller->afterroute()
Thu, 30 Jan 2025 14:12:59 -0500 [2603:9000:f801:55e2:6c8c:623b:47a3:a516] [/home/u991737198/domains/tas2023.online/public_html/lib/base.php:1871] Base->call()
Thu, 30 Jan 2025 14:12:59 -0500 [2603:9000:f801:55e2:6c8c:623b:47a3:a516] [/home/u991737198/domains/tas2023.online/public_html/index.php:19] Base->run()
Thu, 30 Jan 2025 14:13:56 -0500 [2603:9000:f801:55e2:6c8c:623b:47a3:a516] 500: Undefined variable $selected_note trace: [/home/u991737198/domains/tas2023.online/public_html/tmp/3hn69l4qoa804.3g8shy2588w00.php:374]
Thu, 30 Jan 2025 14:13:56 -0500 [2603:9000:f801:55e2:6c8c:623b:47a3:a516] [/home/u991737198/domains/tas2023.online/public_html/tmp/3hn69l4qoa804.3g8shy2588w00.php:374] Base->{closure}()
Thu, 30 Jan 2025 14:13:56 -0500 [2603:9000:f801:55e2:6c8c:623b:47a3:a516] [/home/u991737198/domains/tas2023.online/public_html/lib/base.php:3036] require('/home/u991737198/domains/tas2023.online/public_html/tmp/3hn69l4qoa804.3g8shy2588w00.php')
Thu, 30 Jan 2025 14:13:56 -0500 [2603:9000:f801:55e2:6c8c:623b:47a3:a516] [/home/u991737198/domains/tas2023.online/public_html/lib/base.php:3281] View->sandbox()
Thu, 30 Jan 2025 14:13:56 -0500 [2603:9000:f801:55e2:6c8c:623b:47a3:a516] [/home/u991737198/domains/tas2023.online/public_html/tmp/3hn69l4qoa804.3h31n1yj254w8.php:7] Preview->render()
Thu, 30 Jan 2025 14:13:56 -0500 [2603:9000:f801:55e2:6c8c:623b:47a3:a516] [/home/u991737198/domains/tas2023.online/public_html/lib/base.php:3036] require('/home/u991737198/domains/tas2023.online/public_html/tmp/3hn69l4qoa804.3h31n1yj254w8.php')
Thu, 30 Jan 2025 14:13:56 -0500 [2603:9000:f801:55e2:6c8c:623b:47a3:a516] [/home/u991737198/domains/tas2023.online/public_html/lib/base.php:3281] View->sandbox()
Thu, 30 Jan 2025 14:13:56 -0500 [2603:9000:f801:55e2:6c8c:623b:47a3:a516] [/home/u991737198/domains/tas2023.online/public_html/app/controllers/Controller.php:87] Preview->render()
Thu, 30 Jan 2025 14:13:56 -0500 [2603:9000:f801:55e2:6c8c:623b:47a3:a516] [/home/u991737198/domains/tas2023.online/public_html/lib/base.php:2078] Controller->afterroute()
Thu, 30 Jan 2025 14:13:56 -0500 [2603:9000:f801:55e2:6c8c:623b:47a3:a516] [/home/u991737198/domains/tas2023.online/public_html/lib/base.php:1871] Base->call()
Thu, 30 Jan 2025 14:13:56 -0500 [2603:9000:f801:55e2:6c8c:623b:47a3:a516] [/home/u991737198/domains/tas2023.online/public_html/index.php:19] Base->run()
Thu, 30 Jan 2025 14:14:00 -0500 [2603:9000:f801:55e2:6c8c:623b:47a3:a516] 500: Undefined variable $entity_num trace: [tmp/3hn69l4qoa804.man4oes5p0l2.php:176]
Thu, 30 Jan 2025 14:14:00 -0500 [2603:9000:f801:55e2:6c8c:623b:47a3:a516] [tmp/3hn69l4qoa804.man4oes5p0l2.php:176] Base->{closure}()
Thu, 30 Jan 2025 14:14:00 -0500 [2603:9000:f801:55e2:6c8c:623b:47a3:a516] [lib/base.php:3036] require('/home/u991737198/domains/tas2023.online/public_html/tmp/3hn69l4qoa804.man4oes5p0l2.php')
Thu, 30 Jan 2025 14:14:00 -0500 [2603:9000:f801:55e2:6c8c:623b:47a3:a516] [lib/base.php:3281] View->sandbox()
Thu, 30 Jan 2025 14:14:00 -0500 [2603:9000:f801:55e2:6c8c:623b:47a3:a516] [tmp/3hn69l4qoa804.3h31n1yj254w8.php:7] Preview->render()
Thu, 30 Jan 2025 14:14:00 -0500 [2603:9000:f801:55e2:6c8c:623b:47a3:a516] [lib/base.php:3036] require('/home/u991737198/domains/tas2023.online/public_html/tmp/3hn69l4qoa804.3h31n1yj254w8.php')
Thu, 30 Jan 2025 14:14:00 -0500 [2603:9000:f801:55e2:6c8c:623b:47a3:a516] [lib/base.php:3281] View->sandbox()
Thu, 30 Jan 2025 14:14:00 -0500 [2603:9000:f801:55e2:6c8c:623b:47a3:a516] [app/controllers/Controller.php:87] Preview->render()
Thu, 30 Jan 2025 14:14:00 -0500 [2603:9000:f801:55e2:6c8c:623b:47a3:a516] [lib/base.php:2078] Controller->afterroute()
Thu, 30 Jan 2025 14:14:00 -0500 [2603:9000:f801:55e2:6c8c:623b:47a3:a516] [lib/base.php:1871] Base->call()
Thu, 30 Jan 2025 14:14:00 -0500 [2603:9000:f801:55e2:6c8c:623b:47a3:a516] [index.php:19] Base->run()
Thu, 30 Jan 2025 14:14:05 -0500 [2603:9000:f801:55e2:6c8c:623b:47a3:a516] 500: Undefined variable $selected_note trace: [/home/u991737198/domains/tas2023.online/public_html/tmp/3hn69l4qoa804.3g8shy2588w00.php:374]
Thu, 30 Jan 2025 14:14:05 -0500 [2603:9000:f801:55e2:6c8c:623b:47a3:a516] [/home/u991737198/domains/tas2023.online/public_html/tmp/3hn69l4qoa804.3g8shy2588w00.php:374] Base->{closure}()
Thu, 30 Jan 2025 14:14:05 -0500 [2603:9000:f801:55e2:6c8c:623b:47a3:a516] [/home/u991737198/domains/tas2023.online/public_html/lib/base.php:3036] require('/home/u991737198/domains/tas2023.online/public_html/tmp/3hn69l4qoa804.3g8shy2588w00.php')
Thu, 30 Jan 2025 14:14:05 -0500 [2603:9000:f801:55e2:6c8c:623b:47a3:a516] [/home/u991737198/domains/tas2023.online/public_html/lib/base.php:3281] View->sandbox()
Thu, 30 Jan 2025 14:14:05 -0500 [2603:9000:f801:55e2:6c8c:623b:47a3:a516] [/home/u991737198/domains/tas2023.online/public_html/tmp/3hn69l4qoa804.3h31n1yj254w8.php:7] Preview->render()
Thu, 30 Jan 2025 14:14:05 -0500 [2603:9000:f801:55e2:6c8c:623b:47a3:a516] [/home/u991737198/domains/tas2023.online/public_html/lib/base.php:3036] require('/home/u991737198/domains/tas2023.online/public_html/tmp/3hn69l4qoa804.3h31n1yj254w8.php')
Thu, 30 Jan 2025 14:14:05 -0500 [2603:9000:f801:55e2:6c8c:623b:47a3:a516] [/home/u991737198/domains/tas2023.online/public_html/lib/base.php:3281] View->sandbox()
Thu, 30 Jan 2025 14:14:05 -0500 [2603:9000:f801:55e2:6c8c:623b:47a3:a516] [/home/u991737198/domains/tas2023.online/public_html/app/controllers/Controller.php:87] Preview->render()
Thu, 30 Jan 2025 14:14:05 -0500 [2603:9000:f801:55e2:6c8c:623b:47a3:a516] [/home/u991737198/domains/tas2023.online/public_html/lib/base.php:2078] Controller->afterroute()
Thu, 30 Jan 2025 14:14:05 -0500 [2603:9000:f801:55e2:6c8c:623b:47a3:a516] [/home/u991737198/domains/tas2023.online/public_html/lib/base.php:1871] Base->call()
Thu, 30 Jan 2025 14:14:05 -0500 [2603:9000:f801:55e2:6c8c:623b:47a3:a516] [/home/u991737198/domains/tas2023.online/public_html/index.php:19] Base->run()
Thu, 30 Jan 2025 14:44:47 -0500 [2603:9000:f801:55e2:6c8c:623b:47a3:a516] 500: Undefined variable $selected_note trace: [/home/u991737198/domains/tas2023.online/public_html/tmp/3hn69l4qoa804.3g8shy2588w00.php:374]
Thu, 30 Jan 2025 14:44:47 -0500 [2603:9000:f801:55e2:6c8c:623b:47a3:a516] [/home/u991737198/domains/tas2023.online/public_html/tmp/3hn69l4qoa804.3g8shy2588w00.php:374] Base->{closure}()
Thu, 30 Jan 2025 14:44:47 -0500 [2603:9000:f801:55e2:6c8c:623b:47a3:a516] [/home/u991737198/domains/tas2023.online/public_html/lib/base.php:3036] require('/home/u991737198/domains/tas2023.online/public_html/tmp/3hn69l4qoa804.3g8shy2588w00.php')
Thu, 30 Jan 2025 14:44:47 -0500 [2603:9000:f801:55e2:6c8c:623b:47a3:a516] [/home/u991737198/domains/tas2023.online/public_html/lib/base.php:3281] View->sandbox()
Thu, 30 Jan 2025 14:44:47 -0500 [2603:9000:f801:55e2:6c8c:623b:47a3:a516] [/home/u991737198/domains/tas2023.online/public_html/tmp/3hn69l4qoa804.3h31n1yj254w8.php:7] Preview->render()
Thu, 30 Jan 2025 14:44:47 -0500 [2603:9000:f801:55e2:6c8c:623b:47a3:a516] [/home/u991737198/domains/tas2023.online/public_html/lib/base.php:3036] require('/home/u991737198/domains/tas2023.online/public_html/tmp/3hn69l4qoa804.3h31n1yj254w8.php')
Thu, 30 Jan 2025 14:44:47 -0500 [2603:9000:f801:55e2:6c8c:623b:47a3:a516] [/home/u991737198/domains/tas2023.online/public_html/lib/base.php:3281] View->sandbox()
Thu, 30 Jan 2025 14:44:47 -0500 [2603:9000:f801:55e2:6c8c:623b:47a3:a516] [/home/u991737198/domains/tas2023.online/public_html/app/controllers/Controller.php:87] Preview->render()
Thu, 30 Jan 2025 14:44:47 -0500 [2603:9000:f801:55e2:6c8c:623b:47a3:a516] [/home/u991737198/domains/tas2023.online/public_html/lib/base.php:2078] Controller->afterroute()
Thu, 30 Jan 2025 14:44:47 -0500 [2603:9000:f801:55e2:6c8c:623b:47a3:a516] [/home/u991737198/domains/tas2023.online/public_html/lib/base.php:1871] Base->call()
Thu, 30 Jan 2025 14:44:47 -0500 [2603:9000:f801:55e2:6c8c:623b:47a3:a516] [/home/u991737198/domains/tas2023.online/public_html/index.php:19] Base->run()
Thu, 30 Jan 2025 14:46:45 -0500 [2603:9000:f801:55e2:6c8c:623b:47a3:a516] 500: Undefined variable $entity_num trace: [tmp/3hn69l4qoa804.man4oes5p0l2.php:176]
Thu, 30 Jan 2025 14:46:45 -0500 [2603:9000:f801:55e2:6c8c:623b:47a3:a516] [tmp/3hn69l4qoa804.man4oes5p0l2.php:176] Base->{closure}()
Thu, 30 Jan 2025 14:46:45 -0500 [2603:9000:f801:55e2:6c8c:623b:47a3:a516] [lib/base.php:3036] require('/home/u991737198/domains/tas2023.online/public_html/tmp/3hn69l4qoa804.man4oes5p0l2.php')
Thu, 30 Jan 2025 14:46:45 -0500 [2603:9000:f801:55e2:6c8c:623b:47a3:a516] [lib/base.php:3281] View->sandbox()
Thu, 30 Jan 2025 14:46:45 -0500 [2603:9000:f801:55e2:6c8c:623b:47a3:a516] [tmp/3hn69l4qoa804.3h31n1yj254w8.php:7] Preview->render()
Thu, 30 Jan 2025 14:46:45 -0500 [2603:9000:f801:55e2:6c8c:623b:47a3:a516] [lib/base.php:3036] require('/home/u991737198/domains/tas2023.online/public_html/tmp/3hn69l4qoa804.3h31n1yj254w8.php')
Thu, 30 Jan 2025 14:46:45 -0500 [2603:9000:f801:55e2:6c8c:623b:47a3:a516] [lib/base.php:3281] View->sandbox()
Thu, 30 Jan 2025 14:46:45 -0500 [2603:9000:f801:55e2:6c8c:623b:47a3:a516] [app/controllers/Controller.php:87] Preview->render()
Thu, 30 Jan 2025 14:46:45 -0500 [2603:9000:f801:55e2:6c8c:623b:47a3:a516] [lib/base.php:2078] Controller->afterroute()
Thu, 30 Jan 2025 14:46:45 -0500 [2603:9000:f801:55e2:6c8c:623b:47a3:a516] [lib/base.php:1871] Base->call()
Thu, 30 Jan 2025 14:46:45 -0500 [2603:9000:f801:55e2:6c8c:623b:47a3:a516] [index.php:19] Base->run()
Thu, 30 Jan 2025 14:50:49 -0500 [2603:9000:f801:55e2:6c8c:623b:47a3:a516] 500: Undefined variable $selected_note trace: [/home/u991737198/domains/tas2023.online/public_html/tmp/3hn69l4qoa804.3g8shy2588w00.php:374]
Thu, 30 Jan 2025 14:50:49 -0500 [2603:9000:f801:55e2:6c8c:623b:47a3:a516] [/home/u991737198/domains/tas2023.online/public_html/tmp/3hn69l4qoa804.3g8shy2588w00.php:374] Base->{closure}()
Thu, 30 Jan 2025 14:50:49 -0500 [2603:9000:f801:55e2:6c8c:623b:47a3:a516] [/home/u991737198/domains/tas2023.online/public_html/lib/base.php:3036] require('/home/u991737198/domains/tas2023.online/public_html/tmp/3hn69l4qoa804.3g8shy2588w00.php')
Thu, 30 Jan 2025 14:50:49 -0500 [2603:9000:f801:55e2:6c8c:623b:47a3:a516] [/home/u991737198/domains/tas2023.online/public_html/lib/base.php:3281] View->sandbox()
Thu, 30 Jan 2025 14:50:49 -0500 [2603:9000:f801:55e2:6c8c:623b:47a3:a516] [/home/u991737198/domains/tas2023.online/public_html/tmp/3hn69l4qoa804.3h31n1yj254w8.php:7] Preview->render()
Thu, 30 Jan 2025 14:50:49 -0500 [2603:9000:f801:55e2:6c8c:623b:47a3:a516] [/home/u991737198/domains/tas2023.online/public_html/lib/base.php:3036] require('/home/u991737198/domains/tas2023.online/public_html/tmp/3hn69l4qoa804.3h31n1yj254w8.php')
Thu, 30 Jan 2025 14:50:49 -0500 [2603:9000:f801:55e2:6c8c:623b:47a3:a516] [/home/u991737198/domains/tas2023.online/public_html/lib/base.php:3281] View->sandbox()
Thu, 30 Jan 2025 14:50:49 -0500 [2603:9000:f801:55e2:6c8c:623b:47a3:a516] [/home/u991737198/domains/tas2023.online/public_html/app/controllers/Controller.php:87] Preview->render()
Thu, 30 Jan 2025 14:50:49 -0500 [2603:9000:f801:55e2:6c8c:623b:47a3:a516] [/home/u991737198/domains/tas2023.online/public_html/lib/base.php:2078] Controller->afterroute()
Thu, 30 Jan 2025 14:50:49 -0500 [2603:9000:f801:55e2:6c8c:623b:47a3:a516] [/home/u991737198/domains/tas2023.online/public_html/lib/base.php:1871] Base->call()
Thu, 30 Jan 2025 14:50:49 -0500 [2603:9000:f801:55e2:6c8c:623b:47a3:a516] [/home/u991737198/domains/tas2023.online/public_html/index.php:19] Base->run()
Thu, 30 Jan 2025 14:51:58 -0500 [2603:9000:f801:55e2:6c8c:623b:47a3:a516] 500: Undefined variable $selected_note trace: [/home/u991737198/domains/tas2023.online/public_html/tmp/3hn69l4qoa804.3g8shy2588w00.php:374]
Thu, 30 Jan 2025 14:51:58 -0500 [2603:9000:f801:55e2:6c8c:623b:47a3:a516] [/home/u991737198/domains/tas2023.online/public_html/tmp/3hn69l4qoa804.3g8shy2588w00.php:374] Base->{closure}()
Thu, 30 Jan 2025 14:51:58 -0500 [2603:9000:f801:55e2:6c8c:623b:47a3:a516] [/home/u991737198/domains/tas2023.online/public_html/lib/base.php:3036] require('/home/u991737198/domains/tas2023.online/public_html/tmp/3hn69l4qoa804.3g8shy2588w00.php')
Thu, 30 Jan 2025 14:51:58 -0500 [2603:9000:f801:55e2:6c8c:623b:47a3:a516] [/home/u991737198/domains/tas2023.online/public_html/lib/base.php:3281] View->sandbox()
Thu, 30 Jan 2025 14:51:58 -0500 [2603:9000:f801:55e2:6c8c:623b:47a3:a516] [/home/u991737198/domains/tas2023.online/public_html/tmp/3hn69l4qoa804.3h31n1yj254w8.php:7] Preview->render()
Thu, 30 Jan 2025 14:51:58 -0500 [2603:9000:f801:55e2:6c8c:623b:47a3:a516] [/home/u991737198/domains/tas2023.online/public_html/lib/base.php:3036] require('/home/u991737198/domains/tas2023.online/public_html/tmp/3hn69l4qoa804.3h31n1yj254w8.php')
Thu, 30 Jan 2025 14:51:58 -0500 [2603:9000:f801:55e2:6c8c:623b:47a3:a516] [/home/u991737198/domains/tas2023.online/public_html/lib/base.php:3281] View->sandbox()
Thu, 30 Jan 2025 14:51:58 -0500 [2603:9000:f801:55e2:6c8c:623b:47a3:a516] [/home/u991737198/domains/tas2023.online/public_html/app/controllers/Controller.php:87] Preview->render()
Thu, 30 Jan 2025 14:51:58 -0500 [2603:9000:f801:55e2:6c8c:623b:47a3:a516] [/home/u991737198/domains/tas2023.online/public_html/lib/base.php:2078] Controller->afterroute()
Thu, 30 Jan 2025 14:51:58 -0500 [2603:9000:f801:55e2:6c8c:623b:47a3:a516] [/home/u991737198/domains/tas2023.online/public_html/lib/base.php:1871] Base->call()
Thu, 30 Jan 2025 14:51:58 -0500 [2603:9000:f801:55e2:6c8c:623b:47a3:a516] [/home/u991737198/domains/tas2023.online/public_html/index.php:19] Base->run()
Thu, 30 Jan 2025 14:52:13 -0500 [2603:9000:f801:55e2:6c8c:623b:47a3:a516] 500: Undefined variable $selected_note trace: [/home/u991737198/domains/tas2023.online/public_html/tmp/3hn69l4qoa804.3g8shy2588w00.php:374]
Thu, 30 Jan 2025 14:52:13 -0500 [2603:9000:f801:55e2:6c8c:623b:47a3:a516] [/home/u991737198/domains/tas2023.online/public_html/tmp/3hn69l4qoa804.3g8shy2588w00.php:374] Base->{closure}()
Thu, 30 Jan 2025 14:52:13 -0500 [2603:9000:f801:55e2:6c8c:623b:47a3:a516] [/home/u991737198/domains/tas2023.online/public_html/lib/base.php:3036] require('/home/u991737198/domains/tas2023.online/public_html/tmp/3hn69l4qoa804.3g8shy2588w00.php')
Thu, 30 Jan 2025 14:52:13 -0500 [2603:9000:f801:55e2:6c8c:623b:47a3:a516] [/home/u991737198/domains/tas2023.online/public_html/lib/base.php:3281] View->sandbox()
Thu, 30 Jan 2025 14:52:13 -0500 [2603:9000:f801:55e2:6c8c:623b:47a3:a516] [/home/u991737198/domains/tas2023.online/public_html/tmp/3hn69l4qoa804.3h31n1yj254w8.php:7] Preview->render()
Thu, 30 Jan 2025 14:52:13 -0500 [2603:9000:f801:55e2:6c8c:623b:47a3:a516] [/home/u991737198/domains/tas2023.online/public_html/lib/base.php:3036] require('/home/u991737198/domains/tas2023.online/public_html/tmp/3hn69l4qoa804.3h31n1yj254w8.php')
Thu, 30 Jan 2025 14:52:13 -0500 [2603:9000:f801:55e2:6c8c:623b:47a3:a516] [/home/u991737198/domains/tas2023.online/public_html/lib/base.php:3281] View->sandbox()
Thu, 30 Jan 2025 14:52:13 -0500 [2603:9000:f801:55e2:6c8c:623b:47a3:a516] [/home/u991737198/domains/tas2023.online/public_html/app/controllers/Controller.php:87] Preview->render()
Thu, 30 Jan 2025 14:52:13 -0500 [2603:9000:f801:55e2:6c8c:623b:47a3:a516] [/home/u991737198/domains/tas2023.online/public_html/lib/base.php:2078] Controller->afterroute()
Thu, 30 Jan 2025 14:52:13 -0500 [2603:9000:f801:55e2:6c8c:623b:47a3:a516] [/home/u991737198/domains/tas2023.online/public_html/lib/base.php:1871] Base->call()
Thu, 30 Jan 2025 14:52:13 -0500 [2603:9000:f801:55e2:6c8c:623b:47a3:a516] [/home/u991737198/domains/tas2023.online/public_html/index.php:19] Base->run()
Thu, 30 Jan 2025 14:52:20 -0500 [2603:9000:f801:55e2:6c8c:623b:47a3:a516] 500: Undefined variable $selected_note trace: [/home/u991737198/domains/tas2023.online/public_html/tmp/3hn69l4qoa804.3g8shy2588w00.php:374]
Thu, 30 Jan 2025 14:52:20 -0500 [2603:9000:f801:55e2:6c8c:623b:47a3:a516] [/home/u991737198/domains/tas2023.online/public_html/tmp/3hn69l4qoa804.3g8shy2588w00.php:374] Base->{closure}()
Thu, 30 Jan 2025 14:52:20 -0500 [2603:9000:f801:55e2:6c8c:623b:47a3:a516] [/home/u991737198/domains/tas2023.online/public_html/lib/base.php:3036] require('/home/u991737198/domains/tas2023.online/public_html/tmp/3hn69l4qoa804.3g8shy2588w00.php')
Thu, 30 Jan 2025 14:52:20 -0500 [2603:9000:f801:55e2:6c8c:623b:47a3:a516] [/home/u991737198/domains/tas2023.online/public_html/lib/base.php:3281] View->sandbox()
Thu, 30 Jan 2025 14:52:20 -0500 [2603:9000:f801:55e2:6c8c:623b:47a3:a516] [/home/u991737198/domains/tas2023.online/public_html/tmp/3hn69l4qoa804.3h31n1yj254w8.php:7] Preview->render()
Thu, 30 Jan 2025 14:52:20 -0500 [2603:9000:f801:55e2:6c8c:623b:47a3:a516] [/home/u991737198/domains/tas2023.online/public_html/lib/base.php:3036] require('/home/u991737198/domains/tas2023.online/public_html/tmp/3hn69l4qoa804.3h31n1yj254w8.php')
Thu, 30 Jan 2025 14:52:20 -0500 [2603:9000:f801:55e2:6c8c:623b:47a3:a516] [/home/u991737198/domains/tas2023.online/public_html/lib/base.php:3281] View->sandbox()
Thu, 30 Jan 2025 14:52:20 -0500 [2603:9000:f801:55e2:6c8c:623b:47a3:a516] [/home/u991737198/domains/tas2023.online/public_html/app/controllers/Controller.php:87] Preview->render()
Thu, 30 Jan 2025 14:52:20 -0500 [2603:9000:f801:55e2:6c8c:623b:47a3:a516] [/home/u991737198/domains/tas2023.online/public_html/lib/base.php:2078] Controller->afterroute()
Thu, 30 Jan 2025 14:52:20 -0500 [2603:9000:f801:55e2:6c8c:623b:47a3:a516] [/home/u991737198/domains/tas2023.online/public_html/lib/base.php:1871] Base->call()
Thu, 30 Jan 2025 14:52:20 -0500 [2603:9000:f801:55e2:6c8c:623b:47a3:a516] [/home/u991737198/domains/tas2023.online/public_html/index.php:19] Base->run()
Thu, 30 Jan 2025 14:52:27 -0500 [2603:9000:f801:55e2:6c8c:623b:47a3:a516] 500: Undefined variable $selected_note trace: [/home/u991737198/domains/tas2023.online/public_html/tmp/3hn69l4qoa804.3g8shy2588w00.php:374]
Thu, 30 Jan 2025 14:52:27 -0500 [2603:9000:f801:55e2:6c8c:623b:47a3:a516] [/home/u991737198/domains/tas2023.online/public_html/tmp/3hn69l4qoa804.3g8shy2588w00.php:374] Base->{closure}()
Thu, 30 Jan 2025 14:52:27 -0500 [2603:9000:f801:55e2:6c8c:623b:47a3:a516] [/home/u991737198/domains/tas2023.online/public_html/lib/base.php:3036] require('/home/u991737198/domains/tas2023.online/public_html/tmp/3hn69l4qoa804.3g8shy2588w00.php')
Thu, 30 Jan 2025 14:52:27 -0500 [2603:9000:f801:55e2:6c8c:623b:47a3:a516] [/home/u991737198/domains/tas2023.online/public_html/lib/base.php:3281] View->sandbox()
Thu, 30 Jan 2025 14:52:27 -0500 [2603:9000:f801:55e2:6c8c:623b:47a3:a516] [/home/u991737198/domains/tas2023.online/public_html/tmp/3hn69l4qoa804.3h31n1yj254w8.php:7] Preview->render()
Thu, 30 Jan 2025 14:52:27 -0500 [2603:9000:f801:55e2:6c8c:623b:47a3:a516] [/home/u991737198/domains/tas2023.online/public_html/lib/base.php:3036] require('/home/u991737198/domains/tas2023.online/public_html/tmp/3hn69l4qoa804.3h31n1yj254w8.php')
Thu, 30 Jan 2025 14:52:27 -0500 [2603:9000:f801:55e2:6c8c:623b:47a3:a516] [/home/u991737198/domains/tas2023.online/public_html/lib/base.php:3281] View->sandbox()
Thu, 30 Jan 2025 14:52:27 -0500 [2603:9000:f801:55e2:6c8c:623b:47a3:a516] [/home/u991737198/domains/tas2023.online/public_html/app/controllers/Controller.php:87] Preview->render()
Thu, 30 Jan 2025 14:52:27 -0500 [2603:9000:f801:55e2:6c8c:623b:47a3:a516] [/home/u991737198/domains/tas2023.online/public_html/lib/base.php:2078] Controller->afterroute()
Thu, 30 Jan 2025 14:52:27 -0500 [2603:9000:f801:55e2:6c8c:623b:47a3:a516] [/home/u991737198/domains/tas2023.online/public_html/lib/base.php:1871] Base->call()
Thu, 30 Jan 2025 14:52:27 -0500 [2603:9000:f801:55e2:6c8c:623b:47a3:a516] [/home/u991737198/domains/tas2023.online/public_html/index.php:19] Base->run()
Thu, 30 Jan 2025 14:52:38 -0500 [2603:9000:f801:55e2:6c8c:623b:47a3:a516] 500: Undefined variable $selected_note trace: [/home/u991737198/domains/tas2023.online/public_html/tmp/3hn69l4qoa804.3g8shy2588w00.php:374]
Thu, 30 Jan 2025 14:52:38 -0500 [2603:9000:f801:55e2:6c8c:623b:47a3:a516] [/home/u991737198/domains/tas2023.online/public_html/tmp/3hn69l4qoa804.3g8shy2588w00.php:374] Base->{closure}()
Thu, 30 Jan 2025 14:52:38 -0500 [2603:9000:f801:55e2:6c8c:623b:47a3:a516] [/home/u991737198/domains/tas2023.online/public_html/lib/base.php:3036] require('/home/u991737198/domains/tas2023.online/public_html/tmp/3hn69l4qoa804.3g8shy2588w00.php')
Thu, 30 Jan 2025 14:52:38 -0500 [2603:9000:f801:55e2:6c8c:623b:47a3:a516] [/home/u991737198/domains/tas2023.online/public_html/lib/base.php:3281] View->sandbox()
Thu, 30 Jan 2025 14:52:38 -0500 [2603:9000:f801:55e2:6c8c:623b:47a3:a516] [/home/u991737198/domains/tas2023.online/public_html/tmp/3hn69l4qoa804.3h31n1yj254w8.php:7] Preview->render()
Thu, 30 Jan 2025 14:52:38 -0500 [2603:9000:f801:55e2:6c8c:623b:47a3:a516] [/home/u991737198/domains/tas2023.online/public_html/lib/base.php:3036] require('/home/u991737198/domains/tas2023.online/public_html/tmp/3hn69l4qoa804.3h31n1yj254w8.php')
Thu, 30 Jan 2025 14:52:38 -0500 [2603:9000:f801:55e2:6c8c:623b:47a3:a516] [/home/u991737198/domains/tas2023.online/public_html/lib/base.php:3281] View->sandbox()
Thu, 30 Jan 2025 14:52:38 -0500 [2603:9000:f801:55e2:6c8c:623b:47a3:a516] [/home/u991737198/domains/tas2023.online/public_html/app/controllers/Controller.php:87] Preview->render()
Thu, 30 Jan 2025 14:52:38 -0500 [2603:9000:f801:55e2:6c8c:623b:47a3:a516] [/home/u991737198/domains/tas2023.online/public_html/lib/base.php:2078] Controller->afterroute()
Thu, 30 Jan 2025 14:52:38 -0500 [2603:9000:f801:55e2:6c8c:623b:47a3:a516] [/home/u991737198/domains/tas2023.online/public_html/lib/base.php:1871] Base->call()
Thu, 30 Jan 2025 14:52:38 -0500 [2603:9000:f801:55e2:6c8c:623b:47a3:a516] [/home/u991737198/domains/tas2023.online/public_html/index.php:19] Base->run()
Thu, 30 Jan 2025 14:52:56 -0500 [2603:9000:f801:55e2:6c8c:623b:47a3:a516] 500: Undefined variable $selected_note trace: [/home/u991737198/domains/tas2023.online/public_html/tmp/3hn69l4qoa804.3g8shy2588w00.php:374]
Thu, 30 Jan 2025 14:52:56 -0500 [2603:9000:f801:55e2:6c8c:623b:47a3:a516] [/home/u991737198/domains/tas2023.online/public_html/tmp/3hn69l4qoa804.3g8shy2588w00.php:374] Base->{closure}()
Thu, 30 Jan 2025 14:52:56 -0500 [2603:9000:f801:55e2:6c8c:623b:47a3:a516] [/home/u991737198/domains/tas2023.online/public_html/lib/base.php:3036] require('/home/u991737198/domains/tas2023.online/public_html/tmp/3hn69l4qoa804.3g8shy2588w00.php')
Thu, 30 Jan 2025 14:52:56 -0500 [2603:9000:f801:55e2:6c8c:623b:47a3:a516] [/home/u991737198/domains/tas2023.online/public_html/lib/base.php:3281] View->sandbox()
Thu, 30 Jan 2025 14:52:56 -0500 [2603:9000:f801:55e2:6c8c:623b:47a3:a516] [/home/u991737198/domains/tas2023.online/public_html/tmp/3hn69l4qoa804.3h31n1yj254w8.php:7] Preview->render()
Thu, 30 Jan 2025 14:52:56 -0500 [2603:9000:f801:55e2:6c8c:623b:47a3:a516] [/home/u991737198/domains/tas2023.online/public_html/lib/base.php:3036] require('/home/u991737198/domains/tas2023.online/public_html/tmp/3hn69l4qoa804.3h31n1yj254w8.php')
Thu, 30 Jan 2025 14:52:56 -0500 [2603:9000:f801:55e2:6c8c:623b:47a3:a516] [/home/u991737198/domains/tas2023.online/public_html/lib/base.php:3281] View->sandbox()
Thu, 30 Jan 2025 14:52:56 -0500 [2603:9000:f801:55e2:6c8c:623b:47a3:a516] [/home/u991737198/domains/tas2023.online/public_html/app/controllers/Controller.php:87] Preview->render()
Thu, 30 Jan 2025 14:52:56 -0500 [2603:9000:f801:55e2:6c8c:623b:47a3:a516] [/home/u991737198/domains/tas2023.online/public_html/lib/base.php:2078] Controller->afterroute()
Thu, 30 Jan 2025 14:52:56 -0500 [2603:9000:f801:55e2:6c8c:623b:47a3:a516] [/home/u991737198/domains/tas2023.online/public_html/lib/base.php:1871] Base->call()
Thu, 30 Jan 2025 14:52:56 -0500 [2603:9000:f801:55e2:6c8c:623b:47a3:a516] [/home/u991737198/domains/tas2023.online/public_html/index.php:19] Base->run()
Thu, 30 Jan 2025 14:53:11 -0500 [2603:9000:f801:55e2:6c8c:623b:47a3:a516] 500: Undefined variable $selected_note trace: [/home/u991737198/domains/tas2023.online/public_html/tmp/3hn69l4qoa804.3g8shy2588w00.php:374]
Thu, 30 Jan 2025 14:53:11 -0500 [2603:9000:f801:55e2:6c8c:623b:47a3:a516] [/home/u991737198/domains/tas2023.online/public_html/tmp/3hn69l4qoa804.3g8shy2588w00.php:374] Base->{closure}()
Thu, 30 Jan 2025 14:53:11 -0500 [2603:9000:f801:55e2:6c8c:623b:47a3:a516] [/home/u991737198/domains/tas2023.online/public_html/lib/base.php:3036] require('/home/u991737198/domains/tas2023.online/public_html/tmp/3hn69l4qoa804.3g8shy2588w00.php')
Thu, 30 Jan 2025 14:53:11 -0500 [2603:9000:f801:55e2:6c8c:623b:47a3:a516] [/home/u991737198/domains/tas2023.online/public_html/lib/base.php:3281] View->sandbox()
Thu, 30 Jan 2025 14:53:11 -0500 [2603:9000:f801:55e2:6c8c:623b:47a3:a516] [/home/u991737198/domains/tas2023.online/public_html/tmp/3hn69l4qoa804.3h31n1yj254w8.php:7] Preview->render()
Thu, 30 Jan 2025 14:53:11 -0500 [2603:9000:f801:55e2:6c8c:623b:47a3:a516] [/home/u991737198/domains/tas2023.online/public_html/lib/base.php:3036] require('/home/u991737198/domains/tas2023.online/public_html/tmp/3hn69l4qoa804.3h31n1yj254w8.php')
Thu, 30 Jan 2025 14:53:11 -0500 [2603:9000:f801:55e2:6c8c:623b:47a3:a516] [/home/u991737198/domains/tas2023.online/public_html/lib/base.php:3281] View->sandbox()
Thu, 30 Jan 2025 14:53:11 -0500 [2603:9000:f801:55e2:6c8c:623b:47a3:a516] [/home/u991737198/domains/tas2023.online/public_html/app/controllers/Controller.php:87] Preview->render()
Thu, 30 Jan 2025 14:53:11 -0500 [2603:9000:f801:55e2:6c8c:623b:47a3:a516] [/home/u991737198/domains/tas2023.online/public_html/lib/base.php:2078] Controller->afterroute()
Thu, 30 Jan 2025 14:53:11 -0500 [2603:9000:f801:55e2:6c8c:623b:47a3:a516] [/home/u991737198/domains/tas2023.online/public_html/lib/base.php:1871] Base->call()
Thu, 30 Jan 2025 14:53:11 -0500 [2603:9000:f801:55e2:6c8c:623b:47a3:a516] [/home/u991737198/domains/tas2023.online/public_html/index.php:19] Base->run()
Thu, 30 Jan 2025 14:53:53 -0500 [2603:9000:f801:55e2:6c8c:623b:47a3:a516] 500: Undefined variable $selected_note trace: [/home/u991737198/domains/tas2023.online/public_html/tmp/3hn69l4qoa804.3g8shy2588w00.php:374]
Thu, 30 Jan 2025 14:53:53 -0500 [2603:9000:f801:55e2:6c8c:623b:47a3:a516] [/home/u991737198/domains/tas2023.online/public_html/tmp/3hn69l4qoa804.3g8shy2588w00.php:374] Base->{closure}()
Thu, 30 Jan 2025 14:53:53 -0500 [2603:9000:f801:55e2:6c8c:623b:47a3:a516] [/home/u991737198/domains/tas2023.online/public_html/lib/base.php:3036] require('/home/u991737198/domains/tas2023.online/public_html/tmp/3hn69l4qoa804.3g8shy2588w00.php')
Thu, 30 Jan 2025 14:53:53 -0500 [2603:9000:f801:55e2:6c8c:623b:47a3:a516] [/home/u991737198/domains/tas2023.online/public_html/lib/base.php:3281] View->sandbox()
Thu, 30 Jan 2025 14:53:53 -0500 [2603:9000:f801:55e2:6c8c:623b:47a3:a516] [/home/u991737198/domains/tas2023.online/public_html/tmp/3hn69l4qoa804.3h31n1yj254w8.php:7] Preview->render()
Thu, 30 Jan 2025 14:53:53 -0500 [2603:9000:f801:55e2:6c8c:623b:47a3:a516] [/home/u991737198/domains/tas2023.online/public_html/lib/base.php:3036] require('/home/u991737198/domains/tas2023.online/public_html/tmp/3hn69l4qoa804.3h31n1yj254w8.php')
Thu, 30 Jan 2025 14:53:53 -0500 [2603:9000:f801:55e2:6c8c:623b:47a3:a516] [/home/u991737198/domains/tas2023.online/public_html/lib/base.php:3281] View->sandbox()
Thu, 30 Jan 2025 14:53:53 -0500 [2603:9000:f801:55e2:6c8c:623b:47a3:a516] [/home/u991737198/domains/tas2023.online/public_html/app/controllers/Controller.php:87] Preview->render()
Thu, 30 Jan 2025 14:53:53 -0500 [2603:9000:f801:55e2:6c8c:623b:47a3:a516] [/home/u991737198/domains/tas2023.online/public_html/lib/base.php:2078] Controller->afterroute()
Thu, 30 Jan 2025 14:53:53 -0500 [2603:9000:f801:55e2:6c8c:623b:47a3:a516] [/home/u991737198/domains/tas2023.online/public_html/lib/base.php:1871] Base->call()
Thu, 30 Jan 2025 14:53:53 -0500 [2603:9000:f801:55e2:6c8c:623b:47a3:a516] [/home/u991737198/domains/tas2023.online/public_html/index.php:19] Base->run()
Thu, 30 Jan 2025 14:54:07 -0500 [2603:9000:f801:55e2:6c8c:623b:47a3:a516] 500: Undefined variable $selected_note trace: [/home/u991737198/domains/tas2023.online/public_html/tmp/3hn69l4qoa804.3g8shy2588w00.php:374]
Thu, 30 Jan 2025 14:54:07 -0500 [2603:9000:f801:55e2:6c8c:623b:47a3:a516] [/home/u991737198/domains/tas2023.online/public_html/tmp/3hn69l4qoa804.3g8shy2588w00.php:374] Base->{closure}()
Thu, 30 Jan 2025 14:54:07 -0500 [2603:9000:f801:55e2:6c8c:623b:47a3:a516] [/home/u991737198/domains/tas2023.online/public_html/lib/base.php:3036] require('/home/u991737198/domains/tas2023.online/public_html/tmp/3hn69l4qoa804.3g8shy2588w00.php')
Thu, 30 Jan 2025 14:54:07 -0500 [2603:9000:f801:55e2:6c8c:623b:47a3:a516] [/home/u991737198/domains/tas2023.online/public_html/lib/base.php:3281] View->sandbox()
Thu, 30 Jan 2025 14:54:07 -0500 [2603:9000:f801:55e2:6c8c:623b:47a3:a516] [/home/u991737198/domains/tas2023.online/public_html/tmp/3hn69l4qoa804.3h31n1yj254w8.php:7] Preview->render()
Thu, 30 Jan 2025 14:54:07 -0500 [2603:9000:f801:55e2:6c8c:623b:47a3:a516] [/home/u991737198/domains/tas2023.online/public_html/lib/base.php:3036] require('/home/u991737198/domains/tas2023.online/public_html/tmp/3hn69l4qoa804.3h31n1yj254w8.php')
Thu, 30 Jan 2025 14:54:07 -0500 [2603:9000:f801:55e2:6c8c:623b:47a3:a516] [/home/u991737198/domains/tas2023.online/public_html/lib/base.php:3281] View->sandbox()
Thu, 30 Jan 2025 14:54:07 -0500 [2603:9000:f801:55e2:6c8c:623b:47a3:a516] [/home/u991737198/domains/tas2023.online/public_html/app/controllers/Controller.php:87] Preview->render()
Thu, 30 Jan 2025 14:54:07 -0500 [2603:9000:f801:55e2:6c8c:623b:47a3:a516] [/home/u991737198/domains/tas2023.online/public_html/lib/base.php:2078] Controller->afterroute()
Thu, 30 Jan 2025 14:54:07 -0500 [2603:9000:f801:55e2:6c8c:623b:47a3:a516] [/home/u991737198/domains/tas2023.online/public_html/lib/base.php:1871] Base->call()
Thu, 30 Jan 2025 14:54:07 -0500 [2603:9000:f801:55e2:6c8c:623b:47a3:a516] [/home/u991737198/domains/tas2023.online/public_html/index.php:19] Base->run()
Thu, 30 Jan 2025 14:54:59 -0500 [2603:9000:f801:55e2:6c8c:623b:47a3:a516] 500: Undefined variable $selected_note trace: [/home/u991737198/domains/tas2023.online/public_html/tmp/3hn69l4qoa804.3g8shy2588w00.php:374]
Thu, 30 Jan 2025 14:54:59 -0500 [2603:9000:f801:55e2:6c8c:623b:47a3:a516] [/home/u991737198/domains/tas2023.online/public_html/tmp/3hn69l4qoa804.3g8shy2588w00.php:374] Base->{closure}()
Thu, 30 Jan 2025 14:54:59 -0500 [2603:9000:f801:55e2:6c8c:623b:47a3:a516] [/home/u991737198/domains/tas2023.online/public_html/lib/base.php:3036] require('/home/u991737198/domains/tas2023.online/public_html/tmp/3hn69l4qoa804.3g8shy2588w00.php')
Thu, 30 Jan 2025 14:54:59 -0500 [2603:9000:f801:55e2:6c8c:623b:47a3:a516] [/home/u991737198/domains/tas2023.online/public_html/lib/base.php:3281] View->sandbox()
Thu, 30 Jan 2025 14:54:59 -0500 [2603:9000:f801:55e2:6c8c:623b:47a3:a516] [/home/u991737198/domains/tas2023.online/public_html/tmp/3hn69l4qoa804.3h31n1yj254w8.php:7] Preview->render()
Thu, 30 Jan 2025 14:54:59 -0500 [2603:9000:f801:55e2:6c8c:623b:47a3:a516] [/home/u991737198/domains/tas2023.online/public_html/lib/base.php:3036] require('/home/u991737198/domains/tas2023.online/public_html/tmp/3hn69l4qoa804.3h31n1yj254w8.php')
Thu, 30 Jan 2025 14:54:59 -0500 [2603:9000:f801:55e2:6c8c:623b:47a3:a516] [/home/u991737198/domains/tas2023.online/public_html/lib/base.php:3281] View->sandbox()
Thu, 30 Jan 2025 14:54:59 -0500 [2603:9000:f801:55e2:6c8c:623b:47a3:a516] [/home/u991737198/domains/tas2023.online/public_html/app/controllers/Controller.php:87] Preview->render()
Thu, 30 Jan 2025 14:54:59 -0500 [2603:9000:f801:55e2:6c8c:623b:47a3:a516] [/home/u991737198/domains/tas2023.online/public_html/lib/base.php:2078] Controller->afterroute()
Thu, 30 Jan 2025 14:54:59 -0500 [2603:9000:f801:55e2:6c8c:623b:47a3:a516] [/home/u991737198/domains/tas2023.online/public_html/lib/base.php:1871] Base->call()
Thu, 30 Jan 2025 14:54:59 -0500 [2603:9000:f801:55e2:6c8c:623b:47a3:a516] [/home/u991737198/domains/tas2023.online/public_html/index.php:19] Base->run()
Thu, 30 Jan 2025 14:55:08 -0500 [2603:9000:f801:55e2:6c8c:623b:47a3:a516] 500: Undefined variable $selected_note trace: [/home/u991737198/domains/tas2023.online/public_html/tmp/3hn69l4qoa804.3g8shy2588w00.php:374]
Thu, 30 Jan 2025 14:55:08 -0500 [2603:9000:f801:55e2:6c8c:623b:47a3:a516] [/home/u991737198/domains/tas2023.online/public_html/tmp/3hn69l4qoa804.3g8shy2588w00.php:374] Base->{closure}()
Thu, 30 Jan 2025 14:55:08 -0500 [2603:9000:f801:55e2:6c8c:623b:47a3:a516] [/home/u991737198/domains/tas2023.online/public_html/lib/base.php:3036] require('/home/u991737198/domains/tas2023.online/public_html/tmp/3hn69l4qoa804.3g8shy2588w00.php')
Thu, 30 Jan 2025 14:55:08 -0500 [2603:9000:f801:55e2:6c8c:623b:47a3:a516] [/home/u991737198/domains/tas2023.online/public_html/lib/base.php:3281] View->sandbox()
Thu, 30 Jan 2025 14:55:08 -0500 [2603:9000:f801:55e2:6c8c:623b:47a3:a516] [/home/u991737198/domains/tas2023.online/public_html/tmp/3hn69l4qoa804.3h31n1yj254w8.php:7] Preview->render()
Thu, 30 Jan 2025 14:55:08 -0500 [2603:9000:f801:55e2:6c8c:623b:47a3:a516] [/home/u991737198/domains/tas2023.online/public_html/lib/base.php:3036] require('/home/u991737198/domains/tas2023.online/public_html/tmp/3hn69l4qoa804.3h31n1yj254w8.php')
Thu, 30 Jan 2025 14:55:08 -0500 [2603:9000:f801:55e2:6c8c:623b:47a3:a516] [/home/u991737198/domains/tas2023.online/public_html/lib/base.php:3281] View->sandbox()
Thu, 30 Jan 2025 14:55:08 -0500 [2603:9000:f801:55e2:6c8c:623b:47a3:a516] [/home/u991737198/domains/tas2023.online/public_html/app/controllers/Controller.php:87] Preview->render()
Thu, 30 Jan 2025 14:55:08 -0500 [2603:9000:f801:55e2:6c8c:623b:47a3:a516] [/home/u991737198/domains/tas2023.online/public_html/lib/base.php:2078] Controller->afterroute()
Thu, 30 Jan 2025 14:55:08 -0500 [2603:9000:f801:55e2:6c8c:623b:47a3:a516] [/home/u991737198/domains/tas2023.online/public_html/lib/base.php:1871] Base->call()
Thu, 30 Jan 2025 14:55:08 -0500 [2603:9000:f801:55e2:6c8c:623b:47a3:a516] [/home/u991737198/domains/tas2023.online/public_html/index.php:19] Base->run()
Thu, 30 Jan 2025 14:56:23 -0500 [2603:9000:f801:55e2:6c8c:623b:47a3:a516] 500: Undefined variable $selected_note trace: [/home/u991737198/domains/tas2023.online/public_html/tmp/3hn69l4qoa804.3g8shy2588w00.php:374]
Thu, 30 Jan 2025 14:56:23 -0500 [2603:9000:f801:55e2:6c8c:623b:47a3:a516] [/home/u991737198/domains/tas2023.online/public_html/tmp/3hn69l4qoa804.3g8shy2588w00.php:374] Base->{closure}()
Thu, 30 Jan 2025 14:56:23 -0500 [2603:9000:f801:55e2:6c8c:623b:47a3:a516] [/home/u991737198/domains/tas2023.online/public_html/lib/base.php:3036] require('/home/u991737198/domains/tas2023.online/public_html/tmp/3hn69l4qoa804.3g8shy2588w00.php')
Thu, 30 Jan 2025 14:56:23 -0500 [2603:9000:f801:55e2:6c8c:623b:47a3:a516] [/home/u991737198/domains/tas2023.online/public_html/lib/base.php:3281] View->sandbox()
Thu, 30 Jan 2025 14:56:23 -0500 [2603:9000:f801:55e2:6c8c:623b:47a3:a516] [/home/u991737198/domains/tas2023.online/public_html/tmp/3hn69l4qoa804.3h31n1yj254w8.php:7] Preview->render()
Thu, 30 Jan 2025 14:56:23 -0500 [2603:9000:f801:55e2:6c8c:623b:47a3:a516] [/home/u991737198/domains/tas2023.online/public_html/lib/base.php:3036] require('/home/u991737198/domains/tas2023.online/public_html/tmp/3hn69l4qoa804.3h31n1yj254w8.php')
Thu, 30 Jan 2025 14:56:23 -0500 [2603:9000:f801:55e2:6c8c:623b:47a3:a516] [/home/u991737198/domains/tas2023.online/public_html/lib/base.php:3281] View->sandbox()
Thu, 30 Jan 2025 14:56:23 -0500 [2603:9000:f801:55e2:6c8c:623b:47a3:a516] [/home/u991737198/domains/tas2023.online/public_html/app/controllers/Controller.php:87] Preview->render()
Thu, 30 Jan 2025 14:56:23 -0500 [2603:9000:f801:55e2:6c8c:623b:47a3:a516] [/home/u991737198/domains/tas2023.online/public_html/lib/base.php:2078] Controller->afterroute()
Thu, 30 Jan 2025 14:56:23 -0500 [2603:9000:f801:55e2:6c8c:623b:47a3:a516] [/home/u991737198/domains/tas2023.online/public_html/lib/base.php:1871] Base->call()
Thu, 30 Jan 2025 14:56:23 -0500 [2603:9000:f801:55e2:6c8c:623b:47a3:a516] [/home/u991737198/domains/tas2023.online/public_html/index.php:19] Base->run()
Thu, 30 Jan 2025 14:56:37 -0500 [2603:9000:f801:55e2:6c8c:623b:47a3:a516] 500: Undefined variable $selected_note trace: [/home/u991737198/domains/tas2023.online/public_html/tmp/3hn69l4qoa804.3g8shy2588w00.php:374]
Thu, 30 Jan 2025 14:56:37 -0500 [2603:9000:f801:55e2:6c8c:623b:47a3:a516] [/home/u991737198/domains/tas2023.online/public_html/tmp/3hn69l4qoa804.3g8shy2588w00.php:374] Base->{closure}()
Thu, 30 Jan 2025 14:56:37 -0500 [2603:9000:f801:55e2:6c8c:623b:47a3:a516] [/home/u991737198/domains/tas2023.online/public_html/lib/base.php:3036] require('/home/u991737198/domains/tas2023.online/public_html/tmp/3hn69l4qoa804.3g8shy2588w00.php')
Thu, 30 Jan 2025 14:56:37 -0500 [2603:9000:f801:55e2:6c8c:623b:47a3:a516] [/home/u991737198/domains/tas2023.online/public_html/lib/base.php:3281] View->sandbox()
Thu, 30 Jan 2025 14:56:37 -0500 [2603:9000:f801:55e2:6c8c:623b:47a3:a516] [/home/u991737198/domains/tas2023.online/public_html/tmp/3hn69l4qoa804.3h31n1yj254w8.php:7] Preview->render()
Thu, 30 Jan 2025 14:56:37 -0500 [2603:9000:f801:55e2:6c8c:623b:47a3:a516] [/home/u991737198/domains/tas2023.online/public_html/lib/base.php:3036] require('/home/u991737198/domains/tas2023.online/public_html/tmp/3hn69l4qoa804.3h31n1yj254w8.php')
Thu, 30 Jan 2025 14:56:37 -0500 [2603:9000:f801:55e2:6c8c:623b:47a3:a516] [/home/u991737198/domains/tas2023.online/public_html/lib/base.php:3281] View->sandbox()
Thu, 30 Jan 2025 14:56:37 -0500 [2603:9000:f801:55e2:6c8c:623b:47a3:a516] [/home/u991737198/domains/tas2023.online/public_html/app/controllers/Controller.php:87] Preview->render()
Thu, 30 Jan 2025 14:56:37 -0500 [2603:9000:f801:55e2:6c8c:623b:47a3:a516] [/home/u991737198/domains/tas2023.online/public_html/lib/base.php:2078] Controller->afterroute()
Thu, 30 Jan 2025 14:56:37 -0500 [2603:9000:f801:55e2:6c8c:623b:47a3:a516] [/home/u991737198/domains/tas2023.online/public_html/lib/base.php:1871] Base->call()
Thu, 30 Jan 2025 14:56:37 -0500 [2603:9000:f801:55e2:6c8c:623b:47a3:a516] [/home/u991737198/domains/tas2023.online/public_html/index.php:19] Base->run()
Thu, 30 Jan 2025 14:57:44 -0500 [2603:9000:f801:55e2:6c8c:623b:47a3:a516] 500: Undefined variable $selected_note trace: [/home/u991737198/domains/tas2023.online/public_html/tmp/3hn69l4qoa804.3g8shy2588w00.php:374]
Thu, 30 Jan 2025 14:57:44 -0500 [2603:9000:f801:55e2:6c8c:623b:47a3:a516] [/home/u991737198/domains/tas2023.online/public_html/tmp/3hn69l4qoa804.3g8shy2588w00.php:374] Base->{closure}()
Thu, 30 Jan 2025 14:57:44 -0500 [2603:9000:f801:55e2:6c8c:623b:47a3:a516] [/home/u991737198/domains/tas2023.online/public_html/lib/base.php:3036] require('/home/u991737198/domains/tas2023.online/public_html/tmp/3hn69l4qoa804.3g8shy2588w00.php')
Thu, 30 Jan 2025 14:57:44 -0500 [2603:9000:f801:55e2:6c8c:623b:47a3:a516] [/home/u991737198/domains/tas2023.online/public_html/lib/base.php:3281] View->sandbox()
Thu, 30 Jan 2025 14:57:44 -0500 [2603:9000:f801:55e2:6c8c:623b:47a3:a516] [/home/u991737198/domains/tas2023.online/public_html/tmp/3hn69l4qoa804.3h31n1yj254w8.php:7] Preview->render()
Thu, 30 Jan 2025 14:57:44 -0500 [2603:9000:f801:55e2:6c8c:623b:47a3:a516] [/home/u991737198/domains/tas2023.online/public_html/lib/base.php:3036] require('/home/u991737198/domains/tas2023.online/public_html/tmp/3hn69l4qoa804.3h31n1yj254w8.php')
Thu, 30 Jan 2025 14:57:44 -0500 [2603:9000:f801:55e2:6c8c:623b:47a3:a516] [/home/u991737198/domains/tas2023.online/public_html/lib/base.php:3281] View->sandbox()
Thu, 30 Jan 2025 14:57:44 -0500 [2603:9000:f801:55e2:6c8c:623b:47a3:a516] [/home/u991737198/domains/tas2023.online/public_html/app/controllers/Controller.php:87] Preview->render()
Thu, 30 Jan 2025 14:57:44 -0500 [2603:9000:f801:55e2:6c8c:623b:47a3:a516] [/home/u991737198/domains/tas2023.online/public_html/lib/base.php:2078] Controller->afterroute()
Thu, 30 Jan 2025 14:57:44 -0500 [2603:9000:f801:55e2:6c8c:623b:47a3:a516] [/home/u991737198/domains/tas2023.online/public_html/lib/base.php:1871] Base->call()
Thu, 30 Jan 2025 14:57:44 -0500 [2603:9000:f801:55e2:6c8c:623b:47a3:a516] [/home/u991737198/domains/tas2023.online/public_html/index.php:19] Base->run()
Thu, 30 Jan 2025 14:58:14 -0500 [2603:9000:f801:55e2:6c8c:623b:47a3:a516] 500: Undefined variable $selected_note trace: [/home/u991737198/domains/tas2023.online/public_html/tmp/3hn69l4qoa804.3g8shy2588w00.php:374]
Thu, 30 Jan 2025 14:58:14 -0500 [2603:9000:f801:55e2:6c8c:623b:47a3:a516] [/home/u991737198/domains/tas2023.online/public_html/tmp/3hn69l4qoa804.3g8shy2588w00.php:374] Base->{closure}()
Thu, 30 Jan 2025 14:58:14 -0500 [2603:9000:f801:55e2:6c8c:623b:47a3:a516] [/home/u991737198/domains/tas2023.online/public_html/lib/base.php:3036] require('/home/u991737198/domains/tas2023.online/public_html/tmp/3hn69l4qoa804.3g8shy2588w00.php')
Thu, 30 Jan 2025 14:58:14 -0500 [2603:9000:f801:55e2:6c8c:623b:47a3:a516] [/home/u991737198/domains/tas2023.online/public_html/lib/base.php:3281] View->sandbox()
Thu, 30 Jan 2025 14:58:14 -0500 [2603:9000:f801:55e2:6c8c:623b:47a3:a516] [/home/u991737198/domains/tas2023.online/public_html/tmp/3hn69l4qoa804.3h31n1yj254w8.php:7] Preview->render()
Thu, 30 Jan 2025 14:58:14 -0500 [2603:9000:f801:55e2:6c8c:623b:47a3:a516] [/home/u991737198/domains/tas2023.online/public_html/lib/base.php:3036] require('/home/u991737198/domains/tas2023.online/public_html/tmp/3hn69l4qoa804.3h31n1yj254w8.php')
Thu, 30 Jan 2025 14:58:14 -0500 [2603:9000:f801:55e2:6c8c:623b:47a3:a516] [/home/u991737198/domains/tas2023.online/public_html/lib/base.php:3281] View->sandbox()
Thu, 30 Jan 2025 14:58:14 -0500 [2603:9000:f801:55e2:6c8c:623b:47a3:a516] [/home/u991737198/domains/tas2023.online/public_html/app/controllers/Controller.php:87] Preview->render()
Thu, 30 Jan 2025 14:58:14 -0500 [2603:9000:f801:55e2:6c8c:623b:47a3:a516] [/home/u991737198/domains/tas2023.online/public_html/lib/base.php:2078] Controller->afterroute()
Thu, 30 Jan 2025 14:58:14 -0500 [2603:9000:f801:55e2:6c8c:623b:47a3:a516] [/home/u991737198/domains/tas2023.online/public_html/lib/base.php:1871] Base->call()
Thu, 30 Jan 2025 14:58:14 -0500 [2603:9000:f801:55e2:6c8c:623b:47a3:a516] [/home/u991737198/domains/tas2023.online/public_html/index.php:19] Base->run()
Thu, 30 Jan 2025 15:04:48 -0500 [2603:9000:f801:55e2:6c8c:623b:47a3:a516] 500: Undefined variable $selected_note trace: [/home/u991737198/domains/tas2023.online/public_html/tmp/3hn69l4qoa804.3g8shy2588w00.php:374]
Thu, 30 Jan 2025 15:04:48 -0500 [2603:9000:f801:55e2:6c8c:623b:47a3:a516] [/home/u991737198/domains/tas2023.online/public_html/tmp/3hn69l4qoa804.3g8shy2588w00.php:374] Base->{closure}()
Thu, 30 Jan 2025 15:04:48 -0500 [2603:9000:f801:55e2:6c8c:623b:47a3:a516] [/home/u991737198/domains/tas2023.online/public_html/lib/base.php:3036] require('/home/u991737198/domains/tas2023.online/public_html/tmp/3hn69l4qoa804.3g8shy2588w00.php')
Thu, 30 Jan 2025 15:04:48 -0500 [2603:9000:f801:55e2:6c8c:623b:47a3:a516] [/home/u991737198/domains/tas2023.online/public_html/lib/base.php:3281] View->sandbox()
Thu, 30 Jan 2025 15:04:48 -0500 [2603:9000:f801:55e2:6c8c:623b:47a3:a516] [/home/u991737198/domains/tas2023.online/public_html/tmp/3hn69l4qoa804.3h31n1yj254w8.php:7] Preview->render()
Thu, 30 Jan 2025 15:04:48 -0500 [2603:9000:f801:55e2:6c8c:623b:47a3:a516] [/home/u991737198/domains/tas2023.online/public_html/lib/base.php:3036] require('/home/u991737198/domains/tas2023.online/public_html/tmp/3hn69l4qoa804.3h31n1yj254w8.php')
Thu, 30 Jan 2025 15:04:48 -0500 [2603:9000:f801:55e2:6c8c:623b:47a3:a516] [/home/u991737198/domains/tas2023.online/public_html/lib/base.php:3281] View->sandbox()
Thu, 30 Jan 2025 15:04:48 -0500 [2603:9000:f801:55e2:6c8c:623b:47a3:a516] [/home/u991737198/domains/tas2023.online/public_html/app/controllers/Controller.php:87] Preview->render()
Thu, 30 Jan 2025 15:04:48 -0500 [2603:9000:f801:55e2:6c8c:623b:47a3:a516] [/home/u991737198/domains/tas2023.online/public_html/lib/base.php:2078] Controller->afterroute()
Thu, 30 Jan 2025 15:04:48 -0500 [2603:9000:f801:55e2:6c8c:623b:47a3:a516] [/home/u991737198/domains/tas2023.online/public_html/lib/base.php:1871] Base->call()
Thu, 30 Jan 2025 15:04:48 -0500 [2603:9000:f801:55e2:6c8c:623b:47a3:a516] [/home/u991737198/domains/tas2023.online/public_html/index.php:19] Base->run()
Thu, 30 Jan 2025 15:05:07 -0500 [2603:9000:f801:55e2:6c8c:623b:47a3:a516] 500: Undefined variable $selected_note trace: [/home/u991737198/domains/tas2023.online/public_html/tmp/3hn69l4qoa804.3g8shy2588w00.php:374]
Thu, 30 Jan 2025 15:05:07 -0500 [2603:9000:f801:55e2:6c8c:623b:47a3:a516] [/home/u991737198/domains/tas2023.online/public_html/tmp/3hn69l4qoa804.3g8shy2588w00.php:374] Base->{closure}()
Thu, 30 Jan 2025 15:05:07 -0500 [2603:9000:f801:55e2:6c8c:623b:47a3:a516] [/home/u991737198/domains/tas2023.online/public_html/lib/base.php:3036] require('/home/u991737198/domains/tas2023.online/public_html/tmp/3hn69l4qoa804.3g8shy2588w00.php')
Thu, 30 Jan 2025 15:05:07 -0500 [2603:9000:f801:55e2:6c8c:623b:47a3:a516] [/home/u991737198/domains/tas2023.online/public_html/lib/base.php:3281] View->sandbox()
Thu, 30 Jan 2025 15:05:07 -0500 [2603:9000:f801:55e2:6c8c:623b:47a3:a516] [/home/u991737198/domains/tas2023.online/public_html/tmp/3hn69l4qoa804.3h31n1yj254w8.php:7] Preview->render()
Thu, 30 Jan 2025 15:05:07 -0500 [2603:9000:f801:55e2:6c8c:623b:47a3:a516] [/home/u991737198/domains/tas2023.online/public_html/lib/base.php:3036] require('/home/u991737198/domains/tas2023.online/public_html/tmp/3hn69l4qoa804.3h31n1yj254w8.php')
Thu, 30 Jan 2025 15:05:07 -0500 [2603:9000:f801:55e2:6c8c:623b:47a3:a516] [/home/u991737198/domains/tas2023.online/public_html/lib/base.php:3281] View->sandbox()
Thu, 30 Jan 2025 15:05:07 -0500 [2603:9000:f801:55e2:6c8c:623b:47a3:a516] [/home/u991737198/domains/tas2023.online/public_html/app/controllers/Controller.php:87] Preview->render()
Thu, 30 Jan 2025 15:05:07 -0500 [2603:9000:f801:55e2:6c8c:623b:47a3:a516] [/home/u991737198/domains/tas2023.online/public_html/lib/base.php:2078] Controller->afterroute()
Thu, 30 Jan 2025 15:05:07 -0500 [2603:9000:f801:55e2:6c8c:623b:47a3:a516] [/home/u991737198/domains/tas2023.online/public_html/lib/base.php:1871] Base->call()
Thu, 30 Jan 2025 15:05:07 -0500 [2603:9000:f801:55e2:6c8c:623b:47a3:a516] [/home/u991737198/domains/tas2023.online/public_html/index.php:19] Base->run()
Thu, 30 Jan 2025 15:05:40 -0500 [2603:9000:f801:55e2:6c8c:623b:47a3:a516] 500: Undefined variable $selected_note trace: [/home/u991737198/domains/tas2023.online/public_html/tmp/3hn69l4qoa804.3g8shy2588w00.php:374]
Thu, 30 Jan 2025 15:05:40 -0500 [2603:9000:f801:55e2:6c8c:623b:47a3:a516] [/home/u991737198/domains/tas2023.online/public_html/tmp/3hn69l4qoa804.3g8shy2588w00.php:374] Base->{closure}()
Thu, 30 Jan 2025 15:05:40 -0500 [2603:9000:f801:55e2:6c8c:623b:47a3:a516] [/home/u991737198/domains/tas2023.online/public_html/lib/base.php:3036] require('/home/u991737198/domains/tas2023.online/public_html/tmp/3hn69l4qoa804.3g8shy2588w00.php')
Thu, 30 Jan 2025 15:05:40 -0500 [2603:9000:f801:55e2:6c8c:623b:47a3:a516] [/home/u991737198/domains/tas2023.online/public_html/lib/base.php:3281] View->sandbox()
Thu, 30 Jan 2025 15:05:40 -0500 [2603:9000:f801:55e2:6c8c:623b:47a3:a516] [/home/u991737198/domains/tas2023.online/public_html/tmp/3hn69l4qoa804.3h31n1yj254w8.php:7] Preview->render()
Thu, 30 Jan 2025 15:05:40 -0500 [2603:9000:f801:55e2:6c8c:623b:47a3:a516] [/home/u991737198/domains/tas2023.online/public_html/lib/base.php:3036] require('/home/u991737198/domains/tas2023.online/public_html/tmp/3hn69l4qoa804.3h31n1yj254w8.php')
Thu, 30 Jan 2025 15:05:40 -0500 [2603:9000:f801:55e2:6c8c:623b:47a3:a516] [/home/u991737198/domains/tas2023.online/public_html/lib/base.php:3281] View->sandbox()
Thu, 30 Jan 2025 15:05:40 -0500 [2603:9000:f801:55e2:6c8c:623b:47a3:a516] [/home/u991737198/domains/tas2023.online/public_html/app/controllers/Controller.php:87] Preview->render()
Thu, 30 Jan 2025 15:05:40 -0500 [2603:9000:f801:55e2:6c8c:623b:47a3:a516] [/home/u991737198/domains/tas2023.online/public_html/lib/base.php:2078] Controller->afterroute()
Thu, 30 Jan 2025 15:05:40 -0500 [2603:9000:f801:55e2:6c8c:623b:47a3:a516] [/home/u991737198/domains/tas2023.online/public_html/lib/base.php:1871] Base->call()
Thu, 30 Jan 2025 15:05:40 -0500 [2603:9000:f801:55e2:6c8c:623b:47a3:a516] [/home/u991737198/domains/tas2023.online/public_html/index.php:19] Base->run()
Thu, 30 Jan 2025 15:50:12 -0500 [24.173.132.66] 401: HTTP 401 (GET /task/taskData) trace: [/home/u991737198/domains/tas2023.online/public_html/lib/access.php:112] Base->error()
Thu, 30 Jan 2025 15:50:12 -0500 [24.173.132.66] [/home/u991737198/domains/tas2023.online/public_html/app/controllers/Controller.php:78] Access->authorize()
Thu, 30 Jan 2025 15:50:12 -0500 [24.173.132.66] [/home/u991737198/domains/tas2023.online/public_html/lib/base.php:2069] Controller->beforeroute()
Thu, 30 Jan 2025 15:50:12 -0500 [24.173.132.66] [/home/u991737198/domains/tas2023.online/public_html/lib/base.php:1871] Base->call()
Thu, 30 Jan 2025 15:50:12 -0500 [24.173.132.66] [/home/u991737198/domains/tas2023.online/public_html/index.php:19] Base->run()
Thu, 30 Jan 2025 16:19:16 -0500 [24.173.132.66] 500: Undefined variable $selected_note trace: [/home/u991737198/domains/tas2023.online/public_html/tmp/3hn69l4qoa804.3g8shy2588w00.php:374]
Thu, 30 Jan 2025 16:19:16 -0500 [24.173.132.66] [/home/u991737198/domains/tas2023.online/public_html/tmp/3hn69l4qoa804.3g8shy2588w00.php:374] Base->{closure}()
Thu, 30 Jan 2025 16:19:16 -0500 [24.173.132.66] [/home/u991737198/domains/tas2023.online/public_html/lib/base.php:3036] require('/home/u991737198/domains/tas2023.online/public_html/tmp/3hn69l4qoa804.3g8shy2588w00.php')
Thu, 30 Jan 2025 16:19:16 -0500 [24.173.132.66] [/home/u991737198/domains/tas2023.online/public_html/lib/base.php:3281] View->sandbox()
Thu, 30 Jan 2025 16:19:16 -0500 [24.173.132.66] [/home/u991737198/domains/tas2023.online/public_html/tmp/3hn69l4qoa804.3h31n1yj254w8.php:7] Preview->render()
Thu, 30 Jan 2025 16:19:16 -0500 [24.173.132.66] [/home/u991737198/domains/tas2023.online/public_html/lib/base.php:3036] require('/home/u991737198/domains/tas2023.online/public_html/tmp/3hn69l4qoa804.3h31n1yj254w8.php')
Thu, 30 Jan 2025 16:19:16 -0500 [24.173.132.66] [/home/u991737198/domains/tas2023.online/public_html/lib/base.php:3281] View->sandbox()
Thu, 30 Jan 2025 16:19:16 -0500 [24.173.132.66] [/home/u991737198/domains/tas2023.online/public_html/app/controllers/Controller.php:87] Preview->render()
Thu, 30 Jan 2025 16:19:16 -0500 [24.173.132.66] [/home/u991737198/domains/tas2023.online/public_html/lib/base.php:2078] Controller->afterroute()
Thu, 30 Jan 2025 16:19:16 -0500 [24.173.132.66] [/home/u991737198/domains/tas2023.online/public_html/lib/base.php:1871] Base->call()
Thu, 30 Jan 2025 16:19:16 -0500 [24.173.132.66] [/home/u991737198/domains/tas2023.online/public_html/index.php:19] Base->run()
Thu, 30 Jan 2025 16:54:32 -0500 [24.173.132.66] 500: Undefined variable $selected_note trace: [/home/u991737198/domains/tas2023.online/public_html/tmp/3hn69l4qoa804.3g8shy2588w00.php:311]
Thu, 30 Jan 2025 16:54:32 -0500 [24.173.132.66] [/home/u991737198/domains/tas2023.online/public_html/tmp/3hn69l4qoa804.3g8shy2588w00.php:311] Base->{closure}()
Thu, 30 Jan 2025 16:54:32 -0500 [24.173.132.66] [/home/u991737198/domains/tas2023.online/public_html/lib/base.php:3036] require('/home/u991737198/domains/tas2023.online/public_html/tmp/3hn69l4qoa804.3g8shy2588w00.php')
Thu, 30 Jan 2025 16:54:32 -0500 [24.173.132.66] [/home/u991737198/domains/tas2023.online/public_html/lib/base.php:3281] View->sandbox()
Thu, 30 Jan 2025 16:54:32 -0500 [24.173.132.66] [/home/u991737198/domains/tas2023.online/public_html/tmp/3hn69l4qoa804.3h31n1yj254w8.php:7] Preview->render()
Thu, 30 Jan 2025 16:54:32 -0500 [24.173.132.66] [/home/u991737198/domains/tas2023.online/public_html/lib/base.php:3036] require('/home/u991737198/domains/tas2023.online/public_html/tmp/3hn69l4qoa804.3h31n1yj254w8.php')
Thu, 30 Jan 2025 16:54:32 -0500 [24.173.132.66] [/home/u991737198/domains/tas2023.online/public_html/lib/base.php:3281] View->sandbox()
Thu, 30 Jan 2025 16:54:32 -0500 [24.173.132.66] [/home/u991737198/domains/tas2023.online/public_html/app/controllers/Controller.php:87] Preview->render()
Thu, 30 Jan 2025 16:54:32 -0500 [24.173.132.66] [/home/u991737198/domains/tas2023.online/public_html/lib/base.php:2078] Controller->afterroute()
Thu, 30 Jan 2025 16:54:32 -0500 [24.173.132.66] [/home/u991737198/domains/tas2023.online/public_html/lib/base.php:1871] Base->call()
Thu, 30 Jan 2025 16:54:32 -0500 [24.173.132.66] [/home/u991737198/domains/tas2023.online/public_html/index.php:19] Base->run()
Thu, 30 Jan 2025 16:58:29 -0500 [24.173.132.66] 500: Undefined variable $selected_note trace: [/home/u991737198/domains/tas2023.online/public_html/tmp/3hn69l4qoa804.3g8shy2588w00.php:331]
Thu, 30 Jan 2025 16:58:29 -0500 [24.173.132.66] [/home/u991737198/domains/tas2023.online/public_html/tmp/3hn69l4qoa804.3g8shy2588w00.php:331] Base->{closure}()
Thu, 30 Jan 2025 16:58:29 -0500 [24.173.132.66] [/home/u991737198/domains/tas2023.online/public_html/lib/base.php:3036] require('/home/u991737198/domains/tas2023.online/public_html/tmp/3hn69l4qoa804.3g8shy2588w00.php')
Thu, 30 Jan 2025 16:58:29 -0500 [24.173.132.66] [/home/u991737198/domains/tas2023.online/public_html/lib/base.php:3281] View->sandbox()
Thu, 30 Jan 2025 16:58:29 -0500 [24.173.132.66] [/home/u991737198/domains/tas2023.online/public_html/tmp/3hn69l4qoa804.3h31n1yj254w8.php:7] Preview->render()
Thu, 30 Jan 2025 16:58:29 -0500 [24.173.132.66] [/home/u991737198/domains/tas2023.online/public_html/lib/base.php:3036] require('/home/u991737198/domains/tas2023.online/public_html/tmp/3hn69l4qoa804.3h31n1yj254w8.php')
Thu, 30 Jan 2025 16:58:29 -0500 [24.173.132.66] [/home/u991737198/domains/tas2023.online/public_html/lib/base.php:3281] View->sandbox()
Thu, 30 Jan 2025 16:58:29 -0500 [24.173.132.66] [/home/u991737198/domains/tas2023.online/public_html/app/controllers/Controller.php:87] Preview->render()
Thu, 30 Jan 2025 16:58:29 -0500 [24.173.132.66] [/home/u991737198/domains/tas2023.online/public_html/lib/base.php:2078] Controller->afterroute()
Thu, 30 Jan 2025 16:58:29 -0500 [24.173.132.66] [/home/u991737198/domains/tas2023.online/public_html/lib/base.php:1871] Base->call()
Thu, 30 Jan 2025 16:58:29 -0500 [24.173.132.66] [/home/u991737198/domains/tas2023.online/public_html/index.php:19] Base->run()
Thu, 30 Jan 2025 17:01:57 -0500 [24.173.132.66] 500: Undefined variable $selected_note trace: [/home/u991737198/domains/tas2023.online/public_html/tmp/3hn69l4qoa804.3g8shy2588w00.php:375]
Thu, 30 Jan 2025 17:01:57 -0500 [24.173.132.66] [/home/u991737198/domains/tas2023.online/public_html/tmp/3hn69l4qoa804.3g8shy2588w00.php:375] Base->{closure}()
Thu, 30 Jan 2025 17:01:57 -0500 [24.173.132.66] [/home/u991737198/domains/tas2023.online/public_html/lib/base.php:3036] require('/home/u991737198/domains/tas2023.online/public_html/tmp/3hn69l4qoa804.3g8shy2588w00.php')
Thu, 30 Jan 2025 17:01:57 -0500 [24.173.132.66] [/home/u991737198/domains/tas2023.online/public_html/lib/base.php:3281] View->sandbox()
Thu, 30 Jan 2025 17:01:57 -0500 [24.173.132.66] [/home/u991737198/domains/tas2023.online/public_html/tmp/3hn69l4qoa804.3h31n1yj254w8.php:7] Preview->render()
Thu, 30 Jan 2025 17:01:57 -0500 [24.173.132.66] [/home/u991737198/domains/tas2023.online/public_html/lib/base.php:3036] require('/home/u991737198/domains/tas2023.online/public_html/tmp/3hn69l4qoa804.3h31n1yj254w8.php')
Thu, 30 Jan 2025 17:01:57 -0500 [24.173.132.66] [/home/u991737198/domains/tas2023.online/public_html/lib/base.php:3281] View->sandbox()
Thu, 30 Jan 2025 17:01:57 -0500 [24.173.132.66] [/home/u991737198/domains/tas2023.online/public_html/app/controllers/Controller.php:87] Preview->render()
Thu, 30 Jan 2025 17:01:57 -0500 [24.173.132.66] [/home/u991737198/domains/tas2023.online/public_html/lib/base.php:2078] Controller->afterroute()
Thu, 30 Jan 2025 17:01:57 -0500 [24.173.132.66] [/home/u991737198/domains/tas2023.online/public_html/lib/base.php:1871] Base->call()
Thu, 30 Jan 2025 17:01:57 -0500 [24.173.132.66] [/home/u991737198/domains/tas2023.online/public_html/index.php:19] Base->run()
Thu, 30 Jan 2025 17:15:08 -0500 [24.173.132.66] 500: Undefined variable $entity_num trace: [tmp/3hn69l4qoa804.1zo7dt0fljr4w.php:200]
Thu, 30 Jan 2025 17:15:08 -0500 [24.173.132.66] [tmp/3hn69l4qoa804.1zo7dt0fljr4w.php:200] Base->{closure}()
Thu, 30 Jan 2025 17:15:08 -0500 [24.173.132.66] [lib/base.php:3036] require('/home/u991737198/domains/tas2023.online/public_html/tmp/3hn69l4qoa804.1zo7dt0fljr4w.php')
Thu, 30 Jan 2025 17:15:08 -0500 [24.173.132.66] [lib/base.php:3281] View->sandbox()
Thu, 30 Jan 2025 17:15:08 -0500 [24.173.132.66] [tmp/3hn69l4qoa804.3h31n1yj254w8.php:7] Preview->render()
Thu, 30 Jan 2025 17:15:08 -0500 [24.173.132.66] [lib/base.php:3036] require('/home/u991737198/domains/tas2023.online/public_html/tmp/3hn69l4qoa804.3h31n1yj254w8.php')
Thu, 30 Jan 2025 17:15:08 -0500 [24.173.132.66] [lib/base.php:3281] View->sandbox()
Thu, 30 Jan 2025 17:15:08 -0500 [24.173.132.66] [app/controllers/Controller.php:87] Preview->render()
Thu, 30 Jan 2025 17:15:08 -0500 [24.173.132.66] [lib/base.php:2078] Controller->afterroute()
Thu, 30 Jan 2025 17:15:08 -0500 [24.173.132.66] [lib/base.php:1871] Base->call()
Thu, 30 Jan 2025 17:15:08 -0500 [24.173.132.66] [index.php:19] Base->run()
Thu, 30 Jan 2025 17:15:14 -0500 [24.173.132.66] 500: Undefined variable $selected_note trace: [/home/u991737198/domains/tas2023.online/public_html/tmp/3hn69l4qoa804.3g8shy2588w00.php:375]
Thu, 30 Jan 2025 17:15:14 -0500 [24.173.132.66] [/home/u991737198/domains/tas2023.online/public_html/tmp/3hn69l4qoa804.3g8shy2588w00.php:375] Base->{closure}()
Thu, 30 Jan 2025 17:15:14 -0500 [24.173.132.66] [/home/u991737198/domains/tas2023.online/public_html/lib/base.php:3036] require('/home/u991737198/domains/tas2023.online/public_html/tmp/3hn69l4qoa804.3g8shy2588w00.php')
Thu, 30 Jan 2025 17:15:14 -0500 [24.173.132.66] [/home/u991737198/domains/tas2023.online/public_html/lib/base.php:3281] View->sandbox()
Thu, 30 Jan 2025 17:15:14 -0500 [24.173.132.66] [/home/u991737198/domains/tas2023.online/public_html/tmp/3hn69l4qoa804.3h31n1yj254w8.php:7] Preview->render()
Thu, 30 Jan 2025 17:15:14 -0500 [24.173.132.66] [/home/u991737198/domains/tas2023.online/public_html/lib/base.php:3036] require('/home/u991737198/domains/tas2023.online/public_html/tmp/3hn69l4qoa804.3h31n1yj254w8.php')
Thu, 30 Jan 2025 17:15:14 -0500 [24.173.132.66] [/home/u991737198/domains/tas2023.online/public_html/lib/base.php:3281] View->sandbox()
Thu, 30 Jan 2025 17:15:14 -0500 [24.173.132.66] [/home/u991737198/domains/tas2023.online/public_html/app/controllers/Controller.php:87] Preview->render()
Thu, 30 Jan 2025 17:15:14 -0500 [24.173.132.66] [/home/u991737198/domains/tas2023.online/public_html/lib/base.php:2078] Controller->afterroute()
Thu, 30 Jan 2025 17:15:14 -0500 [24.173.132.66] [/home/u991737198/domains/tas2023.online/public_html/lib/base.php:1871] Base->call()
Thu, 30 Jan 2025 17:15:14 -0500 [24.173.132.66] [/home/u991737198/domains/tas2023.online/public_html/index.php:19] Base->run()
Thu, 30 Jan 2025 17:15:53 -0500 [24.173.132.66] 500: Undefined variable $selected_note trace: [/home/u991737198/domains/tas2023.online/public_html/tmp/3hn69l4qoa804.3g8shy2588w00.php:375]
Thu, 30 Jan 2025 17:15:53 -0500 [24.173.132.66] [/home/u991737198/domains/tas2023.online/public_html/tmp/3hn69l4qoa804.3g8shy2588w00.php:375] Base->{closure}()
Thu, 30 Jan 2025 17:15:53 -0500 [24.173.132.66] [/home/u991737198/domains/tas2023.online/public_html/lib/base.php:3036] require('/home/u991737198/domains/tas2023.online/public_html/tmp/3hn69l4qoa804.3g8shy2588w00.php')
Thu, 30 Jan 2025 17:15:53 -0500 [24.173.132.66] [/home/u991737198/domains/tas2023.online/public_html/lib/base.php:3281] View->sandbox()
Thu, 30 Jan 2025 17:15:53 -0500 [24.173.132.66] [/home/u991737198/domains/tas2023.online/public_html/tmp/3hn69l4qoa804.3h31n1yj254w8.php:7] Preview->render()
Thu, 30 Jan 2025 17:15:53 -0500 [24.173.132.66] [/home/u991737198/domains/tas2023.online/public_html/lib/base.php:3036] require('/home/u991737198/domains/tas2023.online/public_html/tmp/3hn69l4qoa804.3h31n1yj254w8.php')
Thu, 30 Jan 2025 17:15:53 -0500 [24.173.132.66] [/home/u991737198/domains/tas2023.online/public_html/lib/base.php:3281] View->sandbox()
Thu, 30 Jan 2025 17:15:53 -0500 [24.173.132.66] [/home/u991737198/domains/tas2023.online/public_html/app/controllers/Controller.php:87] Preview->render()
Thu, 30 Jan 2025 17:15:53 -0500 [24.173.132.66] [/home/u991737198/domains/tas2023.online/public_html/lib/base.php:2078] Controller->afterroute()
Thu, 30 Jan 2025 17:15:53 -0500 [24.173.132.66] [/home/u991737198/domains/tas2023.online/public_html/lib/base.php:1871] Base->call()
Thu, 30 Jan 2025 17:15:53 -0500 [24.173.132.66] [/home/u991737198/domains/tas2023.online/public_html/index.php:19] Base->run()
Thu, 30 Jan 2025 17:21:25 -0500 [24.173.132.66] 500: Undefined variable $selected_note trace: [/home/u991737198/domains/tas2023.online/public_html/tmp/3hn69l4qoa804.3g8shy2588w00.php:375]
Thu, 30 Jan 2025 17:21:25 -0500 [24.173.132.66] [/home/u991737198/domains/tas2023.online/public_html/tmp/3hn69l4qoa804.3g8shy2588w00.php:375] Base->{closure}()
Thu, 30 Jan 2025 17:21:25 -0500 [24.173.132.66] [/home/u991737198/domains/tas2023.online/public_html/lib/base.php:3036] require('/home/u991737198/domains/tas2023.online/public_html/tmp/3hn69l4qoa804.3g8shy2588w00.php')
Thu, 30 Jan 2025 17:21:25 -0500 [24.173.132.66] [/home/u991737198/domains/tas2023.online/public_html/lib/base.php:3281] View->sandbox()
Thu, 30 Jan 2025 17:21:25 -0500 [24.173.132.66] [/home/u991737198/domains/tas2023.online/public_html/tmp/3hn69l4qoa804.3h31n1yj254w8.php:7] Preview->render()
Thu, 30 Jan 2025 17:21:25 -0500 [24.173.132.66] [/home/u991737198/domains/tas2023.online/public_html/lib/base.php:3036] require('/home/u991737198/domains/tas2023.online/public_html/tmp/3hn69l4qoa804.3h31n1yj254w8.php')
Thu, 30 Jan 2025 17:21:25 -0500 [24.173.132.66] [/home/u991737198/domains/tas2023.online/public_html/lib/base.php:3281] View->sandbox()
Thu, 30 Jan 2025 17:21:25 -0500 [24.173.132.66] [/home/u991737198/domains/tas2023.online/public_html/app/controllers/Controller.php:87] Preview->render()
Thu, 30 Jan 2025 17:21:25 -0500 [24.173.132.66] [/home/u991737198/domains/tas2023.online/public_html/lib/base.php:2078] Controller->afterroute()
Thu, 30 Jan 2025 17:21:25 -0500 [24.173.132.66] [/home/u991737198/domains/tas2023.online/public_html/lib/base.php:1871] Base->call()
Thu, 30 Jan 2025 17:21:25 -0500 [24.173.132.66] [/home/u991737198/domains/tas2023.online/public_html/index.php:19] Base->run()
Thu, 30 Jan 2025 17:21:37 -0500 [24.173.132.66] 500: Undefined variable $note_num trace: [/home/u991737198/domains/tas2023.online/public_html/app/controllers/NoteController.php:66]
Thu, 30 Jan 2025 17:21:37 -0500 [24.173.132.66] [/home/u991737198/domains/tas2023.online/public_html/app/controllers/NoteController.php:66] Base->{closure}()
Thu, 30 Jan 2025 17:21:37 -0500 [24.173.132.66] [/home/u991737198/domains/tas2023.online/public_html/lib/base.php:2072] NoteController->updateStatus()
Thu, 30 Jan 2025 17:21:37 -0500 [24.173.132.66] [/home/u991737198/domains/tas2023.online/public_html/lib/base.php:1871] Base->call()
Thu, 30 Jan 2025 17:21:37 -0500 [24.173.132.66] [/home/u991737198/domains/tas2023.online/public_html/index.php:19] Base->run()
Thu, 30 Jan 2025 17:21:46 -0500 [24.173.132.66] 500: Undefined variable $note_num trace: [/home/u991737198/domains/tas2023.online/public_html/app/controllers/NoteController.php:66]
Thu, 30 Jan 2025 17:21:46 -0500 [24.173.132.66] [/home/u991737198/domains/tas2023.online/public_html/app/controllers/NoteController.php:66] Base->{closure}()
Thu, 30 Jan 2025 17:21:46 -0500 [24.173.132.66] [/home/u991737198/domains/tas2023.online/public_html/lib/base.php:2072] NoteController->updateStatus()
Thu, 30 Jan 2025 17:21:46 -0500 [24.173.132.66] [/home/u991737198/domains/tas2023.online/public_html/lib/base.php:1871] Base->call()
Thu, 30 Jan 2025 17:21:46 -0500 [24.173.132.66] [/home/u991737198/domains/tas2023.online/public_html/index.php:19] Base->run()
Thu, 30 Jan 2025 17:23:58 -0500 [24.173.132.66] 500: Undefined variable $selected_note trace: [/home/u991737198/domains/tas2023.online/public_html/tmp/3hn69l4qoa804.3g8shy2588w00.php:375]
Thu, 30 Jan 2025 17:23:58 -0500 [24.173.132.66] [/home/u991737198/domains/tas2023.online/public_html/tmp/3hn69l4qoa804.3g8shy2588w00.php:375] Base->{closure}()
Thu, 30 Jan 2025 17:23:58 -0500 [24.173.132.66] [/home/u991737198/domains/tas2023.online/public_html/lib/base.php:3036] require('/home/u991737198/domains/tas2023.online/public_html/tmp/3hn69l4qoa804.3g8shy2588w00.php')
Thu, 30 Jan 2025 17:23:58 -0500 [24.173.132.66] [/home/u991737198/domains/tas2023.online/public_html/lib/base.php:3281] View->sandbox()
Thu, 30 Jan 2025 17:23:58 -0500 [24.173.132.66] [/home/u991737198/domains/tas2023.online/public_html/tmp/3hn69l4qoa804.3h31n1yj254w8.php:7] Preview->render()
Thu, 30 Jan 2025 17:23:58 -0500 [24.173.132.66] [/home/u991737198/domains/tas2023.online/public_html/lib/base.php:3036] require('/home/u991737198/domains/tas2023.online/public_html/tmp/3hn69l4qoa804.3h31n1yj254w8.php')
Thu, 30 Jan 2025 17:23:58 -0500 [24.173.132.66] [/home/u991737198/domains/tas2023.online/public_html/lib/base.php:3281] View->sandbox()
Thu, 30 Jan 2025 17:23:58 -0500 [24.173.132.66] [/home/u991737198/domains/tas2023.online/public_html/app/controllers/Controller.php:87] Preview->render()
Thu, 30 Jan 2025 17:23:58 -0500 [24.173.132.66] [/home/u991737198/domains/tas2023.online/public_html/lib/base.php:2078] Controller->afterroute()
Thu, 30 Jan 2025 17:23:58 -0500 [24.173.132.66] [/home/u991737198/domains/tas2023.online/public_html/lib/base.php:1871] Base->call()
Thu, 30 Jan 2025 17:23:58 -0500 [24.173.132.66] [/home/u991737198/domains/tas2023.online/public_html/index.php:19] Base->run()
Thu, 30 Jan 2025 17:24:05 -0500 [24.173.132.66] 500: Undefined variable $note_num trace: [/home/u991737198/domains/tas2023.online/public_html/app/controllers/NoteController.php:66]
Thu, 30 Jan 2025 17:24:05 -0500 [24.173.132.66] [/home/u991737198/domains/tas2023.online/public_html/app/controllers/NoteController.php:66] Base->{closure}()
Thu, 30 Jan 2025 17:24:05 -0500 [24.173.132.66] [/home/u991737198/domains/tas2023.online/public_html/lib/base.php:2072] NoteController->updateStatus()
Thu, 30 Jan 2025 17:24:05 -0500 [24.173.132.66] [/home/u991737198/domains/tas2023.online/public_html/lib/base.php:1871] Base->call()
Thu, 30 Jan 2025 17:24:05 -0500 [24.173.132.66] [/home/u991737198/domains/tas2023.online/public_html/index.php:19] Base->run()
Thu, 30 Jan 2025 17:24:09 -0500 [24.173.132.66] 500: Undefined variable $note_num trace: [/home/u991737198/domains/tas2023.online/public_html/app/controllers/NoteController.php:66]
Thu, 30 Jan 2025 17:24:09 -0500 [24.173.132.66] [/home/u991737198/domains/tas2023.online/public_html/app/controllers/NoteController.php:66] Base->{closure}()
Thu, 30 Jan 2025 17:24:09 -0500 [24.173.132.66] [/home/u991737198/domains/tas2023.online/public_html/lib/base.php:2072] NoteController->updateStatus()
Thu, 30 Jan 2025 17:24:09 -0500 [24.173.132.66] [/home/u991737198/domains/tas2023.online/public_html/lib/base.php:1871] Base->call()
Thu, 30 Jan 2025 17:24:09 -0500 [24.173.132.66] [/home/u991737198/domains/tas2023.online/public_html/index.php:19] Base->run()
Thu, 30 Jan 2025 17:26:00 -0500 [24.173.132.66] 500: Undefined variable $selected_note trace: [/home/u991737198/domains/tas2023.online/public_html/tmp/3hn69l4qoa804.3g8shy2588w00.php:375]
Thu, 30 Jan 2025 17:26:00 -0500 [24.173.132.66] [/home/u991737198/domains/tas2023.online/public_html/tmp/3hn69l4qoa804.3g8shy2588w00.php:375] Base->{closure}()
Thu, 30 Jan 2025 17:26:00 -0500 [24.173.132.66] [/home/u991737198/domains/tas2023.online/public_html/lib/base.php:3036] require('/home/u991737198/domains/tas2023.online/public_html/tmp/3hn69l4qoa804.3g8shy2588w00.php')
Thu, 30 Jan 2025 17:26:00 -0500 [24.173.132.66] [/home/u991737198/domains/tas2023.online/public_html/lib/base.php:3281] View->sandbox()
Thu, 30 Jan 2025 17:26:00 -0500 [24.173.132.66] [/home/u991737198/domains/tas2023.online/public_html/tmp/3hn69l4qoa804.3h31n1yj254w8.php:7] Preview->render()
Thu, 30 Jan 2025 17:26:00 -0500 [24.173.132.66] [/home/u991737198/domains/tas2023.online/public_html/lib/base.php:3036] require('/home/u991737198/domains/tas2023.online/public_html/tmp/3hn69l4qoa804.3h31n1yj254w8.php')
Thu, 30 Jan 2025 17:26:00 -0500 [24.173.132.66] [/home/u991737198/domains/tas2023.online/public_html/lib/base.php:3281] View->sandbox()
Thu, 30 Jan 2025 17:26:00 -0500 [24.173.132.66] [/home/u991737198/domains/tas2023.online/public_html/app/controllers/Controller.php:87] Preview->render()
Thu, 30 Jan 2025 17:26:00 -0500 [24.173.132.66] [/home/u991737198/domains/tas2023.online/public_html/lib/base.php:2078] Controller->afterroute()
Thu, 30 Jan 2025 17:26:00 -0500 [24.173.132.66] [/home/u991737198/domains/tas2023.online/public_html/lib/base.php:1871] Base->call()
Thu, 30 Jan 2025 17:26:00 -0500 [24.173.132.66] [/home/u991737198/domains/tas2023.online/public_html/index.php:19] Base->run()
Thu, 30 Jan 2025 17:26:12 -0500 [24.173.132.66] 500: Undefined variable $view trace: [/home/u991737198/domains/tas2023.online/public_html/tmp/3hn69l4qoa804.3h31n1yj254w8.php:7]
Thu, 30 Jan 2025 17:26:12 -0500 [24.173.132.66] [/home/u991737198/domains/tas2023.online/public_html/tmp/3hn69l4qoa804.3h31n1yj254w8.php:7] Base->{closure}()
Thu, 30 Jan 2025 17:26:12 -0500 [24.173.132.66] [/home/u991737198/domains/tas2023.online/public_html/lib/base.php:3036] require('/home/u991737198/domains/tas2023.online/public_html/tmp/3hn69l4qoa804.3h31n1yj254w8.php')
Thu, 30 Jan 2025 17:26:12 -0500 [24.173.132.66] [/home/u991737198/domains/tas2023.online/public_html/lib/base.php:3281] View->sandbox()
Thu, 30 Jan 2025 17:26:12 -0500 [24.173.132.66] [/home/u991737198/domains/tas2023.online/public_html/app/controllers/Controller.php:87] Preview->render()
Thu, 30 Jan 2025 17:26:12 -0500 [24.173.132.66] [/home/u991737198/domains/tas2023.online/public_html/lib/base.php:2078] Controller->afterroute()
Thu, 30 Jan 2025 17:26:12 -0500 [24.173.132.66] [/home/u991737198/domains/tas2023.online/public_html/lib/base.php:1871] Base->call()
Thu, 30 Jan 2025 17:26:12 -0500 [24.173.132.66] [/home/u991737198/domains/tas2023.online/public_html/index.php:19] Base->run()
Thu, 30 Jan 2025 17:26:18 -0500 [24.173.132.66] 500: Undefined variable $view trace: [/home/u991737198/domains/tas2023.online/public_html/tmp/3hn69l4qoa804.3h31n1yj254w8.php:7]
Thu, 30 Jan 2025 17:26:18 -0500 [24.173.132.66] [/home/u991737198/domains/tas2023.online/public_html/tmp/3hn69l4qoa804.3h31n1yj254w8.php:7] Base->{closure}()
Thu, 30 Jan 2025 17:26:18 -0500 [24.173.132.66] [/home/u991737198/domains/tas2023.online/public_html/lib/base.php:3036] require('/home/u991737198/domains/tas2023.online/public_html/tmp/3hn69l4qoa804.3h31n1yj254w8.php')
Thu, 30 Jan 2025 17:26:18 -0500 [24.173.132.66] [/home/u991737198/domains/tas2023.online/public_html/lib/base.php:3281] View->sandbox()
Thu, 30 Jan 2025 17:26:18 -0500 [24.173.132.66] [/home/u991737198/domains/tas2023.online/public_html/app/controllers/Controller.php:87] Preview->render()
Thu, 30 Jan 2025 17:26:18 -0500 [24.173.132.66] [/home/u991737198/domains/tas2023.online/public_html/lib/base.php:2078] Controller->afterroute()
Thu, 30 Jan 2025 17:26:18 -0500 [24.173.132.66] [/home/u991737198/domains/tas2023.online/public_html/lib/base.php:1871] Base->call()
Thu, 30 Jan 2025 17:26:18 -0500 [24.173.132.66] [/home/u991737198/domains/tas2023.online/public_html/index.php:19] Base->run()
Thu, 30 Jan 2025 17:31:59 -0500 [24.173.132.66] 500: Undefined variable $selected_note trace: [/home/u991737198/domains/tas2023.online/public_html/tmp/3hn69l4qoa804.3g8shy2588w00.php:375]
Thu, 30 Jan 2025 17:31:59 -0500 [24.173.132.66] [/home/u991737198/domains/tas2023.online/public_html/tmp/3hn69l4qoa804.3g8shy2588w00.php:375] Base->{closure}()
Thu, 30 Jan 2025 17:31:59 -0500 [24.173.132.66] [/home/u991737198/domains/tas2023.online/public_html/lib/base.php:3036] require('/home/u991737198/domains/tas2023.online/public_html/tmp/3hn69l4qoa804.3g8shy2588w00.php')
Thu, 30 Jan 2025 17:31:59 -0500 [24.173.132.66] [/home/u991737198/domains/tas2023.online/public_html/lib/base.php:3281] View->sandbox()
Thu, 30 Jan 2025 17:31:59 -0500 [24.173.132.66] [/home/u991737198/domains/tas2023.online/public_html/tmp/3hn69l4qoa804.3h31n1yj254w8.php:7] Preview->render()
Thu, 30 Jan 2025 17:31:59 -0500 [24.173.132.66] [/home/u991737198/domains/tas2023.online/public_html/lib/base.php:3036] require('/home/u991737198/domains/tas2023.online/public_html/tmp/3hn69l4qoa804.3h31n1yj254w8.php')
Thu, 30 Jan 2025 17:31:59 -0500 [24.173.132.66] [/home/u991737198/domains/tas2023.online/public_html/lib/base.php:3281] View->sandbox()
Thu, 30 Jan 2025 17:31:59 -0500 [24.173.132.66] [/home/u991737198/domains/tas2023.online/public_html/app/controllers/Controller.php:87] Preview->render()
Thu, 30 Jan 2025 17:31:59 -0500 [24.173.132.66] [/home/u991737198/domains/tas2023.online/public_html/lib/base.php:2078] Controller->afterroute()
Thu, 30 Jan 2025 17:31:59 -0500 [24.173.132.66] [/home/u991737198/domains/tas2023.online/public_html/lib/base.php:1871] Base->call()
Thu, 30 Jan 2025 17:31:59 -0500 [24.173.132.66] [/home/u991737198/domains/tas2023.online/public_html/index.php:19] Base->run()
Thu, 30 Jan 2025 17:32:06 -0500 [24.173.132.66] 500: Undefined variable $view trace: [/home/u991737198/domains/tas2023.online/public_html/tmp/3hn69l4qoa804.3h31n1yj254w8.php:7]
Thu, 30 Jan 2025 17:32:06 -0500 [24.173.132.66] [/home/u991737198/domains/tas2023.online/public_html/tmp/3hn69l4qoa804.3h31n1yj254w8.php:7] Base->{closure}()
Thu, 30 Jan 2025 17:32:06 -0500 [24.173.132.66] [/home/u991737198/domains/tas2023.online/public_html/lib/base.php:3036] require('/home/u991737198/domains/tas2023.online/public_html/tmp/3hn69l4qoa804.3h31n1yj254w8.php')
Thu, 30 Jan 2025 17:32:06 -0500 [24.173.132.66] [/home/u991737198/domains/tas2023.online/public_html/lib/base.php:3281] View->sandbox()
Thu, 30 Jan 2025 17:32:06 -0500 [24.173.132.66] [/home/u991737198/domains/tas2023.online/public_html/app/controllers/Controller.php:87] Preview->render()
Thu, 30 Jan 2025 17:32:06 -0500 [24.173.132.66] [/home/u991737198/domains/tas2023.online/public_html/lib/base.php:2078] Controller->afterroute()
Thu, 30 Jan 2025 17:32:06 -0500 [24.173.132.66] [/home/u991737198/domains/tas2023.online/public_html/lib/base.php:1871] Base->call()
Thu, 30 Jan 2025 17:32:06 -0500 [24.173.132.66] [/home/u991737198/domains/tas2023.online/public_html/index.php:19] Base->run()
Thu, 30 Jan 2025 17:32:11 -0500 [24.173.132.66] 500: Undefined variable $view trace: [/home/u991737198/domains/tas2023.online/public_html/tmp/3hn69l4qoa804.3h31n1yj254w8.php:7]
Thu, 30 Jan 2025 17:32:11 -0500 [24.173.132.66] [/home/u991737198/domains/tas2023.online/public_html/tmp/3hn69l4qoa804.3h31n1yj254w8.php:7] Base->{closure}()
Thu, 30 Jan 2025 17:32:11 -0500 [24.173.132.66] [/home/u991737198/domains/tas2023.online/public_html/lib/base.php:3036] require('/home/u991737198/domains/tas2023.online/public_html/tmp/3hn69l4qoa804.3h31n1yj254w8.php')
Thu, 30 Jan 2025 17:32:11 -0500 [24.173.132.66] [/home/u991737198/domains/tas2023.online/public_html/lib/base.php:3281] View->sandbox()
Thu, 30 Jan 2025 17:32:11 -0500 [24.173.132.66] [/home/u991737198/domains/tas2023.online/public_html/app/controllers/Controller.php:87] Preview->render()
Thu, 30 Jan 2025 17:32:11 -0500 [24.173.132.66] [/home/u991737198/domains/tas2023.online/public_html/lib/base.php:2078] Controller->afterroute()
Thu, 30 Jan 2025 17:32:11 -0500 [24.173.132.66] [/home/u991737198/domains/tas2023.online/public_html/lib/base.php:1871] Base->call()
Thu, 30 Jan 2025 17:32:11 -0500 [24.173.132.66] [/home/u991737198/domains/tas2023.online/public_html/index.php:19] Base->run()
Thu, 30 Jan 2025 17:34:26 -0500 [24.173.132.66] 500: Undefined variable $selected_note trace: [/home/u991737198/domains/tas2023.online/public_html/tmp/3hn69l4qoa804.3g8shy2588w00.php:375]
Thu, 30 Jan 2025 17:34:26 -0500 [24.173.132.66] [/home/u991737198/domains/tas2023.online/public_html/tmp/3hn69l4qoa804.3g8shy2588w00.php:375] Base->{closure}()
Thu, 30 Jan 2025 17:34:26 -0500 [24.173.132.66] [/home/u991737198/domains/tas2023.online/public_html/lib/base.php:3036] require('/home/u991737198/domains/tas2023.online/public_html/tmp/3hn69l4qoa804.3g8shy2588w00.php')
Thu, 30 Jan 2025 17:34:26 -0500 [24.173.132.66] [/home/u991737198/domains/tas2023.online/public_html/lib/base.php:3281] View->sandbox()
Thu, 30 Jan 2025 17:34:26 -0500 [24.173.132.66] [/home/u991737198/domains/tas2023.online/public_html/tmp/3hn69l4qoa804.3h31n1yj254w8.php:7] Preview->render()
Thu, 30 Jan 2025 17:34:26 -0500 [24.173.132.66] [/home/u991737198/domains/tas2023.online/public_html/lib/base.php:3036] require('/home/u991737198/domains/tas2023.online/public_html/tmp/3hn69l4qoa804.3h31n1yj254w8.php')
Thu, 30 Jan 2025 17:34:26 -0500 [24.173.132.66] [/home/u991737198/domains/tas2023.online/public_html/lib/base.php:3281] View->sandbox()
Thu, 30 Jan 2025 17:34:26 -0500 [24.173.132.66] [/home/u991737198/domains/tas2023.online/public_html/app/controllers/Controller.php:87] Preview->render()
Thu, 30 Jan 2025 17:34:26 -0500 [24.173.132.66] [/home/u991737198/domains/tas2023.online/public_html/lib/base.php:2078] Controller->afterroute()
Thu, 30 Jan 2025 17:34:26 -0500 [24.173.132.66] [/home/u991737198/domains/tas2023.online/public_html/lib/base.php:1871] Base->call()
Thu, 30 Jan 2025 17:34:26 -0500 [24.173.132.66] [/home/u991737198/domains/tas2023.online/public_html/index.php:19] Base->run()
Thu, 30 Jan 2025 17:34:35 -0500 [24.173.132.66] 500: Undefined variable $view trace: [/home/u991737198/domains/tas2023.online/public_html/tmp/3hn69l4qoa804.3h31n1yj254w8.php:7]
Thu, 30 Jan 2025 17:34:35 -0500 [24.173.132.66] [/home/u991737198/domains/tas2023.online/public_html/tmp/3hn69l4qoa804.3h31n1yj254w8.php:7] Base->{closure}()
Thu, 30 Jan 2025 17:34:35 -0500 [24.173.132.66] [/home/u991737198/domains/tas2023.online/public_html/lib/base.php:3036] require('/home/u991737198/domains/tas2023.online/public_html/tmp/3hn69l4qoa804.3h31n1yj254w8.php')
Thu, 30 Jan 2025 17:34:35 -0500 [24.173.132.66] [/home/u991737198/domains/tas2023.online/public_html/lib/base.php:3281] View->sandbox()
Thu, 30 Jan 2025 17:34:35 -0500 [24.173.132.66] [/home/u991737198/domains/tas2023.online/public_html/app/controllers/Controller.php:87] Preview->render()
Thu, 30 Jan 2025 17:34:35 -0500 [24.173.132.66] [/home/u991737198/domains/tas2023.online/public_html/lib/base.php:2078] Controller->afterroute()
Thu, 30 Jan 2025 17:34:35 -0500 [24.173.132.66] [/home/u991737198/domains/tas2023.online/public_html/lib/base.php:1871] Base->call()
Thu, 30 Jan 2025 17:34:35 -0500 [24.173.132.66] [/home/u991737198/domains/tas2023.online/public_html/index.php:19] Base->run()
Thu, 30 Jan 2025 17:34:38 -0500 [24.173.132.66] 500: Undefined variable $view trace: [/home/u991737198/domains/tas2023.online/public_html/tmp/3hn69l4qoa804.3h31n1yj254w8.php:7]
Thu, 30 Jan 2025 17:34:38 -0500 [24.173.132.66] [/home/u991737198/domains/tas2023.online/public_html/tmp/3hn69l4qoa804.3h31n1yj254w8.php:7] Base->{closure}()
Thu, 30 Jan 2025 17:34:38 -0500 [24.173.132.66] [/home/u991737198/domains/tas2023.online/public_html/lib/base.php:3036] require('/home/u991737198/domains/tas2023.online/public_html/tmp/3hn69l4qoa804.3h31n1yj254w8.php')
Thu, 30 Jan 2025 17:34:38 -0500 [24.173.132.66] [/home/u991737198/domains/tas2023.online/public_html/lib/base.php:3281] View->sandbox()
Thu, 30 Jan 2025 17:34:38 -0500 [24.173.132.66] [/home/u991737198/domains/tas2023.online/public_html/app/controllers/Controller.php:87] Preview->render()
Thu, 30 Jan 2025 17:34:38 -0500 [24.173.132.66] [/home/u991737198/domains/tas2023.online/public_html/lib/base.php:2078] Controller->afterroute()
Thu, 30 Jan 2025 17:34:38 -0500 [24.173.132.66] [/home/u991737198/domains/tas2023.online/public_html/lib/base.php:1871] Base->call()
Thu, 30 Jan 2025 17:34:38 -0500 [24.173.132.66] [/home/u991737198/domains/tas2023.online/public_html/index.php:19] Base->run()
Thu, 30 Jan 2025 17:35:51 -0500 [24.173.132.66] 500: Undefined variable $selected_note trace: [/home/u991737198/domains/tas2023.online/public_html/tmp/3hn69l4qoa804.3g8shy2588w00.php:375]
Thu, 30 Jan 2025 17:35:51 -0500 [24.173.132.66] [/home/u991737198/domains/tas2023.online/public_html/tmp/3hn69l4qoa804.3g8shy2588w00.php:375] Base->{closure}()
Thu, 30 Jan 2025 17:35:51 -0500 [24.173.132.66] [/home/u991737198/domains/tas2023.online/public_html/lib/base.php:3036] require('/home/u991737198/domains/tas2023.online/public_html/tmp/3hn69l4qoa804.3g8shy2588w00.php')
Thu, 30 Jan 2025 17:35:51 -0500 [24.173.132.66] [/home/u991737198/domains/tas2023.online/public_html/lib/base.php:3281] View->sandbox()
Thu, 30 Jan 2025 17:35:51 -0500 [24.173.132.66] [/home/u991737198/domains/tas2023.online/public_html/tmp/3hn69l4qoa804.3h31n1yj254w8.php:7] Preview->render()
Thu, 30 Jan 2025 17:35:51 -0500 [24.173.132.66] [/home/u991737198/domains/tas2023.online/public_html/lib/base.php:3036] require('/home/u991737198/domains/tas2023.online/public_html/tmp/3hn69l4qoa804.3h31n1yj254w8.php')
Thu, 30 Jan 2025 17:35:51 -0500 [24.173.132.66] [/home/u991737198/domains/tas2023.online/public_html/lib/base.php:3281] View->sandbox()
Thu, 30 Jan 2025 17:35:51 -0500 [24.173.132.66] [/home/u991737198/domains/tas2023.online/public_html/app/controllers/Controller.php:87] Preview->render()
Thu, 30 Jan 2025 17:35:51 -0500 [24.173.132.66] [/home/u991737198/domains/tas2023.online/public_html/lib/base.php:2078] Controller->afterroute()
Thu, 30 Jan 2025 17:35:51 -0500 [24.173.132.66] [/home/u991737198/domains/tas2023.online/public_html/lib/base.php:1871] Base->call()
Thu, 30 Jan 2025 17:35:51 -0500 [24.173.132.66] [/home/u991737198/domains/tas2023.online/public_html/index.php:19] Base->run()
Thu, 30 Jan 2025 17:35:55 -0500 [24.173.132.66] 500: Undefined variable $view trace: [/home/u991737198/domains/tas2023.online/public_html/tmp/3hn69l4qoa804.3h31n1yj254w8.php:7]
Thu, 30 Jan 2025 17:35:55 -0500 [24.173.132.66] [/home/u991737198/domains/tas2023.online/public_html/tmp/3hn69l4qoa804.3h31n1yj254w8.php:7] Base->{closure}()
Thu, 30 Jan 2025 17:35:55 -0500 [24.173.132.66] [/home/u991737198/domains/tas2023.online/public_html/lib/base.php:3036] require('/home/u991737198/domains/tas2023.online/public_html/tmp/3hn69l4qoa804.3h31n1yj254w8.php')
Thu, 30 Jan 2025 17:35:55 -0500 [24.173.132.66] [/home/u991737198/domains/tas2023.online/public_html/lib/base.php:3281] View->sandbox()
Thu, 30 Jan 2025 17:35:55 -0500 [24.173.132.66] [/home/u991737198/domains/tas2023.online/public_html/app/controllers/Controller.php:87] Preview->render()
Thu, 30 Jan 2025 17:35:55 -0500 [24.173.132.66] [/home/u991737198/domains/tas2023.online/public_html/lib/base.php:2078] Controller->afterroute()
Thu, 30 Jan 2025 17:35:55 -0500 [24.173.132.66] [/home/u991737198/domains/tas2023.online/public_html/lib/base.php:1871] Base->call()
Thu, 30 Jan 2025 17:35:55 -0500 [24.173.132.66] [/home/u991737198/domains/tas2023.online/public_html/index.php:19] Base->run()
Thu, 30 Jan 2025 17:35:59 -0500 [24.173.132.66] 500: Undefined variable $view trace: [/home/u991737198/domains/tas2023.online/public_html/tmp/3hn69l4qoa804.3h31n1yj254w8.php:7]
Thu, 30 Jan 2025 17:35:59 -0500 [24.173.132.66] [/home/u991737198/domains/tas2023.online/public_html/tmp/3hn69l4qoa804.3h31n1yj254w8.php:7] Base->{closure}()
Thu, 30 Jan 2025 17:35:59 -0500 [24.173.132.66] [/home/u991737198/domains/tas2023.online/public_html/lib/base.php:3036] require('/home/u991737198/domains/tas2023.online/public_html/tmp/3hn69l4qoa804.3h31n1yj254w8.php')
Thu, 30 Jan 2025 17:35:59 -0500 [24.173.132.66] [/home/u991737198/domains/tas2023.online/public_html/lib/base.php:3281] View->sandbox()
Thu, 30 Jan 2025 17:35:59 -0500 [24.173.132.66] [/home/u991737198/domains/tas2023.online/public_html/app/controllers/Controller.php:87] Preview->render()
Thu, 30 Jan 2025 17:35:59 -0500 [24.173.132.66] [/home/u991737198/domains/tas2023.online/public_html/lib/base.php:2078] Controller->afterroute()
Thu, 30 Jan 2025 17:35:59 -0500 [24.173.132.66] [/home/u991737198/domains/tas2023.online/public_html/lib/base.php:1871] Base->call()
Thu, 30 Jan 2025 17:35:59 -0500 [24.173.132.66] [/home/u991737198/domains/tas2023.online/public_html/index.php:19] Base->run()
Thu, 30 Jan 2025 17:36:42 -0500 [24.173.132.66] 500: Undefined variable $selected_note trace: [/home/u991737198/domains/tas2023.online/public_html/tmp/3hn69l4qoa804.3g8shy2588w00.php:375]
Thu, 30 Jan 2025 17:36:42 -0500 [24.173.132.66] [/home/u991737198/domains/tas2023.online/public_html/tmp/3hn69l4qoa804.3g8shy2588w00.php:375] Base->{closure}()
Thu, 30 Jan 2025 17:36:42 -0500 [24.173.132.66] [/home/u991737198/domains/tas2023.online/public_html/lib/base.php:3036] require('/home/u991737198/domains/tas2023.online/public_html/tmp/3hn69l4qoa804.3g8shy2588w00.php')
Thu, 30 Jan 2025 17:36:42 -0500 [24.173.132.66] [/home/u991737198/domains/tas2023.online/public_html/lib/base.php:3281] View->sandbox()
Thu, 30 Jan 2025 17:36:42 -0500 [24.173.132.66] [/home/u991737198/domains/tas2023.online/public_html/tmp/3hn69l4qoa804.3h31n1yj254w8.php:7] Preview->render()
Thu, 30 Jan 2025 17:36:42 -0500 [24.173.132.66] [/home/u991737198/domains/tas2023.online/public_html/lib/base.php:3036] require('/home/u991737198/domains/tas2023.online/public_html/tmp/3hn69l4qoa804.3h31n1yj254w8.php')
Thu, 30 Jan 2025 17:36:42 -0500 [24.173.132.66] [/home/u991737198/domains/tas2023.online/public_html/lib/base.php:3281] View->sandbox()
Thu, 30 Jan 2025 17:36:42 -0500 [24.173.132.66] [/home/u991737198/domains/tas2023.online/public_html/app/controllers/Controller.php:87] Preview->render()
Thu, 30 Jan 2025 17:36:42 -0500 [24.173.132.66] [/home/u991737198/domains/tas2023.online/public_html/lib/base.php:2078] Controller->afterroute()
Thu, 30 Jan 2025 17:36:42 -0500 [24.173.132.66] [/home/u991737198/domains/tas2023.online/public_html/lib/base.php:1871] Base->call()
Thu, 30 Jan 2025 17:36:42 -0500 [24.173.132.66] [/home/u991737198/domains/tas2023.online/public_html/index.php:19] Base->run()
Thu, 30 Jan 2025 17:36:59 -0500 [24.173.132.66] 500: Undefined variable $view trace: [/home/u991737198/domains/tas2023.online/public_html/tmp/3hn69l4qoa804.3h31n1yj254w8.php:7]
Thu, 30 Jan 2025 17:36:59 -0500 [24.173.132.66] [/home/u991737198/domains/tas2023.online/public_html/tmp/3hn69l4qoa804.3h31n1yj254w8.php:7] Base->{closure}()
Thu, 30 Jan 2025 17:36:59 -0500 [24.173.132.66] [/home/u991737198/domains/tas2023.online/public_html/lib/base.php:3036] require('/home/u991737198/domains/tas2023.online/public_html/tmp/3hn69l4qoa804.3h31n1yj254w8.php')
Thu, 30 Jan 2025 17:36:59 -0500 [24.173.132.66] [/home/u991737198/domains/tas2023.online/public_html/lib/base.php:3281] View->sandbox()
Thu, 30 Jan 2025 17:36:59 -0500 [24.173.132.66] [/home/u991737198/domains/tas2023.online/public_html/app/controllers/Controller.php:87] Preview->render()
Thu, 30 Jan 2025 17:36:59 -0500 [24.173.132.66] [/home/u991737198/domains/tas2023.online/public_html/lib/base.php:2078] Controller->afterroute()
Thu, 30 Jan 2025 17:36:59 -0500 [24.173.132.66] [/home/u991737198/domains/tas2023.online/public_html/lib/base.php:1871] Base->call()
Thu, 30 Jan 2025 17:36:59 -0500 [24.173.132.66] [/home/u991737198/domains/tas2023.online/public_html/index.php:19] Base->run()
Thu, 30 Jan 2025 17:38:22 -0500 [24.173.132.66] 500: Undefined variable $selected_note trace: [/home/u991737198/domains/tas2023.online/public_html/tmp/3hn69l4qoa804.3g8shy2588w00.php:375]
Thu, 30 Jan 2025 17:38:22 -0500 [24.173.132.66] [/home/u991737198/domains/tas2023.online/public_html/tmp/3hn69l4qoa804.3g8shy2588w00.php:375] Base->{closure}()
Thu, 30 Jan 2025 17:38:22 -0500 [24.173.132.66] [/home/u991737198/domains/tas2023.online/public_html/lib/base.php:3036] require('/home/u991737198/domains/tas2023.online/public_html/tmp/3hn69l4qoa804.3g8shy2588w00.php')
Thu, 30 Jan 2025 17:38:22 -0500 [24.173.132.66] [/home/u991737198/domains/tas2023.online/public_html/lib/base.php:3281] View->sandbox()
Thu, 30 Jan 2025 17:38:22 -0500 [24.173.132.66] [/home/u991737198/domains/tas2023.online/public_html/tmp/3hn69l4qoa804.3h31n1yj254w8.php:7] Preview->render()
Thu, 30 Jan 2025 17:38:22 -0500 [24.173.132.66] [/home/u991737198/domains/tas2023.online/public_html/lib/base.php:3036] require('/home/u991737198/domains/tas2023.online/public_html/tmp/3hn69l4qoa804.3h31n1yj254w8.php')
Thu, 30 Jan 2025 17:38:22 -0500 [24.173.132.66] [/home/u991737198/domains/tas2023.online/public_html/lib/base.php:3281] View->sandbox()
Thu, 30 Jan 2025 17:38:22 -0500 [24.173.132.66] [/home/u991737198/domains/tas2023.online/public_html/app/controllers/Controller.php:87] Preview->render()
Thu, 30 Jan 2025 17:38:22 -0500 [24.173.132.66] [/home/u991737198/domains/tas2023.online/public_html/lib/base.php:2078] Controller->afterroute()
Thu, 30 Jan 2025 17:38:22 -0500 [24.173.132.66] [/home/u991737198/domains/tas2023.online/public_html/lib/base.php:1871] Base->call()
Thu, 30 Jan 2025 17:38:22 -0500 [24.173.132.66] [/home/u991737198/domains/tas2023.online/public_html/index.php:19] Base->run()
Thu, 30 Jan 2025 17:38:35 -0500 [24.173.132.66] 500: Undefined variable $view trace: [/home/u991737198/domains/tas2023.online/public_html/tmp/3hn69l4qoa804.3h31n1yj254w8.php:7]
Thu, 30 Jan 2025 17:38:35 -0500 [24.173.132.66] [/home/u991737198/domains/tas2023.online/public_html/tmp/3hn69l4qoa804.3h31n1yj254w8.php:7] Base->{closure}()
Thu, 30 Jan 2025 17:38:35 -0500 [24.173.132.66] [/home/u991737198/domains/tas2023.online/public_html/lib/base.php:3036] require('/home/u991737198/domains/tas2023.online/public_html/tmp/3hn69l4qoa804.3h31n1yj254w8.php')
Thu, 30 Jan 2025 17:38:35 -0500 [24.173.132.66] [/home/u991737198/domains/tas2023.online/public_html/lib/base.php:3281] View->sandbox()
Thu, 30 Jan 2025 17:38:35 -0500 [24.173.132.66] [/home/u991737198/domains/tas2023.online/public_html/app/controllers/Controller.php:87] Preview->render()
Thu, 30 Jan 2025 17:38:35 -0500 [24.173.132.66] [/home/u991737198/domains/tas2023.online/public_html/lib/base.php:2078] Controller->afterroute()
Thu, 30 Jan 2025 17:38:35 -0500 [24.173.132.66] [/home/u991737198/domains/tas2023.online/public_html/lib/base.php:1871] Base->call()
Thu, 30 Jan 2025 17:38:35 -0500 [24.173.132.66] [/home/u991737198/domains/tas2023.online/public_html/index.php:19] Base->run()
Thu, 30 Jan 2025 17:38:45 -0500 [24.173.132.66] 500: Undefined variable $selected_note trace: [/home/u991737198/domains/tas2023.online/public_html/tmp/3hn69l4qoa804.3g8shy2588w00.php:375]
Thu, 30 Jan 2025 17:38:45 -0500 [24.173.132.66] [/home/u991737198/domains/tas2023.online/public_html/tmp/3hn69l4qoa804.3g8shy2588w00.php:375] Base->{closure}()
Thu, 30 Jan 2025 17:38:45 -0500 [24.173.132.66] [/home/u991737198/domains/tas2023.online/public_html/lib/base.php:3036] require('/home/u991737198/domains/tas2023.online/public_html/tmp/3hn69l4qoa804.3g8shy2588w00.php')
Thu, 30 Jan 2025 17:38:45 -0500 [24.173.132.66] [/home/u991737198/domains/tas2023.online/public_html/lib/base.php:3281] View->sandbox()
Thu, 30 Jan 2025 17:38:45 -0500 [24.173.132.66] [/home/u991737198/domains/tas2023.online/public_html/tmp/3hn69l4qoa804.3h31n1yj254w8.php:7] Preview->render()
Thu, 30 Jan 2025 17:38:45 -0500 [24.173.132.66] [/home/u991737198/domains/tas2023.online/public_html/lib/base.php:3036] require('/home/u991737198/domains/tas2023.online/public_html/tmp/3hn69l4qoa804.3h31n1yj254w8.php')
Thu, 30 Jan 2025 17:38:45 -0500 [24.173.132.66] [/home/u991737198/domains/tas2023.online/public_html/lib/base.php:3281] View->sandbox()
Thu, 30 Jan 2025 17:38:45 -0500 [24.173.132.66] [/home/u991737198/domains/tas2023.online/public_html/app/controllers/Controller.php:87] Preview->render()
Thu, 30 Jan 2025 17:38:45 -0500 [24.173.132.66] [/home/u991737198/domains/tas2023.online/public_html/lib/base.php:2078] Controller->afterroute()
Thu, 30 Jan 2025 17:38:45 -0500 [24.173.132.66] [/home/u991737198/domains/tas2023.online/public_html/lib/base.php:1871] Base->call()
Thu, 30 Jan 2025 17:38:45 -0500 [24.173.132.66] [/home/u991737198/domains/tas2023.online/public_html/index.php:19] Base->run()
Thu, 30 Jan 2025 17:40:02 -0500 [24.173.132.66] 500: Undefined variable $selected_note trace: [/home/u991737198/domains/tas2023.online/public_html/tmp/3hn69l4qoa804.3g8shy2588w00.php:375]
Thu, 30 Jan 2025 17:40:02 -0500 [24.173.132.66] [/home/u991737198/domains/tas2023.online/public_html/tmp/3hn69l4qoa804.3g8shy2588w00.php:375] Base->{closure}()
Thu, 30 Jan 2025 17:40:02 -0500 [24.173.132.66] [/home/u991737198/domains/tas2023.online/public_html/lib/base.php:3036] require('/home/u991737198/domains/tas2023.online/public_html/tmp/3hn69l4qoa804.3g8shy2588w00.php')
Thu, 30 Jan 2025 17:40:02 -0500 [24.173.132.66] [/home/u991737198/domains/tas2023.online/public_html/lib/base.php:3281] View->sandbox()
Thu, 30 Jan 2025 17:40:02 -0500 [24.173.132.66] [/home/u991737198/domains/tas2023.online/public_html/tmp/3hn69l4qoa804.3h31n1yj254w8.php:7] Preview->render()
Thu, 30 Jan 2025 17:40:02 -0500 [24.173.132.66] [/home/u991737198/domains/tas2023.online/public_html/lib/base.php:3036] require('/home/u991737198/domains/tas2023.online/public_html/tmp/3hn69l4qoa804.3h31n1yj254w8.php')
Thu, 30 Jan 2025 17:40:02 -0500 [24.173.132.66] [/home/u991737198/domains/tas2023.online/public_html/lib/base.php:3281] View->sandbox()
Thu, 30 Jan 2025 17:40:02 -0500 [24.173.132.66] [/home/u991737198/domains/tas2023.online/public_html/app/controllers/Controller.php:87] Preview->render()
Thu, 30 Jan 2025 17:40:02 -0500 [24.173.132.66] [/home/u991737198/domains/tas2023.online/public_html/lib/base.php:2078] Controller->afterroute()
Thu, 30 Jan 2025 17:40:02 -0500 [24.173.132.66] [/home/u991737198/domains/tas2023.online/public_html/lib/base.php:1871] Base->call()
Thu, 30 Jan 2025 17:40:02 -0500 [24.173.132.66] [/home/u991737198/domains/tas2023.online/public_html/index.php:19] Base->run()
Thu, 30 Jan 2025 17:40:41 -0500 [24.173.132.66] 500: Undefined variable $selected_note trace: [/home/u991737198/domains/tas2023.online/public_html/tmp/3hn69l4qoa804.3g8shy2588w00.php:375]
Thu, 30 Jan 2025 17:40:41 -0500 [24.173.132.66] [/home/u991737198/domains/tas2023.online/public_html/tmp/3hn69l4qoa804.3g8shy2588w00.php:375] Base->{closure}()
Thu, 30 Jan 2025 17:40:41 -0500 [24.173.132.66] [/home/u991737198/domains/tas2023.online/public_html/lib/base.php:3036] require('/home/u991737198/domains/tas2023.online/public_html/tmp/3hn69l4qoa804.3g8shy2588w00.php')
Thu, 30 Jan 2025 17:40:41 -0500 [24.173.132.66] [/home/u991737198/domains/tas2023.online/public_html/lib/base.php:3281] View->sandbox()
Thu, 30 Jan 2025 17:40:41 -0500 [24.173.132.66] [/home/u991737198/domains/tas2023.online/public_html/tmp/3hn69l4qoa804.3h31n1yj254w8.php:7] Preview->render()
Thu, 30 Jan 2025 17:40:41 -0500 [24.173.132.66] [/home/u991737198/domains/tas2023.online/public_html/lib/base.php:3036] require('/home/u991737198/domains/tas2023.online/public_html/tmp/3hn69l4qoa804.3h31n1yj254w8.php')
Thu, 30 Jan 2025 17:40:41 -0500 [24.173.132.66] [/home/u991737198/domains/tas2023.online/public_html/lib/base.php:3281] View->sandbox()
Thu, 30 Jan 2025 17:40:41 -0500 [24.173.132.66] [/home/u991737198/domains/tas2023.online/public_html/app/controllers/Controller.php:87] Preview->render()
Thu, 30 Jan 2025 17:40:41 -0500 [24.173.132.66] [/home/u991737198/domains/tas2023.online/public_html/lib/base.php:2078] Controller->afterroute()
Thu, 30 Jan 2025 17:40:41 -0500 [24.173.132.66] [/home/u991737198/domains/tas2023.online/public_html/lib/base.php:1871] Base->call()
Thu, 30 Jan 2025 17:40:41 -0500 [24.173.132.66] [/home/u991737198/domains/tas2023.online/public_html/index.php:19] Base->run()
Thu, 30 Jan 2025 17:41:02 -0500 [24.173.132.66] 500: Undefined variable $selected_note trace: [/home/u991737198/domains/tas2023.online/public_html/tmp/3hn69l4qoa804.3g8shy2588w00.php:375]
Thu, 30 Jan 2025 17:41:02 -0500 [24.173.132.66] [/home/u991737198/domains/tas2023.online/public_html/tmp/3hn69l4qoa804.3g8shy2588w00.php:375] Base->{closure}()
Thu, 30 Jan 2025 17:41:02 -0500 [24.173.132.66] [/home/u991737198/domains/tas2023.online/public_html/lib/base.php:3036] require('/home/u991737198/domains/tas2023.online/public_html/tmp/3hn69l4qoa804.3g8shy2588w00.php')
Thu, 30 Jan 2025 17:41:02 -0500 [24.173.132.66] [/home/u991737198/domains/tas2023.online/public_html/lib/base.php:3281] View->sandbox()
Thu, 30 Jan 2025 17:41:02 -0500 [24.173.132.66] [/home/u991737198/domains/tas2023.online/public_html/tmp/3hn69l4qoa804.3h31n1yj254w8.php:7] Preview->render()
Thu, 30 Jan 2025 17:41:02 -0500 [24.173.132.66] [/home/u991737198/domains/tas2023.online/public_html/lib/base.php:3036] require('/home/u991737198/domains/tas2023.online/public_html/tmp/3hn69l4qoa804.3h31n1yj254w8.php')
Thu, 30 Jan 2025 17:41:02 -0500 [24.173.132.66] [/home/u991737198/domains/tas2023.online/public_html/lib/base.php:3281] View->sandbox()
Thu, 30 Jan 2025 17:41:02 -0500 [24.173.132.66] [/home/u991737198/domains/tas2023.online/public_html/app/controllers/Controller.php:87] Preview->render()
Thu, 30 Jan 2025 17:41:02 -0500 [24.173.132.66] [/home/u991737198/domains/tas2023.online/public_html/lib/base.php:2078] Controller->afterroute()
Thu, 30 Jan 2025 17:41:02 -0500 [24.173.132.66] [/home/u991737198/domains/tas2023.online/public_html/lib/base.php:1871] Base->call()
Thu, 30 Jan 2025 17:41:02 -0500 [24.173.132.66] [/home/u991737198/domains/tas2023.online/public_html/index.php:19] Base->run()
Thu, 30 Jan 2025 17:43:34 -0500 [24.173.132.66] 500: Undefined variable $selected_note trace: [/home/u991737198/domains/tas2023.online/public_html/tmp/3hn69l4qoa804.3g8shy2588w00.php:375]
Thu, 30 Jan 2025 17:43:34 -0500 [24.173.132.66] [/home/u991737198/domains/tas2023.online/public_html/tmp/3hn69l4qoa804.3g8shy2588w00.php:375] Base->{closure}()
Thu, 30 Jan 2025 17:43:34 -0500 [24.173.132.66] [/home/u991737198/domains/tas2023.online/public_html/lib/base.php:3036] require('/home/u991737198/domains/tas2023.online/public_html/tmp/3hn69l4qoa804.3g8shy2588w00.php')
Thu, 30 Jan 2025 17:43:34 -0500 [24.173.132.66] [/home/u991737198/domains/tas2023.online/public_html/lib/base.php:3281] View->sandbox()
Thu, 30 Jan 2025 17:43:34 -0500 [24.173.132.66] [/home/u991737198/domains/tas2023.online/public_html/tmp/3hn69l4qoa804.3h31n1yj254w8.php:7] Preview->render()
Thu, 30 Jan 2025 17:43:34 -0500 [24.173.132.66] [/home/u991737198/domains/tas2023.online/public_html/lib/base.php:3036] require('/home/u991737198/domains/tas2023.online/public_html/tmp/3hn69l4qoa804.3h31n1yj254w8.php')
Thu, 30 Jan 2025 17:43:34 -0500 [24.173.132.66] [/home/u991737198/domains/tas2023.online/public_html/lib/base.php:3281] View->sandbox()
Thu, 30 Jan 2025 17:43:34 -0500 [24.173.132.66] [/home/u991737198/domains/tas2023.online/public_html/app/controllers/Controller.php:87] Preview->render()
Thu, 30 Jan 2025 17:43:34 -0500 [24.173.132.66] [/home/u991737198/domains/tas2023.online/public_html/lib/base.php:2078] Controller->afterroute()
Thu, 30 Jan 2025 17:43:34 -0500 [24.173.132.66] [/home/u991737198/domains/tas2023.online/public_html/lib/base.php:1871] Base->call()
Thu, 30 Jan 2025 17:43:34 -0500 [24.173.132.66] [/home/u991737198/domains/tas2023.online/public_html/index.php:19] Base->run()
Thu, 30 Jan 2025 17:43:50 -0500 [24.173.132.66] 500: Undefined variable $selected_note trace: [/home/u991737198/domains/tas2023.online/public_html/tmp/3hn69l4qoa804.3g8shy2588w00.php:375]
Thu, 30 Jan 2025 17:43:50 -0500 [24.173.132.66] [/home/u991737198/domains/tas2023.online/public_html/tmp/3hn69l4qoa804.3g8shy2588w00.php:375] Base->{closure}()
Thu, 30 Jan 2025 17:43:50 -0500 [24.173.132.66] [/home/u991737198/domains/tas2023.online/public_html/lib/base.php:3036] require('/home/u991737198/domains/tas2023.online/public_html/tmp/3hn69l4qoa804.3g8shy2588w00.php')
Thu, 30 Jan 2025 17:43:50 -0500 [24.173.132.66] [/home/u991737198/domains/tas2023.online/public_html/lib/base.php:3281] View->sandbox()
Thu, 30 Jan 2025 17:43:50 -0500 [24.173.132.66] [/home/u991737198/domains/tas2023.online/public_html/tmp/3hn69l4qoa804.3h31n1yj254w8.php:7] Preview->render()
Thu, 30 Jan 2025 17:43:50 -0500 [24.173.132.66] [/home/u991737198/domains/tas2023.online/public_html/lib/base.php:3036] require('/home/u991737198/domains/tas2023.online/public_html/tmp/3hn69l4qoa804.3h31n1yj254w8.php')
Thu, 30 Jan 2025 17:43:50 -0500 [24.173.132.66] [/home/u991737198/domains/tas2023.online/public_html/lib/base.php:3281] View->sandbox()
Thu, 30 Jan 2025 17:43:50 -0500 [24.173.132.66] [/home/u991737198/domains/tas2023.online/public_html/app/controllers/Controller.php:87] Preview->render()
Thu, 30 Jan 2025 17:43:50 -0500 [24.173.132.66] [/home/u991737198/domains/tas2023.online/public_html/lib/base.php:2078] Controller->afterroute()
Thu, 30 Jan 2025 17:43:50 -0500 [24.173.132.66] [/home/u991737198/domains/tas2023.online/public_html/lib/base.php:1871] Base->call()
Thu, 30 Jan 2025 17:43:50 -0500 [24.173.132.66] [/home/u991737198/domains/tas2023.online/public_html/index.php:19] Base->run()
Thu, 30 Jan 2025 17:56:08 -0500 [24.173.132.66] 500: Undefined variable $selected_note trace: [/home/u991737198/domains/tas2023.online/public_html/tmp/3hn69l4qoa804.3g8shy2588w00.php:375]
Thu, 30 Jan 2025 17:56:08 -0500 [24.173.132.66] [/home/u991737198/domains/tas2023.online/public_html/tmp/3hn69l4qoa804.3g8shy2588w00.php:375] Base->{closure}()
Thu, 30 Jan 2025 17:56:08 -0500 [24.173.132.66] [/home/u991737198/domains/tas2023.online/public_html/lib/base.php:3036] require('/home/u991737198/domains/tas2023.online/public_html/tmp/3hn69l4qoa804.3g8shy2588w00.php')
Thu, 30 Jan 2025 17:56:08 -0500 [24.173.132.66] [/home/u991737198/domains/tas2023.online/public_html/lib/base.php:3281] View->sandbox()
Thu, 30 Jan 2025 17:56:08 -0500 [24.173.132.66] [/home/u991737198/domains/tas2023.online/public_html/tmp/3hn69l4qoa804.3h31n1yj254w8.php:7] Preview->render()
Thu, 30 Jan 2025 17:56:08 -0500 [24.173.132.66] [/home/u991737198/domains/tas2023.online/public_html/lib/base.php:3036] require('/home/u991737198/domains/tas2023.online/public_html/tmp/3hn69l4qoa804.3h31n1yj254w8.php')
Thu, 30 Jan 2025 17:56:08 -0500 [24.173.132.66] [/home/u991737198/domains/tas2023.online/public_html/lib/base.php:3281] View->sandbox()
Thu, 30 Jan 2025 17:56:08 -0500 [24.173.132.66] [/home/u991737198/domains/tas2023.online/public_html/app/controllers/Controller.php:87] Preview->render()
Thu, 30 Jan 2025 17:56:08 -0500 [24.173.132.66] [/home/u991737198/domains/tas2023.online/public_html/lib/base.php:2078] Controller->afterroute()
Thu, 30 Jan 2025 17:56:08 -0500 [24.173.132.66] [/home/u991737198/domains/tas2023.online/public_html/lib/base.php:1871] Base->call()
Thu, 30 Jan 2025 17:56:08 -0500 [24.173.132.66] [/home/u991737198/domains/tas2023.online/public_html/index.php:19] Base->run()
Thu, 30 Jan 2025 17:56:26 -0500 [24.173.132.66] 500: Undefined variable $selected_note trace: [/home/u991737198/domains/tas2023.online/public_html/tmp/3hn69l4qoa804.3g8shy2588w00.php:375]
Thu, 30 Jan 2025 17:56:26 -0500 [24.173.132.66] [/home/u991737198/domains/tas2023.online/public_html/tmp/3hn69l4qoa804.3g8shy2588w00.php:375] Base->{closure}()
Thu, 30 Jan 2025 17:56:26 -0500 [24.173.132.66] [/home/u991737198/domains/tas2023.online/public_html/lib/base.php:3036] require('/home/u991737198/domains/tas2023.online/public_html/tmp/3hn69l4qoa804.3g8shy2588w00.php')
Thu, 30 Jan 2025 17:56:26 -0500 [24.173.132.66] [/home/u991737198/domains/tas2023.online/public_html/lib/base.php:3281] View->sandbox()
Thu, 30 Jan 2025 17:56:26 -0500 [24.173.132.66] [/home/u991737198/domains/tas2023.online/public_html/tmp/3hn69l4qoa804.3h31n1yj254w8.php:7] Preview->render()
Thu, 30 Jan 2025 17:56:26 -0500 [24.173.132.66] [/home/u991737198/domains/tas2023.online/public_html/lib/base.php:3036] require('/home/u991737198/domains/tas2023.online/public_html/tmp/3hn69l4qoa804.3h31n1yj254w8.php')
Thu, 30 Jan 2025 17:56:26 -0500 [24.173.132.66] [/home/u991737198/domains/tas2023.online/public_html/lib/base.php:3281] View->sandbox()
Thu, 30 Jan 2025 17:56:26 -0500 [24.173.132.66] [/home/u991737198/domains/tas2023.online/public_html/app/controllers/Controller.php:87] Preview->render()
Thu, 30 Jan 2025 17:56:26 -0500 [24.173.132.66] [/home/u991737198/domains/tas2023.online/public_html/lib/base.php:2078] Controller->afterroute()
Thu, 30 Jan 2025 17:56:26 -0500 [24.173.132.66] [/home/u991737198/domains/tas2023.online/public_html/lib/base.php:1871] Base->call()
Thu, 30 Jan 2025 17:56:26 -0500 [24.173.132.66] [/home/u991737198/domains/tas2023.online/public_html/index.php:19] Base->run()
Thu, 30 Jan 2025 17:57:09 -0500 [24.173.132.66] 500: Undefined variable $selected_note trace: [/home/u991737198/domains/tas2023.online/public_html/tmp/3hn69l4qoa804.3g8shy2588w00.php:375]
Thu, 30 Jan 2025 17:57:09 -0500 [24.173.132.66] [/home/u991737198/domains/tas2023.online/public_html/tmp/3hn69l4qoa804.3g8shy2588w00.php:375] Base->{closure}()
Thu, 30 Jan 2025 17:57:09 -0500 [24.173.132.66] [/home/u991737198/domains/tas2023.online/public_html/lib/base.php:3036] require('/home/u991737198/domains/tas2023.online/public_html/tmp/3hn69l4qoa804.3g8shy2588w00.php')
Thu, 30 Jan 2025 17:57:09 -0500 [24.173.132.66] [/home/u991737198/domains/tas2023.online/public_html/lib/base.php:3281] View->sandbox()
Thu, 30 Jan 2025 17:57:09 -0500 [24.173.132.66] [/home/u991737198/domains/tas2023.online/public_html/tmp/3hn69l4qoa804.3h31n1yj254w8.php:7] Preview->render()
Thu, 30 Jan 2025 17:57:09 -0500 [24.173.132.66] [/home/u991737198/domains/tas2023.online/public_html/lib/base.php:3036] require('/home/u991737198/domains/tas2023.online/public_html/tmp/3hn69l4qoa804.3h31n1yj254w8.php')
Thu, 30 Jan 2025 17:57:09 -0500 [24.173.132.66] [/home/u991737198/domains/tas2023.online/public_html/lib/base.php:3281] View->sandbox()
Thu, 30 Jan 2025 17:57:09 -0500 [24.173.132.66] [/home/u991737198/domains/tas2023.online/public_html/app/controllers/Controller.php:87] Preview->render()
Thu, 30 Jan 2025 17:57:09 -0500 [24.173.132.66] [/home/u991737198/domains/tas2023.online/public_html/lib/base.php:2078] Controller->afterroute()
Thu, 30 Jan 2025 17:57:09 -0500 [24.173.132.66] [/home/u991737198/domains/tas2023.online/public_html/lib/base.php:1871] Base->call()
Thu, 30 Jan 2025 17:57:09 -0500 [24.173.132.66] [/home/u991737198/domains/tas2023.online/public_html/index.php:19] Base->run()
Thu, 30 Jan 2025 17:57:22 -0500 [24.173.132.66] 500: Undefined variable $selected_note trace: [/home/u991737198/domains/tas2023.online/public_html/tmp/3hn69l4qoa804.3g8shy2588w00.php:375]
Thu, 30 Jan 2025 17:57:22 -0500 [24.173.132.66] [/home/u991737198/domains/tas2023.online/public_html/tmp/3hn69l4qoa804.3g8shy2588w00.php:375] Base->{closure}()
Thu, 30 Jan 2025 17:57:22 -0500 [24.173.132.66] [/home/u991737198/domains/tas2023.online/public_html/lib/base.php:3036] require('/home/u991737198/domains/tas2023.online/public_html/tmp/3hn69l4qoa804.3g8shy2588w00.php')
Thu, 30 Jan 2025 17:57:22 -0500 [24.173.132.66] [/home/u991737198/domains/tas2023.online/public_html/lib/base.php:3281] View->sandbox()
Thu, 30 Jan 2025 17:57:22 -0500 [24.173.132.66] [/home/u991737198/domains/tas2023.online/public_html/tmp/3hn69l4qoa804.3h31n1yj254w8.php:7] Preview->render()
Thu, 30 Jan 2025 17:57:22 -0500 [24.173.132.66] [/home/u991737198/domains/tas2023.online/public_html/lib/base.php:3036] require('/home/u991737198/domains/tas2023.online/public_html/tmp/3hn69l4qoa804.3h31n1yj254w8.php')
Thu, 30 Jan 2025 17:57:22 -0500 [24.173.132.66] [/home/u991737198/domains/tas2023.online/public_html/lib/base.php:3281] View->sandbox()
Thu, 30 Jan 2025 17:57:22 -0500 [24.173.132.66] [/home/u991737198/domains/tas2023.online/public_html/app/controllers/Controller.php:87] Preview->render()
Thu, 30 Jan 2025 17:57:22 -0500 [24.173.132.66] [/home/u991737198/domains/tas2023.online/public_html/lib/base.php:2078] Controller->afterroute()
Thu, 30 Jan 2025 17:57:22 -0500 [24.173.132.66] [/home/u991737198/domains/tas2023.online/public_html/lib/base.php:1871] Base->call()
Thu, 30 Jan 2025 17:57:22 -0500 [24.173.132.66] [/home/u991737198/domains/tas2023.online/public_html/index.php:19] Base->run()
Thu, 30 Jan 2025 18:02:00 -0500 [24.173.132.66] 500: Undefined variable $selected_note trace: [/home/u991737198/domains/tas2023.online/public_html/tmp/3hn69l4qoa804.3g8shy2588w00.php:375]
Thu, 30 Jan 2025 18:02:00 -0500 [24.173.132.66] [/home/u991737198/domains/tas2023.online/public_html/tmp/3hn69l4qoa804.3g8shy2588w00.php:375] Base->{closure}()
Thu, 30 Jan 2025 18:02:00 -0500 [24.173.132.66] [/home/u991737198/domains/tas2023.online/public_html/lib/base.php:3036] require('/home/u991737198/domains/tas2023.online/public_html/tmp/3hn69l4qoa804.3g8shy2588w00.php')
Thu, 30 Jan 2025 18:02:00 -0500 [24.173.132.66] [/home/u991737198/domains/tas2023.online/public_html/lib/base.php:3281] View->sandbox()
Thu, 30 Jan 2025 18:02:00 -0500 [24.173.132.66] [/home/u991737198/domains/tas2023.online/public_html/tmp/3hn69l4qoa804.3h31n1yj254w8.php:7] Preview->render()
Thu, 30 Jan 2025 18:02:00 -0500 [24.173.132.66] [/home/u991737198/domains/tas2023.online/public_html/lib/base.php:3036] require('/home/u991737198/domains/tas2023.online/public_html/tmp/3hn69l4qoa804.3h31n1yj254w8.php')
Thu, 30 Jan 2025 18:02:00 -0500 [24.173.132.66] [/home/u991737198/domains/tas2023.online/public_html/lib/base.php:3281] View->sandbox()
Thu, 30 Jan 2025 18:02:00 -0500 [24.173.132.66] [/home/u991737198/domains/tas2023.online/public_html/app/controllers/Controller.php:87] Preview->render()
Thu, 30 Jan 2025 18:02:00 -0500 [24.173.132.66] [/home/u991737198/domains/tas2023.online/public_html/lib/base.php:2078] Controller->afterroute()
Thu, 30 Jan 2025 18:02:00 -0500 [24.173.132.66] [/home/u991737198/domains/tas2023.online/public_html/lib/base.php:1871] Base->call()
Thu, 30 Jan 2025 18:02:00 -0500 [24.173.132.66] [/home/u991737198/domains/tas2023.online/public_html/index.php:19] Base->run()
Thu, 30 Jan 2025 18:02:23 -0500 [24.173.132.66] 500: Undefined variable $selected_note trace: [/home/u991737198/domains/tas2023.online/public_html/tmp/3hn69l4qoa804.3g8shy2588w00.php:375]
Thu, 30 Jan 2025 18:02:23 -0500 [24.173.132.66] [/home/u991737198/domains/tas2023.online/public_html/tmp/3hn69l4qoa804.3g8shy2588w00.php:375] Base->{closure}()
Thu, 30 Jan 2025 18:02:23 -0500 [24.173.132.66] [/home/u991737198/domains/tas2023.online/public_html/lib/base.php:3036] require('/home/u991737198/domains/tas2023.online/public_html/tmp/3hn69l4qoa804.3g8shy2588w00.php')
Thu, 30 Jan 2025 18:02:23 -0500 [24.173.132.66] [/home/u991737198/domains/tas2023.online/public_html/lib/base.php:3281] View->sandbox()
Thu, 30 Jan 2025 18:02:23 -0500 [24.173.132.66] [/home/u991737198/domains/tas2023.online/public_html/tmp/3hn69l4qoa804.3h31n1yj254w8.php:7] Preview->render()
Thu, 30 Jan 2025 18:02:23 -0500 [24.173.132.66] [/home/u991737198/domains/tas2023.online/public_html/lib/base.php:3036] require('/home/u991737198/domains/tas2023.online/public_html/tmp/3hn69l4qoa804.3h31n1yj254w8.php')
Thu, 30 Jan 2025 18:02:23 -0500 [24.173.132.66] [/home/u991737198/domains/tas2023.online/public_html/lib/base.php:3281] View->sandbox()
Thu, 30 Jan 2025 18:02:23 -0500 [24.173.132.66] [/home/u991737198/domains/tas2023.online/public_html/app/controllers/Controller.php:87] Preview->render()
Thu, 30 Jan 2025 18:02:23 -0500 [24.173.132.66] [/home/u991737198/domains/tas2023.online/public_html/lib/base.php:2078] Controller->afterroute()
Thu, 30 Jan 2025 18:02:23 -0500 [24.173.132.66] [/home/u991737198/domains/tas2023.online/public_html/lib/base.php:1871] Base->call()
Thu, 30 Jan 2025 18:02:23 -0500 [24.173.132.66] [/home/u991737198/domains/tas2023.online/public_html/index.php:19] Base->run()
Thu, 30 Jan 2025 18:14:56 -0500 [24.173.132.66] 500: Undefined variable $selected_note trace: [/home/u991737198/domains/tas2023.online/public_html/tmp/3hn69l4qoa804.3g8shy2588w00.php:375]
Thu, 30 Jan 2025 18:14:56 -0500 [24.173.132.66] [/home/u991737198/domains/tas2023.online/public_html/tmp/3hn69l4qoa804.3g8shy2588w00.php:375] Base->{closure}()
Thu, 30 Jan 2025 18:14:56 -0500 [24.173.132.66] [/home/u991737198/domains/tas2023.online/public_html/lib/base.php:3036] require('/home/u991737198/domains/tas2023.online/public_html/tmp/3hn69l4qoa804.3g8shy2588w00.php')
Thu, 30 Jan 2025 18:14:56 -0500 [24.173.132.66] [/home/u991737198/domains/tas2023.online/public_html/lib/base.php:3281] View->sandbox()
Thu, 30 Jan 2025 18:14:56 -0500 [24.173.132.66] [/home/u991737198/domains/tas2023.online/public_html/tmp/3hn69l4qoa804.3h31n1yj254w8.php:7] Preview->render()
Thu, 30 Jan 2025 18:14:56 -0500 [24.173.132.66] [/home/u991737198/domains/tas2023.online/public_html/lib/base.php:3036] require('/home/u991737198/domains/tas2023.online/public_html/tmp/3hn69l4qoa804.3h31n1yj254w8.php')
Thu, 30 Jan 2025 18:14:56 -0500 [24.173.132.66] [/home/u991737198/domains/tas2023.online/public_html/lib/base.php:3281] View->sandbox()
Thu, 30 Jan 2025 18:14:56 -0500 [24.173.132.66] [/home/u991737198/domains/tas2023.online/public_html/app/controllers/Controller.php:87] Preview->render()
Thu, 30 Jan 2025 18:14:56 -0500 [24.173.132.66] [/home/u991737198/domains/tas2023.online/public_html/lib/base.php:2078] Controller->afterroute()
Thu, 30 Jan 2025 18:14:56 -0500 [24.173.132.66] [/home/u991737198/domains/tas2023.online/public_html/lib/base.php:1871] Base->call()
Thu, 30 Jan 2025 18:14:56 -0500 [24.173.132.66] [/home/u991737198/domains/tas2023.online/public_html/index.php:19] Base->run()
Thu, 30 Jan 2025 18:15:53 -0500 [24.173.132.66] 500: Undefined variable $selected_note trace: [/home/u991737198/domains/tas2023.online/public_html/tmp/3hn69l4qoa804.3g8shy2588w00.php:375]
Thu, 30 Jan 2025 18:15:53 -0500 [24.173.132.66] [/home/u991737198/domains/tas2023.online/public_html/tmp/3hn69l4qoa804.3g8shy2588w00.php:375] Base->{closure}()
Thu, 30 Jan 2025 18:15:53 -0500 [24.173.132.66] [/home/u991737198/domains/tas2023.online/public_html/lib/base.php:3036] require('/home/u991737198/domains/tas2023.online/public_html/tmp/3hn69l4qoa804.3g8shy2588w00.php')
Thu, 30 Jan 2025 18:15:53 -0500 [24.173.132.66] [/home/u991737198/domains/tas2023.online/public_html/lib/base.php:3281] View->sandbox()
Thu, 30 Jan 2025 18:15:53 -0500 [24.173.132.66] [/home/u991737198/domains/tas2023.online/public_html/tmp/3hn69l4qoa804.3h31n1yj254w8.php:7] Preview->render()
Thu, 30 Jan 2025 18:15:53 -0500 [24.173.132.66] [/home/u991737198/domains/tas2023.online/public_html/lib/base.php:3036] require('/home/u991737198/domains/tas2023.online/public_html/tmp/3hn69l4qoa804.3h31n1yj254w8.php')
Thu, 30 Jan 2025 18:15:53 -0500 [24.173.132.66] [/home/u991737198/domains/tas2023.online/public_html/lib/base.php:3281] View->sandbox()
Thu, 30 Jan 2025 18:15:53 -0500 [24.173.132.66] [/home/u991737198/domains/tas2023.online/public_html/app/controllers/Controller.php:87] Preview->render()
Thu, 30 Jan 2025 18:15:53 -0500 [24.173.132.66] [/home/u991737198/domains/tas2023.online/public_html/lib/base.php:2078] Controller->afterroute()
Thu, 30 Jan 2025 18:15:53 -0500 [24.173.132.66] [/home/u991737198/domains/tas2023.online/public_html/lib/base.php:1871] Base->call()
Thu, 30 Jan 2025 18:15:53 -0500 [24.173.132.66] [/home/u991737198/domains/tas2023.online/public_html/index.php:19] Base->run()
Thu, 30 Jan 2025 18:16:02 -0500 [24.173.132.66] 500: Undefined variable $selected_note trace: [/home/u991737198/domains/tas2023.online/public_html/tmp/3hn69l4qoa804.3g8shy2588w00.php:375]
Thu, 30 Jan 2025 18:16:02 -0500 [24.173.132.66] [/home/u991737198/domains/tas2023.online/public_html/tmp/3hn69l4qoa804.3g8shy2588w00.php:375] Base->{closure}()
Thu, 30 Jan 2025 18:16:02 -0500 [24.173.132.66] [/home/u991737198/domains/tas2023.online/public_html/lib/base.php:3036] require('/home/u991737198/domains/tas2023.online/public_html/tmp/3hn69l4qoa804.3g8shy2588w00.php')
Thu, 30 Jan 2025 18:16:02 -0500 [24.173.132.66] [/home/u991737198/domains/tas2023.online/public_html/lib/base.php:3281] View->sandbox()
Thu, 30 Jan 2025 18:16:02 -0500 [24.173.132.66] [/home/u991737198/domains/tas2023.online/public_html/tmp/3hn69l4qoa804.3h31n1yj254w8.php:7] Preview->render()
Thu, 30 Jan 2025 18:16:02 -0500 [24.173.132.66] [/home/u991737198/domains/tas2023.online/public_html/lib/base.php:3036] require('/home/u991737198/domains/tas2023.online/public_html/tmp/3hn69l4qoa804.3h31n1yj254w8.php')
Thu, 30 Jan 2025 18:16:02 -0500 [24.173.132.66] [/home/u991737198/domains/tas2023.online/public_html/lib/base.php:3281] View->sandbox()
Thu, 30 Jan 2025 18:16:02 -0500 [24.173.132.66] [/home/u991737198/domains/tas2023.online/public_html/app/controllers/Controller.php:87] Preview->render()
Thu, 30 Jan 2025 18:16:02 -0500 [24.173.132.66] [/home/u991737198/domains/tas2023.online/public_html/lib/base.php:2078] Controller->afterroute()
Thu, 30 Jan 2025 18:16:02 -0500 [24.173.132.66] [/home/u991737198/domains/tas2023.online/public_html/lib/base.php:1871] Base->call()
Thu, 30 Jan 2025 18:16:02 -0500 [24.173.132.66] [/home/u991737198/domains/tas2023.online/public_html/index.php:19] Base->run()
Thu, 30 Jan 2025 18:24:47 -0500 [24.173.132.66] 500: Undefined variable $selected_note trace: [/home/u991737198/domains/tas2023.online/public_html/tmp/3hn69l4qoa804.3g8shy2588w00.php:375]
Thu, 30 Jan 2025 18:24:47 -0500 [24.173.132.66] [/home/u991737198/domains/tas2023.online/public_html/tmp/3hn69l4qoa804.3g8shy2588w00.php:375] Base->{closure}()
Thu, 30 Jan 2025 18:24:47 -0500 [24.173.132.66] [/home/u991737198/domains/tas2023.online/public_html/lib/base.php:3036] require('/home/u991737198/domains/tas2023.online/public_html/tmp/3hn69l4qoa804.3g8shy2588w00.php')
Thu, 30 Jan 2025 18:24:47 -0500 [24.173.132.66] [/home/u991737198/domains/tas2023.online/public_html/lib/base.php:3281] View->sandbox()
Thu, 30 Jan 2025 18:24:47 -0500 [24.173.132.66] [/home/u991737198/domains/tas2023.online/public_html/tmp/3hn69l4qoa804.3h31n1yj254w8.php:7] Preview->render()
Thu, 30 Jan 2025 18:24:47 -0500 [24.173.132.66] [/home/u991737198/domains/tas2023.online/public_html/lib/base.php:3036] require('/home/u991737198/domains/tas2023.online/public_html/tmp/3hn69l4qoa804.3h31n1yj254w8.php')
Thu, 30 Jan 2025 18:24:47 -0500 [24.173.132.66] [/home/u991737198/domains/tas2023.online/public_html/lib/base.php:3281] View->sandbox()
Thu, 30 Jan 2025 18:24:47 -0500 [24.173.132.66] [/home/u991737198/domains/tas2023.online/public_html/app/controllers/Controller.php:87] Preview->render()
Thu, 30 Jan 2025 18:24:47 -0500 [24.173.132.66] [/home/u991737198/domains/tas2023.online/public_html/lib/base.php:2078] Controller->afterroute()
Thu, 30 Jan 2025 18:24:47 -0500 [24.173.132.66] [/home/u991737198/domains/tas2023.online/public_html/lib/base.php:1871] Base->call()
Thu, 30 Jan 2025 18:24:47 -0500 [24.173.132.66] [/home/u991737198/domains/tas2023.online/public_html/index.php:19] Base->run()
Thu, 30 Jan 2025 18:25:51 -0500 [24.173.132.66] 500: Undefined variable $selected_note trace: [/home/u991737198/domains/tas2023.online/public_html/tmp/3hn69l4qoa804.3g8shy2588w00.php:375]
Thu, 30 Jan 2025 18:25:51 -0500 [24.173.132.66] [/home/u991737198/domains/tas2023.online/public_html/tmp/3hn69l4qoa804.3g8shy2588w00.php:375] Base->{closure}()
Thu, 30 Jan 2025 18:25:51 -0500 [24.173.132.66] [/home/u991737198/domains/tas2023.online/public_html/lib/base.php:3036] require('/home/u991737198/domains/tas2023.online/public_html/tmp/3hn69l4qoa804.3g8shy2588w00.php')
Thu, 30 Jan 2025 18:25:51 -0500 [24.173.132.66] [/home/u991737198/domains/tas2023.online/public_html/lib/base.php:3281] View->sandbox()
Thu, 30 Jan 2025 18:25:51 -0500 [24.173.132.66] [/home/u991737198/domains/tas2023.online/public_html/tmp/3hn69l4qoa804.3h31n1yj254w8.php:7] Preview->render()
Thu, 30 Jan 2025 18:25:51 -0500 [24.173.132.66] [/home/u991737198/domains/tas2023.online/public_html/lib/base.php:3036] require('/home/u991737198/domains/tas2023.online/public_html/tmp/3hn69l4qoa804.3h31n1yj254w8.php')
Thu, 30 Jan 2025 18:25:51 -0500 [24.173.132.66] [/home/u991737198/domains/tas2023.online/public_html/lib/base.php:3281] View->sandbox()
Thu, 30 Jan 2025 18:25:51 -0500 [24.173.132.66] [/home/u991737198/domains/tas2023.online/public_html/app/controllers/Controller.php:87] Preview->render()
Thu, 30 Jan 2025 18:25:51 -0500 [24.173.132.66] [/home/u991737198/domains/tas2023.online/public_html/lib/base.php:2078] Controller->afterroute()
Thu, 30 Jan 2025 18:25:51 -0500 [24.173.132.66] [/home/u991737198/domains/tas2023.online/public_html/lib/base.php:1871] Base->call()
Thu, 30 Jan 2025 18:25:51 -0500 [24.173.132.66] [/home/u991737198/domains/tas2023.online/public_html/index.php:19] Base->run()
Thu, 30 Jan 2025 18:25:57 -0500 [24.173.132.66] 500: Undefined variable $selected_note trace: [/home/u991737198/domains/tas2023.online/public_html/tmp/3hn69l4qoa804.3g8shy2588w00.php:375]
Thu, 30 Jan 2025 18:25:57 -0500 [24.173.132.66] [/home/u991737198/domains/tas2023.online/public_html/tmp/3hn69l4qoa804.3g8shy2588w00.php:375] Base->{closure}()
Thu, 30 Jan 2025 18:25:57 -0500 [24.173.132.66] [/home/u991737198/domains/tas2023.online/public_html/lib/base.php:3036] require('/home/u991737198/domains/tas2023.online/public_html/tmp/3hn69l4qoa804.3g8shy2588w00.php')
Thu, 30 Jan 2025 18:25:57 -0500 [24.173.132.66] [/home/u991737198/domains/tas2023.online/public_html/lib/base.php:3281] View->sandbox()
Thu, 30 Jan 2025 18:25:57 -0500 [24.173.132.66] [/home/u991737198/domains/tas2023.online/public_html/tmp/3hn69l4qoa804.3h31n1yj254w8.php:7] Preview->render()
Thu, 30 Jan 2025 18:25:57 -0500 [24.173.132.66] [/home/u991737198/domains/tas2023.online/public_html/lib/base.php:3036] require('/home/u991737198/domains/tas2023.online/public_html/tmp/3hn69l4qoa804.3h31n1yj254w8.php')
Thu, 30 Jan 2025 18:25:57 -0500 [24.173.132.66] [/home/u991737198/domains/tas2023.online/public_html/lib/base.php:3281] View->sandbox()
Thu, 30 Jan 2025 18:25:57 -0500 [24.173.132.66] [/home/u991737198/domains/tas2023.online/public_html/app/controllers/Controller.php:87] Preview->render()
Thu, 30 Jan 2025 18:25:57 -0500 [24.173.132.66] [/home/u991737198/domains/tas2023.online/public_html/lib/base.php:2078] Controller->afterroute()
Thu, 30 Jan 2025 18:25:57 -0500 [24.173.132.66] [/home/u991737198/domains/tas2023.online/public_html/lib/base.php:1871] Base->call()
Thu, 30 Jan 2025 18:25:57 -0500 [24.173.132.66] [/home/u991737198/domains/tas2023.online/public_html/index.php:19] Base->run()
Thu, 30 Jan 2025 18:26:03 -0500 [24.173.132.66] 500: Undefined variable $selected_note trace: [/home/u991737198/domains/tas2023.online/public_html/tmp/3hn69l4qoa804.3g8shy2588w00.php:375]
Thu, 30 Jan 2025 18:26:03 -0500 [24.173.132.66] [/home/u991737198/domains/tas2023.online/public_html/tmp/3hn69l4qoa804.3g8shy2588w00.php:375] Base->{closure}()
Thu, 30 Jan 2025 18:26:03 -0500 [24.173.132.66] [/home/u991737198/domains/tas2023.online/public_html/lib/base.php:3036] require('/home/u991737198/domains/tas2023.online/public_html/tmp/3hn69l4qoa804.3g8shy2588w00.php')
Thu, 30 Jan 2025 18:26:03 -0500 [24.173.132.66] [/home/u991737198/domains/tas2023.online/public_html/lib/base.php:3281] View->sandbox()
Thu, 30 Jan 2025 18:26:03 -0500 [24.173.132.66] [/home/u991737198/domains/tas2023.online/public_html/tmp/3hn69l4qoa804.3h31n1yj254w8.php:7] Preview->render()
Thu, 30 Jan 2025 18:26:03 -0500 [24.173.132.66] [/home/u991737198/domains/tas2023.online/public_html/lib/base.php:3036] require('/home/u991737198/domains/tas2023.online/public_html/tmp/3hn69l4qoa804.3h31n1yj254w8.php')
Thu, 30 Jan 2025 18:26:03 -0500 [24.173.132.66] [/home/u991737198/domains/tas2023.online/public_html/lib/base.php:3281] View->sandbox()
Thu, 30 Jan 2025 18:26:03 -0500 [24.173.132.66] [/home/u991737198/domains/tas2023.online/public_html/app/controllers/Controller.php:87] Preview->render()
Thu, 30 Jan 2025 18:26:03 -0500 [24.173.132.66] [/home/u991737198/domains/tas2023.online/public_html/lib/base.php:2078] Controller->afterroute()
Thu, 30 Jan 2025 18:26:03 -0500 [24.173.132.66] [/home/u991737198/domains/tas2023.online/public_html/lib/base.php:1871] Base->call()
Thu, 30 Jan 2025 18:26:03 -0500 [24.173.132.66] [/home/u991737198/domains/tas2023.online/public_html/index.php:19] Base->run()
Thu, 30 Jan 2025 18:26:07 -0500 [24.173.132.66] 500: Undefined variable $selected_note trace: [/home/u991737198/domains/tas2023.online/public_html/tmp/3hn69l4qoa804.3g8shy2588w00.php:375]
Thu, 30 Jan 2025 18:26:07 -0500 [24.173.132.66] [/home/u991737198/domains/tas2023.online/public_html/tmp/3hn69l4qoa804.3g8shy2588w00.php:375] Base->{closure}()
Thu, 30 Jan 2025 18:26:07 -0500 [24.173.132.66] [/home/u991737198/domains/tas2023.online/public_html/lib/base.php:3036] require('/home/u991737198/domains/tas2023.online/public_html/tmp/3hn69l4qoa804.3g8shy2588w00.php')
Thu, 30 Jan 2025 18:26:07 -0500 [24.173.132.66] [/home/u991737198/domains/tas2023.online/public_html/lib/base.php:3281] View->sandbox()
Thu, 30 Jan 2025 18:26:07 -0500 [24.173.132.66] [/home/u991737198/domains/tas2023.online/public_html/tmp/3hn69l4qoa804.3h31n1yj254w8.php:7] Preview->render()
Thu, 30 Jan 2025 18:26:07 -0500 [24.173.132.66] [/home/u991737198/domains/tas2023.online/public_html/lib/base.php:3036] require('/home/u991737198/domains/tas2023.online/public_html/tmp/3hn69l4qoa804.3h31n1yj254w8.php')
Thu, 30 Jan 2025 18:26:07 -0500 [24.173.132.66] [/home/u991737198/domains/tas2023.online/public_html/lib/base.php:3281] View->sandbox()
Thu, 30 Jan 2025 18:26:07 -0500 [24.173.132.66] [/home/u991737198/domains/tas2023.online/public_html/app/controllers/Controller.php:87] Preview->render()
Thu, 30 Jan 2025 18:26:07 -0500 [24.173.132.66] [/home/u991737198/domains/tas2023.online/public_html/lib/base.php:2078] Controller->afterroute()
Thu, 30 Jan 2025 18:26:07 -0500 [24.173.132.66] [/home/u991737198/domains/tas2023.online/public_html/lib/base.php:1871] Base->call()
Thu, 30 Jan 2025 18:26:07 -0500 [24.173.132.66] [/home/u991737198/domains/tas2023.online/public_html/index.php:19] Base->run()
Thu, 30 Jan 2025 18:26:18 -0500 [24.173.132.66] 500: Undefined variable $selected_note trace: [/home/u991737198/domains/tas2023.online/public_html/tmp/3hn69l4qoa804.3g8shy2588w00.php:375]
Thu, 30 Jan 2025 18:26:18 -0500 [24.173.132.66] [/home/u991737198/domains/tas2023.online/public_html/tmp/3hn69l4qoa804.3g8shy2588w00.php:375] Base->{closure}()
Thu, 30 Jan 2025 18:26:18 -0500 [24.173.132.66] [/home/u991737198/domains/tas2023.online/public_html/lib/base.php:3036] require('/home/u991737198/domains/tas2023.online/public_html/tmp/3hn69l4qoa804.3g8shy2588w00.php')
Thu, 30 Jan 2025 18:26:18 -0500 [24.173.132.66] [/home/u991737198/domains/tas2023.online/public_html/lib/base.php:3281] View->sandbox()
Thu, 30 Jan 2025 18:26:18 -0500 [24.173.132.66] [/home/u991737198/domains/tas2023.online/public_html/tmp/3hn69l4qoa804.3h31n1yj254w8.php:7] Preview->render()
Thu, 30 Jan 2025 18:26:18 -0500 [24.173.132.66] [/home/u991737198/domains/tas2023.online/public_html/lib/base.php:3036] require('/home/u991737198/domains/tas2023.online/public_html/tmp/3hn69l4qoa804.3h31n1yj254w8.php')
Thu, 30 Jan 2025 18:26:18 -0500 [24.173.132.66] [/home/u991737198/domains/tas2023.online/public_html/lib/base.php:3281] View->sandbox()
Thu, 30 Jan 2025 18:26:18 -0500 [24.173.132.66] [/home/u991737198/domains/tas2023.online/public_html/app/controllers/Controller.php:87] Preview->render()
Thu, 30 Jan 2025 18:26:18 -0500 [24.173.132.66] [/home/u991737198/domains/tas2023.online/public_html/lib/base.php:2078] Controller->afterroute()
Thu, 30 Jan 2025 18:26:18 -0500 [24.173.132.66] [/home/u991737198/domains/tas2023.online/public_html/lib/base.php:1871] Base->call()
Thu, 30 Jan 2025 18:26:18 -0500 [24.173.132.66] [/home/u991737198/domains/tas2023.online/public_html/index.php:19] Base->run()
Thu, 30 Jan 2025 18:26:40 -0500 [24.173.132.66] 500: Undefined variable $selected_note trace: [/home/u991737198/domains/tas2023.online/public_html/tmp/3hn69l4qoa804.3g8shy2588w00.php:375]
Thu, 30 Jan 2025 18:26:40 -0500 [24.173.132.66] [/home/u991737198/domains/tas2023.online/public_html/tmp/3hn69l4qoa804.3g8shy2588w00.php:375] Base->{closure}()
Thu, 30 Jan 2025 18:26:40 -0500 [24.173.132.66] [/home/u991737198/domains/tas2023.online/public_html/lib/base.php:3036] require('/home/u991737198/domains/tas2023.online/public_html/tmp/3hn69l4qoa804.3g8shy2588w00.php')
Thu, 30 Jan 2025 18:26:40 -0500 [24.173.132.66] [/home/u991737198/domains/tas2023.online/public_html/lib/base.php:3281] View->sandbox()
Thu, 30 Jan 2025 18:26:40 -0500 [24.173.132.66] [/home/u991737198/domains/tas2023.online/public_html/tmp/3hn69l4qoa804.3h31n1yj254w8.php:7] Preview->render()
Thu, 30 Jan 2025 18:26:40 -0500 [24.173.132.66] [/home/u991737198/domains/tas2023.online/public_html/lib/base.php:3036] require('/home/u991737198/domains/tas2023.online/public_html/tmp/3hn69l4qoa804.3h31n1yj254w8.php')
Thu, 30 Jan 2025 18:26:40 -0500 [24.173.132.66] [/home/u991737198/domains/tas2023.online/public_html/lib/base.php:3281] View->sandbox()
Thu, 30 Jan 2025 18:26:40 -0500 [24.173.132.66] [/home/u991737198/domains/tas2023.online/public_html/app/controllers/Controller.php:87] Preview->render()
Thu, 30 Jan 2025 18:26:40 -0500 [24.173.132.66] [/home/u991737198/domains/tas2023.online/public_html/lib/base.php:2078] Controller->afterroute()
Thu, 30 Jan 2025 18:26:40 -0500 [24.173.132.66] [/home/u991737198/domains/tas2023.online/public_html/lib/base.php:1871] Base->call()
Thu, 30 Jan 2025 18:26:40 -0500 [24.173.132.66] [/home/u991737198/domains/tas2023.online/public_html/index.php:19] Base->run()
Thu, 30 Jan 2025 18:26:56 -0500 [24.173.132.66] 500: Undefined variable $selected_note trace: [/home/u991737198/domains/tas2023.online/public_html/tmp/3hn69l4qoa804.3g8shy2588w00.php:375]
Thu, 30 Jan 2025 18:26:56 -0500 [24.173.132.66] [/home/u991737198/domains/tas2023.online/public_html/tmp/3hn69l4qoa804.3g8shy2588w00.php:375] Base->{closure}()
Thu, 30 Jan 2025 18:26:56 -0500 [24.173.132.66] [/home/u991737198/domains/tas2023.online/public_html/lib/base.php:3036] require('/home/u991737198/domains/tas2023.online/public_html/tmp/3hn69l4qoa804.3g8shy2588w00.php')
Thu, 30 Jan 2025 18:26:56 -0500 [24.173.132.66] [/home/u991737198/domains/tas2023.online/public_html/lib/base.php:3281] View->sandbox()
Thu, 30 Jan 2025 18:26:56 -0500 [24.173.132.66] [/home/u991737198/domains/tas2023.online/public_html/tmp/3hn69l4qoa804.3h31n1yj254w8.php:7] Preview->render()
Thu, 30 Jan 2025 18:26:56 -0500 [24.173.132.66] [/home/u991737198/domains/tas2023.online/public_html/lib/base.php:3036] require('/home/u991737198/domains/tas2023.online/public_html/tmp/3hn69l4qoa804.3h31n1yj254w8.php')
Thu, 30 Jan 2025 18:26:56 -0500 [24.173.132.66] [/home/u991737198/domains/tas2023.online/public_html/lib/base.php:3281] View->sandbox()
Thu, 30 Jan 2025 18:26:56 -0500 [24.173.132.66] [/home/u991737198/domains/tas2023.online/public_html/app/controllers/Controller.php:87] Preview->render()
Thu, 30 Jan 2025 18:26:56 -0500 [24.173.132.66] [/home/u991737198/domains/tas2023.online/public_html/lib/base.php:2078] Controller->afterroute()
Thu, 30 Jan 2025 18:26:56 -0500 [24.173.132.66] [/home/u991737198/domains/tas2023.online/public_html/lib/base.php:1871] Base->call()
Thu, 30 Jan 2025 18:26:56 -0500 [24.173.132.66] [/home/u991737198/domains/tas2023.online/public_html/index.php:19] Base->run()
Thu, 30 Jan 2025 18:27:11 -0500 [24.173.132.66] 500: Undefined variable $selected_note trace: [/home/u991737198/domains/tas2023.online/public_html/tmp/3hn69l4qoa804.3g8shy2588w00.php:375]
Thu, 30 Jan 2025 18:27:11 -0500 [24.173.132.66] [/home/u991737198/domains/tas2023.online/public_html/tmp/3hn69l4qoa804.3g8shy2588w00.php:375] Base->{closure}()
Thu, 30 Jan 2025 18:27:11 -0500 [24.173.132.66] [/home/u991737198/domains/tas2023.online/public_html/lib/base.php:3036] require('/home/u991737198/domains/tas2023.online/public_html/tmp/3hn69l4qoa804.3g8shy2588w00.php')
Thu, 30 Jan 2025 18:27:11 -0500 [24.173.132.66] [/home/u991737198/domains/tas2023.online/public_html/lib/base.php:3281] View->sandbox()
Thu, 30 Jan 2025 18:27:11 -0500 [24.173.132.66] [/home/u991737198/domains/tas2023.online/public_html/tmp/3hn69l4qoa804.3h31n1yj254w8.php:7] Preview->render()
Thu, 30 Jan 2025 18:27:11 -0500 [24.173.132.66] [/home/u991737198/domains/tas2023.online/public_html/lib/base.php:3036] require('/home/u991737198/domains/tas2023.online/public_html/tmp/3hn69l4qoa804.3h31n1yj254w8.php')
Thu, 30 Jan 2025 18:27:11 -0500 [24.173.132.66] [/home/u991737198/domains/tas2023.online/public_html/lib/base.php:3281] View->sandbox()
Thu, 30 Jan 2025 18:27:11 -0500 [24.173.132.66] [/home/u991737198/domains/tas2023.online/public_html/app/controllers/Controller.php:87] Preview->render()
Thu, 30 Jan 2025 18:27:11 -0500 [24.173.132.66] [/home/u991737198/domains/tas2023.online/public_html/lib/base.php:2078] Controller->afterroute()
Thu, 30 Jan 2025 18:27:11 -0500 [24.173.132.66] [/home/u991737198/domains/tas2023.online/public_html/lib/base.php:1871] Base->call()
Thu, 30 Jan 2025 18:27:11 -0500 [24.173.132.66] [/home/u991737198/domains/tas2023.online/public_html/index.php:19] Base->run()
Thu, 30 Jan 2025 18:27:26 -0500 [24.173.132.66] 500: Undefined variable $selected_note trace: [/home/u991737198/domains/tas2023.online/public_html/tmp/3hn69l4qoa804.3g8shy2588w00.php:375]
Thu, 30 Jan 2025 18:27:26 -0500 [24.173.132.66] [/home/u991737198/domains/tas2023.online/public_html/tmp/3hn69l4qoa804.3g8shy2588w00.php:375] Base->{closure}()
Thu, 30 Jan 2025 18:27:26 -0500 [24.173.132.66] [/home/u991737198/domains/tas2023.online/public_html/lib/base.php:3036] require('/home/u991737198/domains/tas2023.online/public_html/tmp/3hn69l4qoa804.3g8shy2588w00.php')
Thu, 30 Jan 2025 18:27:26 -0500 [24.173.132.66] [/home/u991737198/domains/tas2023.online/public_html/lib/base.php:3281] View->sandbox()
Thu, 30 Jan 2025 18:27:26 -0500 [24.173.132.66] [/home/u991737198/domains/tas2023.online/public_html/tmp/3hn69l4qoa804.3h31n1yj254w8.php:7] Preview->render()
Thu, 30 Jan 2025 18:27:26 -0500 [24.173.132.66] [/home/u991737198/domains/tas2023.online/public_html/lib/base.php:3036] require('/home/u991737198/domains/tas2023.online/public_html/tmp/3hn69l4qoa804.3h31n1yj254w8.php')
Thu, 30 Jan 2025 18:27:26 -0500 [24.173.132.66] [/home/u991737198/domains/tas2023.online/public_html/lib/base.php:3281] View->sandbox()
Thu, 30 Jan 2025 18:27:26 -0500 [24.173.132.66] [/home/u991737198/domains/tas2023.online/public_html/app/controllers/Controller.php:87] Preview->render()
Thu, 30 Jan 2025 18:27:26 -0500 [24.173.132.66] [/home/u991737198/domains/tas2023.online/public_html/lib/base.php:2078] Controller->afterroute()
Thu, 30 Jan 2025 18:27:26 -0500 [24.173.132.66] [/home/u991737198/domains/tas2023.online/public_html/lib/base.php:1871] Base->call()
Thu, 30 Jan 2025 18:27:26 -0500 [24.173.132.66] [/home/u991737198/domains/tas2023.online/public_html/index.php:19] Base->run()
Thu, 30 Jan 2025 18:27:31 -0500 [24.173.132.66] 500: Undefined variable $selected_note trace: [/home/u991737198/domains/tas2023.online/public_html/tmp/3hn69l4qoa804.3g8shy2588w00.php:375]
Thu, 30 Jan 2025 18:27:31 -0500 [24.173.132.66] [/home/u991737198/domains/tas2023.online/public_html/tmp/3hn69l4qoa804.3g8shy2588w00.php:375] Base->{closure}()
Thu, 30 Jan 2025 18:27:31 -0500 [24.173.132.66] [/home/u991737198/domains/tas2023.online/public_html/lib/base.php:3036] require('/home/u991737198/domains/tas2023.online/public_html/tmp/3hn69l4qoa804.3g8shy2588w00.php')
Thu, 30 Jan 2025 18:27:31 -0500 [24.173.132.66] [/home/u991737198/domains/tas2023.online/public_html/lib/base.php:3281] View->sandbox()
Thu, 30 Jan 2025 18:27:31 -0500 [24.173.132.66] [/home/u991737198/domains/tas2023.online/public_html/tmp/3hn69l4qoa804.3h31n1yj254w8.php:7] Preview->render()
Thu, 30 Jan 2025 18:27:31 -0500 [24.173.132.66] [/home/u991737198/domains/tas2023.online/public_html/lib/base.php:3036] require('/home/u991737198/domains/tas2023.online/public_html/tmp/3hn69l4qoa804.3h31n1yj254w8.php')
Thu, 30 Jan 2025 18:27:31 -0500 [24.173.132.66] [/home/u991737198/domains/tas2023.online/public_html/lib/base.php:3281] View->sandbox()
Thu, 30 Jan 2025 18:27:31 -0500 [24.173.132.66] [/home/u991737198/domains/tas2023.online/public_html/app/controllers/Controller.php:87] Preview->render()
Thu, 30 Jan 2025 18:27:31 -0500 [24.173.132.66] [/home/u991737198/domains/tas2023.online/public_html/lib/base.php:2078] Controller->afterroute()
Thu, 30 Jan 2025 18:27:31 -0500 [24.173.132.66] [/home/u991737198/domains/tas2023.online/public_html/lib/base.php:1871] Base->call()
Thu, 30 Jan 2025 18:27:31 -0500 [24.173.132.66] [/home/u991737198/domains/tas2023.online/public_html/index.php:19] Base->run()
Thu, 30 Jan 2025 18:27:48 -0500 [24.173.132.66] 500: Undefined variable $selected_note trace: [/home/u991737198/domains/tas2023.online/public_html/tmp/3hn69l4qoa804.3g8shy2588w00.php:375]
Thu, 30 Jan 2025 18:27:48 -0500 [24.173.132.66] [/home/u991737198/domains/tas2023.online/public_html/tmp/3hn69l4qoa804.3g8shy2588w00.php:375] Base->{closure}()
Thu, 30 Jan 2025 18:27:48 -0500 [24.173.132.66] [/home/u991737198/domains/tas2023.online/public_html/lib/base.php:3036] require('/home/u991737198/domains/tas2023.online/public_html/tmp/3hn69l4qoa804.3g8shy2588w00.php')
Thu, 30 Jan 2025 18:27:48 -0500 [24.173.132.66] [/home/u991737198/domains/tas2023.online/public_html/lib/base.php:3281] View->sandbox()
Thu, 30 Jan 2025 18:27:48 -0500 [24.173.132.66] [/home/u991737198/domains/tas2023.online/public_html/tmp/3hn69l4qoa804.3h31n1yj254w8.php:7] Preview->render()
Thu, 30 Jan 2025 18:27:48 -0500 [24.173.132.66] [/home/u991737198/domains/tas2023.online/public_html/lib/base.php:3036] require('/home/u991737198/domains/tas2023.online/public_html/tmp/3hn69l4qoa804.3h31n1yj254w8.php')
Thu, 30 Jan 2025 18:27:48 -0500 [24.173.132.66] [/home/u991737198/domains/tas2023.online/public_html/lib/base.php:3281] View->sandbox()
Thu, 30 Jan 2025 18:27:48 -0500 [24.173.132.66] [/home/u991737198/domains/tas2023.online/public_html/app/controllers/Controller.php:87] Preview->render()
Thu, 30 Jan 2025 18:27:48 -0500 [24.173.132.66] [/home/u991737198/domains/tas2023.online/public_html/lib/base.php:2078] Controller->afterroute()
Thu, 30 Jan 2025 18:27:48 -0500 [24.173.132.66] [/home/u991737198/domains/tas2023.online/public_html/lib/base.php:1871] Base->call()
Thu, 30 Jan 2025 18:27:48 -0500 [24.173.132.66] [/home/u991737198/domains/tas2023.online/public_html/index.php:19] Base->run()
Thu, 30 Jan 2025 18:28:13 -0500 [24.173.132.66] 500: Undefined variable $selected_note trace: [/home/u991737198/domains/tas2023.online/public_html/tmp/3hn69l4qoa804.3g8shy2588w00.php:375]
Thu, 30 Jan 2025 18:28:13 -0500 [24.173.132.66] [/home/u991737198/domains/tas2023.online/public_html/tmp/3hn69l4qoa804.3g8shy2588w00.php:375] Base->{closure}()
Thu, 30 Jan 2025 18:28:13 -0500 [24.173.132.66] [/home/u991737198/domains/tas2023.online/public_html/lib/base.php:3036] require('/home/u991737198/domains/tas2023.online/public_html/tmp/3hn69l4qoa804.3g8shy2588w00.php')
Thu, 30 Jan 2025 18:28:13 -0500 [24.173.132.66] [/home/u991737198/domains/tas2023.online/public_html/lib/base.php:3281] View->sandbox()
Thu, 30 Jan 2025 18:28:13 -0500 [24.173.132.66] [/home/u991737198/domains/tas2023.online/public_html/tmp/3hn69l4qoa804.3h31n1yj254w8.php:7] Preview->render()
Thu, 30 Jan 2025 18:28:13 -0500 [24.173.132.66] [/home/u991737198/domains/tas2023.online/public_html/lib/base.php:3036] require('/home/u991737198/domains/tas2023.online/public_html/tmp/3hn69l4qoa804.3h31n1yj254w8.php')
Thu, 30 Jan 2025 18:28:13 -0500 [24.173.132.66] [/home/u991737198/domains/tas2023.online/public_html/lib/base.php:3281] View->sandbox()
Thu, 30 Jan 2025 18:28:13 -0500 [24.173.132.66] [/home/u991737198/domains/tas2023.online/public_html/app/controllers/Controller.php:87] Preview->render()
Thu, 30 Jan 2025 18:28:13 -0500 [24.173.132.66] [/home/u991737198/domains/tas2023.online/public_html/lib/base.php:2078] Controller->afterroute()
Thu, 30 Jan 2025 18:28:13 -0500 [24.173.132.66] [/home/u991737198/domains/tas2023.online/public_html/lib/base.php:1871] Base->call()
Thu, 30 Jan 2025 18:28:13 -0500 [24.173.132.66] [/home/u991737198/domains/tas2023.online/public_html/index.php:19] Base->run()
Thu, 30 Jan 2025 18:30:17 -0500 [24.173.132.66] 500: Undefined variable $selected_note trace: [/home/u991737198/domains/tas2023.online/public_html/tmp/3hn69l4qoa804.3g8shy2588w00.php:375]
Thu, 30 Jan 2025 18:30:17 -0500 [24.173.132.66] [/home/u991737198/domains/tas2023.online/public_html/tmp/3hn69l4qoa804.3g8shy2588w00.php:375] Base->{closure}()
Thu, 30 Jan 2025 18:30:17 -0500 [24.173.132.66] [/home/u991737198/domains/tas2023.online/public_html/lib/base.php:3036] require('/home/u991737198/domains/tas2023.online/public_html/tmp/3hn69l4qoa804.3g8shy2588w00.php')
Thu, 30 Jan 2025 18:30:17 -0500 [24.173.132.66] [/home/u991737198/domains/tas2023.online/public_html/lib/base.php:3281] View->sandbox()
Thu, 30 Jan 2025 18:30:17 -0500 [24.173.132.66] [/home/u991737198/domains/tas2023.online/public_html/tmp/3hn69l4qoa804.3h31n1yj254w8.php:7] Preview->render()
Thu, 30 Jan 2025 18:30:17 -0500 [24.173.132.66] [/home/u991737198/domains/tas2023.online/public_html/lib/base.php:3036] require('/home/u991737198/domains/tas2023.online/public_html/tmp/3hn69l4qoa804.3h31n1yj254w8.php')
Thu, 30 Jan 2025 18:30:17 -0500 [24.173.132.66] [/home/u991737198/domains/tas2023.online/public_html/lib/base.php:3281] View->sandbox()
Thu, 30 Jan 2025 18:30:17 -0500 [24.173.132.66] [/home/u991737198/domains/tas2023.online/public_html/app/controllers/Controller.php:87] Preview->render()
Thu, 30 Jan 2025 18:30:17 -0500 [24.173.132.66] [/home/u991737198/domains/tas2023.online/public_html/lib/base.php:2078] Controller->afterroute()
Thu, 30 Jan 2025 18:30:17 -0500 [24.173.132.66] [/home/u991737198/domains/tas2023.online/public_html/lib/base.php:1871] Base->call()
Thu, 30 Jan 2025 18:30:17 -0500 [24.173.132.66] [/home/u991737198/domains/tas2023.online/public_html/index.php:19] Base->run()
Thu, 30 Jan 2025 18:30:25 -0500 [24.173.132.66] 500: Undefined variable $selected_note trace: [/home/u991737198/domains/tas2023.online/public_html/tmp/3hn69l4qoa804.3g8shy2588w00.php:375]
Thu, 30 Jan 2025 18:30:25 -0500 [24.173.132.66] [/home/u991737198/domains/tas2023.online/public_html/tmp/3hn69l4qoa804.3g8shy2588w00.php:375] Base->{closure}()
Thu, 30 Jan 2025 18:30:25 -0500 [24.173.132.66] [/home/u991737198/domains/tas2023.online/public_html/lib/base.php:3036] require('/home/u991737198/domains/tas2023.online/public_html/tmp/3hn69l4qoa804.3g8shy2588w00.php')
Thu, 30 Jan 2025 18:30:25 -0500 [24.173.132.66] [/home/u991737198/domains/tas2023.online/public_html/lib/base.php:3281] View->sandbox()
Thu, 30 Jan 2025 18:30:25 -0500 [24.173.132.66] [/home/u991737198/domains/tas2023.online/public_html/tmp/3hn69l4qoa804.3h31n1yj254w8.php:7] Preview->render()
Thu, 30 Jan 2025 18:30:25 -0500 [24.173.132.66] [/home/u991737198/domains/tas2023.online/public_html/lib/base.php:3036] require('/home/u991737198/domains/tas2023.online/public_html/tmp/3hn69l4qoa804.3h31n1yj254w8.php')
Thu, 30 Jan 2025 18:30:25 -0500 [24.173.132.66] [/home/u991737198/domains/tas2023.online/public_html/lib/base.php:3281] View->sandbox()
Thu, 30 Jan 2025 18:30:25 -0500 [24.173.132.66] [/home/u991737198/domains/tas2023.online/public_html/app/controllers/Controller.php:87] Preview->render()
Thu, 30 Jan 2025 18:30:25 -0500 [24.173.132.66] [/home/u991737198/domains/tas2023.online/public_html/lib/base.php:2078] Controller->afterroute()
Thu, 30 Jan 2025 18:30:25 -0500 [24.173.132.66] [/home/u991737198/domains/tas2023.online/public_html/lib/base.php:1871] Base->call()
Thu, 30 Jan 2025 18:30:25 -0500 [24.173.132.66] [/home/u991737198/domains/tas2023.online/public_html/index.php:19] Base->run()
Thu, 30 Jan 2025 18:30:38 -0500 [24.173.132.66] 500: Undefined variable $selected_note trace: [/home/u991737198/domains/tas2023.online/public_html/tmp/3hn69l4qoa804.3g8shy2588w00.php:375]
Thu, 30 Jan 2025 18:30:38 -0500 [24.173.132.66] [/home/u991737198/domains/tas2023.online/public_html/tmp/3hn69l4qoa804.3g8shy2588w00.php:375] Base->{closure}()
Thu, 30 Jan 2025 18:30:38 -0500 [24.173.132.66] [/home/u991737198/domains/tas2023.online/public_html/lib/base.php:3036] require('/home/u991737198/domains/tas2023.online/public_html/tmp/3hn69l4qoa804.3g8shy2588w00.php')
Thu, 30 Jan 2025 18:30:38 -0500 [24.173.132.66] [/home/u991737198/domains/tas2023.online/public_html/lib/base.php:3281] View->sandbox()
Thu, 30 Jan 2025 18:30:38 -0500 [24.173.132.66] [/home/u991737198/domains/tas2023.online/public_html/tmp/3hn69l4qoa804.3h31n1yj254w8.php:7] Preview->render()
Thu, 30 Jan 2025 18:30:38 -0500 [24.173.132.66] [/home/u991737198/domains/tas2023.online/public_html/lib/base.php:3036] require('/home/u991737198/domains/tas2023.online/public_html/tmp/3hn69l4qoa804.3h31n1yj254w8.php')
Thu, 30 Jan 2025 18:30:38 -0500 [24.173.132.66] [/home/u991737198/domains/tas2023.online/public_html/lib/base.php:3281] View->sandbox()
Thu, 30 Jan 2025 18:30:38 -0500 [24.173.132.66] [/home/u991737198/domains/tas2023.online/public_html/app/controllers/Controller.php:87] Preview->render()
Thu, 30 Jan 2025 18:30:38 -0500 [24.173.132.66] [/home/u991737198/domains/tas2023.online/public_html/lib/base.php:2078] Controller->afterroute()
Thu, 30 Jan 2025 18:30:38 -0500 [24.173.132.66] [/home/u991737198/domains/tas2023.online/public_html/lib/base.php:1871] Base->call()
Thu, 30 Jan 2025 18:30:38 -0500 [24.173.132.66] [/home/u991737198/domains/tas2023.online/public_html/index.php:19] Base->run()
Thu, 30 Jan 2025 18:35:19 -0500 [24.173.132.66] 500: Undefined variable $selected_note trace: [/home/u991737198/domains/tas2023.online/public_html/tmp/3hn69l4qoa804.3g8shy2588w00.php:375]
Thu, 30 Jan 2025 18:35:19 -0500 [24.173.132.66] [/home/u991737198/domains/tas2023.online/public_html/tmp/3hn69l4qoa804.3g8shy2588w00.php:375] Base->{closure}()
Thu, 30 Jan 2025 18:35:19 -0500 [24.173.132.66] [/home/u991737198/domains/tas2023.online/public_html/lib/base.php:3036] require('/home/u991737198/domains/tas2023.online/public_html/tmp/3hn69l4qoa804.3g8shy2588w00.php')
Thu, 30 Jan 2025 18:35:19 -0500 [24.173.132.66] [/home/u991737198/domains/tas2023.online/public_html/lib/base.php:3281] View->sandbox()
Thu, 30 Jan 2025 18:35:19 -0500 [24.173.132.66] [/home/u991737198/domains/tas2023.online/public_html/tmp/3hn69l4qoa804.3h31n1yj254w8.php:7] Preview->render()
Thu, 30 Jan 2025 18:35:19 -0500 [24.173.132.66] [/home/u991737198/domains/tas2023.online/public_html/lib/base.php:3036] require('/home/u991737198/domains/tas2023.online/public_html/tmp/3hn69l4qoa804.3h31n1yj254w8.php')
Thu, 30 Jan 2025 18:35:19 -0500 [24.173.132.66] [/home/u991737198/domains/tas2023.online/public_html/lib/base.php:3281] View->sandbox()
Thu, 30 Jan 2025 18:35:19 -0500 [24.173.132.66] [/home/u991737198/domains/tas2023.online/public_html/app/controllers/Controller.php:87] Preview->render()
Thu, 30 Jan 2025 18:35:19 -0500 [24.173.132.66] [/home/u991737198/domains/tas2023.online/public_html/lib/base.php:2078] Controller->afterroute()
Thu, 30 Jan 2025 18:35:19 -0500 [24.173.132.66] [/home/u991737198/domains/tas2023.online/public_html/lib/base.php:1871] Base->call()
Thu, 30 Jan 2025 18:35:19 -0500 [24.173.132.66] [/home/u991737198/domains/tas2023.online/public_html/index.php:19] Base->run()
Thu, 30 Jan 2025 18:35:26 -0500 [24.173.132.66] 500: Undefined variable $selected_note trace: [/home/u991737198/domains/tas2023.online/public_html/tmp/3hn69l4qoa804.3g8shy2588w00.php:375]
Thu, 30 Jan 2025 18:35:26 -0500 [24.173.132.66] [/home/u991737198/domains/tas2023.online/public_html/tmp/3hn69l4qoa804.3g8shy2588w00.php:375] Base->{closure}()
Thu, 30 Jan 2025 18:35:26 -0500 [24.173.132.66] [/home/u991737198/domains/tas2023.online/public_html/lib/base.php:3036] require('/home/u991737198/domains/tas2023.online/public_html/tmp/3hn69l4qoa804.3g8shy2588w00.php')
Thu, 30 Jan 2025 18:35:26 -0500 [24.173.132.66] [/home/u991737198/domains/tas2023.online/public_html/lib/base.php:3281] View->sandbox()
Thu, 30 Jan 2025 18:35:26 -0500 [24.173.132.66] [/home/u991737198/domains/tas2023.online/public_html/tmp/3hn69l4qoa804.3h31n1yj254w8.php:7] Preview->render()
Thu, 30 Jan 2025 18:35:26 -0500 [24.173.132.66] [/home/u991737198/domains/tas2023.online/public_html/lib/base.php:3036] require('/home/u991737198/domains/tas2023.online/public_html/tmp/3hn69l4qoa804.3h31n1yj254w8.php')
Thu, 30 Jan 2025 18:35:26 -0500 [24.173.132.66] [/home/u991737198/domains/tas2023.online/public_html/lib/base.php:3281] View->sandbox()
Thu, 30 Jan 2025 18:35:26 -0500 [24.173.132.66] [/home/u991737198/domains/tas2023.online/public_html/app/controllers/Controller.php:87] Preview->render()
Thu, 30 Jan 2025 18:35:26 -0500 [24.173.132.66] [/home/u991737198/domains/tas2023.online/public_html/lib/base.php:2078] Controller->afterroute()
Thu, 30 Jan 2025 18:35:26 -0500 [24.173.132.66] [/home/u991737198/domains/tas2023.online/public_html/lib/base.php:1871] Base->call()
Thu, 30 Jan 2025 18:35:26 -0500 [24.173.132.66] [/home/u991737198/domains/tas2023.online/public_html/index.php:19] Base->run()
Thu, 30 Jan 2025 18:35:31 -0500 [24.173.132.66] 500: Undefined variable $selected_note trace: [/home/u991737198/domains/tas2023.online/public_html/tmp/3hn69l4qoa804.3g8shy2588w00.php:375]
Thu, 30 Jan 2025 18:35:31 -0500 [24.173.132.66] [/home/u991737198/domains/tas2023.online/public_html/tmp/3hn69l4qoa804.3g8shy2588w00.php:375] Base->{closure}()
Thu, 30 Jan 2025 18:35:31 -0500 [24.173.132.66] [/home/u991737198/domains/tas2023.online/public_html/lib/base.php:3036] require('/home/u991737198/domains/tas2023.online/public_html/tmp/3hn69l4qoa804.3g8shy2588w00.php')
Thu, 30 Jan 2025 18:35:31 -0500 [24.173.132.66] [/home/u991737198/domains/tas2023.online/public_html/lib/base.php:3281] View->sandbox()
Thu, 30 Jan 2025 18:35:31 -0500 [24.173.132.66] [/home/u991737198/domains/tas2023.online/public_html/tmp/3hn69l4qoa804.3h31n1yj254w8.php:7] Preview->render()
Thu, 30 Jan 2025 18:35:31 -0500 [24.173.132.66] [/home/u991737198/domains/tas2023.online/public_html/lib/base.php:3036] require('/home/u991737198/domains/tas2023.online/public_html/tmp/3hn69l4qoa804.3h31n1yj254w8.php')
Thu, 30 Jan 2025 18:35:31 -0500 [24.173.132.66] [/home/u991737198/domains/tas2023.online/public_html/lib/base.php:3281] View->sandbox()
Thu, 30 Jan 2025 18:35:31 -0500 [24.173.132.66] [/home/u991737198/domains/tas2023.online/public_html/app/controllers/Controller.php:87] Preview->render()
Thu, 30 Jan 2025 18:35:31 -0500 [24.173.132.66] [/home/u991737198/domains/tas2023.online/public_html/lib/base.php:2078] Controller->afterroute()
Thu, 30 Jan 2025 18:35:31 -0500 [24.173.132.66] [/home/u991737198/domains/tas2023.online/public_html/lib/base.php:1871] Base->call()
Thu, 30 Jan 2025 18:35:31 -0500 [24.173.132.66] [/home/u991737198/domains/tas2023.online/public_html/index.php:19] Base->run()
Thu, 30 Jan 2025 18:35:39 -0500 [24.173.132.66] 500: Undefined variable $selected_note trace: [/home/u991737198/domains/tas2023.online/public_html/tmp/3hn69l4qoa804.3g8shy2588w00.php:375]
Thu, 30 Jan 2025 18:35:39 -0500 [24.173.132.66] [/home/u991737198/domains/tas2023.online/public_html/tmp/3hn69l4qoa804.3g8shy2588w00.php:375] Base->{closure}()
Thu, 30 Jan 2025 18:35:39 -0500 [24.173.132.66] [/home/u991737198/domains/tas2023.online/public_html/lib/base.php:3036] require('/home/u991737198/domains/tas2023.online/public_html/tmp/3hn69l4qoa804.3g8shy2588w00.php')
Thu, 30 Jan 2025 18:35:39 -0500 [24.173.132.66] [/home/u991737198/domains/tas2023.online/public_html/lib/base.php:3281] View->sandbox()
Thu, 30 Jan 2025 18:35:39 -0500 [24.173.132.66] [/home/u991737198/domains/tas2023.online/public_html/tmp/3hn69l4qoa804.3h31n1yj254w8.php:7] Preview->render()
Thu, 30 Jan 2025 18:35:39 -0500 [24.173.132.66] [/home/u991737198/domains/tas2023.online/public_html/lib/base.php:3036] require('/home/u991737198/domains/tas2023.online/public_html/tmp/3hn69l4qoa804.3h31n1yj254w8.php')
Thu, 30 Jan 2025 18:35:39 -0500 [24.173.132.66] [/home/u991737198/domains/tas2023.online/public_html/lib/base.php:3281] View->sandbox()
Thu, 30 Jan 2025 18:35:39 -0500 [24.173.132.66] [/home/u991737198/domains/tas2023.online/public_html/app/controllers/Controller.php:87] Preview->render()
Thu, 30 Jan 2025 18:35:39 -0500 [24.173.132.66] [/home/u991737198/domains/tas2023.online/public_html/lib/base.php:2078] Controller->afterroute()
Thu, 30 Jan 2025 18:35:39 -0500 [24.173.132.66] [/home/u991737198/domains/tas2023.online/public_html/lib/base.php:1871] Base->call()
Thu, 30 Jan 2025 18:35:39 -0500 [24.173.132.66] [/home/u991737198/domains/tas2023.online/public_html/index.php:19] Base->run()
Thu, 30 Jan 2025 18:35:52 -0500 [24.173.132.66] 500: Undefined variable $selected_note trace: [/home/u991737198/domains/tas2023.online/public_html/tmp/3hn69l4qoa804.3g8shy2588w00.php:375]
Thu, 30 Jan 2025 18:35:52 -0500 [24.173.132.66] [/home/u991737198/domains/tas2023.online/public_html/tmp/3hn69l4qoa804.3g8shy2588w00.php:375] Base->{closure}()
Thu, 30 Jan 2025 18:35:52 -0500 [24.173.132.66] [/home/u991737198/domains/tas2023.online/public_html/lib/base.php:3036] require('/home/u991737198/domains/tas2023.online/public_html/tmp/3hn69l4qoa804.3g8shy2588w00.php')
Thu, 30 Jan 2025 18:35:52 -0500 [24.173.132.66] [/home/u991737198/domains/tas2023.online/public_html/lib/base.php:3281] View->sandbox()
Thu, 30 Jan 2025 18:35:52 -0500 [24.173.132.66] [/home/u991737198/domains/tas2023.online/public_html/tmp/3hn69l4qoa804.3h31n1yj254w8.php:7] Preview->render()
Thu, 30 Jan 2025 18:35:52 -0500 [24.173.132.66] [/home/u991737198/domains/tas2023.online/public_html/lib/base.php:3036] require('/home/u991737198/domains/tas2023.online/public_html/tmp/3hn69l4qoa804.3h31n1yj254w8.php')
Thu, 30 Jan 2025 18:35:52 -0500 [24.173.132.66] [/home/u991737198/domains/tas2023.online/public_html/lib/base.php:3281] View->sandbox()
Thu, 30 Jan 2025 18:35:52 -0500 [24.173.132.66] [/home/u991737198/domains/tas2023.online/public_html/app/controllers/Controller.php:87] Preview->render()
Thu, 30 Jan 2025 18:35:52 -0500 [24.173.132.66] [/home/u991737198/domains/tas2023.online/public_html/lib/base.php:2078] Controller->afterroute()
Thu, 30 Jan 2025 18:35:52 -0500 [24.173.132.66] [/home/u991737198/domains/tas2023.online/public_html/lib/base.php:1871] Base->call()
Thu, 30 Jan 2025 18:35:52 -0500 [24.173.132.66] [/home/u991737198/domains/tas2023.online/public_html/index.php:19] Base->run()
Thu, 30 Jan 2025 18:35:55 -0500 [24.173.132.66] 500: Undefined variable $selected_note trace: [/home/u991737198/domains/tas2023.online/public_html/tmp/3hn69l4qoa804.3g8shy2588w00.php:375]
Thu, 30 Jan 2025 18:35:55 -0500 [24.173.132.66] [/home/u991737198/domains/tas2023.online/public_html/tmp/3hn69l4qoa804.3g8shy2588w00.php:375] Base->{closure}()
Thu, 30 Jan 2025 18:35:55 -0500 [24.173.132.66] [/home/u991737198/domains/tas2023.online/public_html/lib/base.php:3036] require('/home/u991737198/domains/tas2023.online/public_html/tmp/3hn69l4qoa804.3g8shy2588w00.php')
Thu, 30 Jan 2025 18:35:55 -0500 [24.173.132.66] [/home/u991737198/domains/tas2023.online/public_html/lib/base.php:3281] View->sandbox()
Thu, 30 Jan 2025 18:35:55 -0500 [24.173.132.66] [/home/u991737198/domains/tas2023.online/public_html/tmp/3hn69l4qoa804.3h31n1yj254w8.php:7] Preview->render()
Thu, 30 Jan 2025 18:35:55 -0500 [24.173.132.66] [/home/u991737198/domains/tas2023.online/public_html/lib/base.php:3036] require('/home/u991737198/domains/tas2023.online/public_html/tmp/3hn69l4qoa804.3h31n1yj254w8.php')
Thu, 30 Jan 2025 18:35:55 -0500 [24.173.132.66] [/home/u991737198/domains/tas2023.online/public_html/lib/base.php:3281] View->sandbox()
Thu, 30 Jan 2025 18:35:55 -0500 [24.173.132.66] [/home/u991737198/domains/tas2023.online/public_html/app/controllers/Controller.php:87] Preview->render()
Thu, 30 Jan 2025 18:35:55 -0500 [24.173.132.66] [/home/u991737198/domains/tas2023.online/public_html/lib/base.php:2078] Controller->afterroute()
Thu, 30 Jan 2025 18:35:55 -0500 [24.173.132.66] [/home/u991737198/domains/tas2023.online/public_html/lib/base.php:1871] Base->call()
Thu, 30 Jan 2025 18:35:55 -0500 [24.173.132.66] [/home/u991737198/domains/tas2023.online/public_html/index.php:19] Base->run()
Thu, 30 Jan 2025 18:36:28 -0500 [24.173.132.66] 500: Undefined variable $selected_note trace: [/home/u991737198/domains/tas2023.online/public_html/tmp/3hn69l4qoa804.3g8shy2588w00.php:375]
Thu, 30 Jan 2025 18:36:28 -0500 [24.173.132.66] [/home/u991737198/domains/tas2023.online/public_html/tmp/3hn69l4qoa804.3g8shy2588w00.php:375] Base->{closure}()
Thu, 30 Jan 2025 18:36:28 -0500 [24.173.132.66] [/home/u991737198/domains/tas2023.online/public_html/lib/base.php:3036] require('/home/u991737198/domains/tas2023.online/public_html/tmp/3hn69l4qoa804.3g8shy2588w00.php')
Thu, 30 Jan 2025 18:36:28 -0500 [24.173.132.66] [/home/u991737198/domains/tas2023.online/public_html/lib/base.php:3281] View->sandbox()
Thu, 30 Jan 2025 18:36:28 -0500 [24.173.132.66] [/home/u991737198/domains/tas2023.online/public_html/tmp/3hn69l4qoa804.3h31n1yj254w8.php:7] Preview->render()
Thu, 30 Jan 2025 18:36:28 -0500 [24.173.132.66] [/home/u991737198/domains/tas2023.online/public_html/lib/base.php:3036] require('/home/u991737198/domains/tas2023.online/public_html/tmp/3hn69l4qoa804.3h31n1yj254w8.php')
Thu, 30 Jan 2025 18:36:28 -0500 [24.173.132.66] [/home/u991737198/domains/tas2023.online/public_html/lib/base.php:3281] View->sandbox()
Thu, 30 Jan 2025 18:36:28 -0500 [24.173.132.66] [/home/u991737198/domains/tas2023.online/public_html/app/controllers/Controller.php:87] Preview->render()
Thu, 30 Jan 2025 18:36:28 -0500 [24.173.132.66] [/home/u991737198/domains/tas2023.online/public_html/lib/base.php:2078] Controller->afterroute()
Thu, 30 Jan 2025 18:36:28 -0500 [24.173.132.66] [/home/u991737198/domains/tas2023.online/public_html/lib/base.php:1871] Base->call()
Thu, 30 Jan 2025 18:36:28 -0500 [24.173.132.66] [/home/u991737198/domains/tas2023.online/public_html/index.php:19] Base->run()
Thu, 30 Jan 2025 18:36:53 -0500 [24.173.132.66] 500: Undefined variable $selected_note trace: [/home/u991737198/domains/tas2023.online/public_html/tmp/3hn69l4qoa804.3g8shy2588w00.php:375]
Thu, 30 Jan 2025 18:36:53 -0500 [24.173.132.66] [/home/u991737198/domains/tas2023.online/public_html/tmp/3hn69l4qoa804.3g8shy2588w00.php:375] Base->{closure}()
Thu, 30 Jan 2025 18:36:53 -0500 [24.173.132.66] [/home/u991737198/domains/tas2023.online/public_html/lib/base.php:3036] require('/home/u991737198/domains/tas2023.online/public_html/tmp/3hn69l4qoa804.3g8shy2588w00.php')
Thu, 30 Jan 2025 18:36:53 -0500 [24.173.132.66] [/home/u991737198/domains/tas2023.online/public_html/lib/base.php:3281] View->sandbox()
Thu, 30 Jan 2025 18:36:53 -0500 [24.173.132.66] [/home/u991737198/domains/tas2023.online/public_html/tmp/3hn69l4qoa804.3h31n1yj254w8.php:7] Preview->render()
Thu, 30 Jan 2025 18:36:53 -0500 [24.173.132.66] [/home/u991737198/domains/tas2023.online/public_html/lib/base.php:3036] require('/home/u991737198/domains/tas2023.online/public_html/tmp/3hn69l4qoa804.3h31n1yj254w8.php')
Thu, 30 Jan 2025 18:36:53 -0500 [24.173.132.66] [/home/u991737198/domains/tas2023.online/public_html/lib/base.php:3281] View->sandbox()
Thu, 30 Jan 2025 18:36:53 -0500 [24.173.132.66] [/home/u991737198/domains/tas2023.online/public_html/app/controllers/Controller.php:87] Preview->render()
Thu, 30 Jan 2025 18:36:53 -0500 [24.173.132.66] [/home/u991737198/domains/tas2023.online/public_html/lib/base.php:2078] Controller->afterroute()
Thu, 30 Jan 2025 18:36:53 -0500 [24.173.132.66] [/home/u991737198/domains/tas2023.online/public_html/lib/base.php:1871] Base->call()
Thu, 30 Jan 2025 18:36:53 -0500 [24.173.132.66] [/home/u991737198/domains/tas2023.online/public_html/index.php:19] Base->run()
Thu, 30 Jan 2025 18:36:59 -0500 [24.173.132.66] 500: Undefined variable $selected_note trace: [/home/u991737198/domains/tas2023.online/public_html/tmp/3hn69l4qoa804.3g8shy2588w00.php:375]
Thu, 30 Jan 2025 18:36:59 -0500 [24.173.132.66] [/home/u991737198/domains/tas2023.online/public_html/tmp/3hn69l4qoa804.3g8shy2588w00.php:375] Base->{closure}()
Thu, 30 Jan 2025 18:36:59 -0500 [24.173.132.66] [/home/u991737198/domains/tas2023.online/public_html/lib/base.php:3036] require('/home/u991737198/domains/tas2023.online/public_html/tmp/3hn69l4qoa804.3g8shy2588w00.php')
Thu, 30 Jan 2025 18:36:59 -0500 [24.173.132.66] [/home/u991737198/domains/tas2023.online/public_html/lib/base.php:3281] View->sandbox()
Thu, 30 Jan 2025 18:36:59 -0500 [24.173.132.66] [/home/u991737198/domains/tas2023.online/public_html/tmp/3hn69l4qoa804.3h31n1yj254w8.php:7] Preview->render()
Thu, 30 Jan 2025 18:36:59 -0500 [24.173.132.66] [/home/u991737198/domains/tas2023.online/public_html/lib/base.php:3036] require('/home/u991737198/domains/tas2023.online/public_html/tmp/3hn69l4qoa804.3h31n1yj254w8.php')
Thu, 30 Jan 2025 18:36:59 -0500 [24.173.132.66] [/home/u991737198/domains/tas2023.online/public_html/lib/base.php:3281] View->sandbox()
Thu, 30 Jan 2025 18:36:59 -0500 [24.173.132.66] [/home/u991737198/domains/tas2023.online/public_html/app/controllers/Controller.php:87] Preview->render()
Thu, 30 Jan 2025 18:36:59 -0500 [24.173.132.66] [/home/u991737198/domains/tas2023.online/public_html/lib/base.php:2078] Controller->afterroute()
Thu, 30 Jan 2025 18:36:59 -0500 [24.173.132.66] [/home/u991737198/domains/tas2023.online/public_html/lib/base.php:1871] Base->call()
Thu, 30 Jan 2025 18:36:59 -0500 [24.173.132.66] [/home/u991737198/domains/tas2023.online/public_html/index.php:19] Base->run()
Thu, 30 Jan 2025 18:42:26 -0500 [24.173.132.66] 500: Undefined variable $selected_note trace: [/home/u991737198/domains/tas2023.online/public_html/tmp/3hn69l4qoa804.3g8shy2588w00.php:375]
Thu, 30 Jan 2025 18:42:26 -0500 [24.173.132.66] [/home/u991737198/domains/tas2023.online/public_html/tmp/3hn69l4qoa804.3g8shy2588w00.php:375] Base->{closure}()
Thu, 30 Jan 2025 18:42:26 -0500 [24.173.132.66] [/home/u991737198/domains/tas2023.online/public_html/lib/base.php:3036] require('/home/u991737198/domains/tas2023.online/public_html/tmp/3hn69l4qoa804.3g8shy2588w00.php')
Thu, 30 Jan 2025 18:42:26 -0500 [24.173.132.66] [/home/u991737198/domains/tas2023.online/public_html/lib/base.php:3281] View->sandbox()
Thu, 30 Jan 2025 18:42:26 -0500 [24.173.132.66] [/home/u991737198/domains/tas2023.online/public_html/tmp/3hn69l4qoa804.3h31n1yj254w8.php:7] Preview->render()
Thu, 30 Jan 2025 18:42:26 -0500 [24.173.132.66] [/home/u991737198/domains/tas2023.online/public_html/lib/base.php:3036] require('/home/u991737198/domains/tas2023.online/public_html/tmp/3hn69l4qoa804.3h31n1yj254w8.php')
Thu, 30 Jan 2025 18:42:26 -0500 [24.173.132.66] [/home/u991737198/domains/tas2023.online/public_html/lib/base.php:3281] View->sandbox()
Thu, 30 Jan 2025 18:42:26 -0500 [24.173.132.66] [/home/u991737198/domains/tas2023.online/public_html/app/controllers/Controller.php:87] Preview->render()
Thu, 30 Jan 2025 18:42:26 -0500 [24.173.132.66] [/home/u991737198/domains/tas2023.online/public_html/lib/base.php:2078] Controller->afterroute()
Thu, 30 Jan 2025 18:42:26 -0500 [24.173.132.66] [/home/u991737198/domains/tas2023.online/public_html/lib/base.php:1871] Base->call()
Thu, 30 Jan 2025 18:42:26 -0500 [24.173.132.66] [/home/u991737198/domains/tas2023.online/public_html/index.php:19] Base->run()
Thu, 30 Jan 2025 18:42:36 -0500 [24.173.132.66] 500: Undefined variable $selected_note trace: [/home/u991737198/domains/tas2023.online/public_html/tmp/3hn69l4qoa804.3g8shy2588w00.php:375]
Thu, 30 Jan 2025 18:42:36 -0500 [24.173.132.66] [/home/u991737198/domains/tas2023.online/public_html/tmp/3hn69l4qoa804.3g8shy2588w00.php:375] Base->{closure}()
Thu, 30 Jan 2025 18:42:36 -0500 [24.173.132.66] [/home/u991737198/domains/tas2023.online/public_html/lib/base.php:3036] require('/home/u991737198/domains/tas2023.online/public_html/tmp/3hn69l4qoa804.3g8shy2588w00.php')
Thu, 30 Jan 2025 18:42:36 -0500 [24.173.132.66] [/home/u991737198/domains/tas2023.online/public_html/lib/base.php:3281] View->sandbox()
Thu, 30 Jan 2025 18:42:36 -0500 [24.173.132.66] [/home/u991737198/domains/tas2023.online/public_html/tmp/3hn69l4qoa804.3h31n1yj254w8.php:7] Preview->render()
Thu, 30 Jan 2025 18:42:36 -0500 [24.173.132.66] [/home/u991737198/domains/tas2023.online/public_html/lib/base.php:3036] require('/home/u991737198/domains/tas2023.online/public_html/tmp/3hn69l4qoa804.3h31n1yj254w8.php')
Thu, 30 Jan 2025 18:42:36 -0500 [24.173.132.66] [/home/u991737198/domains/tas2023.online/public_html/lib/base.php:3281] View->sandbox()
Thu, 30 Jan 2025 18:42:36 -0500 [24.173.132.66] [/home/u991737198/domains/tas2023.online/public_html/app/controllers/Controller.php:87] Preview->render()
Thu, 30 Jan 2025 18:42:36 -0500 [24.173.132.66] [/home/u991737198/domains/tas2023.online/public_html/lib/base.php:2078] Controller->afterroute()
Thu, 30 Jan 2025 18:42:36 -0500 [24.173.132.66] [/home/u991737198/domains/tas2023.online/public_html/lib/base.php:1871] Base->call()
Thu, 30 Jan 2025 18:42:36 -0500 [24.173.132.66] [/home/u991737198/domains/tas2023.online/public_html/index.php:19] Base->run()
Thu, 30 Jan 2025 18:43:35 -0500 [24.173.132.66] 500: Undefined variable $selected_note trace: [/home/u991737198/domains/tas2023.online/public_html/tmp/3hn69l4qoa804.3g8shy2588w00.php:375]
Thu, 30 Jan 2025 18:43:35 -0500 [24.173.132.66] [/home/u991737198/domains/tas2023.online/public_html/tmp/3hn69l4qoa804.3g8shy2588w00.php:375] Base->{closure}()
Thu, 30 Jan 2025 18:43:35 -0500 [24.173.132.66] [/home/u991737198/domains/tas2023.online/public_html/lib/base.php:3036] require('/home/u991737198/domains/tas2023.online/public_html/tmp/3hn69l4qoa804.3g8shy2588w00.php')
Thu, 30 Jan 2025 18:43:35 -0500 [24.173.132.66] [/home/u991737198/domains/tas2023.online/public_html/lib/base.php:3281] View->sandbox()
Thu, 30 Jan 2025 18:43:35 -0500 [24.173.132.66] [/home/u991737198/domains/tas2023.online/public_html/tmp/3hn69l4qoa804.3h31n1yj254w8.php:7] Preview->render()
Thu, 30 Jan 2025 18:43:35 -0500 [24.173.132.66] [/home/u991737198/domains/tas2023.online/public_html/lib/base.php:3036] require('/home/u991737198/domains/tas2023.online/public_html/tmp/3hn69l4qoa804.3h31n1yj254w8.php')
Thu, 30 Jan 2025 18:43:35 -0500 [24.173.132.66] [/home/u991737198/domains/tas2023.online/public_html/lib/base.php:3281] View->sandbox()
Thu, 30 Jan 2025 18:43:35 -0500 [24.173.132.66] [/home/u991737198/domains/tas2023.online/public_html/app/controllers/Controller.php:87] Preview->render()
Thu, 30 Jan 2025 18:43:35 -0500 [24.173.132.66] [/home/u991737198/domains/tas2023.online/public_html/lib/base.php:2078] Controller->afterroute()
Thu, 30 Jan 2025 18:43:35 -0500 [24.173.132.66] [/home/u991737198/domains/tas2023.online/public_html/lib/base.php:1871] Base->call()
Thu, 30 Jan 2025 18:43:35 -0500 [24.173.132.66] [/home/u991737198/domains/tas2023.online/public_html/index.php:19] Base->run()
Thu, 30 Jan 2025 18:44:05 -0500 [24.173.132.66] 500: Undefined variable $selected_note trace: [/home/u991737198/domains/tas2023.online/public_html/tmp/3hn69l4qoa804.3g8shy2588w00.php:375]
Thu, 30 Jan 2025 18:44:05 -0500 [24.173.132.66] [/home/u991737198/domains/tas2023.online/public_html/tmp/3hn69l4qoa804.3g8shy2588w00.php:375] Base->{closure}()
Thu, 30 Jan 2025 18:44:05 -0500 [24.173.132.66] [/home/u991737198/domains/tas2023.online/public_html/lib/base.php:3036] require('/home/u991737198/domains/tas2023.online/public_html/tmp/3hn69l4qoa804.3g8shy2588w00.php')
Thu, 30 Jan 2025 18:44:05 -0500 [24.173.132.66] [/home/u991737198/domains/tas2023.online/public_html/lib/base.php:3281] View->sandbox()
Thu, 30 Jan 2025 18:44:05 -0500 [24.173.132.66] [/home/u991737198/domains/tas2023.online/public_html/tmp/3hn69l4qoa804.3h31n1yj254w8.php:7] Preview->render()
Thu, 30 Jan 2025 18:44:05 -0500 [24.173.132.66] [/home/u991737198/domains/tas2023.online/public_html/lib/base.php:3036] require('/home/u991737198/domains/tas2023.online/public_html/tmp/3hn69l4qoa804.3h31n1yj254w8.php')
Thu, 30 Jan 2025 18:44:05 -0500 [24.173.132.66] [/home/u991737198/domains/tas2023.online/public_html/lib/base.php:3281] View->sandbox()
Thu, 30 Jan 2025 18:44:05 -0500 [24.173.132.66] [/home/u991737198/domains/tas2023.online/public_html/app/controllers/Controller.php:87] Preview->render()
Thu, 30 Jan 2025 18:44:05 -0500 [24.173.132.66] [/home/u991737198/domains/tas2023.online/public_html/lib/base.php:2078] Controller->afterroute()
Thu, 30 Jan 2025 18:44:05 -0500 [24.173.132.66] [/home/u991737198/domains/tas2023.online/public_html/lib/base.php:1871] Base->call()
Thu, 30 Jan 2025 18:44:05 -0500 [24.173.132.66] [/home/u991737198/domains/tas2023.online/public_html/index.php:19] Base->run()
Thu, 30 Jan 2025 18:44:11 -0500 [24.173.132.66] 500: Undefined variable $selected_note trace: [/home/u991737198/domains/tas2023.online/public_html/tmp/3hn69l4qoa804.3g8shy2588w00.php:375]
Thu, 30 Jan 2025 18:44:11 -0500 [24.173.132.66] [/home/u991737198/domains/tas2023.online/public_html/tmp/3hn69l4qoa804.3g8shy2588w00.php:375] Base->{closure}()
Thu, 30 Jan 2025 18:44:11 -0500 [24.173.132.66] [/home/u991737198/domains/tas2023.online/public_html/lib/base.php:3036] require('/home/u991737198/domains/tas2023.online/public_html/tmp/3hn69l4qoa804.3g8shy2588w00.php')
Thu, 30 Jan 2025 18:44:11 -0500 [24.173.132.66] [/home/u991737198/domains/tas2023.online/public_html/lib/base.php:3281] View->sandbox()
Thu, 30 Jan 2025 18:44:11 -0500 [24.173.132.66] [/home/u991737198/domains/tas2023.online/public_html/tmp/3hn69l4qoa804.3h31n1yj254w8.php:7] Preview->render()
Thu, 30 Jan 2025 18:44:11 -0500 [24.173.132.66] [/home/u991737198/domains/tas2023.online/public_html/lib/base.php:3036] require('/home/u991737198/domains/tas2023.online/public_html/tmp/3hn69l4qoa804.3h31n1yj254w8.php')
Thu, 30 Jan 2025 18:44:11 -0500 [24.173.132.66] [/home/u991737198/domains/tas2023.online/public_html/lib/base.php:3281] View->sandbox()
Thu, 30 Jan 2025 18:44:11 -0500 [24.173.132.66] [/home/u991737198/domains/tas2023.online/public_html/app/controllers/Controller.php:87] Preview->render()
Thu, 30 Jan 2025 18:44:11 -0500 [24.173.132.66] [/home/u991737198/domains/tas2023.online/public_html/lib/base.php:2078] Controller->afterroute()
Thu, 30 Jan 2025 18:44:11 -0500 [24.173.132.66] [/home/u991737198/domains/tas2023.online/public_html/lib/base.php:1871] Base->call()
Thu, 30 Jan 2025 18:44:11 -0500 [24.173.132.66] [/home/u991737198/domains/tas2023.online/public_html/index.php:19] Base->run()
Thu, 30 Jan 2025 18:44:17 -0500 [24.173.132.66] 500: Undefined variable $selected_note trace: [/home/u991737198/domains/tas2023.online/public_html/tmp/3hn69l4qoa804.3g8shy2588w00.php:375]
Thu, 30 Jan 2025 18:44:17 -0500 [24.173.132.66] [/home/u991737198/domains/tas2023.online/public_html/tmp/3hn69l4qoa804.3g8shy2588w00.php:375] Base->{closure}()
Thu, 30 Jan 2025 18:44:17 -0500 [24.173.132.66] [/home/u991737198/domains/tas2023.online/public_html/lib/base.php:3036] require('/home/u991737198/domains/tas2023.online/public_html/tmp/3hn69l4qoa804.3g8shy2588w00.php')
Thu, 30 Jan 2025 18:44:17 -0500 [24.173.132.66] [/home/u991737198/domains/tas2023.online/public_html/lib/base.php:3281] View->sandbox()
Thu, 30 Jan 2025 18:44:17 -0500 [24.173.132.66] [/home/u991737198/domains/tas2023.online/public_html/tmp/3hn69l4qoa804.3h31n1yj254w8.php:7] Preview->render()
Thu, 30 Jan 2025 18:44:17 -0500 [24.173.132.66] [/home/u991737198/domains/tas2023.online/public_html/lib/base.php:3036] require('/home/u991737198/domains/tas2023.online/public_html/tmp/3hn69l4qoa804.3h31n1yj254w8.php')
Thu, 30 Jan 2025 18:44:17 -0500 [24.173.132.66] [/home/u991737198/domains/tas2023.online/public_html/lib/base.php:3281] View->sandbox()
Thu, 30 Jan 2025 18:44:17 -0500 [24.173.132.66] [/home/u991737198/domains/tas2023.online/public_html/app/controllers/Controller.php:87] Preview->render()
Thu, 30 Jan 2025 18:44:17 -0500 [24.173.132.66] [/home/u991737198/domains/tas2023.online/public_html/lib/base.php:2078] Controller->afterroute()
Thu, 30 Jan 2025 18:44:17 -0500 [24.173.132.66] [/home/u991737198/domains/tas2023.online/public_html/lib/base.php:1871] Base->call()
Thu, 30 Jan 2025 18:44:17 -0500 [24.173.132.66] [/home/u991737198/domains/tas2023.online/public_html/index.php:19] Base->run()
Thu, 30 Jan 2025 18:44:22 -0500 [24.173.132.66] 500: Undefined variable $selected_note trace: [/home/u991737198/domains/tas2023.online/public_html/tmp/3hn69l4qoa804.3g8shy2588w00.php:375]
Thu, 30 Jan 2025 18:44:22 -0500 [24.173.132.66] [/home/u991737198/domains/tas2023.online/public_html/tmp/3hn69l4qoa804.3g8shy2588w00.php:375] Base->{closure}()
Thu, 30 Jan 2025 18:44:22 -0500 [24.173.132.66] [/home/u991737198/domains/tas2023.online/public_html/lib/base.php:3036] require('/home/u991737198/domains/tas2023.online/public_html/tmp/3hn69l4qoa804.3g8shy2588w00.php')
Thu, 30 Jan 2025 18:44:22 -0500 [24.173.132.66] [/home/u991737198/domains/tas2023.online/public_html/lib/base.php:3281] View->sandbox()
Thu, 30 Jan 2025 18:44:22 -0500 [24.173.132.66] [/home/u991737198/domains/tas2023.online/public_html/tmp/3hn69l4qoa804.3h31n1yj254w8.php:7] Preview->render()
Thu, 30 Jan 2025 18:44:22 -0500 [24.173.132.66] [/home/u991737198/domains/tas2023.online/public_html/lib/base.php:3036] require('/home/u991737198/domains/tas2023.online/public_html/tmp/3hn69l4qoa804.3h31n1yj254w8.php')
Thu, 30 Jan 2025 18:44:22 -0500 [24.173.132.66] [/home/u991737198/domains/tas2023.online/public_html/lib/base.php:3281] View->sandbox()
Thu, 30 Jan 2025 18:44:22 -0500 [24.173.132.66] [/home/u991737198/domains/tas2023.online/public_html/app/controllers/Controller.php:87] Preview->render()
Thu, 30 Jan 2025 18:44:22 -0500 [24.173.132.66] [/home/u991737198/domains/tas2023.online/public_html/lib/base.php:2078] Controller->afterroute()
Thu, 30 Jan 2025 18:44:22 -0500 [24.173.132.66] [/home/u991737198/domains/tas2023.online/public_html/lib/base.php:1871] Base->call()
Thu, 30 Jan 2025 18:44:22 -0500 [24.173.132.66] [/home/u991737198/domains/tas2023.online/public_html/index.php:19] Base->run()
Thu, 30 Jan 2025 18:44:33 -0500 [24.173.132.66] 500: Undefined variable $selected_note trace: [/home/u991737198/domains/tas2023.online/public_html/tmp/3hn69l4qoa804.3g8shy2588w00.php:375]
Thu, 30 Jan 2025 18:44:33 -0500 [24.173.132.66] [/home/u991737198/domains/tas2023.online/public_html/tmp/3hn69l4qoa804.3g8shy2588w00.php:375] Base->{closure}()
Thu, 30 Jan 2025 18:44:33 -0500 [24.173.132.66] [/home/u991737198/domains/tas2023.online/public_html/lib/base.php:3036] require('/home/u991737198/domains/tas2023.online/public_html/tmp/3hn69l4qoa804.3g8shy2588w00.php')
Thu, 30 Jan 2025 18:44:33 -0500 [24.173.132.66] [/home/u991737198/domains/tas2023.online/public_html/lib/base.php:3281] View->sandbox()
Thu, 30 Jan 2025 18:44:33 -0500 [24.173.132.66] [/home/u991737198/domains/tas2023.online/public_html/tmp/3hn69l4qoa804.3h31n1yj254w8.php:7] Preview->render()
Thu, 30 Jan 2025 18:44:33 -0500 [24.173.132.66] [/home/u991737198/domains/tas2023.online/public_html/lib/base.php:3036] require('/home/u991737198/domains/tas2023.online/public_html/tmp/3hn69l4qoa804.3h31n1yj254w8.php')
Thu, 30 Jan 2025 18:44:33 -0500 [24.173.132.66] [/home/u991737198/domains/tas2023.online/public_html/lib/base.php:3281] View->sandbox()
Thu, 30 Jan 2025 18:44:33 -0500 [24.173.132.66] [/home/u991737198/domains/tas2023.online/public_html/app/controllers/Controller.php:87] Preview->render()
Thu, 30 Jan 2025 18:44:33 -0500 [24.173.132.66] [/home/u991737198/domains/tas2023.online/public_html/lib/base.php:2078] Controller->afterroute()
Thu, 30 Jan 2025 18:44:33 -0500 [24.173.132.66] [/home/u991737198/domains/tas2023.online/public_html/lib/base.php:1871] Base->call()
Thu, 30 Jan 2025 18:44:33 -0500 [24.173.132.66] [/home/u991737198/domains/tas2023.online/public_html/index.php:19] Base->run()
Thu, 30 Jan 2025 18:44:36 -0500 [24.173.132.66] 500: Undefined variable $selected_note trace: [/home/u991737198/domains/tas2023.online/public_html/tmp/3hn69l4qoa804.3g8shy2588w00.php:375]
Thu, 30 Jan 2025 18:44:36 -0500 [24.173.132.66] [/home/u991737198/domains/tas2023.online/public_html/tmp/3hn69l4qoa804.3g8shy2588w00.php:375] Base->{closure}()
Thu, 30 Jan 2025 18:44:36 -0500 [24.173.132.66] [/home/u991737198/domains/tas2023.online/public_html/lib/base.php:3036] require('/home/u991737198/domains/tas2023.online/public_html/tmp/3hn69l4qoa804.3g8shy2588w00.php')
Thu, 30 Jan 2025 18:44:36 -0500 [24.173.132.66] [/home/u991737198/domains/tas2023.online/public_html/lib/base.php:3281] View->sandbox()
Thu, 30 Jan 2025 18:44:36 -0500 [24.173.132.66] [/home/u991737198/domains/tas2023.online/public_html/tmp/3hn69l4qoa804.3h31n1yj254w8.php:7] Preview->render()
Thu, 30 Jan 2025 18:44:36 -0500 [24.173.132.66] [/home/u991737198/domains/tas2023.online/public_html/lib/base.php:3036] require('/home/u991737198/domains/tas2023.online/public_html/tmp/3hn69l4qoa804.3h31n1yj254w8.php')
Thu, 30 Jan 2025 18:44:36 -0500 [24.173.132.66] [/home/u991737198/domains/tas2023.online/public_html/lib/base.php:3281] View->sandbox()
Thu, 30 Jan 2025 18:44:36 -0500 [24.173.132.66] [/home/u991737198/domains/tas2023.online/public_html/app/controllers/Controller.php:87] Preview->render()
Thu, 30 Jan 2025 18:44:36 -0500 [24.173.132.66] [/home/u991737198/domains/tas2023.online/public_html/lib/base.php:2078] Controller->afterroute()
Thu, 30 Jan 2025 18:44:36 -0500 [24.173.132.66] [/home/u991737198/domains/tas2023.online/public_html/lib/base.php:1871] Base->call()
Thu, 30 Jan 2025 18:44:36 -0500 [24.173.132.66] [/home/u991737198/domains/tas2023.online/public_html/index.php:19] Base->run()
Thu, 30 Jan 2025 18:44:40 -0500 [24.173.132.66] 500: Undefined variable $selected_note trace: [/home/u991737198/domains/tas2023.online/public_html/tmp/3hn69l4qoa804.3g8shy2588w00.php:375]
Thu, 30 Jan 2025 18:44:40 -0500 [24.173.132.66] [/home/u991737198/domains/tas2023.online/public_html/tmp/3hn69l4qoa804.3g8shy2588w00.php:375] Base->{closure}()
Thu, 30 Jan 2025 18:44:40 -0500 [24.173.132.66] [/home/u991737198/domains/tas2023.online/public_html/lib/base.php:3036] require('/home/u991737198/domains/tas2023.online/public_html/tmp/3hn69l4qoa804.3g8shy2588w00.php')
Thu, 30 Jan 2025 18:44:40 -0500 [24.173.132.66] [/home/u991737198/domains/tas2023.online/public_html/lib/base.php:3281] View->sandbox()
Thu, 30 Jan 2025 18:44:40 -0500 [24.173.132.66] [/home/u991737198/domains/tas2023.online/public_html/tmp/3hn69l4qoa804.3h31n1yj254w8.php:7] Preview->render()
Thu, 30 Jan 2025 18:44:40 -0500 [24.173.132.66] [/home/u991737198/domains/tas2023.online/public_html/lib/base.php:3036] require('/home/u991737198/domains/tas2023.online/public_html/tmp/3hn69l4qoa804.3h31n1yj254w8.php')
Thu, 30 Jan 2025 18:44:40 -0500 [24.173.132.66] [/home/u991737198/domains/tas2023.online/public_html/lib/base.php:3281] View->sandbox()
Thu, 30 Jan 2025 18:44:40 -0500 [24.173.132.66] [/home/u991737198/domains/tas2023.online/public_html/app/controllers/Controller.php:87] Preview->render()
Thu, 30 Jan 2025 18:44:40 -0500 [24.173.132.66] [/home/u991737198/domains/tas2023.online/public_html/lib/base.php:2078] Controller->afterroute()
Thu, 30 Jan 2025 18:44:40 -0500 [24.173.132.66] [/home/u991737198/domains/tas2023.online/public_html/lib/base.php:1871] Base->call()
Thu, 30 Jan 2025 18:44:40 -0500 [24.173.132.66] [/home/u991737198/domains/tas2023.online/public_html/index.php:19] Base->run()
Thu, 30 Jan 2025 18:44:42 -0500 [24.173.132.66] 500: Undefined variable $selected_note trace: [/home/u991737198/domains/tas2023.online/public_html/tmp/3hn69l4qoa804.3g8shy2588w00.php:375]
Thu, 30 Jan 2025 18:44:42 -0500 [24.173.132.66] [/home/u991737198/domains/tas2023.online/public_html/tmp/3hn69l4qoa804.3g8shy2588w00.php:375] Base->{closure}()
Thu, 30 Jan 2025 18:44:42 -0500 [24.173.132.66] [/home/u991737198/domains/tas2023.online/public_html/lib/base.php:3036] require('/home/u991737198/domains/tas2023.online/public_html/tmp/3hn69l4qoa804.3g8shy2588w00.php')
Thu, 30 Jan 2025 18:44:42 -0500 [24.173.132.66] [/home/u991737198/domains/tas2023.online/public_html/lib/base.php:3281] View->sandbox()
Thu, 30 Jan 2025 18:44:42 -0500 [24.173.132.66] [/home/u991737198/domains/tas2023.online/public_html/tmp/3hn69l4qoa804.3h31n1yj254w8.php:7] Preview->render()
Thu, 30 Jan 2025 18:44:42 -0500 [24.173.132.66] [/home/u991737198/domains/tas2023.online/public_html/lib/base.php:3036] require('/home/u991737198/domains/tas2023.online/public_html/tmp/3hn69l4qoa804.3h31n1yj254w8.php')
Thu, 30 Jan 2025 18:44:42 -0500 [24.173.132.66] [/home/u991737198/domains/tas2023.online/public_html/lib/base.php:3281] View->sandbox()
Thu, 30 Jan 2025 18:44:42 -0500 [24.173.132.66] [/home/u991737198/domains/tas2023.online/public_html/app/controllers/Controller.php:87] Preview->render()
Thu, 30 Jan 2025 18:44:42 -0500 [24.173.132.66] [/home/u991737198/domains/tas2023.online/public_html/lib/base.php:2078] Controller->afterroute()
Thu, 30 Jan 2025 18:44:42 -0500 [24.173.132.66] [/home/u991737198/domains/tas2023.online/public_html/lib/base.php:1871] Base->call()
Thu, 30 Jan 2025 18:44:42 -0500 [24.173.132.66] [/home/u991737198/domains/tas2023.online/public_html/index.php:19] Base->run()
Thu, 30 Jan 2025 18:44:49 -0500 [24.173.132.66] 500: Undefined variable $selected_note trace: [/home/u991737198/domains/tas2023.online/public_html/tmp/3hn69l4qoa804.3g8shy2588w00.php:375]
Thu, 30 Jan 2025 18:44:49 -0500 [24.173.132.66] [/home/u991737198/domains/tas2023.online/public_html/tmp/3hn69l4qoa804.3g8shy2588w00.php:375] Base->{closure}()
Thu, 30 Jan 2025 18:44:49 -0500 [24.173.132.66] [/home/u991737198/domains/tas2023.online/public_html/lib/base.php:3036] require('/home/u991737198/domains/tas2023.online/public_html/tmp/3hn69l4qoa804.3g8shy2588w00.php')
Thu, 30 Jan 2025 18:44:49 -0500 [24.173.132.66] [/home/u991737198/domains/tas2023.online/public_html/lib/base.php:3281] View->sandbox()
Thu, 30 Jan 2025 18:44:49 -0500 [24.173.132.66] [/home/u991737198/domains/tas2023.online/public_html/tmp/3hn69l4qoa804.3h31n1yj254w8.php:7] Preview->render()
Thu, 30 Jan 2025 18:44:49 -0500 [24.173.132.66] [/home/u991737198/domains/tas2023.online/public_html/lib/base.php:3036] require('/home/u991737198/domains/tas2023.online/public_html/tmp/3hn69l4qoa804.3h31n1yj254w8.php')
Thu, 30 Jan 2025 18:44:49 -0500 [24.173.132.66] [/home/u991737198/domains/tas2023.online/public_html/lib/base.php:3281] View->sandbox()
Thu, 30 Jan 2025 18:44:49 -0500 [24.173.132.66] [/home/u991737198/domains/tas2023.online/public_html/app/controllers/Controller.php:87] Preview->render()
Thu, 30 Jan 2025 18:44:49 -0500 [24.173.132.66] [/home/u991737198/domains/tas2023.online/public_html/lib/base.php:2078] Controller->afterroute()
Thu, 30 Jan 2025 18:44:49 -0500 [24.173.132.66] [/home/u991737198/domains/tas2023.online/public_html/lib/base.php:1871] Base->call()
Thu, 30 Jan 2025 18:44:49 -0500 [24.173.132.66] [/home/u991737198/domains/tas2023.online/public_html/index.php:19] Base->run()
Thu, 30 Jan 2025 18:44:58 -0500 [24.173.132.66] 500: Undefined variable $selected_note trace: [/home/u991737198/domains/tas2023.online/public_html/tmp/3hn69l4qoa804.3g8shy2588w00.php:375]
Thu, 30 Jan 2025 18:44:58 -0500 [24.173.132.66] [/home/u991737198/domains/tas2023.online/public_html/tmp/3hn69l4qoa804.3g8shy2588w00.php:375] Base->{closure}()
Thu, 30 Jan 2025 18:44:58 -0500 [24.173.132.66] [/home/u991737198/domains/tas2023.online/public_html/lib/base.php:3036] require('/home/u991737198/domains/tas2023.online/public_html/tmp/3hn69l4qoa804.3g8shy2588w00.php')
Thu, 30 Jan 2025 18:44:58 -0500 [24.173.132.66] [/home/u991737198/domains/tas2023.online/public_html/lib/base.php:3281] View->sandbox()
Thu, 30 Jan 2025 18:44:58 -0500 [24.173.132.66] [/home/u991737198/domains/tas2023.online/public_html/tmp/3hn69l4qoa804.3h31n1yj254w8.php:7] Preview->render()
Thu, 30 Jan 2025 18:44:58 -0500 [24.173.132.66] [/home/u991737198/domains/tas2023.online/public_html/lib/base.php:3036] require('/home/u991737198/domains/tas2023.online/public_html/tmp/3hn69l4qoa804.3h31n1yj254w8.php')
Thu, 30 Jan 2025 18:44:58 -0500 [24.173.132.66] [/home/u991737198/domains/tas2023.online/public_html/lib/base.php:3281] View->sandbox()
Thu, 30 Jan 2025 18:44:58 -0500 [24.173.132.66] [/home/u991737198/domains/tas2023.online/public_html/app/controllers/Controller.php:87] Preview->render()
Thu, 30 Jan 2025 18:44:58 -0500 [24.173.132.66] [/home/u991737198/domains/tas2023.online/public_html/lib/base.php:2078] Controller->afterroute()
Thu, 30 Jan 2025 18:44:58 -0500 [24.173.132.66] [/home/u991737198/domains/tas2023.online/public_html/lib/base.php:1871] Base->call()
Thu, 30 Jan 2025 18:44:58 -0500 [24.173.132.66] [/home/u991737198/domains/tas2023.online/public_html/index.php:19] Base->run()
Thu, 30 Jan 2025 18:45:07 -0500 [24.173.132.66] 500: Undefined variable $selected_note trace: [/home/u991737198/domains/tas2023.online/public_html/tmp/3hn69l4qoa804.3g8shy2588w00.php:375]
Thu, 30 Jan 2025 18:45:07 -0500 [24.173.132.66] [/home/u991737198/domains/tas2023.online/public_html/tmp/3hn69l4qoa804.3g8shy2588w00.php:375] Base->{closure}()
Thu, 30 Jan 2025 18:45:07 -0500 [24.173.132.66] [/home/u991737198/domains/tas2023.online/public_html/lib/base.php:3036] require('/home/u991737198/domains/tas2023.online/public_html/tmp/3hn69l4qoa804.3g8shy2588w00.php')
Thu, 30 Jan 2025 18:45:07 -0500 [24.173.132.66] [/home/u991737198/domains/tas2023.online/public_html/lib/base.php:3281] View->sandbox()
Thu, 30 Jan 2025 18:45:07 -0500 [24.173.132.66] [/home/u991737198/domains/tas2023.online/public_html/tmp/3hn69l4qoa804.3h31n1yj254w8.php:7] Preview->render()
Thu, 30 Jan 2025 18:45:07 -0500 [24.173.132.66] [/home/u991737198/domains/tas2023.online/public_html/lib/base.php:3036] require('/home/u991737198/domains/tas2023.online/public_html/tmp/3hn69l4qoa804.3h31n1yj254w8.php')
Thu, 30 Jan 2025 18:45:07 -0500 [24.173.132.66] [/home/u991737198/domains/tas2023.online/public_html/lib/base.php:3281] View->sandbox()
Thu, 30 Jan 2025 18:45:07 -0500 [24.173.132.66] [/home/u991737198/domains/tas2023.online/public_html/app/controllers/Controller.php:87] Preview->render()
Thu, 30 Jan 2025 18:45:07 -0500 [24.173.132.66] [/home/u991737198/domains/tas2023.online/public_html/lib/base.php:2078] Controller->afterroute()
Thu, 30 Jan 2025 18:45:07 -0500 [24.173.132.66] [/home/u991737198/domains/tas2023.online/public_html/lib/base.php:1871] Base->call()
Thu, 30 Jan 2025 18:45:07 -0500 [24.173.132.66] [/home/u991737198/domains/tas2023.online/public_html/index.php:19] Base->run()
Thu, 30 Jan 2025 18:47:04 -0500 [24.173.132.66] 500: Undefined variable $selected_note trace: [/home/u991737198/domains/tas2023.online/public_html/tmp/3hn69l4qoa804.3g8shy2588w00.php:375]
Thu, 30 Jan 2025 18:47:04 -0500 [24.173.132.66] [/home/u991737198/domains/tas2023.online/public_html/tmp/3hn69l4qoa804.3g8shy2588w00.php:375] Base->{closure}()
Thu, 30 Jan 2025 18:47:04 -0500 [24.173.132.66] [/home/u991737198/domains/tas2023.online/public_html/lib/base.php:3036] require('/home/u991737198/domains/tas2023.online/public_html/tmp/3hn69l4qoa804.3g8shy2588w00.php')
Thu, 30 Jan 2025 18:47:04 -0500 [24.173.132.66] [/home/u991737198/domains/tas2023.online/public_html/lib/base.php:3281] View->sandbox()
Thu, 30 Jan 2025 18:47:04 -0500 [24.173.132.66] [/home/u991737198/domains/tas2023.online/public_html/tmp/3hn69l4qoa804.3h31n1yj254w8.php:7] Preview->render()
Thu, 30 Jan 2025 18:47:04 -0500 [24.173.132.66] [/home/u991737198/domains/tas2023.online/public_html/lib/base.php:3036] require('/home/u991737198/domains/tas2023.online/public_html/tmp/3hn69l4qoa804.3h31n1yj254w8.php')
Thu, 30 Jan 2025 18:47:04 -0500 [24.173.132.66] [/home/u991737198/domains/tas2023.online/public_html/lib/base.php:3281] View->sandbox()
Thu, 30 Jan 2025 18:47:04 -0500 [24.173.132.66] [/home/u991737198/domains/tas2023.online/public_html/app/controllers/Controller.php:87] Preview->render()
Thu, 30 Jan 2025 18:47:04 -0500 [24.173.132.66] [/home/u991737198/domains/tas2023.online/public_html/lib/base.php:2078] Controller->afterroute()
Thu, 30 Jan 2025 18:47:04 -0500 [24.173.132.66] [/home/u991737198/domains/tas2023.online/public_html/lib/base.php:1871] Base->call()
Thu, 30 Jan 2025 18:47:04 -0500 [24.173.132.66] [/home/u991737198/domains/tas2023.online/public_html/index.php:19] Base->run()
Thu, 30 Jan 2025 18:47:11 -0500 [24.173.132.66] 500: Undefined variable $selected_note trace: [/home/u991737198/domains/tas2023.online/public_html/tmp/3hn69l4qoa804.3g8shy2588w00.php:375]
Thu, 30 Jan 2025 18:47:11 -0500 [24.173.132.66] [/home/u991737198/domains/tas2023.online/public_html/tmp/3hn69l4qoa804.3g8shy2588w00.php:375] Base->{closure}()
Thu, 30 Jan 2025 18:47:11 -0500 [24.173.132.66] [/home/u991737198/domains/tas2023.online/public_html/lib/base.php:3036] require('/home/u991737198/domains/tas2023.online/public_html/tmp/3hn69l4qoa804.3g8shy2588w00.php')
Thu, 30 Jan 2025 18:47:11 -0500 [24.173.132.66] [/home/u991737198/domains/tas2023.online/public_html/lib/base.php:3281] View->sandbox()
Thu, 30 Jan 2025 18:47:11 -0500 [24.173.132.66] [/home/u991737198/domains/tas2023.online/public_html/tmp/3hn69l4qoa804.3h31n1yj254w8.php:7] Preview->render()
Thu, 30 Jan 2025 18:47:11 -0500 [24.173.132.66] [/home/u991737198/domains/tas2023.online/public_html/lib/base.php:3036] require('/home/u991737198/domains/tas2023.online/public_html/tmp/3hn69l4qoa804.3h31n1yj254w8.php')
Thu, 30 Jan 2025 18:47:11 -0500 [24.173.132.66] [/home/u991737198/domains/tas2023.online/public_html/lib/base.php:3281] View->sandbox()
Thu, 30 Jan 2025 18:47:11 -0500 [24.173.132.66] [/home/u991737198/domains/tas2023.online/public_html/app/controllers/Controller.php:87] Preview->render()
Thu, 30 Jan 2025 18:47:11 -0500 [24.173.132.66] [/home/u991737198/domains/tas2023.online/public_html/lib/base.php:2078] Controller->afterroute()
Thu, 30 Jan 2025 18:47:11 -0500 [24.173.132.66] [/home/u991737198/domains/tas2023.online/public_html/lib/base.php:1871] Base->call()
Thu, 30 Jan 2025 18:47:11 -0500 [24.173.132.66] [/home/u991737198/domains/tas2023.online/public_html/index.php:19] Base->run()
Thu, 30 Jan 2025 18:47:27 -0500 [24.173.132.66] 500: Undefined variable $selected_note trace: [/home/u991737198/domains/tas2023.online/public_html/tmp/3hn69l4qoa804.3g8shy2588w00.php:375]
Thu, 30 Jan 2025 18:47:27 -0500 [24.173.132.66] [/home/u991737198/domains/tas2023.online/public_html/tmp/3hn69l4qoa804.3g8shy2588w00.php:375] Base->{closure}()
Thu, 30 Jan 2025 18:47:27 -0500 [24.173.132.66] [/home/u991737198/domains/tas2023.online/public_html/lib/base.php:3036] require('/home/u991737198/domains/tas2023.online/public_html/tmp/3hn69l4qoa804.3g8shy2588w00.php')
Thu, 30 Jan 2025 18:47:27 -0500 [24.173.132.66] [/home/u991737198/domains/tas2023.online/public_html/lib/base.php:3281] View->sandbox()
Thu, 30 Jan 2025 18:47:27 -0500 [24.173.132.66] [/home/u991737198/domains/tas2023.online/public_html/tmp/3hn69l4qoa804.3h31n1yj254w8.php:7] Preview->render()
Thu, 30 Jan 2025 18:47:27 -0500 [24.173.132.66] [/home/u991737198/domains/tas2023.online/public_html/lib/base.php:3036] require('/home/u991737198/domains/tas2023.online/public_html/tmp/3hn69l4qoa804.3h31n1yj254w8.php')
Thu, 30 Jan 2025 18:47:27 -0500 [24.173.132.66] [/home/u991737198/domains/tas2023.online/public_html/lib/base.php:3281] View->sandbox()
Thu, 30 Jan 2025 18:47:27 -0500 [24.173.132.66] [/home/u991737198/domains/tas2023.online/public_html/app/controllers/Controller.php:87] Preview->render()
Thu, 30 Jan 2025 18:47:27 -0500 [24.173.132.66] [/home/u991737198/domains/tas2023.online/public_html/lib/base.php:2078] Controller->afterroute()
Thu, 30 Jan 2025 18:47:27 -0500 [24.173.132.66] [/home/u991737198/domains/tas2023.online/public_html/lib/base.php:1871] Base->call()
Thu, 30 Jan 2025 18:47:27 -0500 [24.173.132.66] [/home/u991737198/domains/tas2023.online/public_html/index.php:19] Base->run()
Thu, 30 Jan 2025 18:50:57 -0500 [24.173.132.66] 500: Undefined variable $selected_note trace: [/home/u991737198/domains/tas2023.online/public_html/tmp/3hn69l4qoa804.3g8shy2588w00.php:332]
Thu, 30 Jan 2025 18:50:57 -0500 [24.173.132.66] [/home/u991737198/domains/tas2023.online/public_html/tmp/3hn69l4qoa804.3g8shy2588w00.php:332] Base->{closure}()
Thu, 30 Jan 2025 18:50:57 -0500 [24.173.132.66] [/home/u991737198/domains/tas2023.online/public_html/lib/base.php:3036] require('/home/u991737198/domains/tas2023.online/public_html/tmp/3hn69l4qoa804.3g8shy2588w00.php')
Thu, 30 Jan 2025 18:50:57 -0500 [24.173.132.66] [/home/u991737198/domains/tas2023.online/public_html/lib/base.php:3281] View->sandbox()
Thu, 30 Jan 2025 18:50:57 -0500 [24.173.132.66] [/home/u991737198/domains/tas2023.online/public_html/tmp/3hn69l4qoa804.3h31n1yj254w8.php:7] Preview->render()
Thu, 30 Jan 2025 18:50:57 -0500 [24.173.132.66] [/home/u991737198/domains/tas2023.online/public_html/lib/base.php:3036] require('/home/u991737198/domains/tas2023.online/public_html/tmp/3hn69l4qoa804.3h31n1yj254w8.php')
Thu, 30 Jan 2025 18:50:57 -0500 [24.173.132.66] [/home/u991737198/domains/tas2023.online/public_html/lib/base.php:3281] View->sandbox()
Thu, 30 Jan 2025 18:50:57 -0500 [24.173.132.66] [/home/u991737198/domains/tas2023.online/public_html/app/controllers/Controller.php:87] Preview->render()
Thu, 30 Jan 2025 18:50:57 -0500 [24.173.132.66] [/home/u991737198/domains/tas2023.online/public_html/lib/base.php:2078] Controller->afterroute()
Thu, 30 Jan 2025 18:50:57 -0500 [24.173.132.66] [/home/u991737198/domains/tas2023.online/public_html/lib/base.php:1871] Base->call()
Thu, 30 Jan 2025 18:50:57 -0500 [24.173.132.66] [/home/u991737198/domains/tas2023.online/public_html/index.php:19] Base->run()
Thu, 30 Jan 2025 18:51:03 -0500 [24.173.132.66] 500: Undefined variable $selected_note trace: [/home/u991737198/domains/tas2023.online/public_html/tmp/3hn69l4qoa804.3g8shy2588w00.php:332]
Thu, 30 Jan 2025 18:51:03 -0500 [24.173.132.66] [/home/u991737198/domains/tas2023.online/public_html/tmp/3hn69l4qoa804.3g8shy2588w00.php:332] Base->{closure}()
Thu, 30 Jan 2025 18:51:03 -0500 [24.173.132.66] [/home/u991737198/domains/tas2023.online/public_html/lib/base.php:3036] require('/home/u991737198/domains/tas2023.online/public_html/tmp/3hn69l4qoa804.3g8shy2588w00.php')
Thu, 30 Jan 2025 18:51:03 -0500 [24.173.132.66] [/home/u991737198/domains/tas2023.online/public_html/lib/base.php:3281] View->sandbox()
Thu, 30 Jan 2025 18:51:03 -0500 [24.173.132.66] [/home/u991737198/domains/tas2023.online/public_html/tmp/3hn69l4qoa804.3h31n1yj254w8.php:7] Preview->render()
Thu, 30 Jan 2025 18:51:03 -0500 [24.173.132.66] [/home/u991737198/domains/tas2023.online/public_html/lib/base.php:3036] require('/home/u991737198/domains/tas2023.online/public_html/tmp/3hn69l4qoa804.3h31n1yj254w8.php')
Thu, 30 Jan 2025 18:51:03 -0500 [24.173.132.66] [/home/u991737198/domains/tas2023.online/public_html/lib/base.php:3281] View->sandbox()
Thu, 30 Jan 2025 18:51:03 -0500 [24.173.132.66] [/home/u991737198/domains/tas2023.online/public_html/app/controllers/Controller.php:87] Preview->render()
Thu, 30 Jan 2025 18:51:03 -0500 [24.173.132.66] [/home/u991737198/domains/tas2023.online/public_html/lib/base.php:2078] Controller->afterroute()
Thu, 30 Jan 2025 18:51:03 -0500 [24.173.132.66] [/home/u991737198/domains/tas2023.online/public_html/lib/base.php:1871] Base->call()
Thu, 30 Jan 2025 18:51:03 -0500 [24.173.132.66] [/home/u991737198/domains/tas2023.online/public_html/index.php:19] Base->run()
Thu, 30 Jan 2025 18:51:05 -0500 [24.173.132.66] 500: Undefined variable $selected_note trace: [/home/u991737198/domains/tas2023.online/public_html/tmp/3hn69l4qoa804.3g8shy2588w00.php:332]
Thu, 30 Jan 2025 18:51:05 -0500 [24.173.132.66] [/home/u991737198/domains/tas2023.online/public_html/tmp/3hn69l4qoa804.3g8shy2588w00.php:332] Base->{closure}()
Thu, 30 Jan 2025 18:51:05 -0500 [24.173.132.66] [/home/u991737198/domains/tas2023.online/public_html/lib/base.php:3036] require('/home/u991737198/domains/tas2023.online/public_html/tmp/3hn69l4qoa804.3g8shy2588w00.php')
Thu, 30 Jan 2025 18:51:05 -0500 [24.173.132.66] [/home/u991737198/domains/tas2023.online/public_html/lib/base.php:3281] View->sandbox()
Thu, 30 Jan 2025 18:51:05 -0500 [24.173.132.66] [/home/u991737198/domains/tas2023.online/public_html/tmp/3hn69l4qoa804.3h31n1yj254w8.php:7] Preview->render()
Thu, 30 Jan 2025 18:51:05 -0500 [24.173.132.66] [/home/u991737198/domains/tas2023.online/public_html/lib/base.php:3036] require('/home/u991737198/domains/tas2023.online/public_html/tmp/3hn69l4qoa804.3h31n1yj254w8.php')
Thu, 30 Jan 2025 18:51:05 -0500 [24.173.132.66] [/home/u991737198/domains/tas2023.online/public_html/lib/base.php:3281] View->sandbox()
Thu, 30 Jan 2025 18:51:05 -0500 [24.173.132.66] [/home/u991737198/domains/tas2023.online/public_html/app/controllers/Controller.php:87] Preview->render()
Thu, 30 Jan 2025 18:51:05 -0500 [24.173.132.66] [/home/u991737198/domains/tas2023.online/public_html/lib/base.php:2078] Controller->afterroute()
Thu, 30 Jan 2025 18:51:05 -0500 [24.173.132.66] [/home/u991737198/domains/tas2023.online/public_html/lib/base.php:1871] Base->call()
Thu, 30 Jan 2025 18:51:05 -0500 [24.173.132.66] [/home/u991737198/domains/tas2023.online/public_html/index.php:19] Base->run()
Thu, 30 Jan 2025 18:52:49 -0500 [24.173.132.66] 500: Undefined variable $selected_note trace: [/home/u991737198/domains/tas2023.online/public_html/tmp/3hn69l4qoa804.3g8shy2588w00.php:332]
Thu, 30 Jan 2025 18:52:49 -0500 [24.173.132.66] [/home/u991737198/domains/tas2023.online/public_html/tmp/3hn69l4qoa804.3g8shy2588w00.php:332] Base->{closure}()
Thu, 30 Jan 2025 18:52:49 -0500 [24.173.132.66] [/home/u991737198/domains/tas2023.online/public_html/lib/base.php:3036] require('/home/u991737198/domains/tas2023.online/public_html/tmp/3hn69l4qoa804.3g8shy2588w00.php')
Thu, 30 Jan 2025 18:52:49 -0500 [24.173.132.66] [/home/u991737198/domains/tas2023.online/public_html/lib/base.php:3281] View->sandbox()
Thu, 30 Jan 2025 18:52:49 -0500 [24.173.132.66] [/home/u991737198/domains/tas2023.online/public_html/tmp/3hn69l4qoa804.3h31n1yj254w8.php:7] Preview->render()
Thu, 30 Jan 2025 18:52:49 -0500 [24.173.132.66] [/home/u991737198/domains/tas2023.online/public_html/lib/base.php:3036] require('/home/u991737198/domains/tas2023.online/public_html/tmp/3hn69l4qoa804.3h31n1yj254w8.php')
Thu, 30 Jan 2025 18:52:49 -0500 [24.173.132.66] [/home/u991737198/domains/tas2023.online/public_html/lib/base.php:3281] View->sandbox()
Thu, 30 Jan 2025 18:52:49 -0500 [24.173.132.66] [/home/u991737198/domains/tas2023.online/public_html/app/controllers/Controller.php:87] Preview->render()
Thu, 30 Jan 2025 18:52:49 -0500 [24.173.132.66] [/home/u991737198/domains/tas2023.online/public_html/lib/base.php:2078] Controller->afterroute()
Thu, 30 Jan 2025 18:52:49 -0500 [24.173.132.66] [/home/u991737198/domains/tas2023.online/public_html/lib/base.php:1871] Base->call()
Thu, 30 Jan 2025 18:52:49 -0500 [24.173.132.66] [/home/u991737198/domains/tas2023.online/public_html/index.php:19] Base->run()
Thu, 30 Jan 2025 18:55:12 -0500 [24.173.132.66] 500: Undefined variable $selected_note trace: [/home/u991737198/domains/tas2023.online/public_html/tmp/3hn69l4qoa804.3g8shy2588w00.php:332]
Thu, 30 Jan 2025 18:55:12 -0500 [24.173.132.66] [/home/u991737198/domains/tas2023.online/public_html/tmp/3hn69l4qoa804.3g8shy2588w00.php:332] Base->{closure}()
Thu, 30 Jan 2025 18:55:12 -0500 [24.173.132.66] [/home/u991737198/domains/tas2023.online/public_html/lib/base.php:3036] require('/home/u991737198/domains/tas2023.online/public_html/tmp/3hn69l4qoa804.3g8shy2588w00.php')
Thu, 30 Jan 2025 18:55:12 -0500 [24.173.132.66] [/home/u991737198/domains/tas2023.online/public_html/lib/base.php:3281] View->sandbox()
Thu, 30 Jan 2025 18:55:12 -0500 [24.173.132.66] [/home/u991737198/domains/tas2023.online/public_html/tmp/3hn69l4qoa804.3h31n1yj254w8.php:7] Preview->render()
Thu, 30 Jan 2025 18:55:12 -0500 [24.173.132.66] [/home/u991737198/domains/tas2023.online/public_html/lib/base.php:3036] require('/home/u991737198/domains/tas2023.online/public_html/tmp/3hn69l4qoa804.3h31n1yj254w8.php')
Thu, 30 Jan 2025 18:55:12 -0500 [24.173.132.66] [/home/u991737198/domains/tas2023.online/public_html/lib/base.php:3281] View->sandbox()
Thu, 30 Jan 2025 18:55:12 -0500 [24.173.132.66] [/home/u991737198/domains/tas2023.online/public_html/app/controllers/Controller.php:87] Preview->render()
Thu, 30 Jan 2025 18:55:12 -0500 [24.173.132.66] [/home/u991737198/domains/tas2023.online/public_html/lib/base.php:2078] Controller->afterroute()
Thu, 30 Jan 2025 18:55:12 -0500 [24.173.132.66] [/home/u991737198/domains/tas2023.online/public_html/lib/base.php:1871] Base->call()
Thu, 30 Jan 2025 18:55:12 -0500 [24.173.132.66] [/home/u991737198/domains/tas2023.online/public_html/index.php:19] Base->run()
Thu, 30 Jan 2025 18:55:17 -0500 [24.173.132.66] 500: Undefined variable $selected_note trace: [/home/u991737198/domains/tas2023.online/public_html/tmp/3hn69l4qoa804.3g8shy2588w00.php:332]
Thu, 30 Jan 2025 18:55:17 -0500 [24.173.132.66] [/home/u991737198/domains/tas2023.online/public_html/tmp/3hn69l4qoa804.3g8shy2588w00.php:332] Base->{closure}()
Thu, 30 Jan 2025 18:55:17 -0500 [24.173.132.66] [/home/u991737198/domains/tas2023.online/public_html/lib/base.php:3036] require('/home/u991737198/domains/tas2023.online/public_html/tmp/3hn69l4qoa804.3g8shy2588w00.php')
Thu, 30 Jan 2025 18:55:17 -0500 [24.173.132.66] [/home/u991737198/domains/tas2023.online/public_html/lib/base.php:3281] View->sandbox()
Thu, 30 Jan 2025 18:55:17 -0500 [24.173.132.66] [/home/u991737198/domains/tas2023.online/public_html/tmp/3hn69l4qoa804.3h31n1yj254w8.php:7] Preview->render()
Thu, 30 Jan 2025 18:55:17 -0500 [24.173.132.66] [/home/u991737198/domains/tas2023.online/public_html/lib/base.php:3036] require('/home/u991737198/domains/tas2023.online/public_html/tmp/3hn69l4qoa804.3h31n1yj254w8.php')
Thu, 30 Jan 2025 18:55:17 -0500 [24.173.132.66] [/home/u991737198/domains/tas2023.online/public_html/lib/base.php:3281] View->sandbox()
Thu, 30 Jan 2025 18:55:17 -0500 [24.173.132.66] [/home/u991737198/domains/tas2023.online/public_html/app/controllers/Controller.php:87] Preview->render()
Thu, 30 Jan 2025 18:55:17 -0500 [24.173.132.66] [/home/u991737198/domains/tas2023.online/public_html/lib/base.php:2078] Controller->afterroute()
Thu, 30 Jan 2025 18:55:17 -0500 [24.173.132.66] [/home/u991737198/domains/tas2023.online/public_html/lib/base.php:1871] Base->call()
Thu, 30 Jan 2025 18:55:17 -0500 [24.173.132.66] [/home/u991737198/domains/tas2023.online/public_html/index.php:19] Base->run()
Thu, 30 Jan 2025 19:01:07 -0500 [24.173.132.66] 500: Undefined variable $selected_note trace: [/home/u991737198/domains/tas2023.online/public_html/tmp/3hn69l4qoa804.3g8shy2588w00.php:332]
Thu, 30 Jan 2025 19:01:07 -0500 [24.173.132.66] [/home/u991737198/domains/tas2023.online/public_html/tmp/3hn69l4qoa804.3g8shy2588w00.php:332] Base->{closure}()
Thu, 30 Jan 2025 19:01:07 -0500 [24.173.132.66] [/home/u991737198/domains/tas2023.online/public_html/lib/base.php:3036] require('/home/u991737198/domains/tas2023.online/public_html/tmp/3hn69l4qoa804.3g8shy2588w00.php')
Thu, 30 Jan 2025 19:01:07 -0500 [24.173.132.66] [/home/u991737198/domains/tas2023.online/public_html/lib/base.php:3281] View->sandbox()
Thu, 30 Jan 2025 19:01:07 -0500 [24.173.132.66] [/home/u991737198/domains/tas2023.online/public_html/tmp/3hn69l4qoa804.3h31n1yj254w8.php:7] Preview->render()
Thu, 30 Jan 2025 19:01:07 -0500 [24.173.132.66] [/home/u991737198/domains/tas2023.online/public_html/lib/base.php:3036] require('/home/u991737198/domains/tas2023.online/public_html/tmp/3hn69l4qoa804.3h31n1yj254w8.php')
Thu, 30 Jan 2025 19:01:07 -0500 [24.173.132.66] [/home/u991737198/domains/tas2023.online/public_html/lib/base.php:3281] View->sandbox()
Thu, 30 Jan 2025 19:01:07 -0500 [24.173.132.66] [/home/u991737198/domains/tas2023.online/public_html/app/controllers/Controller.php:87] Preview->render()
Thu, 30 Jan 2025 19:01:07 -0500 [24.173.132.66] [/home/u991737198/domains/tas2023.online/public_html/lib/base.php:2078] Controller->afterroute()
Thu, 30 Jan 2025 19:01:07 -0500 [24.173.132.66] [/home/u991737198/domains/tas2023.online/public_html/lib/base.php:1871] Base->call()
Thu, 30 Jan 2025 19:01:07 -0500 [24.173.132.66] [/home/u991737198/domains/tas2023.online/public_html/index.php:19] Base->run()
Thu, 30 Jan 2025 19:01:18 -0500 [24.173.132.66] 500: Undefined variable $selected_note trace: [/home/u991737198/domains/tas2023.online/public_html/tmp/3hn69l4qoa804.3g8shy2588w00.php:332]
Thu, 30 Jan 2025 19:01:18 -0500 [24.173.132.66] [/home/u991737198/domains/tas2023.online/public_html/tmp/3hn69l4qoa804.3g8shy2588w00.php:332] Base->{closure}()
Thu, 30 Jan 2025 19:01:18 -0500 [24.173.132.66] [/home/u991737198/domains/tas2023.online/public_html/lib/base.php:3036] require('/home/u991737198/domains/tas2023.online/public_html/tmp/3hn69l4qoa804.3g8shy2588w00.php')
Thu, 30 Jan 2025 19:01:18 -0500 [24.173.132.66] [/home/u991737198/domains/tas2023.online/public_html/lib/base.php:3281] View->sandbox()
Thu, 30 Jan 2025 19:01:18 -0500 [24.173.132.66] [/home/u991737198/domains/tas2023.online/public_html/tmp/3hn69l4qoa804.3h31n1yj254w8.php:7] Preview->render()
Thu, 30 Jan 2025 19:01:18 -0500 [24.173.132.66] [/home/u991737198/domains/tas2023.online/public_html/lib/base.php:3036] require('/home/u991737198/domains/tas2023.online/public_html/tmp/3hn69l4qoa804.3h31n1yj254w8.php')
Thu, 30 Jan 2025 19:01:18 -0500 [24.173.132.66] [/home/u991737198/domains/tas2023.online/public_html/lib/base.php:3281] View->sandbox()
Thu, 30 Jan 2025 19:01:18 -0500 [24.173.132.66] [/home/u991737198/domains/tas2023.online/public_html/app/controllers/Controller.php:87] Preview->render()
Thu, 30 Jan 2025 19:01:18 -0500 [24.173.132.66] [/home/u991737198/domains/tas2023.online/public_html/lib/base.php:2078] Controller->afterroute()
Thu, 30 Jan 2025 19:01:18 -0500 [24.173.132.66] [/home/u991737198/domains/tas2023.online/public_html/lib/base.php:1871] Base->call()
Thu, 30 Jan 2025 19:01:18 -0500 [24.173.132.66] [/home/u991737198/domains/tas2023.online/public_html/index.php:19] Base->run()
Thu, 30 Jan 2025 19:01:25 -0500 [24.173.132.66] 500: Undefined variable $selected_note trace: [/home/u991737198/domains/tas2023.online/public_html/tmp/3hn69l4qoa804.3g8shy2588w00.php:332]
Thu, 30 Jan 2025 19:01:25 -0500 [24.173.132.66] [/home/u991737198/domains/tas2023.online/public_html/tmp/3hn69l4qoa804.3g8shy2588w00.php:332] Base->{closure}()
Thu, 30 Jan 2025 19:01:25 -0500 [24.173.132.66] [/home/u991737198/domains/tas2023.online/public_html/lib/base.php:3036] require('/home/u991737198/domains/tas2023.online/public_html/tmp/3hn69l4qoa804.3g8shy2588w00.php')
Thu, 30 Jan 2025 19:01:25 -0500 [24.173.132.66] [/home/u991737198/domains/tas2023.online/public_html/lib/base.php:3281] View->sandbox()
Thu, 30 Jan 2025 19:01:25 -0500 [24.173.132.66] [/home/u991737198/domains/tas2023.online/public_html/tmp/3hn69l4qoa804.3h31n1yj254w8.php:7] Preview->render()
Thu, 30 Jan 2025 19:01:25 -0500 [24.173.132.66] [/home/u991737198/domains/tas2023.online/public_html/lib/base.php:3036] require('/home/u991737198/domains/tas2023.online/public_html/tmp/3hn69l4qoa804.3h31n1yj254w8.php')
Thu, 30 Jan 2025 19:01:25 -0500 [24.173.132.66] [/home/u991737198/domains/tas2023.online/public_html/lib/base.php:3281] View->sandbox()
Thu, 30 Jan 2025 19:01:25 -0500 [24.173.132.66] [/home/u991737198/domains/tas2023.online/public_html/app/controllers/Controller.php:87] Preview->render()
Thu, 30 Jan 2025 19:01:25 -0500 [24.173.132.66] [/home/u991737198/domains/tas2023.online/public_html/lib/base.php:2078] Controller->afterroute()
Thu, 30 Jan 2025 19:01:25 -0500 [24.173.132.66] [/home/u991737198/domains/tas2023.online/public_html/lib/base.php:1871] Base->call()
Thu, 30 Jan 2025 19:01:25 -0500 [24.173.132.66] [/home/u991737198/domains/tas2023.online/public_html/index.php:19] Base->run()
Thu, 30 Jan 2025 19:01:30 -0500 [24.173.132.66] 500: Undefined variable $selected_note trace: [/home/u991737198/domains/tas2023.online/public_html/tmp/3hn69l4qoa804.3g8shy2588w00.php:332]
Thu, 30 Jan 2025 19:01:30 -0500 [24.173.132.66] [/home/u991737198/domains/tas2023.online/public_html/tmp/3hn69l4qoa804.3g8shy2588w00.php:332] Base->{closure}()
Thu, 30 Jan 2025 19:01:30 -0500 [24.173.132.66] [/home/u991737198/domains/tas2023.online/public_html/lib/base.php:3036] require('/home/u991737198/domains/tas2023.online/public_html/tmp/3hn69l4qoa804.3g8shy2588w00.php')
Thu, 30 Jan 2025 19:01:30 -0500 [24.173.132.66] [/home/u991737198/domains/tas2023.online/public_html/lib/base.php:3281] View->sandbox()
Thu, 30 Jan 2025 19:01:30 -0500 [24.173.132.66] [/home/u991737198/domains/tas2023.online/public_html/tmp/3hn69l4qoa804.3h31n1yj254w8.php:7] Preview->render()
Thu, 30 Jan 2025 19:01:30 -0500 [24.173.132.66] [/home/u991737198/domains/tas2023.online/public_html/lib/base.php:3036] require('/home/u991737198/domains/tas2023.online/public_html/tmp/3hn69l4qoa804.3h31n1yj254w8.php')
Thu, 30 Jan 2025 19:01:30 -0500 [24.173.132.66] [/home/u991737198/domains/tas2023.online/public_html/lib/base.php:3281] View->sandbox()
Thu, 30 Jan 2025 19:01:30 -0500 [24.173.132.66] [/home/u991737198/domains/tas2023.online/public_html/app/controllers/Controller.php:87] Preview->render()
Thu, 30 Jan 2025 19:01:30 -0500 [24.173.132.66] [/home/u991737198/domains/tas2023.online/public_html/lib/base.php:2078] Controller->afterroute()
Thu, 30 Jan 2025 19:01:30 -0500 [24.173.132.66] [/home/u991737198/domains/tas2023.online/public_html/lib/base.php:1871] Base->call()
Thu, 30 Jan 2025 19:01:30 -0500 [24.173.132.66] [/home/u991737198/domains/tas2023.online/public_html/index.php:19] Base->run()
Thu, 30 Jan 2025 19:01:31 -0500 [24.173.132.66] 500: Undefined variable $selected_note trace: [/home/u991737198/domains/tas2023.online/public_html/tmp/3hn69l4qoa804.3g8shy2588w00.php:332]
Thu, 30 Jan 2025 19:01:31 -0500 [24.173.132.66] [/home/u991737198/domains/tas2023.online/public_html/tmp/3hn69l4qoa804.3g8shy2588w00.php:332] Base->{closure}()
Thu, 30 Jan 2025 19:01:31 -0500 [24.173.132.66] [/home/u991737198/domains/tas2023.online/public_html/lib/base.php:3036] require('/home/u991737198/domains/tas2023.online/public_html/tmp/3hn69l4qoa804.3g8shy2588w00.php')
Thu, 30 Jan 2025 19:01:31 -0500 [24.173.132.66] [/home/u991737198/domains/tas2023.online/public_html/lib/base.php:3281] View->sandbox()
Thu, 30 Jan 2025 19:01:31 -0500 [24.173.132.66] [/home/u991737198/domains/tas2023.online/public_html/tmp/3hn69l4qoa804.3h31n1yj254w8.php:7] Preview->render()
Thu, 30 Jan 2025 19:01:31 -0500 [24.173.132.66] [/home/u991737198/domains/tas2023.online/public_html/lib/base.php:3036] require('/home/u991737198/domains/tas2023.online/public_html/tmp/3hn69l4qoa804.3h31n1yj254w8.php')
Thu, 30 Jan 2025 19:01:31 -0500 [24.173.132.66] [/home/u991737198/domains/tas2023.online/public_html/lib/base.php:3281] View->sandbox()
Thu, 30 Jan 2025 19:01:31 -0500 [24.173.132.66] [/home/u991737198/domains/tas2023.online/public_html/app/controllers/Controller.php:87] Preview->render()
Thu, 30 Jan 2025 19:01:31 -0500 [24.173.132.66] [/home/u991737198/domains/tas2023.online/public_html/lib/base.php:2078] Controller->afterroute()
Thu, 30 Jan 2025 19:01:31 -0500 [24.173.132.66] [/home/u991737198/domains/tas2023.online/public_html/lib/base.php:1871] Base->call()
Thu, 30 Jan 2025 19:01:31 -0500 [24.173.132.66] [/home/u991737198/domains/tas2023.online/public_html/index.php:19] Base->run()
Thu, 30 Jan 2025 19:01:33 -0500 [24.173.132.66] 500: Undefined variable $selected_note trace: [/home/u991737198/domains/tas2023.online/public_html/tmp/3hn69l4qoa804.3g8shy2588w00.php:332]
Thu, 30 Jan 2025 19:01:33 -0500 [24.173.132.66] [/home/u991737198/domains/tas2023.online/public_html/tmp/3hn69l4qoa804.3g8shy2588w00.php:332] Base->{closure}()
Thu, 30 Jan 2025 19:01:33 -0500 [24.173.132.66] [/home/u991737198/domains/tas2023.online/public_html/lib/base.php:3036] require('/home/u991737198/domains/tas2023.online/public_html/tmp/3hn69l4qoa804.3g8shy2588w00.php')
Thu, 30 Jan 2025 19:01:33 -0500 [24.173.132.66] [/home/u991737198/domains/tas2023.online/public_html/lib/base.php:3281] View->sandbox()
Thu, 30 Jan 2025 19:01:33 -0500 [24.173.132.66] [/home/u991737198/domains/tas2023.online/public_html/tmp/3hn69l4qoa804.3h31n1yj254w8.php:7] Preview->render()
Thu, 30 Jan 2025 19:01:33 -0500 [24.173.132.66] [/home/u991737198/domains/tas2023.online/public_html/lib/base.php:3036] require('/home/u991737198/domains/tas2023.online/public_html/tmp/3hn69l4qoa804.3h31n1yj254w8.php')
Thu, 30 Jan 2025 19:01:33 -0500 [24.173.132.66] [/home/u991737198/domains/tas2023.online/public_html/lib/base.php:3281] View->sandbox()
Thu, 30 Jan 2025 19:01:33 -0500 [24.173.132.66] [/home/u991737198/domains/tas2023.online/public_html/app/controllers/Controller.php:87] Preview->render()
Thu, 30 Jan 2025 19:01:33 -0500 [24.173.132.66] [/home/u991737198/domains/tas2023.online/public_html/lib/base.php:2078] Controller->afterroute()
Thu, 30 Jan 2025 19:01:33 -0500 [24.173.132.66] [/home/u991737198/domains/tas2023.online/public_html/lib/base.php:1871] Base->call()
Thu, 30 Jan 2025 19:01:33 -0500 [24.173.132.66] [/home/u991737198/domains/tas2023.online/public_html/index.php:19] Base->run()
Thu, 30 Jan 2025 19:01:35 -0500 [24.173.132.66] 500: Undefined variable $selected_note trace: [/home/u991737198/domains/tas2023.online/public_html/tmp/3hn69l4qoa804.3g8shy2588w00.php:332]
Thu, 30 Jan 2025 19:01:35 -0500 [24.173.132.66] [/home/u991737198/domains/tas2023.online/public_html/tmp/3hn69l4qoa804.3g8shy2588w00.php:332] Base->{closure}()
Thu, 30 Jan 2025 19:01:35 -0500 [24.173.132.66] [/home/u991737198/domains/tas2023.online/public_html/lib/base.php:3036] require('/home/u991737198/domains/tas2023.online/public_html/tmp/3hn69l4qoa804.3g8shy2588w00.php')
Thu, 30 Jan 2025 19:01:35 -0500 [24.173.132.66] [/home/u991737198/domains/tas2023.online/public_html/lib/base.php:3281] View->sandbox()
Thu, 30 Jan 2025 19:01:35 -0500 [24.173.132.66] [/home/u991737198/domains/tas2023.online/public_html/tmp/3hn69l4qoa804.3h31n1yj254w8.php:7] Preview->render()
Thu, 30 Jan 2025 19:01:35 -0500 [24.173.132.66] [/home/u991737198/domains/tas2023.online/public_html/lib/base.php:3036] require('/home/u991737198/domains/tas2023.online/public_html/tmp/3hn69l4qoa804.3h31n1yj254w8.php')
Thu, 30 Jan 2025 19:01:35 -0500 [24.173.132.66] [/home/u991737198/domains/tas2023.online/public_html/lib/base.php:3281] View->sandbox()
Thu, 30 Jan 2025 19:01:35 -0500 [24.173.132.66] [/home/u991737198/domains/tas2023.online/public_html/app/controllers/Controller.php:87] Preview->render()
Thu, 30 Jan 2025 19:01:35 -0500 [24.173.132.66] [/home/u991737198/domains/tas2023.online/public_html/lib/base.php:2078] Controller->afterroute()
Thu, 30 Jan 2025 19:01:35 -0500 [24.173.132.66] [/home/u991737198/domains/tas2023.online/public_html/lib/base.php:1871] Base->call()
Thu, 30 Jan 2025 19:01:35 -0500 [24.173.132.66] [/home/u991737198/domains/tas2023.online/public_html/index.php:19] Base->run()
Thu, 30 Jan 2025 19:01:36 -0500 [24.173.132.66] 500: Undefined variable $selected_note trace: [/home/u991737198/domains/tas2023.online/public_html/tmp/3hn69l4qoa804.3g8shy2588w00.php:332]
Thu, 30 Jan 2025 19:01:36 -0500 [24.173.132.66] [/home/u991737198/domains/tas2023.online/public_html/tmp/3hn69l4qoa804.3g8shy2588w00.php:332] Base->{closure}()
Thu, 30 Jan 2025 19:01:36 -0500 [24.173.132.66] [/home/u991737198/domains/tas2023.online/public_html/lib/base.php:3036] require('/home/u991737198/domains/tas2023.online/public_html/tmp/3hn69l4qoa804.3g8shy2588w00.php')
Thu, 30 Jan 2025 19:01:36 -0500 [24.173.132.66] [/home/u991737198/domains/tas2023.online/public_html/lib/base.php:3281] View->sandbox()
Thu, 30 Jan 2025 19:01:36 -0500 [24.173.132.66] [/home/u991737198/domains/tas2023.online/public_html/tmp/3hn69l4qoa804.3h31n1yj254w8.php:7] Preview->render()
Thu, 30 Jan 2025 19:01:36 -0500 [24.173.132.66] [/home/u991737198/domains/tas2023.online/public_html/lib/base.php:3036] require('/home/u991737198/domains/tas2023.online/public_html/tmp/3hn69l4qoa804.3h31n1yj254w8.php')
Thu, 30 Jan 2025 19:01:36 -0500 [24.173.132.66] [/home/u991737198/domains/tas2023.online/public_html/lib/base.php:3281] View->sandbox()
Thu, 30 Jan 2025 19:01:36 -0500 [24.173.132.66] [/home/u991737198/domains/tas2023.online/public_html/app/controllers/Controller.php:87] Preview->render()
Thu, 30 Jan 2025 19:01:36 -0500 [24.173.132.66] [/home/u991737198/domains/tas2023.online/public_html/lib/base.php:2078] Controller->afterroute()
Thu, 30 Jan 2025 19:01:36 -0500 [24.173.132.66] [/home/u991737198/domains/tas2023.online/public_html/lib/base.php:1871] Base->call()
Thu, 30 Jan 2025 19:01:36 -0500 [24.173.132.66] [/home/u991737198/domains/tas2023.online/public_html/index.php:19] Base->run()
Thu, 30 Jan 2025 19:01:50 -0500 [24.173.132.66] 500: Undefined variable $selected_note trace: [/home/u991737198/domains/tas2023.online/public_html/tmp/3hn69l4qoa804.3g8shy2588w00.php:332]
Thu, 30 Jan 2025 19:01:50 -0500 [24.173.132.66] [/home/u991737198/domains/tas2023.online/public_html/tmp/3hn69l4qoa804.3g8shy2588w00.php:332] Base->{closure}()
Thu, 30 Jan 2025 19:01:50 -0500 [24.173.132.66] [/home/u991737198/domains/tas2023.online/public_html/lib/base.php:3036] require('/home/u991737198/domains/tas2023.online/public_html/tmp/3hn69l4qoa804.3g8shy2588w00.php')
Thu, 30 Jan 2025 19:01:50 -0500 [24.173.132.66] [/home/u991737198/domains/tas2023.online/public_html/lib/base.php:3281] View->sandbox()
Thu, 30 Jan 2025 19:01:50 -0500 [24.173.132.66] [/home/u991737198/domains/tas2023.online/public_html/tmp/3hn69l4qoa804.3h31n1yj254w8.php:7] Preview->render()
Thu, 30 Jan 2025 19:01:50 -0500 [24.173.132.66] [/home/u991737198/domains/tas2023.online/public_html/lib/base.php:3036] require('/home/u991737198/domains/tas2023.online/public_html/tmp/3hn69l4qoa804.3h31n1yj254w8.php')
Thu, 30 Jan 2025 19:01:50 -0500 [24.173.132.66] [/home/u991737198/domains/tas2023.online/public_html/lib/base.php:3281] View->sandbox()
Thu, 30 Jan 2025 19:01:50 -0500 [24.173.132.66] [/home/u991737198/domains/tas2023.online/public_html/app/controllers/Controller.php:87] Preview->render()
Thu, 30 Jan 2025 19:01:50 -0500 [24.173.132.66] [/home/u991737198/domains/tas2023.online/public_html/lib/base.php:2078] Controller->afterroute()
Thu, 30 Jan 2025 19:01:50 -0500 [24.173.132.66] [/home/u991737198/domains/tas2023.online/public_html/lib/base.php:1871] Base->call()
Thu, 30 Jan 2025 19:01:50 -0500 [24.173.132.66] [/home/u991737198/domains/tas2023.online/public_html/index.php:19] Base->run()
Thu, 30 Jan 2025 19:02:00 -0500 [24.173.132.66] 500: Undefined variable $selected_note trace: [/home/u991737198/domains/tas2023.online/public_html/tmp/3hn69l4qoa804.3g8shy2588w00.php:332]
Thu, 30 Jan 2025 19:02:00 -0500 [24.173.132.66] [/home/u991737198/domains/tas2023.online/public_html/tmp/3hn69l4qoa804.3g8shy2588w00.php:332] Base->{closure}()
Thu, 30 Jan 2025 19:02:00 -0500 [24.173.132.66] [/home/u991737198/domains/tas2023.online/public_html/lib/base.php:3036] require('/home/u991737198/domains/tas2023.online/public_html/tmp/3hn69l4qoa804.3g8shy2588w00.php')
Thu, 30 Jan 2025 19:02:00 -0500 [24.173.132.66] [/home/u991737198/domains/tas2023.online/public_html/lib/base.php:3281] View->sandbox()
Thu, 30 Jan 2025 19:02:00 -0500 [24.173.132.66] [/home/u991737198/domains/tas2023.online/public_html/tmp/3hn69l4qoa804.3h31n1yj254w8.php:7] Preview->render()
Thu, 30 Jan 2025 19:02:00 -0500 [24.173.132.66] [/home/u991737198/domains/tas2023.online/public_html/lib/base.php:3036] require('/home/u991737198/domains/tas2023.online/public_html/tmp/3hn69l4qoa804.3h31n1yj254w8.php')
Thu, 30 Jan 2025 19:02:00 -0500 [24.173.132.66] [/home/u991737198/domains/tas2023.online/public_html/lib/base.php:3281] View->sandbox()
Thu, 30 Jan 2025 19:02:00 -0500 [24.173.132.66] [/home/u991737198/domains/tas2023.online/public_html/app/controllers/Controller.php:87] Preview->render()
Thu, 30 Jan 2025 19:02:00 -0500 [24.173.132.66] [/home/u991737198/domains/tas2023.online/public_html/lib/base.php:2078] Controller->afterroute()
Thu, 30 Jan 2025 19:02:00 -0500 [24.173.132.66] [/home/u991737198/domains/tas2023.online/public_html/lib/base.php:1871] Base->call()
Thu, 30 Jan 2025 19:02:00 -0500 [24.173.132.66] [/home/u991737198/domains/tas2023.online/public_html/index.php:19] Base->run()
Thu, 30 Jan 2025 19:04:10 -0500 [24.173.132.66] 500: Undefined variable $selected_note trace: [/home/u991737198/domains/tas2023.online/public_html/tmp/3hn69l4qoa804.3g8shy2588w00.php:332]
Thu, 30 Jan 2025 19:04:10 -0500 [24.173.132.66] [/home/u991737198/domains/tas2023.online/public_html/tmp/3hn69l4qoa804.3g8shy2588w00.php:332] Base->{closure}()
Thu, 30 Jan 2025 19:04:10 -0500 [24.173.132.66] [/home/u991737198/domains/tas2023.online/public_html/lib/base.php:3036] require('/home/u991737198/domains/tas2023.online/public_html/tmp/3hn69l4qoa804.3g8shy2588w00.php')
Thu, 30 Jan 2025 19:04:10 -0500 [24.173.132.66] [/home/u991737198/domains/tas2023.online/public_html/lib/base.php:3281] View->sandbox()
Thu, 30 Jan 2025 19:04:10 -0500 [24.173.132.66] [/home/u991737198/domains/tas2023.online/public_html/tmp/3hn69l4qoa804.3h31n1yj254w8.php:7] Preview->render()
Thu, 30 Jan 2025 19:04:10 -0500 [24.173.132.66] [/home/u991737198/domains/tas2023.online/public_html/lib/base.php:3036] require('/home/u991737198/domains/tas2023.online/public_html/tmp/3hn69l4qoa804.3h31n1yj254w8.php')
Thu, 30 Jan 2025 19:04:10 -0500 [24.173.132.66] [/home/u991737198/domains/tas2023.online/public_html/lib/base.php:3281] View->sandbox()
Thu, 30 Jan 2025 19:04:10 -0500 [24.173.132.66] [/home/u991737198/domains/tas2023.online/public_html/app/controllers/Controller.php:87] Preview->render()
Thu, 30 Jan 2025 19:04:10 -0500 [24.173.132.66] [/home/u991737198/domains/tas2023.online/public_html/lib/base.php:2078] Controller->afterroute()
Thu, 30 Jan 2025 19:04:10 -0500 [24.173.132.66] [/home/u991737198/domains/tas2023.online/public_html/lib/base.php:1871] Base->call()
Thu, 30 Jan 2025 19:04:10 -0500 [24.173.132.66] [/home/u991737198/domains/tas2023.online/public_html/index.php:19] Base->run()
Thu, 30 Jan 2025 19:04:18 -0500 [24.173.132.66] 500: Undefined variable $selected_note trace: [/home/u991737198/domains/tas2023.online/public_html/tmp/3hn69l4qoa804.3g8shy2588w00.php:332]
Thu, 30 Jan 2025 19:04:18 -0500 [24.173.132.66] [/home/u991737198/domains/tas2023.online/public_html/tmp/3hn69l4qoa804.3g8shy2588w00.php:332] Base->{closure}()
Thu, 30 Jan 2025 19:04:18 -0500 [24.173.132.66] [/home/u991737198/domains/tas2023.online/public_html/lib/base.php:3036] require('/home/u991737198/domains/tas2023.online/public_html/tmp/3hn69l4qoa804.3g8shy2588w00.php')
Thu, 30 Jan 2025 19:04:18 -0500 [24.173.132.66] [/home/u991737198/domains/tas2023.online/public_html/lib/base.php:3281] View->sandbox()
Thu, 30 Jan 2025 19:04:18 -0500 [24.173.132.66] [/home/u991737198/domains/tas2023.online/public_html/tmp/3hn69l4qoa804.3h31n1yj254w8.php:7] Preview->render()
Thu, 30 Jan 2025 19:04:18 -0500 [24.173.132.66] [/home/u991737198/domains/tas2023.online/public_html/lib/base.php:3036] require('/home/u991737198/domains/tas2023.online/public_html/tmp/3hn69l4qoa804.3h31n1yj254w8.php')
Thu, 30 Jan 2025 19:04:18 -0500 [24.173.132.66] [/home/u991737198/domains/tas2023.online/public_html/lib/base.php:3281] View->sandbox()
Thu, 30 Jan 2025 19:04:18 -0500 [24.173.132.66] [/home/u991737198/domains/tas2023.online/public_html/app/controllers/Controller.php:87] Preview->render()
Thu, 30 Jan 2025 19:04:18 -0500 [24.173.132.66] [/home/u991737198/domains/tas2023.online/public_html/lib/base.php:2078] Controller->afterroute()
Thu, 30 Jan 2025 19:04:18 -0500 [24.173.132.66] [/home/u991737198/domains/tas2023.online/public_html/lib/base.php:1871] Base->call()
Thu, 30 Jan 2025 19:04:18 -0500 [24.173.132.66] [/home/u991737198/domains/tas2023.online/public_html/index.php:19] Base->run()
Thu, 30 Jan 2025 19:05:14 -0500 [24.173.132.66] 500: Undefined variable $selected_note trace: [/home/u991737198/domains/tas2023.online/public_html/tmp/3hn69l4qoa804.3g8shy2588w00.php:332]
Thu, 30 Jan 2025 19:05:14 -0500 [24.173.132.66] [/home/u991737198/domains/tas2023.online/public_html/tmp/3hn69l4qoa804.3g8shy2588w00.php:332] Base->{closure}()
Thu, 30 Jan 2025 19:05:14 -0500 [24.173.132.66] [/home/u991737198/domains/tas2023.online/public_html/lib/base.php:3036] require('/home/u991737198/domains/tas2023.online/public_html/tmp/3hn69l4qoa804.3g8shy2588w00.php')
Thu, 30 Jan 2025 19:05:14 -0500 [24.173.132.66] [/home/u991737198/domains/tas2023.online/public_html/lib/base.php:3281] View->sandbox()
Thu, 30 Jan 2025 19:05:14 -0500 [24.173.132.66] [/home/u991737198/domains/tas2023.online/public_html/tmp/3hn69l4qoa804.3h31n1yj254w8.php:7] Preview->render()
Thu, 30 Jan 2025 19:05:14 -0500 [24.173.132.66] [/home/u991737198/domains/tas2023.online/public_html/lib/base.php:3036] require('/home/u991737198/domains/tas2023.online/public_html/tmp/3hn69l4qoa804.3h31n1yj254w8.php')
Thu, 30 Jan 2025 19:05:14 -0500 [24.173.132.66] [/home/u991737198/domains/tas2023.online/public_html/lib/base.php:3281] View->sandbox()
Thu, 30 Jan 2025 19:05:14 -0500 [24.173.132.66] [/home/u991737198/domains/tas2023.online/public_html/app/controllers/Controller.php:87] Preview->render()
Thu, 30 Jan 2025 19:05:14 -0500 [24.173.132.66] [/home/u991737198/domains/tas2023.online/public_html/lib/base.php:2078] Controller->afterroute()
Thu, 30 Jan 2025 19:05:14 -0500 [24.173.132.66] [/home/u991737198/domains/tas2023.online/public_html/lib/base.php:1871] Base->call()
Thu, 30 Jan 2025 19:05:14 -0500 [24.173.132.66] [/home/u991737198/domains/tas2023.online/public_html/index.php:19] Base->run()
Thu, 30 Jan 2025 19:05:27 -0500 [24.173.132.66] 500: Undefined variable $selected_note trace: [/home/u991737198/domains/tas2023.online/public_html/tmp/3hn69l4qoa804.3g8shy2588w00.php:332]
Thu, 30 Jan 2025 19:05:27 -0500 [24.173.132.66] [/home/u991737198/domains/tas2023.online/public_html/tmp/3hn69l4qoa804.3g8shy2588w00.php:332] Base->{closure}()
Thu, 30 Jan 2025 19:05:27 -0500 [24.173.132.66] [/home/u991737198/domains/tas2023.online/public_html/lib/base.php:3036] require('/home/u991737198/domains/tas2023.online/public_html/tmp/3hn69l4qoa804.3g8shy2588w00.php')
Thu, 30 Jan 2025 19:05:27 -0500 [24.173.132.66] [/home/u991737198/domains/tas2023.online/public_html/lib/base.php:3281] View->sandbox()
Thu, 30 Jan 2025 19:05:27 -0500 [24.173.132.66] [/home/u991737198/domains/tas2023.online/public_html/tmp/3hn69l4qoa804.3h31n1yj254w8.php:7] Preview->render()
Thu, 30 Jan 2025 19:05:27 -0500 [24.173.132.66] [/home/u991737198/domains/tas2023.online/public_html/lib/base.php:3036] require('/home/u991737198/domains/tas2023.online/public_html/tmp/3hn69l4qoa804.3h31n1yj254w8.php')
Thu, 30 Jan 2025 19:05:27 -0500 [24.173.132.66] [/home/u991737198/domains/tas2023.online/public_html/lib/base.php:3281] View->sandbox()
Thu, 30 Jan 2025 19:05:27 -0500 [24.173.132.66] [/home/u991737198/domains/tas2023.online/public_html/app/controllers/Controller.php:87] Preview->render()
Thu, 30 Jan 2025 19:05:27 -0500 [24.173.132.66] [/home/u991737198/domains/tas2023.online/public_html/lib/base.php:2078] Controller->afterroute()
Thu, 30 Jan 2025 19:05:27 -0500 [24.173.132.66] [/home/u991737198/domains/tas2023.online/public_html/lib/base.php:1871] Base->call()
Thu, 30 Jan 2025 19:05:27 -0500 [24.173.132.66] [/home/u991737198/domains/tas2023.online/public_html/index.php:19] Base->run()
Thu, 30 Jan 2025 19:05:39 -0500 [24.173.132.66] 500: Undefined variable $selected_note trace: [/home/u991737198/domains/tas2023.online/public_html/tmp/3hn69l4qoa804.3g8shy2588w00.php:332]
Thu, 30 Jan 2025 19:05:39 -0500 [24.173.132.66] [/home/u991737198/domains/tas2023.online/public_html/tmp/3hn69l4qoa804.3g8shy2588w00.php:332] Base->{closure}()
Thu, 30 Jan 2025 19:05:39 -0500 [24.173.132.66] [/home/u991737198/domains/tas2023.online/public_html/lib/base.php:3036] require('/home/u991737198/domains/tas2023.online/public_html/tmp/3hn69l4qoa804.3g8shy2588w00.php')
Thu, 30 Jan 2025 19:05:39 -0500 [24.173.132.66] [/home/u991737198/domains/tas2023.online/public_html/lib/base.php:3281] View->sandbox()
Thu, 30 Jan 2025 19:05:39 -0500 [24.173.132.66] [/home/u991737198/domains/tas2023.online/public_html/tmp/3hn69l4qoa804.3h31n1yj254w8.php:7] Preview->render()
Thu, 30 Jan 2025 19:05:39 -0500 [24.173.132.66] [/home/u991737198/domains/tas2023.online/public_html/lib/base.php:3036] require('/home/u991737198/domains/tas2023.online/public_html/tmp/3hn69l4qoa804.3h31n1yj254w8.php')
Thu, 30 Jan 2025 19:05:39 -0500 [24.173.132.66] [/home/u991737198/domains/tas2023.online/public_html/lib/base.php:3281] View->sandbox()
Thu, 30 Jan 2025 19:05:39 -0500 [24.173.132.66] [/home/u991737198/domains/tas2023.online/public_html/app/controllers/Controller.php:87] Preview->render()
Thu, 30 Jan 2025 19:05:39 -0500 [24.173.132.66] [/home/u991737198/domains/tas2023.online/public_html/lib/base.php:2078] Controller->afterroute()
Thu, 30 Jan 2025 19:05:39 -0500 [24.173.132.66] [/home/u991737198/domains/tas2023.online/public_html/lib/base.php:1871] Base->call()
Thu, 30 Jan 2025 19:05:39 -0500 [24.173.132.66] [/home/u991737198/domains/tas2023.online/public_html/index.php:19] Base->run()
Thu, 30 Jan 2025 19:05:47 -0500 [24.173.132.66] 500: Undefined variable $selected_note trace: [/home/u991737198/domains/tas2023.online/public_html/tmp/3hn69l4qoa804.3g8shy2588w00.php:332]
Thu, 30 Jan 2025 19:05:47 -0500 [24.173.132.66] [/home/u991737198/domains/tas2023.online/public_html/tmp/3hn69l4qoa804.3g8shy2588w00.php:332] Base->{closure}()
Thu, 30 Jan 2025 19:05:47 -0500 [24.173.132.66] [/home/u991737198/domains/tas2023.online/public_html/lib/base.php:3036] require('/home/u991737198/domains/tas2023.online/public_html/tmp/3hn69l4qoa804.3g8shy2588w00.php')
Thu, 30 Jan 2025 19:05:47 -0500 [24.173.132.66] [/home/u991737198/domains/tas2023.online/public_html/lib/base.php:3281] View->sandbox()
Thu, 30 Jan 2025 19:05:47 -0500 [24.173.132.66] [/home/u991737198/domains/tas2023.online/public_html/tmp/3hn69l4qoa804.3h31n1yj254w8.php:7] Preview->render()
Thu, 30 Jan 2025 19:05:47 -0500 [24.173.132.66] [/home/u991737198/domains/tas2023.online/public_html/lib/base.php:3036] require('/home/u991737198/domains/tas2023.online/public_html/tmp/3hn69l4qoa804.3h31n1yj254w8.php')
Thu, 30 Jan 2025 19:05:47 -0500 [24.173.132.66] [/home/u991737198/domains/tas2023.online/public_html/lib/base.php:3281] View->sandbox()
Thu, 30 Jan 2025 19:05:47 -0500 [24.173.132.66] [/home/u991737198/domains/tas2023.online/public_html/app/controllers/Controller.php:87] Preview->render()
Thu, 30 Jan 2025 19:05:47 -0500 [24.173.132.66] [/home/u991737198/domains/tas2023.online/public_html/lib/base.php:2078] Controller->afterroute()
Thu, 30 Jan 2025 19:05:47 -0500 [24.173.132.66] [/home/u991737198/domains/tas2023.online/public_html/lib/base.php:1871] Base->call()
Thu, 30 Jan 2025 19:05:47 -0500 [24.173.132.66] [/home/u991737198/domains/tas2023.online/public_html/index.php:19] Base->run()
Thu, 30 Jan 2025 19:07:41 -0500 [24.173.132.66] 500: Undefined variable $selected_note trace: [/home/u991737198/domains/tas2023.online/public_html/tmp/3hn69l4qoa804.3g8shy2588w00.php:332]
Thu, 30 Jan 2025 19:07:41 -0500 [24.173.132.66] [/home/u991737198/domains/tas2023.online/public_html/tmp/3hn69l4qoa804.3g8shy2588w00.php:332] Base->{closure}()
Thu, 30 Jan 2025 19:07:41 -0500 [24.173.132.66] [/home/u991737198/domains/tas2023.online/public_html/lib/base.php:3036] require('/home/u991737198/domains/tas2023.online/public_html/tmp/3hn69l4qoa804.3g8shy2588w00.php')
Thu, 30 Jan 2025 19:07:41 -0500 [24.173.132.66] [/home/u991737198/domains/tas2023.online/public_html/lib/base.php:3281] View->sandbox()
Thu, 30 Jan 2025 19:07:41 -0500 [24.173.132.66] [/home/u991737198/domains/tas2023.online/public_html/tmp/3hn69l4qoa804.3h31n1yj254w8.php:7] Preview->render()
Thu, 30 Jan 2025 19:07:41 -0500 [24.173.132.66] [/home/u991737198/domains/tas2023.online/public_html/lib/base.php:3036] require('/home/u991737198/domains/tas2023.online/public_html/tmp/3hn69l4qoa804.3h31n1yj254w8.php')
Thu, 30 Jan 2025 19:07:41 -0500 [24.173.132.66] [/home/u991737198/domains/tas2023.online/public_html/lib/base.php:3281] View->sandbox()
Thu, 30 Jan 2025 19:07:41 -0500 [24.173.132.66] [/home/u991737198/domains/tas2023.online/public_html/app/controllers/Controller.php:87] Preview->render()
Thu, 30 Jan 2025 19:07:41 -0500 [24.173.132.66] [/home/u991737198/domains/tas2023.online/public_html/lib/base.php:2078] Controller->afterroute()
Thu, 30 Jan 2025 19:07:41 -0500 [24.173.132.66] [/home/u991737198/domains/tas2023.online/public_html/lib/base.php:1871] Base->call()
Thu, 30 Jan 2025 19:07:41 -0500 [24.173.132.66] [/home/u991737198/domains/tas2023.online/public_html/index.php:19] Base->run()
Thu, 30 Jan 2025 19:08:41 -0500 [24.173.132.66] 500: Undefined variable $selected_note trace: [/home/u991737198/domains/tas2023.online/public_html/tmp/3hn69l4qoa804.3g8shy2588w00.php:332]
Thu, 30 Jan 2025 19:08:41 -0500 [24.173.132.66] [/home/u991737198/domains/tas2023.online/public_html/tmp/3hn69l4qoa804.3g8shy2588w00.php:332] Base->{closure}()
Thu, 30 Jan 2025 19:08:41 -0500 [24.173.132.66] [/home/u991737198/domains/tas2023.online/public_html/lib/base.php:3036] require('/home/u991737198/domains/tas2023.online/public_html/tmp/3hn69l4qoa804.3g8shy2588w00.php')
Thu, 30 Jan 2025 19:08:41 -0500 [24.173.132.66] [/home/u991737198/domains/tas2023.online/public_html/lib/base.php:3281] View->sandbox()
Thu, 30 Jan 2025 19:08:41 -0500 [24.173.132.66] [/home/u991737198/domains/tas2023.online/public_html/tmp/3hn69l4qoa804.3h31n1yj254w8.php:7] Preview->render()
Thu, 30 Jan 2025 19:08:41 -0500 [24.173.132.66] [/home/u991737198/domains/tas2023.online/public_html/lib/base.php:3036] require('/home/u991737198/domains/tas2023.online/public_html/tmp/3hn69l4qoa804.3h31n1yj254w8.php')
Thu, 30 Jan 2025 19:08:41 -0500 [24.173.132.66] [/home/u991737198/domains/tas2023.online/public_html/lib/base.php:3281] View->sandbox()
Thu, 30 Jan 2025 19:08:41 -0500 [24.173.132.66] [/home/u991737198/domains/tas2023.online/public_html/app/controllers/Controller.php:87] Preview->render()
Thu, 30 Jan 2025 19:08:41 -0500 [24.173.132.66] [/home/u991737198/domains/tas2023.online/public_html/lib/base.php:2078] Controller->afterroute()
Thu, 30 Jan 2025 19:08:41 -0500 [24.173.132.66] [/home/u991737198/domains/tas2023.online/public_html/lib/base.php:1871] Base->call()
Thu, 30 Jan 2025 19:08:41 -0500 [24.173.132.66] [/home/u991737198/domains/tas2023.online/public_html/index.php:19] Base->run()
Thu, 30 Jan 2025 19:08:49 -0500 [24.173.132.66] 500: Undefined variable $selected_note trace: [/home/u991737198/domains/tas2023.online/public_html/tmp/3hn69l4qoa804.3g8shy2588w00.php:332]
Thu, 30 Jan 2025 19:08:49 -0500 [24.173.132.66] [/home/u991737198/domains/tas2023.online/public_html/tmp/3hn69l4qoa804.3g8shy2588w00.php:332] Base->{closure}()
Thu, 30 Jan 2025 19:08:49 -0500 [24.173.132.66] [/home/u991737198/domains/tas2023.online/public_html/lib/base.php:3036] require('/home/u991737198/domains/tas2023.online/public_html/tmp/3hn69l4qoa804.3g8shy2588w00.php')
Thu, 30 Jan 2025 19:08:49 -0500 [24.173.132.66] [/home/u991737198/domains/tas2023.online/public_html/lib/base.php:3281] View->sandbox()
Thu, 30 Jan 2025 19:08:49 -0500 [24.173.132.66] [/home/u991737198/domains/tas2023.online/public_html/tmp/3hn69l4qoa804.3h31n1yj254w8.php:7] Preview->render()
Thu, 30 Jan 2025 19:08:49 -0500 [24.173.132.66] [/home/u991737198/domains/tas2023.online/public_html/lib/base.php:3036] require('/home/u991737198/domains/tas2023.online/public_html/tmp/3hn69l4qoa804.3h31n1yj254w8.php')
Thu, 30 Jan 2025 19:08:49 -0500 [24.173.132.66] [/home/u991737198/domains/tas2023.online/public_html/lib/base.php:3281] View->sandbox()
Thu, 30 Jan 2025 19:08:49 -0500 [24.173.132.66] [/home/u991737198/domains/tas2023.online/public_html/app/controllers/Controller.php:87] Preview->render()
Thu, 30 Jan 2025 19:08:49 -0500 [24.173.132.66] [/home/u991737198/domains/tas2023.online/public_html/lib/base.php:2078] Controller->afterroute()
Thu, 30 Jan 2025 19:08:49 -0500 [24.173.132.66] [/home/u991737198/domains/tas2023.online/public_html/lib/base.php:1871] Base->call()
Thu, 30 Jan 2025 19:08:49 -0500 [24.173.132.66] [/home/u991737198/domains/tas2023.online/public_html/index.php:19] Base->run()
Thu, 30 Jan 2025 19:08:51 -0500 [24.173.132.66] 500: Undefined variable $selected_note trace: [/home/u991737198/domains/tas2023.online/public_html/tmp/3hn69l4qoa804.3g8shy2588w00.php:332]
Thu, 30 Jan 2025 19:08:51 -0500 [24.173.132.66] [/home/u991737198/domains/tas2023.online/public_html/tmp/3hn69l4qoa804.3g8shy2588w00.php:332] Base->{closure}()
Thu, 30 Jan 2025 19:08:51 -0500 [24.173.132.66] [/home/u991737198/domains/tas2023.online/public_html/lib/base.php:3036] require('/home/u991737198/domains/tas2023.online/public_html/tmp/3hn69l4qoa804.3g8shy2588w00.php')
Thu, 30 Jan 2025 19:08:51 -0500 [24.173.132.66] [/home/u991737198/domains/tas2023.online/public_html/lib/base.php:3281] View->sandbox()
Thu, 30 Jan 2025 19:08:51 -0500 [24.173.132.66] [/home/u991737198/domains/tas2023.online/public_html/tmp/3hn69l4qoa804.3h31n1yj254w8.php:7] Preview->render()
Thu, 30 Jan 2025 19:08:51 -0500 [24.173.132.66] [/home/u991737198/domains/tas2023.online/public_html/lib/base.php:3036] require('/home/u991737198/domains/tas2023.online/public_html/tmp/3hn69l4qoa804.3h31n1yj254w8.php')
Thu, 30 Jan 2025 19:08:51 -0500 [24.173.132.66] [/home/u991737198/domains/tas2023.online/public_html/lib/base.php:3281] View->sandbox()
Thu, 30 Jan 2025 19:08:51 -0500 [24.173.132.66] [/home/u991737198/domains/tas2023.online/public_html/app/controllers/Controller.php:87] Preview->render()
Thu, 30 Jan 2025 19:08:51 -0500 [24.173.132.66] [/home/u991737198/domains/tas2023.online/public_html/lib/base.php:2078] Controller->afterroute()
Thu, 30 Jan 2025 19:08:51 -0500 [24.173.132.66] [/home/u991737198/domains/tas2023.online/public_html/lib/base.php:1871] Base->call()
Thu, 30 Jan 2025 19:08:51 -0500 [24.173.132.66] [/home/u991737198/domains/tas2023.online/public_html/index.php:19] Base->run()
Thu, 30 Jan 2025 19:08:58 -0500 [24.173.132.66] 500: Undefined variable $selected_note trace: [/home/u991737198/domains/tas2023.online/public_html/tmp/3hn69l4qoa804.3g8shy2588w00.php:332]
Thu, 30 Jan 2025 19:08:58 -0500 [24.173.132.66] [/home/u991737198/domains/tas2023.online/public_html/tmp/3hn69l4qoa804.3g8shy2588w00.php:332] Base->{closure}()
Thu, 30 Jan 2025 19:08:58 -0500 [24.173.132.66] [/home/u991737198/domains/tas2023.online/public_html/lib/base.php:3036] require('/home/u991737198/domains/tas2023.online/public_html/tmp/3hn69l4qoa804.3g8shy2588w00.php')
Thu, 30 Jan 2025 19:08:58 -0500 [24.173.132.66] [/home/u991737198/domains/tas2023.online/public_html/lib/base.php:3281] View->sandbox()
Thu, 30 Jan 2025 19:08:58 -0500 [24.173.132.66] [/home/u991737198/domains/tas2023.online/public_html/tmp/3hn69l4qoa804.3h31n1yj254w8.php:7] Preview->render()
Thu, 30 Jan 2025 19:08:58 -0500 [24.173.132.66] [/home/u991737198/domains/tas2023.online/public_html/lib/base.php:3036] require('/home/u991737198/domains/tas2023.online/public_html/tmp/3hn69l4qoa804.3h31n1yj254w8.php')
Thu, 30 Jan 2025 19:08:58 -0500 [24.173.132.66] [/home/u991737198/domains/tas2023.online/public_html/lib/base.php:3281] View->sandbox()
Thu, 30 Jan 2025 19:08:58 -0500 [24.173.132.66] [/home/u991737198/domains/tas2023.online/public_html/app/controllers/Controller.php:87] Preview->render()
Thu, 30 Jan 2025 19:08:58 -0500 [24.173.132.66] [/home/u991737198/domains/tas2023.online/public_html/lib/base.php:2078] Controller->afterroute()
Thu, 30 Jan 2025 19:08:58 -0500 [24.173.132.66] [/home/u991737198/domains/tas2023.online/public_html/lib/base.php:1871] Base->call()
Thu, 30 Jan 2025 19:08:58 -0500 [24.173.132.66] [/home/u991737198/domains/tas2023.online/public_html/index.php:19] Base->run()
Thu, 30 Jan 2025 19:09:00 -0500 [24.173.132.66] 500: Undefined variable $selected_note trace: [/home/u991737198/domains/tas2023.online/public_html/tmp/3hn69l4qoa804.3g8shy2588w00.php:332]
Thu, 30 Jan 2025 19:09:00 -0500 [24.173.132.66] [/home/u991737198/domains/tas2023.online/public_html/tmp/3hn69l4qoa804.3g8shy2588w00.php:332] Base->{closure}()
Thu, 30 Jan 2025 19:09:00 -0500 [24.173.132.66] [/home/u991737198/domains/tas2023.online/public_html/lib/base.php:3036] require('/home/u991737198/domains/tas2023.online/public_html/tmp/3hn69l4qoa804.3g8shy2588w00.php')
Thu, 30 Jan 2025 19:09:00 -0500 [24.173.132.66] [/home/u991737198/domains/tas2023.online/public_html/lib/base.php:3281] View->sandbox()
Thu, 30 Jan 2025 19:09:00 -0500 [24.173.132.66] [/home/u991737198/domains/tas2023.online/public_html/tmp/3hn69l4qoa804.3h31n1yj254w8.php:7] Preview->render()
Thu, 30 Jan 2025 19:09:00 -0500 [24.173.132.66] [/home/u991737198/domains/tas2023.online/public_html/lib/base.php:3036] require('/home/u991737198/domains/tas2023.online/public_html/tmp/3hn69l4qoa804.3h31n1yj254w8.php')
Thu, 30 Jan 2025 19:09:00 -0500 [24.173.132.66] [/home/u991737198/domains/tas2023.online/public_html/lib/base.php:3281] View->sandbox()
Thu, 30 Jan 2025 19:09:00 -0500 [24.173.132.66] [/home/u991737198/domains/tas2023.online/public_html/app/controllers/Controller.php:87] Preview->render()
Thu, 30 Jan 2025 19:09:00 -0500 [24.173.132.66] [/home/u991737198/domains/tas2023.online/public_html/lib/base.php:2078] Controller->afterroute()
Thu, 30 Jan 2025 19:09:00 -0500 [24.173.132.66] [/home/u991737198/domains/tas2023.online/public_html/lib/base.php:1871] Base->call()
Thu, 30 Jan 2025 19:09:00 -0500 [24.173.132.66] [/home/u991737198/domains/tas2023.online/public_html/index.php:19] Base->run()
Thu, 30 Jan 2025 19:09:03 -0500 [24.173.132.66] 500: Undefined variable $selected_note trace: [/home/u991737198/domains/tas2023.online/public_html/tmp/3hn69l4qoa804.3g8shy2588w00.php:332]
Thu, 30 Jan 2025 19:09:03 -0500 [24.173.132.66] [/home/u991737198/domains/tas2023.online/public_html/tmp/3hn69l4qoa804.3g8shy2588w00.php:332] Base->{closure}()
Thu, 30 Jan 2025 19:09:03 -0500 [24.173.132.66] [/home/u991737198/domains/tas2023.online/public_html/lib/base.php:3036] require('/home/u991737198/domains/tas2023.online/public_html/tmp/3hn69l4qoa804.3g8shy2588w00.php')
Thu, 30 Jan 2025 19:09:03 -0500 [24.173.132.66] [/home/u991737198/domains/tas2023.online/public_html/lib/base.php:3281] View->sandbox()
Thu, 30 Jan 2025 19:09:03 -0500 [24.173.132.66] [/home/u991737198/domains/tas2023.online/public_html/tmp/3hn69l4qoa804.3h31n1yj254w8.php:7] Preview->render()
Thu, 30 Jan 2025 19:09:03 -0500 [24.173.132.66] [/home/u991737198/domains/tas2023.online/public_html/lib/base.php:3036] require('/home/u991737198/domains/tas2023.online/public_html/tmp/3hn69l4qoa804.3h31n1yj254w8.php')
Thu, 30 Jan 2025 19:09:03 -0500 [24.173.132.66] [/home/u991737198/domains/tas2023.online/public_html/lib/base.php:3281] View->sandbox()
Thu, 30 Jan 2025 19:09:03 -0500 [24.173.132.66] [/home/u991737198/domains/tas2023.online/public_html/app/controllers/Controller.php:87] Preview->render()
Thu, 30 Jan 2025 19:09:03 -0500 [24.173.132.66] [/home/u991737198/domains/tas2023.online/public_html/lib/base.php:2078] Controller->afterroute()
Thu, 30 Jan 2025 19:09:03 -0500 [24.173.132.66] [/home/u991737198/domains/tas2023.online/public_html/lib/base.php:1871] Base->call()
Thu, 30 Jan 2025 19:09:03 -0500 [24.173.132.66] [/home/u991737198/domains/tas2023.online/public_html/index.php:19] Base->run()
Thu, 30 Jan 2025 19:09:06 -0500 [24.173.132.66] 500: Undefined variable $selected_note trace: [/home/u991737198/domains/tas2023.online/public_html/tmp/3hn69l4qoa804.3g8shy2588w00.php:332]
Thu, 30 Jan 2025 19:09:06 -0500 [24.173.132.66] [/home/u991737198/domains/tas2023.online/public_html/tmp/3hn69l4qoa804.3g8shy2588w00.php:332] Base->{closure}()
Thu, 30 Jan 2025 19:09:06 -0500 [24.173.132.66] [/home/u991737198/domains/tas2023.online/public_html/lib/base.php:3036] require('/home/u991737198/domains/tas2023.online/public_html/tmp/3hn69l4qoa804.3g8shy2588w00.php')
Thu, 30 Jan 2025 19:09:06 -0500 [24.173.132.66] [/home/u991737198/domains/tas2023.online/public_html/lib/base.php:3281] View->sandbox()
Thu, 30 Jan 2025 19:09:06 -0500 [24.173.132.66] [/home/u991737198/domains/tas2023.online/public_html/tmp/3hn69l4qoa804.3h31n1yj254w8.php:7] Preview->render()
Thu, 30 Jan 2025 19:09:06 -0500 [24.173.132.66] [/home/u991737198/domains/tas2023.online/public_html/lib/base.php:3036] require('/home/u991737198/domains/tas2023.online/public_html/tmp/3hn69l4qoa804.3h31n1yj254w8.php')
Thu, 30 Jan 2025 19:09:06 -0500 [24.173.132.66] [/home/u991737198/domains/tas2023.online/public_html/lib/base.php:3281] View->sandbox()
Thu, 30 Jan 2025 19:09:06 -0500 [24.173.132.66] [/home/u991737198/domains/tas2023.online/public_html/app/controllers/Controller.php:87] Preview->render()
Thu, 30 Jan 2025 19:09:06 -0500 [24.173.132.66] [/home/u991737198/domains/tas2023.online/public_html/lib/base.php:2078] Controller->afterroute()
Thu, 30 Jan 2025 19:09:06 -0500 [24.173.132.66] [/home/u991737198/domains/tas2023.online/public_html/lib/base.php:1871] Base->call()
Thu, 30 Jan 2025 19:09:06 -0500 [24.173.132.66] [/home/u991737198/domains/tas2023.online/public_html/index.php:19] Base->run()
Thu, 30 Jan 2025 19:09:18 -0500 [24.173.132.66] 500: Undefined variable $selected_note trace: [/home/u991737198/domains/tas2023.online/public_html/tmp/3hn69l4qoa804.3g8shy2588w00.php:332]
Thu, 30 Jan 2025 19:09:18 -0500 [24.173.132.66] [/home/u991737198/domains/tas2023.online/public_html/tmp/3hn69l4qoa804.3g8shy2588w00.php:332] Base->{closure}()
Thu, 30 Jan 2025 19:09:18 -0500 [24.173.132.66] [/home/u991737198/domains/tas2023.online/public_html/lib/base.php:3036] require('/home/u991737198/domains/tas2023.online/public_html/tmp/3hn69l4qoa804.3g8shy2588w00.php')
Thu, 30 Jan 2025 19:09:18 -0500 [24.173.132.66] [/home/u991737198/domains/tas2023.online/public_html/lib/base.php:3281] View->sandbox()
Thu, 30 Jan 2025 19:09:18 -0500 [24.173.132.66] [/home/u991737198/domains/tas2023.online/public_html/tmp/3hn69l4qoa804.3h31n1yj254w8.php:7] Preview->render()
Thu, 30 Jan 2025 19:09:18 -0500 [24.173.132.66] [/home/u991737198/domains/tas2023.online/public_html/lib/base.php:3036] require('/home/u991737198/domains/tas2023.online/public_html/tmp/3hn69l4qoa804.3h31n1yj254w8.php')
Thu, 30 Jan 2025 19:09:18 -0500 [24.173.132.66] [/home/u991737198/domains/tas2023.online/public_html/lib/base.php:3281] View->sandbox()
Thu, 30 Jan 2025 19:09:18 -0500 [24.173.132.66] [/home/u991737198/domains/tas2023.online/public_html/app/controllers/Controller.php:87] Preview->render()
Thu, 30 Jan 2025 19:09:18 -0500 [24.173.132.66] [/home/u991737198/domains/tas2023.online/public_html/lib/base.php:2078] Controller->afterroute()
Thu, 30 Jan 2025 19:09:18 -0500 [24.173.132.66] [/home/u991737198/domains/tas2023.online/public_html/lib/base.php:1871] Base->call()
Thu, 30 Jan 2025 19:09:18 -0500 [24.173.132.66] [/home/u991737198/domains/tas2023.online/public_html/index.php:19] Base->run()
Thu, 30 Jan 2025 19:09:30 -0500 [24.173.132.66] 500: Undefined variable $selected_note trace: [/home/u991737198/domains/tas2023.online/public_html/tmp/3hn69l4qoa804.3g8shy2588w00.php:332]
Thu, 30 Jan 2025 19:09:30 -0500 [24.173.132.66] [/home/u991737198/domains/tas2023.online/public_html/tmp/3hn69l4qoa804.3g8shy2588w00.php:332] Base->{closure}()
Thu, 30 Jan 2025 19:09:30 -0500 [24.173.132.66] [/home/u991737198/domains/tas2023.online/public_html/lib/base.php:3036] require('/home/u991737198/domains/tas2023.online/public_html/tmp/3hn69l4qoa804.3g8shy2588w00.php')
Thu, 30 Jan 2025 19:09:30 -0500 [24.173.132.66] [/home/u991737198/domains/tas2023.online/public_html/lib/base.php:3281] View->sandbox()
Thu, 30 Jan 2025 19:09:30 -0500 [24.173.132.66] [/home/u991737198/domains/tas2023.online/public_html/tmp/3hn69l4qoa804.3h31n1yj254w8.php:7] Preview->render()
Thu, 30 Jan 2025 19:09:30 -0500 [24.173.132.66] [/home/u991737198/domains/tas2023.online/public_html/lib/base.php:3036] require('/home/u991737198/domains/tas2023.online/public_html/tmp/3hn69l4qoa804.3h31n1yj254w8.php')
Thu, 30 Jan 2025 19:09:30 -0500 [24.173.132.66] [/home/u991737198/domains/tas2023.online/public_html/lib/base.php:3281] View->sandbox()
Thu, 30 Jan 2025 19:09:30 -0500 [24.173.132.66] [/home/u991737198/domains/tas2023.online/public_html/app/controllers/Controller.php:87] Preview->render()
Thu, 30 Jan 2025 19:09:30 -0500 [24.173.132.66] [/home/u991737198/domains/tas2023.online/public_html/lib/base.php:2078] Controller->afterroute()
Thu, 30 Jan 2025 19:09:30 -0500 [24.173.132.66] [/home/u991737198/domains/tas2023.online/public_html/lib/base.php:1871] Base->call()
Thu, 30 Jan 2025 19:09:30 -0500 [24.173.132.66] [/home/u991737198/domains/tas2023.online/public_html/index.php:19] Base->run()
Thu, 30 Jan 2025 19:09:36 -0500 [24.173.132.66] 500: Undefined variable $selected_note trace: [/home/u991737198/domains/tas2023.online/public_html/tmp/3hn69l4qoa804.3g8shy2588w00.php:332]
Thu, 30 Jan 2025 19:09:36 -0500 [24.173.132.66] [/home/u991737198/domains/tas2023.online/public_html/tmp/3hn69l4qoa804.3g8shy2588w00.php:332] Base->{closure}()
Thu, 30 Jan 2025 19:09:36 -0500 [24.173.132.66] [/home/u991737198/domains/tas2023.online/public_html/lib/base.php:3036] require('/home/u991737198/domains/tas2023.online/public_html/tmp/3hn69l4qoa804.3g8shy2588w00.php')
Thu, 30 Jan 2025 19:09:36 -0500 [24.173.132.66] [/home/u991737198/domains/tas2023.online/public_html/lib/base.php:3281] View->sandbox()
Thu, 30 Jan 2025 19:09:36 -0500 [24.173.132.66] [/home/u991737198/domains/tas2023.online/public_html/tmp/3hn69l4qoa804.3h31n1yj254w8.php:7] Preview->render()
Thu, 30 Jan 2025 19:09:36 -0500 [24.173.132.66] [/home/u991737198/domains/tas2023.online/public_html/lib/base.php:3036] require('/home/u991737198/domains/tas2023.online/public_html/tmp/3hn69l4qoa804.3h31n1yj254w8.php')
Thu, 30 Jan 2025 19:09:36 -0500 [24.173.132.66] [/home/u991737198/domains/tas2023.online/public_html/lib/base.php:3281] View->sandbox()
Thu, 30 Jan 2025 19:09:36 -0500 [24.173.132.66] [/home/u991737198/domains/tas2023.online/public_html/app/controllers/Controller.php:87] Preview->render()
Thu, 30 Jan 2025 19:09:36 -0500 [24.173.132.66] [/home/u991737198/domains/tas2023.online/public_html/lib/base.php:2078] Controller->afterroute()
Thu, 30 Jan 2025 19:09:36 -0500 [24.173.132.66] [/home/u991737198/domains/tas2023.online/public_html/lib/base.php:1871] Base->call()
Thu, 30 Jan 2025 19:09:36 -0500 [24.173.132.66] [/home/u991737198/domains/tas2023.online/public_html/index.php:19] Base->run()
Thu, 30 Jan 2025 19:09:38 -0500 [24.173.132.66] 500: Undefined variable $selected_note trace: [/home/u991737198/domains/tas2023.online/public_html/tmp/3hn69l4qoa804.3g8shy2588w00.php:332]
Thu, 30 Jan 2025 19:09:38 -0500 [24.173.132.66] [/home/u991737198/domains/tas2023.online/public_html/tmp/3hn69l4qoa804.3g8shy2588w00.php:332] Base->{closure}()
Thu, 30 Jan 2025 19:09:38 -0500 [24.173.132.66] [/home/u991737198/domains/tas2023.online/public_html/lib/base.php:3036] require('/home/u991737198/domains/tas2023.online/public_html/tmp/3hn69l4qoa804.3g8shy2588w00.php')
Thu, 30 Jan 2025 19:09:38 -0500 [24.173.132.66] [/home/u991737198/domains/tas2023.online/public_html/lib/base.php:3281] View->sandbox()
Thu, 30 Jan 2025 19:09:38 -0500 [24.173.132.66] [/home/u991737198/domains/tas2023.online/public_html/tmp/3hn69l4qoa804.3h31n1yj254w8.php:7] Preview->render()
Thu, 30 Jan 2025 19:09:38 -0500 [24.173.132.66] [/home/u991737198/domains/tas2023.online/public_html/lib/base.php:3036] require('/home/u991737198/domains/tas2023.online/public_html/tmp/3hn69l4qoa804.3h31n1yj254w8.php')
Thu, 30 Jan 2025 19:09:38 -0500 [24.173.132.66] [/home/u991737198/domains/tas2023.online/public_html/lib/base.php:3281] View->sandbox()
Thu, 30 Jan 2025 19:09:38 -0500 [24.173.132.66] [/home/u991737198/domains/tas2023.online/public_html/app/controllers/Controller.php:87] Preview->render()
Thu, 30 Jan 2025 19:09:38 -0500 [24.173.132.66] [/home/u991737198/domains/tas2023.online/public_html/lib/base.php:2078] Controller->afterroute()
Thu, 30 Jan 2025 19:09:38 -0500 [24.173.132.66] [/home/u991737198/domains/tas2023.online/public_html/lib/base.php:1871] Base->call()
Thu, 30 Jan 2025 19:09:38 -0500 [24.173.132.66] [/home/u991737198/domains/tas2023.online/public_html/index.php:19] Base->run()
Thu, 30 Jan 2025 19:09:47 -0500 [24.173.132.66] 500: Undefined variable $selected_note trace: [/home/u991737198/domains/tas2023.online/public_html/tmp/3hn69l4qoa804.3g8shy2588w00.php:332]
Thu, 30 Jan 2025 19:09:47 -0500 [24.173.132.66] [/home/u991737198/domains/tas2023.online/public_html/tmp/3hn69l4qoa804.3g8shy2588w00.php:332] Base->{closure}()
Thu, 30 Jan 2025 19:09:47 -0500 [24.173.132.66] [/home/u991737198/domains/tas2023.online/public_html/lib/base.php:3036] require('/home/u991737198/domains/tas2023.online/public_html/tmp/3hn69l4qoa804.3g8shy2588w00.php')
Thu, 30 Jan 2025 19:09:47 -0500 [24.173.132.66] [/home/u991737198/domains/tas2023.online/public_html/lib/base.php:3281] View->sandbox()
Thu, 30 Jan 2025 19:09:47 -0500 [24.173.132.66] [/home/u991737198/domains/tas2023.online/public_html/tmp/3hn69l4qoa804.3h31n1yj254w8.php:7] Preview->render()
Thu, 30 Jan 2025 19:09:47 -0500 [24.173.132.66] [/home/u991737198/domains/tas2023.online/public_html/lib/base.php:3036] require('/home/u991737198/domains/tas2023.online/public_html/tmp/3hn69l4qoa804.3h31n1yj254w8.php')
Thu, 30 Jan 2025 19:09:47 -0500 [24.173.132.66] [/home/u991737198/domains/tas2023.online/public_html/lib/base.php:3281] View->sandbox()
Thu, 30 Jan 2025 19:09:47 -0500 [24.173.132.66] [/home/u991737198/domains/tas2023.online/public_html/app/controllers/Controller.php:87] Preview->render()
Thu, 30 Jan 2025 19:09:47 -0500 [24.173.132.66] [/home/u991737198/domains/tas2023.online/public_html/lib/base.php:2078] Controller->afterroute()
Thu, 30 Jan 2025 19:09:47 -0500 [24.173.132.66] [/home/u991737198/domains/tas2023.online/public_html/lib/base.php:1871] Base->call()
Thu, 30 Jan 2025 19:09:47 -0500 [24.173.132.66] [/home/u991737198/domains/tas2023.online/public_html/index.php:19] Base->run()
Thu, 30 Jan 2025 19:09:57 -0500 [24.173.132.66] 500: Undefined variable $selected_note trace: [/home/u991737198/domains/tas2023.online/public_html/tmp/3hn69l4qoa804.3g8shy2588w00.php:332]
Thu, 30 Jan 2025 19:09:57 -0500 [24.173.132.66] [/home/u991737198/domains/tas2023.online/public_html/tmp/3hn69l4qoa804.3g8shy2588w00.php:332] Base->{closure}()
Thu, 30 Jan 2025 19:09:57 -0500 [24.173.132.66] [/home/u991737198/domains/tas2023.online/public_html/lib/base.php:3036] require('/home/u991737198/domains/tas2023.online/public_html/tmp/3hn69l4qoa804.3g8shy2588w00.php')
Thu, 30 Jan 2025 19:09:57 -0500 [24.173.132.66] [/home/u991737198/domains/tas2023.online/public_html/lib/base.php:3281] View->sandbox()
Thu, 30 Jan 2025 19:09:57 -0500 [24.173.132.66] [/home/u991737198/domains/tas2023.online/public_html/tmp/3hn69l4qoa804.3h31n1yj254w8.php:7] Preview->render()
Thu, 30 Jan 2025 19:09:57 -0500 [24.173.132.66] [/home/u991737198/domains/tas2023.online/public_html/lib/base.php:3036] require('/home/u991737198/domains/tas2023.online/public_html/tmp/3hn69l4qoa804.3h31n1yj254w8.php')
Thu, 30 Jan 2025 19:09:57 -0500 [24.173.132.66] [/home/u991737198/domains/tas2023.online/public_html/lib/base.php:3281] View->sandbox()
Thu, 30 Jan 2025 19:09:57 -0500 [24.173.132.66] [/home/u991737198/domains/tas2023.online/public_html/app/controllers/Controller.php:87] Preview->render()
Thu, 30 Jan 2025 19:09:57 -0500 [24.173.132.66] [/home/u991737198/domains/tas2023.online/public_html/lib/base.php:2078] Controller->afterroute()
Thu, 30 Jan 2025 19:09:57 -0500 [24.173.132.66] [/home/u991737198/domains/tas2023.online/public_html/lib/base.php:1871] Base->call()
Thu, 30 Jan 2025 19:09:57 -0500 [24.173.132.66] [/home/u991737198/domains/tas2023.online/public_html/index.php:19] Base->run()
Thu, 30 Jan 2025 19:10:07 -0500 [24.173.132.66] 500: Undefined variable $selected_note trace: [/home/u991737198/domains/tas2023.online/public_html/tmp/3hn69l4qoa804.3g8shy2588w00.php:332]
Thu, 30 Jan 2025 19:10:07 -0500 [24.173.132.66] [/home/u991737198/domains/tas2023.online/public_html/tmp/3hn69l4qoa804.3g8shy2588w00.php:332] Base->{closure}()
Thu, 30 Jan 2025 19:10:07 -0500 [24.173.132.66] [/home/u991737198/domains/tas2023.online/public_html/lib/base.php:3036] require('/home/u991737198/domains/tas2023.online/public_html/tmp/3hn69l4qoa804.3g8shy2588w00.php')
Thu, 30 Jan 2025 19:10:07 -0500 [24.173.132.66] [/home/u991737198/domains/tas2023.online/public_html/lib/base.php:3281] View->sandbox()
Thu, 30 Jan 2025 19:10:07 -0500 [24.173.132.66] [/home/u991737198/domains/tas2023.online/public_html/tmp/3hn69l4qoa804.3h31n1yj254w8.php:7] Preview->render()
Thu, 30 Jan 2025 19:10:07 -0500 [24.173.132.66] [/home/u991737198/domains/tas2023.online/public_html/lib/base.php:3036] require('/home/u991737198/domains/tas2023.online/public_html/tmp/3hn69l4qoa804.3h31n1yj254w8.php')
Thu, 30 Jan 2025 19:10:07 -0500 [24.173.132.66] [/home/u991737198/domains/tas2023.online/public_html/lib/base.php:3281] View->sandbox()
Thu, 30 Jan 2025 19:10:07 -0500 [24.173.132.66] [/home/u991737198/domains/tas2023.online/public_html/app/controllers/Controller.php:87] Preview->render()
Thu, 30 Jan 2025 19:10:07 -0500 [24.173.132.66] [/home/u991737198/domains/tas2023.online/public_html/lib/base.php:2078] Controller->afterroute()
Thu, 30 Jan 2025 19:10:07 -0500 [24.173.132.66] [/home/u991737198/domains/tas2023.online/public_html/lib/base.php:1871] Base->call()
Thu, 30 Jan 2025 19:10:07 -0500 [24.173.132.66] [/home/u991737198/domains/tas2023.online/public_html/index.php:19] Base->run()
Thu, 30 Jan 2025 19:10:11 -0500 [24.173.132.66] 500: Undefined variable $selected_note trace: [/home/u991737198/domains/tas2023.online/public_html/tmp/3hn69l4qoa804.3g8shy2588w00.php:332]
Thu, 30 Jan 2025 19:10:11 -0500 [24.173.132.66] [/home/u991737198/domains/tas2023.online/public_html/tmp/3hn69l4qoa804.3g8shy2588w00.php:332] Base->{closure}()
Thu, 30 Jan 2025 19:10:11 -0500 [24.173.132.66] [/home/u991737198/domains/tas2023.online/public_html/lib/base.php:3036] require('/home/u991737198/domains/tas2023.online/public_html/tmp/3hn69l4qoa804.3g8shy2588w00.php')
Thu, 30 Jan 2025 19:10:11 -0500 [24.173.132.66] [/home/u991737198/domains/tas2023.online/public_html/lib/base.php:3281] View->sandbox()
Thu, 30 Jan 2025 19:10:11 -0500 [24.173.132.66] [/home/u991737198/domains/tas2023.online/public_html/tmp/3hn69l4qoa804.3h31n1yj254w8.php:7] Preview->render()
Thu, 30 Jan 2025 19:10:11 -0500 [24.173.132.66] [/home/u991737198/domains/tas2023.online/public_html/lib/base.php:3036] require('/home/u991737198/domains/tas2023.online/public_html/tmp/3hn69l4qoa804.3h31n1yj254w8.php')
Thu, 30 Jan 2025 19:10:11 -0500 [24.173.132.66] [/home/u991737198/domains/tas2023.online/public_html/lib/base.php:3281] View->sandbox()
Thu, 30 Jan 2025 19:10:11 -0500 [24.173.132.66] [/home/u991737198/domains/tas2023.online/public_html/app/controllers/Controller.php:87] Preview->render()
Thu, 30 Jan 2025 19:10:11 -0500 [24.173.132.66] [/home/u991737198/domains/tas2023.online/public_html/lib/base.php:2078] Controller->afterroute()
Thu, 30 Jan 2025 19:10:11 -0500 [24.173.132.66] [/home/u991737198/domains/tas2023.online/public_html/lib/base.php:1871] Base->call()
Thu, 30 Jan 2025 19:10:11 -0500 [24.173.132.66] [/home/u991737198/domains/tas2023.online/public_html/index.php:19] Base->run()
Thu, 30 Jan 2025 19:10:21 -0500 [24.173.132.66] 500: Undefined variable $selected_note trace: [/home/u991737198/domains/tas2023.online/public_html/tmp/3hn69l4qoa804.3g8shy2588w00.php:332]
Thu, 30 Jan 2025 19:10:21 -0500 [24.173.132.66] [/home/u991737198/domains/tas2023.online/public_html/tmp/3hn69l4qoa804.3g8shy2588w00.php:332] Base->{closure}()
Thu, 30 Jan 2025 19:10:21 -0500 [24.173.132.66] [/home/u991737198/domains/tas2023.online/public_html/lib/base.php:3036] require('/home/u991737198/domains/tas2023.online/public_html/tmp/3hn69l4qoa804.3g8shy2588w00.php')
Thu, 30 Jan 2025 19:10:21 -0500 [24.173.132.66] [/home/u991737198/domains/tas2023.online/public_html/lib/base.php:3281] View->sandbox()
Thu, 30 Jan 2025 19:10:21 -0500 [24.173.132.66] [/home/u991737198/domains/tas2023.online/public_html/tmp/3hn69l4qoa804.3h31n1yj254w8.php:7] Preview->render()
Thu, 30 Jan 2025 19:10:21 -0500 [24.173.132.66] [/home/u991737198/domains/tas2023.online/public_html/lib/base.php:3036] require('/home/u991737198/domains/tas2023.online/public_html/tmp/3hn69l4qoa804.3h31n1yj254w8.php')
Thu, 30 Jan 2025 19:10:21 -0500 [24.173.132.66] [/home/u991737198/domains/tas2023.online/public_html/lib/base.php:3281] View->sandbox()
Thu, 30 Jan 2025 19:10:21 -0500 [24.173.132.66] [/home/u991737198/domains/tas2023.online/public_html/app/controllers/Controller.php:87] Preview->render()
Thu, 30 Jan 2025 19:10:21 -0500 [24.173.132.66] [/home/u991737198/domains/tas2023.online/public_html/lib/base.php:2078] Controller->afterroute()
Thu, 30 Jan 2025 19:10:21 -0500 [24.173.132.66] [/home/u991737198/domains/tas2023.online/public_html/lib/base.php:1871] Base->call()
Thu, 30 Jan 2025 19:10:21 -0500 [24.173.132.66] [/home/u991737198/domains/tas2023.online/public_html/index.php:19] Base->run()
Thu, 30 Jan 2025 19:10:24 -0500 [24.173.132.66] 500: Undefined variable $selected_note trace: [/home/u991737198/domains/tas2023.online/public_html/tmp/3hn69l4qoa804.3g8shy2588w00.php:332]
Thu, 30 Jan 2025 19:10:24 -0500 [24.173.132.66] [/home/u991737198/domains/tas2023.online/public_html/tmp/3hn69l4qoa804.3g8shy2588w00.php:332] Base->{closure}()
Thu, 30 Jan 2025 19:10:24 -0500 [24.173.132.66] [/home/u991737198/domains/tas2023.online/public_html/lib/base.php:3036] require('/home/u991737198/domains/tas2023.online/public_html/tmp/3hn69l4qoa804.3g8shy2588w00.php')
Thu, 30 Jan 2025 19:10:24 -0500 [24.173.132.66] [/home/u991737198/domains/tas2023.online/public_html/lib/base.php:3281] View->sandbox()
Thu, 30 Jan 2025 19:10:24 -0500 [24.173.132.66] [/home/u991737198/domains/tas2023.online/public_html/tmp/3hn69l4qoa804.3h31n1yj254w8.php:7] Preview->render()
Thu, 30 Jan 2025 19:10:24 -0500 [24.173.132.66] [/home/u991737198/domains/tas2023.online/public_html/lib/base.php:3036] require('/home/u991737198/domains/tas2023.online/public_html/tmp/3hn69l4qoa804.3h31n1yj254w8.php')
Thu, 30 Jan 2025 19:10:24 -0500 [24.173.132.66] [/home/u991737198/domains/tas2023.online/public_html/lib/base.php:3281] View->sandbox()
Thu, 30 Jan 2025 19:10:24 -0500 [24.173.132.66] [/home/u991737198/domains/tas2023.online/public_html/app/controllers/Controller.php:87] Preview->render()
Thu, 30 Jan 2025 19:10:24 -0500 [24.173.132.66] [/home/u991737198/domains/tas2023.online/public_html/lib/base.php:2078] Controller->afterroute()
Thu, 30 Jan 2025 19:10:24 -0500 [24.173.132.66] [/home/u991737198/domains/tas2023.online/public_html/lib/base.php:1871] Base->call()
Thu, 30 Jan 2025 19:10:24 -0500 [24.173.132.66] [/home/u991737198/domains/tas2023.online/public_html/index.php:19] Base->run()
Thu, 30 Jan 2025 19:10:26 -0500 [24.173.132.66] 500: Undefined variable $selected_note trace: [/home/u991737198/domains/tas2023.online/public_html/tmp/3hn69l4qoa804.3g8shy2588w00.php:332]
Thu, 30 Jan 2025 19:10:26 -0500 [24.173.132.66] [/home/u991737198/domains/tas2023.online/public_html/tmp/3hn69l4qoa804.3g8shy2588w00.php:332] Base->{closure}()
Thu, 30 Jan 2025 19:10:26 -0500 [24.173.132.66] [/home/u991737198/domains/tas2023.online/public_html/lib/base.php:3036] require('/home/u991737198/domains/tas2023.online/public_html/tmp/3hn69l4qoa804.3g8shy2588w00.php')
Thu, 30 Jan 2025 19:10:26 -0500 [24.173.132.66] [/home/u991737198/domains/tas2023.online/public_html/lib/base.php:3281] View->sandbox()
Thu, 30 Jan 2025 19:10:26 -0500 [24.173.132.66] [/home/u991737198/domains/tas2023.online/public_html/tmp/3hn69l4qoa804.3h31n1yj254w8.php:7] Preview->render()
Thu, 30 Jan 2025 19:10:26 -0500 [24.173.132.66] [/home/u991737198/domains/tas2023.online/public_html/lib/base.php:3036] require('/home/u991737198/domains/tas2023.online/public_html/tmp/3hn69l4qoa804.3h31n1yj254w8.php')
Thu, 30 Jan 2025 19:10:26 -0500 [24.173.132.66] [/home/u991737198/domains/tas2023.online/public_html/lib/base.php:3281] View->sandbox()
Thu, 30 Jan 2025 19:10:26 -0500 [24.173.132.66] [/home/u991737198/domains/tas2023.online/public_html/app/controllers/Controller.php:87] Preview->render()
Thu, 30 Jan 2025 19:10:26 -0500 [24.173.132.66] [/home/u991737198/domains/tas2023.online/public_html/lib/base.php:2078] Controller->afterroute()
Thu, 30 Jan 2025 19:10:26 -0500 [24.173.132.66] [/home/u991737198/domains/tas2023.online/public_html/lib/base.php:1871] Base->call()
Thu, 30 Jan 2025 19:10:26 -0500 [24.173.132.66] [/home/u991737198/domains/tas2023.online/public_html/index.php:19] Base->run()
Thu, 30 Jan 2025 19:10:33 -0500 [24.173.132.66] 500: Undefined variable $selected_note trace: [/home/u991737198/domains/tas2023.online/public_html/tmp/3hn69l4qoa804.3g8shy2588w00.php:332]
Thu, 30 Jan 2025 19:10:33 -0500 [24.173.132.66] [/home/u991737198/domains/tas2023.online/public_html/tmp/3hn69l4qoa804.3g8shy2588w00.php:332] Base->{closure}()
Thu, 30 Jan 2025 19:10:33 -0500 [24.173.132.66] [/home/u991737198/domains/tas2023.online/public_html/lib/base.php:3036] require('/home/u991737198/domains/tas2023.online/public_html/tmp/3hn69l4qoa804.3g8shy2588w00.php')
Thu, 30 Jan 2025 19:10:33 -0500 [24.173.132.66] [/home/u991737198/domains/tas2023.online/public_html/lib/base.php:3281] View->sandbox()
Thu, 30 Jan 2025 19:10:33 -0500 [24.173.132.66] [/home/u991737198/domains/tas2023.online/public_html/tmp/3hn69l4qoa804.3h31n1yj254w8.php:7] Preview->render()
Thu, 30 Jan 2025 19:10:33 -0500 [24.173.132.66] [/home/u991737198/domains/tas2023.online/public_html/lib/base.php:3036] require('/home/u991737198/domains/tas2023.online/public_html/tmp/3hn69l4qoa804.3h31n1yj254w8.php')
Thu, 30 Jan 2025 19:10:33 -0500 [24.173.132.66] [/home/u991737198/domains/tas2023.online/public_html/lib/base.php:3281] View->sandbox()
Thu, 30 Jan 2025 19:10:33 -0500 [24.173.132.66] [/home/u991737198/domains/tas2023.online/public_html/app/controllers/Controller.php:87] Preview->render()
Thu, 30 Jan 2025 19:10:33 -0500 [24.173.132.66] [/home/u991737198/domains/tas2023.online/public_html/lib/base.php:2078] Controller->afterroute()
Thu, 30 Jan 2025 19:10:33 -0500 [24.173.132.66] [/home/u991737198/domains/tas2023.online/public_html/lib/base.php:1871] Base->call()
Thu, 30 Jan 2025 19:10:33 -0500 [24.173.132.66] [/home/u991737198/domains/tas2023.online/public_html/index.php:19] Base->run()
Thu, 30 Jan 2025 19:10:36 -0500 [24.173.132.66] 500: Undefined variable $selected_note trace: [/home/u991737198/domains/tas2023.online/public_html/tmp/3hn69l4qoa804.3g8shy2588w00.php:332]
Thu, 30 Jan 2025 19:10:36 -0500 [24.173.132.66] [/home/u991737198/domains/tas2023.online/public_html/tmp/3hn69l4qoa804.3g8shy2588w00.php:332] Base->{closure}()
Thu, 30 Jan 2025 19:10:36 -0500 [24.173.132.66] [/home/u991737198/domains/tas2023.online/public_html/lib/base.php:3036] require('/home/u991737198/domains/tas2023.online/public_html/tmp/3hn69l4qoa804.3g8shy2588w00.php')
Thu, 30 Jan 2025 19:10:36 -0500 [24.173.132.66] [/home/u991737198/domains/tas2023.online/public_html/lib/base.php:3281] View->sandbox()
Thu, 30 Jan 2025 19:10:36 -0500 [24.173.132.66] [/home/u991737198/domains/tas2023.online/public_html/tmp/3hn69l4qoa804.3h31n1yj254w8.php:7] Preview->render()
Thu, 30 Jan 2025 19:10:36 -0500 [24.173.132.66] [/home/u991737198/domains/tas2023.online/public_html/lib/base.php:3036] require('/home/u991737198/domains/tas2023.online/public_html/tmp/3hn69l4qoa804.3h31n1yj254w8.php')
Thu, 30 Jan 2025 19:10:36 -0500 [24.173.132.66] [/home/u991737198/domains/tas2023.online/public_html/lib/base.php:3281] View->sandbox()
Thu, 30 Jan 2025 19:10:36 -0500 [24.173.132.66] [/home/u991737198/domains/tas2023.online/public_html/app/controllers/Controller.php:87] Preview->render()
Thu, 30 Jan 2025 19:10:36 -0500 [24.173.132.66] [/home/u991737198/domains/tas2023.online/public_html/lib/base.php:2078] Controller->afterroute()
Thu, 30 Jan 2025 19:10:36 -0500 [24.173.132.66] [/home/u991737198/domains/tas2023.online/public_html/lib/base.php:1871] Base->call()
Thu, 30 Jan 2025 19:10:36 -0500 [24.173.132.66] [/home/u991737198/domains/tas2023.online/public_html/index.php:19] Base->run()
Thu, 30 Jan 2025 19:10:39 -0500 [24.173.132.66] 500: Undefined variable $selected_note trace: [/home/u991737198/domains/tas2023.online/public_html/tmp/3hn69l4qoa804.3g8shy2588w00.php:332]
Thu, 30 Jan 2025 19:10:39 -0500 [24.173.132.66] [/home/u991737198/domains/tas2023.online/public_html/tmp/3hn69l4qoa804.3g8shy2588w00.php:332] Base->{closure}()
Thu, 30 Jan 2025 19:10:39 -0500 [24.173.132.66] [/home/u991737198/domains/tas2023.online/public_html/lib/base.php:3036] require('/home/u991737198/domains/tas2023.online/public_html/tmp/3hn69l4qoa804.3g8shy2588w00.php')
Thu, 30 Jan 2025 19:10:39 -0500 [24.173.132.66] [/home/u991737198/domains/tas2023.online/public_html/lib/base.php:3281] View->sandbox()
Thu, 30 Jan 2025 19:10:39 -0500 [24.173.132.66] [/home/u991737198/domains/tas2023.online/public_html/tmp/3hn69l4qoa804.3h31n1yj254w8.php:7] Preview->render()
Thu, 30 Jan 2025 19:10:39 -0500 [24.173.132.66] [/home/u991737198/domains/tas2023.online/public_html/lib/base.php:3036] require('/home/u991737198/domains/tas2023.online/public_html/tmp/3hn69l4qoa804.3h31n1yj254w8.php')
Thu, 30 Jan 2025 19:10:39 -0500 [24.173.132.66] [/home/u991737198/domains/tas2023.online/public_html/lib/base.php:3281] View->sandbox()
Thu, 30 Jan 2025 19:10:39 -0500 [24.173.132.66] [/home/u991737198/domains/tas2023.online/public_html/app/controllers/Controller.php:87] Preview->render()
Thu, 30 Jan 2025 19:10:39 -0500 [24.173.132.66] [/home/u991737198/domains/tas2023.online/public_html/lib/base.php:2078] Controller->afterroute()
Thu, 30 Jan 2025 19:10:39 -0500 [24.173.132.66] [/home/u991737198/domains/tas2023.online/public_html/lib/base.php:1871] Base->call()
Thu, 30 Jan 2025 19:10:39 -0500 [24.173.132.66] [/home/u991737198/domains/tas2023.online/public_html/index.php:19] Base->run()
Thu, 30 Jan 2025 19:11:40 -0500 [24.173.132.66] 500: Undefined variable $selected_note trace: [/home/u991737198/domains/tas2023.online/public_html/tmp/3hn69l4qoa804.3g8shy2588w00.php:332]
Thu, 30 Jan 2025 19:11:40 -0500 [24.173.132.66] [/home/u991737198/domains/tas2023.online/public_html/tmp/3hn69l4qoa804.3g8shy2588w00.php:332] Base->{closure}()
Thu, 30 Jan 2025 19:11:40 -0500 [24.173.132.66] [/home/u991737198/domains/tas2023.online/public_html/lib/base.php:3036] require('/home/u991737198/domains/tas2023.online/public_html/tmp/3hn69l4qoa804.3g8shy2588w00.php')
Thu, 30 Jan 2025 19:11:40 -0500 [24.173.132.66] [/home/u991737198/domains/tas2023.online/public_html/lib/base.php:3281] View->sandbox()
Thu, 30 Jan 2025 19:11:40 -0500 [24.173.132.66] [/home/u991737198/domains/tas2023.online/public_html/tmp/3hn69l4qoa804.3h31n1yj254w8.php:7] Preview->render()
Thu, 30 Jan 2025 19:11:40 -0500 [24.173.132.66] [/home/u991737198/domains/tas2023.online/public_html/lib/base.php:3036] require('/home/u991737198/domains/tas2023.online/public_html/tmp/3hn69l4qoa804.3h31n1yj254w8.php')
Thu, 30 Jan 2025 19:11:40 -0500 [24.173.132.66] [/home/u991737198/domains/tas2023.online/public_html/lib/base.php:3281] View->sandbox()
Thu, 30 Jan 2025 19:11:40 -0500 [24.173.132.66] [/home/u991737198/domains/tas2023.online/public_html/app/controllers/Controller.php:87] Preview->render()
Thu, 30 Jan 2025 19:11:40 -0500 [24.173.132.66] [/home/u991737198/domains/tas2023.online/public_html/lib/base.php:2078] Controller->afterroute()
Thu, 30 Jan 2025 19:11:40 -0500 [24.173.132.66] [/home/u991737198/domains/tas2023.online/public_html/lib/base.php:1871] Base->call()
Thu, 30 Jan 2025 19:11:40 -0500 [24.173.132.66] [/home/u991737198/domains/tas2023.online/public_html/index.php:19] Base->run()
Thu, 30 Jan 2025 19:11:43 -0500 [24.173.132.66] 500: Undefined variable $selected_note trace: [/home/u991737198/domains/tas2023.online/public_html/tmp/3hn69l4qoa804.3g8shy2588w00.php:332]
Thu, 30 Jan 2025 19:11:43 -0500 [24.173.132.66] [/home/u991737198/domains/tas2023.online/public_html/tmp/3hn69l4qoa804.3g8shy2588w00.php:332] Base->{closure}()
Thu, 30 Jan 2025 19:11:43 -0500 [24.173.132.66] [/home/u991737198/domains/tas2023.online/public_html/lib/base.php:3036] require('/home/u991737198/domains/tas2023.online/public_html/tmp/3hn69l4qoa804.3g8shy2588w00.php')
Thu, 30 Jan 2025 19:11:43 -0500 [24.173.132.66] [/home/u991737198/domains/tas2023.online/public_html/lib/base.php:3281] View->sandbox()
Thu, 30 Jan 2025 19:11:43 -0500 [24.173.132.66] [/home/u991737198/domains/tas2023.online/public_html/tmp/3hn69l4qoa804.3h31n1yj254w8.php:7] Preview->render()
Thu, 30 Jan 2025 19:11:43 -0500 [24.173.132.66] [/home/u991737198/domains/tas2023.online/public_html/lib/base.php:3036] require('/home/u991737198/domains/tas2023.online/public_html/tmp/3hn69l4qoa804.3h31n1yj254w8.php')
Thu, 30 Jan 2025 19:11:43 -0500 [24.173.132.66] [/home/u991737198/domains/tas2023.online/public_html/lib/base.php:3281] View->sandbox()
Thu, 30 Jan 2025 19:11:43 -0500 [24.173.132.66] [/home/u991737198/domains/tas2023.online/public_html/app/controllers/Controller.php:87] Preview->render()
Thu, 30 Jan 2025 19:11:43 -0500 [24.173.132.66] [/home/u991737198/domains/tas2023.online/public_html/lib/base.php:2078] Controller->afterroute()
Thu, 30 Jan 2025 19:11:43 -0500 [24.173.132.66] [/home/u991737198/domains/tas2023.online/public_html/lib/base.php:1871] Base->call()
Thu, 30 Jan 2025 19:11:43 -0500 [24.173.132.66] [/home/u991737198/domains/tas2023.online/public_html/index.php:19] Base->run()
Thu, 30 Jan 2025 19:11:45 -0500 [24.173.132.66] 500: Undefined variable $selected_note trace: [/home/u991737198/domains/tas2023.online/public_html/tmp/3hn69l4qoa804.3g8shy2588w00.php:332]
Thu, 30 Jan 2025 19:11:45 -0500 [24.173.132.66] [/home/u991737198/domains/tas2023.online/public_html/tmp/3hn69l4qoa804.3g8shy2588w00.php:332] Base->{closure}()
Thu, 30 Jan 2025 19:11:45 -0500 [24.173.132.66] [/home/u991737198/domains/tas2023.online/public_html/lib/base.php:3036] require('/home/u991737198/domains/tas2023.online/public_html/tmp/3hn69l4qoa804.3g8shy2588w00.php')
Thu, 30 Jan 2025 19:11:45 -0500 [24.173.132.66] [/home/u991737198/domains/tas2023.online/public_html/lib/base.php:3281] View->sandbox()
Thu, 30 Jan 2025 19:11:45 -0500 [24.173.132.66] [/home/u991737198/domains/tas2023.online/public_html/tmp/3hn69l4qoa804.3h31n1yj254w8.php:7] Preview->render()
Thu, 30 Jan 2025 19:11:45 -0500 [24.173.132.66] [/home/u991737198/domains/tas2023.online/public_html/lib/base.php:3036] require('/home/u991737198/domains/tas2023.online/public_html/tmp/3hn69l4qoa804.3h31n1yj254w8.php')
Thu, 30 Jan 2025 19:11:45 -0500 [24.173.132.66] [/home/u991737198/domains/tas2023.online/public_html/lib/base.php:3281] View->sandbox()
Thu, 30 Jan 2025 19:11:45 -0500 [24.173.132.66] [/home/u991737198/domains/tas2023.online/public_html/app/controllers/Controller.php:87] Preview->render()
Thu, 30 Jan 2025 19:11:45 -0500 [24.173.132.66] [/home/u991737198/domains/tas2023.online/public_html/lib/base.php:2078] Controller->afterroute()
Thu, 30 Jan 2025 19:11:45 -0500 [24.173.132.66] [/home/u991737198/domains/tas2023.online/public_html/lib/base.php:1871] Base->call()
Thu, 30 Jan 2025 19:11:45 -0500 [24.173.132.66] [/home/u991737198/domains/tas2023.online/public_html/index.php:19] Base->run()
Thu, 30 Jan 2025 19:17:44 -0500 [24.173.132.66] 500: Undefined variable $selected_note trace: [/home/u991737198/domains/tas2023.online/public_html/tmp/3hn69l4qoa804.3g8shy2588w00.php:332]
Thu, 30 Jan 2025 19:17:44 -0500 [24.173.132.66] [/home/u991737198/domains/tas2023.online/public_html/tmp/3hn69l4qoa804.3g8shy2588w00.php:332] Base->{closure}()
Thu, 30 Jan 2025 19:17:44 -0500 [24.173.132.66] [/home/u991737198/domains/tas2023.online/public_html/lib/base.php:3036] require('/home/u991737198/domains/tas2023.online/public_html/tmp/3hn69l4qoa804.3g8shy2588w00.php')
Thu, 30 Jan 2025 19:17:44 -0500 [24.173.132.66] [/home/u991737198/domains/tas2023.online/public_html/lib/base.php:3281] View->sandbox()
Thu, 30 Jan 2025 19:17:44 -0500 [24.173.132.66] [/home/u991737198/domains/tas2023.online/public_html/tmp/3hn69l4qoa804.3h31n1yj254w8.php:7] Preview->render()
Thu, 30 Jan 2025 19:17:44 -0500 [24.173.132.66] [/home/u991737198/domains/tas2023.online/public_html/lib/base.php:3036] require('/home/u991737198/domains/tas2023.online/public_html/tmp/3hn69l4qoa804.3h31n1yj254w8.php')
Thu, 30 Jan 2025 19:17:44 -0500 [24.173.132.66] [/home/u991737198/domains/tas2023.online/public_html/lib/base.php:3281] View->sandbox()
Thu, 30 Jan 2025 19:17:44 -0500 [24.173.132.66] [/home/u991737198/domains/tas2023.online/public_html/app/controllers/Controller.php:87] Preview->render()
Thu, 30 Jan 2025 19:17:44 -0500 [24.173.132.66] [/home/u991737198/domains/tas2023.online/public_html/lib/base.php:2078] Controller->afterroute()
Thu, 30 Jan 2025 19:17:44 -0500 [24.173.132.66] [/home/u991737198/domains/tas2023.online/public_html/lib/base.php:1871] Base->call()
Thu, 30 Jan 2025 19:17:44 -0500 [24.173.132.66] [/home/u991737198/domains/tas2023.online/public_html/index.php:19] Base->run()
Thu, 30 Jan 2025 19:17:47 -0500 [24.173.132.66] 500: Undefined variable $selected_note trace: [/home/u991737198/domains/tas2023.online/public_html/tmp/3hn69l4qoa804.3g8shy2588w00.php:332]
Thu, 30 Jan 2025 19:17:47 -0500 [24.173.132.66] [/home/u991737198/domains/tas2023.online/public_html/tmp/3hn69l4qoa804.3g8shy2588w00.php:332] Base->{closure}()
Thu, 30 Jan 2025 19:17:47 -0500 [24.173.132.66] [/home/u991737198/domains/tas2023.online/public_html/lib/base.php:3036] require('/home/u991737198/domains/tas2023.online/public_html/tmp/3hn69l4qoa804.3g8shy2588w00.php')
Thu, 30 Jan 2025 19:17:47 -0500 [24.173.132.66] [/home/u991737198/domains/tas2023.online/public_html/lib/base.php:3281] View->sandbox()
Thu, 30 Jan 2025 19:17:47 -0500 [24.173.132.66] [/home/u991737198/domains/tas2023.online/public_html/tmp/3hn69l4qoa804.3h31n1yj254w8.php:7] Preview->render()
Thu, 30 Jan 2025 19:17:47 -0500 [24.173.132.66] [/home/u991737198/domains/tas2023.online/public_html/lib/base.php:3036] require('/home/u991737198/domains/tas2023.online/public_html/tmp/3hn69l4qoa804.3h31n1yj254w8.php')
Thu, 30 Jan 2025 19:17:47 -0500 [24.173.132.66] [/home/u991737198/domains/tas2023.online/public_html/lib/base.php:3281] View->sandbox()
Thu, 30 Jan 2025 19:17:47 -0500 [24.173.132.66] [/home/u991737198/domains/tas2023.online/public_html/app/controllers/Controller.php:87] Preview->render()
Thu, 30 Jan 2025 19:17:47 -0500 [24.173.132.66] [/home/u991737198/domains/tas2023.online/public_html/lib/base.php:2078] Controller->afterroute()
Thu, 30 Jan 2025 19:17:47 -0500 [24.173.132.66] [/home/u991737198/domains/tas2023.online/public_html/lib/base.php:1871] Base->call()
Thu, 30 Jan 2025 19:17:47 -0500 [24.173.132.66] [/home/u991737198/domains/tas2023.online/public_html/index.php:19] Base->run()
Thu, 30 Jan 2025 19:17:50 -0500 [24.173.132.66] 500: Undefined variable $selected_note trace: [/home/u991737198/domains/tas2023.online/public_html/tmp/3hn69l4qoa804.3g8shy2588w00.php:332]
Thu, 30 Jan 2025 19:17:50 -0500 [24.173.132.66] [/home/u991737198/domains/tas2023.online/public_html/tmp/3hn69l4qoa804.3g8shy2588w00.php:332] Base->{closure}()
Thu, 30 Jan 2025 19:17:50 -0500 [24.173.132.66] [/home/u991737198/domains/tas2023.online/public_html/lib/base.php:3036] require('/home/u991737198/domains/tas2023.online/public_html/tmp/3hn69l4qoa804.3g8shy2588w00.php')
Thu, 30 Jan 2025 19:17:50 -0500 [24.173.132.66] [/home/u991737198/domains/tas2023.online/public_html/lib/base.php:3281] View->sandbox()
Thu, 30 Jan 2025 19:17:50 -0500 [24.173.132.66] [/home/u991737198/domains/tas2023.online/public_html/tmp/3hn69l4qoa804.3h31n1yj254w8.php:7] Preview->render()
Thu, 30 Jan 2025 19:17:50 -0500 [24.173.132.66] [/home/u991737198/domains/tas2023.online/public_html/lib/base.php:3036] require('/home/u991737198/domains/tas2023.online/public_html/tmp/3hn69l4qoa804.3h31n1yj254w8.php')
Thu, 30 Jan 2025 19:17:50 -0500 [24.173.132.66] [/home/u991737198/domains/tas2023.online/public_html/lib/base.php:3281] View->sandbox()
Thu, 30 Jan 2025 19:17:50 -0500 [24.173.132.66] [/home/u991737198/domains/tas2023.online/public_html/app/controllers/Controller.php:87] Preview->render()
Thu, 30 Jan 2025 19:17:50 -0500 [24.173.132.66] [/home/u991737198/domains/tas2023.online/public_html/lib/base.php:2078] Controller->afterroute()
Thu, 30 Jan 2025 19:17:50 -0500 [24.173.132.66] [/home/u991737198/domains/tas2023.online/public_html/lib/base.php:1871] Base->call()
Thu, 30 Jan 2025 19:17:50 -0500 [24.173.132.66] [/home/u991737198/domains/tas2023.online/public_html/index.php:19] Base->run()
Thu, 30 Jan 2025 19:17:58 -0500 [24.173.132.66] 500: Undefined variable $selected_note trace: [/home/u991737198/domains/tas2023.online/public_html/tmp/3hn69l4qoa804.3g8shy2588w00.php:332]
Thu, 30 Jan 2025 19:17:58 -0500 [24.173.132.66] [/home/u991737198/domains/tas2023.online/public_html/tmp/3hn69l4qoa804.3g8shy2588w00.php:332] Base->{closure}()
Thu, 30 Jan 2025 19:17:58 -0500 [24.173.132.66] [/home/u991737198/domains/tas2023.online/public_html/lib/base.php:3036] require('/home/u991737198/domains/tas2023.online/public_html/tmp/3hn69l4qoa804.3g8shy2588w00.php')
Thu, 30 Jan 2025 19:17:58 -0500 [24.173.132.66] [/home/u991737198/domains/tas2023.online/public_html/lib/base.php:3281] View->sandbox()
Thu, 30 Jan 2025 19:17:58 -0500 [24.173.132.66] [/home/u991737198/domains/tas2023.online/public_html/tmp/3hn69l4qoa804.3h31n1yj254w8.php:7] Preview->render()
Thu, 30 Jan 2025 19:17:58 -0500 [24.173.132.66] [/home/u991737198/domains/tas2023.online/public_html/lib/base.php:3036] require('/home/u991737198/domains/tas2023.online/public_html/tmp/3hn69l4qoa804.3h31n1yj254w8.php')
Thu, 30 Jan 2025 19:17:58 -0500 [24.173.132.66] [/home/u991737198/domains/tas2023.online/public_html/lib/base.php:3281] View->sandbox()
Thu, 30 Jan 2025 19:17:58 -0500 [24.173.132.66] [/home/u991737198/domains/tas2023.online/public_html/app/controllers/Controller.php:87] Preview->render()
Thu, 30 Jan 2025 19:17:58 -0500 [24.173.132.66] [/home/u991737198/domains/tas2023.online/public_html/lib/base.php:2078] Controller->afterroute()
Thu, 30 Jan 2025 19:17:58 -0500 [24.173.132.66] [/home/u991737198/domains/tas2023.online/public_html/lib/base.php:1871] Base->call()
Thu, 30 Jan 2025 19:17:58 -0500 [24.173.132.66] [/home/u991737198/domains/tas2023.online/public_html/index.php:19] Base->run()
Thu, 30 Jan 2025 19:18:05 -0500 [24.173.132.66] 500: Undefined variable $selected_note trace: [/home/u991737198/domains/tas2023.online/public_html/tmp/3hn69l4qoa804.3g8shy2588w00.php:332]
Thu, 30 Jan 2025 19:18:05 -0500 [24.173.132.66] [/home/u991737198/domains/tas2023.online/public_html/tmp/3hn69l4qoa804.3g8shy2588w00.php:332] Base->{closure}()
Thu, 30 Jan 2025 19:18:05 -0500 [24.173.132.66] [/home/u991737198/domains/tas2023.online/public_html/lib/base.php:3036] require('/home/u991737198/domains/tas2023.online/public_html/tmp/3hn69l4qoa804.3g8shy2588w00.php')
Thu, 30 Jan 2025 19:18:05 -0500 [24.173.132.66] [/home/u991737198/domains/tas2023.online/public_html/lib/base.php:3281] View->sandbox()
Thu, 30 Jan 2025 19:18:05 -0500 [24.173.132.66] [/home/u991737198/domains/tas2023.online/public_html/tmp/3hn69l4qoa804.3h31n1yj254w8.php:7] Preview->render()
Thu, 30 Jan 2025 19:18:05 -0500 [24.173.132.66] [/home/u991737198/domains/tas2023.online/public_html/lib/base.php:3036] require('/home/u991737198/domains/tas2023.online/public_html/tmp/3hn69l4qoa804.3h31n1yj254w8.php')
Thu, 30 Jan 2025 19:18:05 -0500 [24.173.132.66] [/home/u991737198/domains/tas2023.online/public_html/lib/base.php:3281] View->sandbox()
Thu, 30 Jan 2025 19:18:05 -0500 [24.173.132.66] [/home/u991737198/domains/tas2023.online/public_html/app/controllers/Controller.php:87] Preview->render()
Thu, 30 Jan 2025 19:18:05 -0500 [24.173.132.66] [/home/u991737198/domains/tas2023.online/public_html/lib/base.php:2078] Controller->afterroute()
Thu, 30 Jan 2025 19:18:05 -0500 [24.173.132.66] [/home/u991737198/domains/tas2023.online/public_html/lib/base.php:1871] Base->call()
Thu, 30 Jan 2025 19:18:05 -0500 [24.173.132.66] [/home/u991737198/domains/tas2023.online/public_html/index.php:19] Base->run()
Thu, 30 Jan 2025 19:18:12 -0500 [24.173.132.66] 500: Undefined variable $selected_note trace: [/home/u991737198/domains/tas2023.online/public_html/tmp/3hn69l4qoa804.3g8shy2588w00.php:332]
Thu, 30 Jan 2025 19:18:12 -0500 [24.173.132.66] [/home/u991737198/domains/tas2023.online/public_html/tmp/3hn69l4qoa804.3g8shy2588w00.php:332] Base->{closure}()
Thu, 30 Jan 2025 19:18:12 -0500 [24.173.132.66] [/home/u991737198/domains/tas2023.online/public_html/lib/base.php:3036] require('/home/u991737198/domains/tas2023.online/public_html/tmp/3hn69l4qoa804.3g8shy2588w00.php')
Thu, 30 Jan 2025 19:18:12 -0500 [24.173.132.66] [/home/u991737198/domains/tas2023.online/public_html/lib/base.php:3281] View->sandbox()
Thu, 30 Jan 2025 19:18:12 -0500 [24.173.132.66] [/home/u991737198/domains/tas2023.online/public_html/tmp/3hn69l4qoa804.3h31n1yj254w8.php:7] Preview->render()
Thu, 30 Jan 2025 19:18:12 -0500 [24.173.132.66] [/home/u991737198/domains/tas2023.online/public_html/lib/base.php:3036] require('/home/u991737198/domains/tas2023.online/public_html/tmp/3hn69l4qoa804.3h31n1yj254w8.php')
Thu, 30 Jan 2025 19:18:12 -0500 [24.173.132.66] [/home/u991737198/domains/tas2023.online/public_html/lib/base.php:3281] View->sandbox()
Thu, 30 Jan 2025 19:18:12 -0500 [24.173.132.66] [/home/u991737198/domains/tas2023.online/public_html/app/controllers/Controller.php:87] Preview->render()
Thu, 30 Jan 2025 19:18:12 -0500 [24.173.132.66] [/home/u991737198/domains/tas2023.online/public_html/lib/base.php:2078] Controller->afterroute()
Thu, 30 Jan 2025 19:18:12 -0500 [24.173.132.66] [/home/u991737198/domains/tas2023.online/public_html/lib/base.php:1871] Base->call()
Thu, 30 Jan 2025 19:18:12 -0500 [24.173.132.66] [/home/u991737198/domains/tas2023.online/public_html/index.php:19] Base->run()
Thu, 30 Jan 2025 19:18:15 -0500 [24.173.132.66] 500: Undefined variable $selected_note trace: [/home/u991737198/domains/tas2023.online/public_html/tmp/3hn69l4qoa804.3g8shy2588w00.php:332]
Thu, 30 Jan 2025 19:18:15 -0500 [24.173.132.66] [/home/u991737198/domains/tas2023.online/public_html/tmp/3hn69l4qoa804.3g8shy2588w00.php:332] Base->{closure}()
Thu, 30 Jan 2025 19:18:15 -0500 [24.173.132.66] [/home/u991737198/domains/tas2023.online/public_html/lib/base.php:3036] require('/home/u991737198/domains/tas2023.online/public_html/tmp/3hn69l4qoa804.3g8shy2588w00.php')
Thu, 30 Jan 2025 19:18:15 -0500 [24.173.132.66] [/home/u991737198/domains/tas2023.online/public_html/lib/base.php:3281] View->sandbox()
Thu, 30 Jan 2025 19:18:15 -0500 [24.173.132.66] [/home/u991737198/domains/tas2023.online/public_html/tmp/3hn69l4qoa804.3h31n1yj254w8.php:7] Preview->render()
Thu, 30 Jan 2025 19:18:15 -0500 [24.173.132.66] [/home/u991737198/domains/tas2023.online/public_html/lib/base.php:3036] require('/home/u991737198/domains/tas2023.online/public_html/tmp/3hn69l4qoa804.3h31n1yj254w8.php')
Thu, 30 Jan 2025 19:18:15 -0500 [24.173.132.66] [/home/u991737198/domains/tas2023.online/public_html/lib/base.php:3281] View->sandbox()
Thu, 30 Jan 2025 19:18:15 -0500 [24.173.132.66] [/home/u991737198/domains/tas2023.online/public_html/app/controllers/Controller.php:87] Preview->render()
Thu, 30 Jan 2025 19:18:15 -0500 [24.173.132.66] [/home/u991737198/domains/tas2023.online/public_html/lib/base.php:2078] Controller->afterroute()
Thu, 30 Jan 2025 19:18:15 -0500 [24.173.132.66] [/home/u991737198/domains/tas2023.online/public_html/lib/base.php:1871] Base->call()
Thu, 30 Jan 2025 19:18:15 -0500 [24.173.132.66] [/home/u991737198/domains/tas2023.online/public_html/index.php:19] Base->run()
Thu, 30 Jan 2025 19:18:23 -0500 [24.173.132.66] 500: Undefined variable $selected_note trace: [/home/u991737198/domains/tas2023.online/public_html/tmp/3hn69l4qoa804.3g8shy2588w00.php:332]
Thu, 30 Jan 2025 19:18:23 -0500 [24.173.132.66] [/home/u991737198/domains/tas2023.online/public_html/tmp/3hn69l4qoa804.3g8shy2588w00.php:332] Base->{closure}()
Thu, 30 Jan 2025 19:18:23 -0500 [24.173.132.66] [/home/u991737198/domains/tas2023.online/public_html/lib/base.php:3036] require('/home/u991737198/domains/tas2023.online/public_html/tmp/3hn69l4qoa804.3g8shy2588w00.php')
Thu, 30 Jan 2025 19:18:23 -0500 [24.173.132.66] [/home/u991737198/domains/tas2023.online/public_html/lib/base.php:3281] View->sandbox()
Thu, 30 Jan 2025 19:18:23 -0500 [24.173.132.66] [/home/u991737198/domains/tas2023.online/public_html/tmp/3hn69l4qoa804.3h31n1yj254w8.php:7] Preview->render()
Thu, 30 Jan 2025 19:18:23 -0500 [24.173.132.66] [/home/u991737198/domains/tas2023.online/public_html/lib/base.php:3036] require('/home/u991737198/domains/tas2023.online/public_html/tmp/3hn69l4qoa804.3h31n1yj254w8.php')
Thu, 30 Jan 2025 19:18:23 -0500 [24.173.132.66] [/home/u991737198/domains/tas2023.online/public_html/lib/base.php:3281] View->sandbox()
Thu, 30 Jan 2025 19:18:23 -0500 [24.173.132.66] [/home/u991737198/domains/tas2023.online/public_html/app/controllers/Controller.php:87] Preview->render()
Thu, 30 Jan 2025 19:18:23 -0500 [24.173.132.66] [/home/u991737198/domains/tas2023.online/public_html/lib/base.php:2078] Controller->afterroute()
Thu, 30 Jan 2025 19:18:23 -0500 [24.173.132.66] [/home/u991737198/domains/tas2023.online/public_html/lib/base.php:1871] Base->call()
Thu, 30 Jan 2025 19:18:23 -0500 [24.173.132.66] [/home/u991737198/domains/tas2023.online/public_html/index.php:19] Base->run()
Thu, 30 Jan 2025 19:18:37 -0500 [24.173.132.66] 500: Undefined variable $selected_note trace: [/home/u991737198/domains/tas2023.online/public_html/tmp/3hn69l4qoa804.3g8shy2588w00.php:332]
Thu, 30 Jan 2025 19:18:37 -0500 [24.173.132.66] [/home/u991737198/domains/tas2023.online/public_html/tmp/3hn69l4qoa804.3g8shy2588w00.php:332] Base->{closure}()
Thu, 30 Jan 2025 19:18:37 -0500 [24.173.132.66] [/home/u991737198/domains/tas2023.online/public_html/lib/base.php:3036] require('/home/u991737198/domains/tas2023.online/public_html/tmp/3hn69l4qoa804.3g8shy2588w00.php')
Thu, 30 Jan 2025 19:18:37 -0500 [24.173.132.66] [/home/u991737198/domains/tas2023.online/public_html/lib/base.php:3281] View->sandbox()
Thu, 30 Jan 2025 19:18:37 -0500 [24.173.132.66] [/home/u991737198/domains/tas2023.online/public_html/tmp/3hn69l4qoa804.3h31n1yj254w8.php:7] Preview->render()
Thu, 30 Jan 2025 19:18:37 -0500 [24.173.132.66] [/home/u991737198/domains/tas2023.online/public_html/lib/base.php:3036] require('/home/u991737198/domains/tas2023.online/public_html/tmp/3hn69l4qoa804.3h31n1yj254w8.php')
Thu, 30 Jan 2025 19:18:37 -0500 [24.173.132.66] [/home/u991737198/domains/tas2023.online/public_html/lib/base.php:3281] View->sandbox()
Thu, 30 Jan 2025 19:18:37 -0500 [24.173.132.66] [/home/u991737198/domains/tas2023.online/public_html/app/controllers/Controller.php:87] Preview->render()
Thu, 30 Jan 2025 19:18:37 -0500 [24.173.132.66] [/home/u991737198/domains/tas2023.online/public_html/lib/base.php:2078] Controller->afterroute()
Thu, 30 Jan 2025 19:18:37 -0500 [24.173.132.66] [/home/u991737198/domains/tas2023.online/public_html/lib/base.php:1871] Base->call()
Thu, 30 Jan 2025 19:18:37 -0500 [24.173.132.66] [/home/u991737198/domains/tas2023.online/public_html/index.php:19] Base->run()
Thu, 30 Jan 2025 19:18:49 -0500 [24.173.132.66] 500: Undefined variable $selected_note trace: [/home/u991737198/domains/tas2023.online/public_html/tmp/3hn69l4qoa804.3g8shy2588w00.php:332]
Thu, 30 Jan 2025 19:18:49 -0500 [24.173.132.66] [/home/u991737198/domains/tas2023.online/public_html/tmp/3hn69l4qoa804.3g8shy2588w00.php:332] Base->{closure}()
Thu, 30 Jan 2025 19:18:49 -0500 [24.173.132.66] [/home/u991737198/domains/tas2023.online/public_html/lib/base.php:3036] require('/home/u991737198/domains/tas2023.online/public_html/tmp/3hn69l4qoa804.3g8shy2588w00.php')
Thu, 30 Jan 2025 19:18:49 -0500 [24.173.132.66] [/home/u991737198/domains/tas2023.online/public_html/lib/base.php:3281] View->sandbox()
Thu, 30 Jan 2025 19:18:49 -0500 [24.173.132.66] [/home/u991737198/domains/tas2023.online/public_html/tmp/3hn69l4qoa804.3h31n1yj254w8.php:7] Preview->render()
Thu, 30 Jan 2025 19:18:49 -0500 [24.173.132.66] [/home/u991737198/domains/tas2023.online/public_html/lib/base.php:3036] require('/home/u991737198/domains/tas2023.online/public_html/tmp/3hn69l4qoa804.3h31n1yj254w8.php')
Thu, 30 Jan 2025 19:18:49 -0500 [24.173.132.66] [/home/u991737198/domains/tas2023.online/public_html/lib/base.php:3281] View->sandbox()
Thu, 30 Jan 2025 19:18:49 -0500 [24.173.132.66] [/home/u991737198/domains/tas2023.online/public_html/app/controllers/Controller.php:87] Preview->render()
Thu, 30 Jan 2025 19:18:49 -0500 [24.173.132.66] [/home/u991737198/domains/tas2023.online/public_html/lib/base.php:2078] Controller->afterroute()
Thu, 30 Jan 2025 19:18:49 -0500 [24.173.132.66] [/home/u991737198/domains/tas2023.online/public_html/lib/base.php:1871] Base->call()
Thu, 30 Jan 2025 19:18:49 -0500 [24.173.132.66] [/home/u991737198/domains/tas2023.online/public_html/index.php:19] Base->run()
Thu, 30 Jan 2025 19:18:54 -0500 [24.173.132.66] 500: Undefined variable $selected_note trace: [/home/u991737198/domains/tas2023.online/public_html/tmp/3hn69l4qoa804.3g8shy2588w00.php:332]
Thu, 30 Jan 2025 19:18:54 -0500 [24.173.132.66] [/home/u991737198/domains/tas2023.online/public_html/tmp/3hn69l4qoa804.3g8shy2588w00.php:332] Base->{closure}()
Thu, 30 Jan 2025 19:18:54 -0500 [24.173.132.66] [/home/u991737198/domains/tas2023.online/public_html/lib/base.php:3036] require('/home/u991737198/domains/tas2023.online/public_html/tmp/3hn69l4qoa804.3g8shy2588w00.php')
Thu, 30 Jan 2025 19:18:54 -0500 [24.173.132.66] [/home/u991737198/domains/tas2023.online/public_html/lib/base.php:3281] View->sandbox()
Thu, 30 Jan 2025 19:18:54 -0500 [24.173.132.66] [/home/u991737198/domains/tas2023.online/public_html/tmp/3hn69l4qoa804.3h31n1yj254w8.php:7] Preview->render()
Thu, 30 Jan 2025 19:18:54 -0500 [24.173.132.66] [/home/u991737198/domains/tas2023.online/public_html/lib/base.php:3036] require('/home/u991737198/domains/tas2023.online/public_html/tmp/3hn69l4qoa804.3h31n1yj254w8.php')
Thu, 30 Jan 2025 19:18:54 -0500 [24.173.132.66] [/home/u991737198/domains/tas2023.online/public_html/lib/base.php:3281] View->sandbox()
Thu, 30 Jan 2025 19:18:54 -0500 [24.173.132.66] [/home/u991737198/domains/tas2023.online/public_html/app/controllers/Controller.php:87] Preview->render()
Thu, 30 Jan 2025 19:18:54 -0500 [24.173.132.66] [/home/u991737198/domains/tas2023.online/public_html/lib/base.php:2078] Controller->afterroute()
Thu, 30 Jan 2025 19:18:54 -0500 [24.173.132.66] [/home/u991737198/domains/tas2023.online/public_html/lib/base.php:1871] Base->call()
Thu, 30 Jan 2025 19:18:54 -0500 [24.173.132.66] [/home/u991737198/domains/tas2023.online/public_html/index.php:19] Base->run()
Thu, 30 Jan 2025 19:19:04 -0500 [24.173.132.66] 500: Undefined variable $selected_note trace: [/home/u991737198/domains/tas2023.online/public_html/tmp/3hn69l4qoa804.3g8shy2588w00.php:332]
Thu, 30 Jan 2025 19:19:04 -0500 [24.173.132.66] [/home/u991737198/domains/tas2023.online/public_html/tmp/3hn69l4qoa804.3g8shy2588w00.php:332] Base->{closure}()
Thu, 30 Jan 2025 19:19:04 -0500 [24.173.132.66] [/home/u991737198/domains/tas2023.online/public_html/lib/base.php:3036] require('/home/u991737198/domains/tas2023.online/public_html/tmp/3hn69l4qoa804.3g8shy2588w00.php')
Thu, 30 Jan 2025 19:19:04 -0500 [24.173.132.66] [/home/u991737198/domains/tas2023.online/public_html/lib/base.php:3281] View->sandbox()
Thu, 30 Jan 2025 19:19:04 -0500 [24.173.132.66] [/home/u991737198/domains/tas2023.online/public_html/tmp/3hn69l4qoa804.3h31n1yj254w8.php:7] Preview->render()
Thu, 30 Jan 2025 19:19:04 -0500 [24.173.132.66] [/home/u991737198/domains/tas2023.online/public_html/lib/base.php:3036] require('/home/u991737198/domains/tas2023.online/public_html/tmp/3hn69l4qoa804.3h31n1yj254w8.php')
Thu, 30 Jan 2025 19:19:04 -0500 [24.173.132.66] [/home/u991737198/domains/tas2023.online/public_html/lib/base.php:3281] View->sandbox()
Thu, 30 Jan 2025 19:19:04 -0500 [24.173.132.66] [/home/u991737198/domains/tas2023.online/public_html/app/controllers/Controller.php:87] Preview->render()
Thu, 30 Jan 2025 19:19:04 -0500 [24.173.132.66] [/home/u991737198/domains/tas2023.online/public_html/lib/base.php:2078] Controller->afterroute()
Thu, 30 Jan 2025 19:19:04 -0500 [24.173.132.66] [/home/u991737198/domains/tas2023.online/public_html/lib/base.php:1871] Base->call()
Thu, 30 Jan 2025 19:19:04 -0500 [24.173.132.66] [/home/u991737198/domains/tas2023.online/public_html/index.php:19] Base->run()
Thu, 30 Jan 2025 19:28:12 -0500 [24.173.132.66] 500: Undefined variable $selected_note trace: [/home/u991737198/domains/tas2023.online/public_html/tmp/3hn69l4qoa804.3g8shy2588w00.php:332]
Thu, 30 Jan 2025 19:28:12 -0500 [24.173.132.66] [/home/u991737198/domains/tas2023.online/public_html/tmp/3hn69l4qoa804.3g8shy2588w00.php:332] Base->{closure}()
Thu, 30 Jan 2025 19:28:12 -0500 [24.173.132.66] [/home/u991737198/domains/tas2023.online/public_html/lib/base.php:3036] require('/home/u991737198/domains/tas2023.online/public_html/tmp/3hn69l4qoa804.3g8shy2588w00.php')
Thu, 30 Jan 2025 19:28:12 -0500 [24.173.132.66] [/home/u991737198/domains/tas2023.online/public_html/lib/base.php:3281] View->sandbox()
Thu, 30 Jan 2025 19:28:12 -0500 [24.173.132.66] [/home/u991737198/domains/tas2023.online/public_html/tmp/3hn69l4qoa804.3h31n1yj254w8.php:7] Preview->render()
Thu, 30 Jan 2025 19:28:12 -0500 [24.173.132.66] [/home/u991737198/domains/tas2023.online/public_html/lib/base.php:3036] require('/home/u991737198/domains/tas2023.online/public_html/tmp/3hn69l4qoa804.3h31n1yj254w8.php')
Thu, 30 Jan 2025 19:28:12 -0500 [24.173.132.66] [/home/u991737198/domains/tas2023.online/public_html/lib/base.php:3281] View->sandbox()
Thu, 30 Jan 2025 19:28:12 -0500 [24.173.132.66] [/home/u991737198/domains/tas2023.online/public_html/app/controllers/Controller.php:87] Preview->render()
Thu, 30 Jan 2025 19:28:12 -0500 [24.173.132.66] [/home/u991737198/domains/tas2023.online/public_html/lib/base.php:2078] Controller->afterroute()
Thu, 30 Jan 2025 19:28:12 -0500 [24.173.132.66] [/home/u991737198/domains/tas2023.online/public_html/lib/base.php:1871] Base->call()
Thu, 30 Jan 2025 19:28:12 -0500 [24.173.132.66] [/home/u991737198/domains/tas2023.online/public_html/index.php:19] Base->run()
Thu, 30 Jan 2025 19:36:21 -0500 [24.173.132.66] 500: Undefined variable $selected_note trace: [/home/u991737198/domains/tas2023.online/public_html/tmp/3hn69l4qoa804.3g8shy2588w00.php:332]
Thu, 30 Jan 2025 19:36:21 -0500 [24.173.132.66] [/home/u991737198/domains/tas2023.online/public_html/tmp/3hn69l4qoa804.3g8shy2588w00.php:332] Base->{closure}()
Thu, 30 Jan 2025 19:36:21 -0500 [24.173.132.66] [/home/u991737198/domains/tas2023.online/public_html/lib/base.php:3036] require('/home/u991737198/domains/tas2023.online/public_html/tmp/3hn69l4qoa804.3g8shy2588w00.php')
Thu, 30 Jan 2025 19:36:21 -0500 [24.173.132.66] [/home/u991737198/domains/tas2023.online/public_html/lib/base.php:3281] View->sandbox()
Thu, 30 Jan 2025 19:36:21 -0500 [24.173.132.66] [/home/u991737198/domains/tas2023.online/public_html/tmp/3hn69l4qoa804.3h31n1yj254w8.php:7] Preview->render()
Thu, 30 Jan 2025 19:36:21 -0500 [24.173.132.66] [/home/u991737198/domains/tas2023.online/public_html/lib/base.php:3036] require('/home/u991737198/domains/tas2023.online/public_html/tmp/3hn69l4qoa804.3h31n1yj254w8.php')
Thu, 30 Jan 2025 19:36:21 -0500 [24.173.132.66] [/home/u991737198/domains/tas2023.online/public_html/lib/base.php:3281] View->sandbox()
Thu, 30 Jan 2025 19:36:21 -0500 [24.173.132.66] [/home/u991737198/domains/tas2023.online/public_html/app/controllers/Controller.php:87] Preview->render()
Thu, 30 Jan 2025 19:36:21 -0500 [24.173.132.66] [/home/u991737198/domains/tas2023.online/public_html/lib/base.php:2078] Controller->afterroute()
Thu, 30 Jan 2025 19:36:21 -0500 [24.173.132.66] [/home/u991737198/domains/tas2023.online/public_html/lib/base.php:1871] Base->call()
Thu, 30 Jan 2025 19:36:21 -0500 [24.173.132.66] [/home/u991737198/domains/tas2023.online/public_html/index.php:19] Base->run()
Thu, 30 Jan 2025 19:56:15 -0500 [24.173.132.66] 500: Undefined variable $selected_note trace: [/home/u991737198/domains/tas2023.online/public_html/tmp/3hn69l4qoa804.3g8shy2588w00.php:332]
Thu, 30 Jan 2025 19:56:15 -0500 [24.173.132.66] [/home/u991737198/domains/tas2023.online/public_html/tmp/3hn69l4qoa804.3g8shy2588w00.php:332] Base->{closure}()
Thu, 30 Jan 2025 19:56:15 -0500 [24.173.132.66] [/home/u991737198/domains/tas2023.online/public_html/lib/base.php:3036] require('/home/u991737198/domains/tas2023.online/public_html/tmp/3hn69l4qoa804.3g8shy2588w00.php')
Thu, 30 Jan 2025 19:56:15 -0500 [24.173.132.66] [/home/u991737198/domains/tas2023.online/public_html/lib/base.php:3281] View->sandbox()
Thu, 30 Jan 2025 19:56:15 -0500 [24.173.132.66] [/home/u991737198/domains/tas2023.online/public_html/tmp/3hn69l4qoa804.3h31n1yj254w8.php:7] Preview->render()
Thu, 30 Jan 2025 19:56:15 -0500 [24.173.132.66] [/home/u991737198/domains/tas2023.online/public_html/lib/base.php:3036] require('/home/u991737198/domains/tas2023.online/public_html/tmp/3hn69l4qoa804.3h31n1yj254w8.php')
Thu, 30 Jan 2025 19:56:15 -0500 [24.173.132.66] [/home/u991737198/domains/tas2023.online/public_html/lib/base.php:3281] View->sandbox()
Thu, 30 Jan 2025 19:56:15 -0500 [24.173.132.66] [/home/u991737198/domains/tas2023.online/public_html/app/controllers/Controller.php:87] Preview->render()
Thu, 30 Jan 2025 19:56:15 -0500 [24.173.132.66] [/home/u991737198/domains/tas2023.online/public_html/lib/base.php:2078] Controller->afterroute()
Thu, 30 Jan 2025 19:56:15 -0500 [24.173.132.66] [/home/u991737198/domains/tas2023.online/public_html/lib/base.php:1871] Base->call()
Thu, 30 Jan 2025 19:56:15 -0500 [24.173.132.66] [/home/u991737198/domains/tas2023.online/public_html/index.php:19] Base->run()
Thu, 30 Jan 2025 19:58:43 -0500 [24.173.132.66] 500: Undefined variable $selected_note trace: [/home/u991737198/domains/tas2023.online/public_html/tmp/3hn69l4qoa804.3g8shy2588w00.php:332]
Thu, 30 Jan 2025 19:58:43 -0500 [24.173.132.66] [/home/u991737198/domains/tas2023.online/public_html/tmp/3hn69l4qoa804.3g8shy2588w00.php:332] Base->{closure}()
Thu, 30 Jan 2025 19:58:43 -0500 [24.173.132.66] [/home/u991737198/domains/tas2023.online/public_html/lib/base.php:3036] require('/home/u991737198/domains/tas2023.online/public_html/tmp/3hn69l4qoa804.3g8shy2588w00.php')
Thu, 30 Jan 2025 19:58:43 -0500 [24.173.132.66] [/home/u991737198/domains/tas2023.online/public_html/lib/base.php:3281] View->sandbox()
Thu, 30 Jan 2025 19:58:43 -0500 [24.173.132.66] [/home/u991737198/domains/tas2023.online/public_html/tmp/3hn69l4qoa804.3h31n1yj254w8.php:7] Preview->render()
Thu, 30 Jan 2025 19:58:43 -0500 [24.173.132.66] [/home/u991737198/domains/tas2023.online/public_html/lib/base.php:3036] require('/home/u991737198/domains/tas2023.online/public_html/tmp/3hn69l4qoa804.3h31n1yj254w8.php')
Thu, 30 Jan 2025 19:58:43 -0500 [24.173.132.66] [/home/u991737198/domains/tas2023.online/public_html/lib/base.php:3281] View->sandbox()
Thu, 30 Jan 2025 19:58:43 -0500 [24.173.132.66] [/home/u991737198/domains/tas2023.online/public_html/app/controllers/Controller.php:87] Preview->render()
Thu, 30 Jan 2025 19:58:43 -0500 [24.173.132.66] [/home/u991737198/domains/tas2023.online/public_html/lib/base.php:2078] Controller->afterroute()
Thu, 30 Jan 2025 19:58:43 -0500 [24.173.132.66] [/home/u991737198/domains/tas2023.online/public_html/lib/base.php:1871] Base->call()
Thu, 30 Jan 2025 19:58:43 -0500 [24.173.132.66] [/home/u991737198/domains/tas2023.online/public_html/index.php:19] Base->run()
Thu, 30 Jan 2025 22:53:45 -0500 [2603:9000:f801:55e2:68a0:f75f:5118:f11f] 401: HTTP 401 (GET /task/taskData) trace: [/home/u991737198/domains/tas2023.online/public_html/lib/access.php:112] Base->error()
Thu, 30 Jan 2025 22:53:45 -0500 [2603:9000:f801:55e2:68a0:f75f:5118:f11f] [/home/u991737198/domains/tas2023.online/public_html/app/controllers/Controller.php:78] Access->authorize()
Thu, 30 Jan 2025 22:53:45 -0500 [2603:9000:f801:55e2:68a0:f75f:5118:f11f] [/home/u991737198/domains/tas2023.online/public_html/lib/base.php:2069] Controller->beforeroute()
Thu, 30 Jan 2025 22:53:45 -0500 [2603:9000:f801:55e2:68a0:f75f:5118:f11f] [/home/u991737198/domains/tas2023.online/public_html/lib/base.php:1871] Base->call()
Thu, 30 Jan 2025 22:53:45 -0500 [2603:9000:f801:55e2:68a0:f75f:5118:f11f] [/home/u991737198/domains/tas2023.online/public_html/index.php:19] Base->run()
Thu, 30 Jan 2025 22:53:45 -0500 [2603:9000:f801:55e2:68a0:f75f:5118:f11f] 401: HTTP 401 (GET /task/taskDistribution) trace: [/home/u991737198/domains/tas2023.online/public_html/lib/access.php:112] Base->error()
Thu, 30 Jan 2025 22:53:45 -0500 [2603:9000:f801:55e2:68a0:f75f:5118:f11f] [/home/u991737198/domains/tas2023.online/public_html/app/controllers/Controller.php:78] Access->authorize()
Thu, 30 Jan 2025 22:53:45 -0500 [2603:9000:f801:55e2:68a0:f75f:5118:f11f] [/home/u991737198/domains/tas2023.online/public_html/lib/base.php:2069] Controller->beforeroute()
Thu, 30 Jan 2025 22:53:45 -0500 [2603:9000:f801:55e2:68a0:f75f:5118:f11f] [/home/u991737198/domains/tas2023.online/public_html/lib/base.php:1871] Base->call()
Thu, 30 Jan 2025 22:53:45 -0500 [2603:9000:f801:55e2:68a0:f75f:5118:f11f] [/home/u991737198/domains/tas2023.online/public_html/index.php:19] Base->run()
Thu, 30 Jan 2025 22:53:50 -0500 [2603:9000:f801:55e2:68a0:f75f:5118:f11f] 401: HTTP 401 (GET /task/taskDistribution) trace: [/home/u991737198/domains/tas2023.online/public_html/lib/access.php:112] Base->error()
Thu, 30 Jan 2025 22:53:50 -0500 [2603:9000:f801:55e2:68a0:f75f:5118:f11f] [/home/u991737198/domains/tas2023.online/public_html/app/controllers/Controller.php:78] Access->authorize()
Thu, 30 Jan 2025 22:53:50 -0500 [2603:9000:f801:55e2:68a0:f75f:5118:f11f] [/home/u991737198/domains/tas2023.online/public_html/lib/base.php:2069] Controller->beforeroute()
Thu, 30 Jan 2025 22:53:50 -0500 [2603:9000:f801:55e2:68a0:f75f:5118:f11f] [/home/u991737198/domains/tas2023.online/public_html/lib/base.php:1871] Base->call()
Thu, 30 Jan 2025 22:53:50 -0500 [2603:9000:f801:55e2:68a0:f75f:5118:f11f] [/home/u991737198/domains/tas2023.online/public_html/index.php:19] Base->run()
Thu, 30 Jan 2025 22:53:50 -0500 [2603:9000:f801:55e2:68a0:f75f:5118:f11f] 401: HTTP 401 (GET /task/taskData) trace: [/home/u991737198/domains/tas2023.online/public_html/lib/access.php:112] Base->error()
Thu, 30 Jan 2025 22:53:50 -0500 [2603:9000:f801:55e2:68a0:f75f:5118:f11f] [/home/u991737198/domains/tas2023.online/public_html/app/controllers/Controller.php:78] Access->authorize()
Thu, 30 Jan 2025 22:53:50 -0500 [2603:9000:f801:55e2:68a0:f75f:5118:f11f] [/home/u991737198/domains/tas2023.online/public_html/lib/base.php:2069] Controller->beforeroute()
Thu, 30 Jan 2025 22:53:50 -0500 [2603:9000:f801:55e2:68a0:f75f:5118:f11f] [/home/u991737198/domains/tas2023.online/public_html/lib/base.php:1871] Base->call()
Thu, 30 Jan 2025 22:53:50 -0500 [2603:9000:f801:55e2:68a0:f75f:5118:f11f] [/home/u991737198/domains/tas2023.online/public_html/index.php:19] Base->run()
Thu, 30 Jan 2025 22:54:14 -0500 [2603:9000:f801:55e2:68a0:f75f:5118:f11f] 500: Undefined variable $selected_note trace: [/home/u991737198/domains/tas2023.online/public_html/tmp/3hn69l4qoa804.3g8shy2588w00.php:332]
Thu, 30 Jan 2025 22:54:14 -0500 [2603:9000:f801:55e2:68a0:f75f:5118:f11f] [/home/u991737198/domains/tas2023.online/public_html/tmp/3hn69l4qoa804.3g8shy2588w00.php:332] Base->{closure}()
Thu, 30 Jan 2025 22:54:14 -0500 [2603:9000:f801:55e2:68a0:f75f:5118:f11f] [/home/u991737198/domains/tas2023.online/public_html/lib/base.php:3036] require('/home/u991737198/domains/tas2023.online/public_html/tmp/3hn69l4qoa804.3g8shy2588w00.php')
Thu, 30 Jan 2025 22:54:14 -0500 [2603:9000:f801:55e2:68a0:f75f:5118:f11f] [/home/u991737198/domains/tas2023.online/public_html/lib/base.php:3281] View->sandbox()
Thu, 30 Jan 2025 22:54:14 -0500 [2603:9000:f801:55e2:68a0:f75f:5118:f11f] [/home/u991737198/domains/tas2023.online/public_html/tmp/3hn69l4qoa804.3h31n1yj254w8.php:7] Preview->render()
Thu, 30 Jan 2025 22:54:14 -0500 [2603:9000:f801:55e2:68a0:f75f:5118:f11f] [/home/u991737198/domains/tas2023.online/public_html/lib/base.php:3036] require('/home/u991737198/domains/tas2023.online/public_html/tmp/3hn69l4qoa804.3h31n1yj254w8.php')
Thu, 30 Jan 2025 22:54:14 -0500 [2603:9000:f801:55e2:68a0:f75f:5118:f11f] [/home/u991737198/domains/tas2023.online/public_html/lib/base.php:3281] View->sandbox()
Thu, 30 Jan 2025 22:54:14 -0500 [2603:9000:f801:55e2:68a0:f75f:5118:f11f] [/home/u991737198/domains/tas2023.online/public_html/app/controllers/Controller.php:87] Preview->render()
Thu, 30 Jan 2025 22:54:14 -0500 [2603:9000:f801:55e2:68a0:f75f:5118:f11f] [/home/u991737198/domains/tas2023.online/public_html/lib/base.php:2078] Controller->afterroute()
Thu, 30 Jan 2025 22:54:14 -0500 [2603:9000:f801:55e2:68a0:f75f:5118:f11f] [/home/u991737198/domains/tas2023.online/public_html/lib/base.php:1871] Base->call()
Thu, 30 Jan 2025 22:54:14 -0500 [2603:9000:f801:55e2:68a0:f75f:5118:f11f] [/home/u991737198/domains/tas2023.online/public_html/index.php:19] Base->run()
Thu, 30 Jan 2025 23:14:24 -0500 [2603:9000:f801:55e2:68a0:f75f:5118:f11f] 500: Undefined variable $selected_note trace: [/home/u991737198/domains/tas2023.online/public_html/tmp/3hn69l4qoa804.3g8shy2588w00.php:332]
Thu, 30 Jan 2025 23:14:24 -0500 [2603:9000:f801:55e2:68a0:f75f:5118:f11f] [/home/u991737198/domains/tas2023.online/public_html/tmp/3hn69l4qoa804.3g8shy2588w00.php:332] Base->{closure}()
Thu, 30 Jan 2025 23:14:24 -0500 [2603:9000:f801:55e2:68a0:f75f:5118:f11f] [/home/u991737198/domains/tas2023.online/public_html/lib/base.php:3036] require('/home/u991737198/domains/tas2023.online/public_html/tmp/3hn69l4qoa804.3g8shy2588w00.php')
Thu, 30 Jan 2025 23:14:24 -0500 [2603:9000:f801:55e2:68a0:f75f:5118:f11f] [/home/u991737198/domains/tas2023.online/public_html/lib/base.php:3281] View->sandbox()
Thu, 30 Jan 2025 23:14:24 -0500 [2603:9000:f801:55e2:68a0:f75f:5118:f11f] [/home/u991737198/domains/tas2023.online/public_html/tmp/3hn69l4qoa804.3h31n1yj254w8.php:7] Preview->render()
Thu, 30 Jan 2025 23:14:24 -0500 [2603:9000:f801:55e2:68a0:f75f:5118:f11f] [/home/u991737198/domains/tas2023.online/public_html/lib/base.php:3036] require('/home/u991737198/domains/tas2023.online/public_html/tmp/3hn69l4qoa804.3h31n1yj254w8.php')
Thu, 30 Jan 2025 23:14:24 -0500 [2603:9000:f801:55e2:68a0:f75f:5118:f11f] [/home/u991737198/domains/tas2023.online/public_html/lib/base.php:3281] View->sandbox()
Thu, 30 Jan 2025 23:14:24 -0500 [2603:9000:f801:55e2:68a0:f75f:5118:f11f] [/home/u991737198/domains/tas2023.online/public_html/app/controllers/Controller.php:87] Preview->render()
Thu, 30 Jan 2025 23:14:24 -0500 [2603:9000:f801:55e2:68a0:f75f:5118:f11f] [/home/u991737198/domains/tas2023.online/public_html/lib/base.php:2078] Controller->afterroute()
Thu, 30 Jan 2025 23:14:24 -0500 [2603:9000:f801:55e2:68a0:f75f:5118:f11f] [/home/u991737198/domains/tas2023.online/public_html/lib/base.php:1871] Base->call()
Thu, 30 Jan 2025 23:14:24 -0500 [2603:9000:f801:55e2:68a0:f75f:5118:f11f] [/home/u991737198/domains/tas2023.online/public_html/index.php:19] Base->run()
Thu, 30 Jan 2025 23:22:37 -0500 [2603:9000:f801:55e2:68a0:f75f:5118:f11f] 500: Undefined variable $selected_note trace: [/home/u991737198/domains/tas2023.online/public_html/tmp/3hn69l4qoa804.3g8shy2588w00.php:333]
Thu, 30 Jan 2025 23:22:37 -0500 [2603:9000:f801:55e2:68a0:f75f:5118:f11f] [/home/u991737198/domains/tas2023.online/public_html/tmp/3hn69l4qoa804.3g8shy2588w00.php:333] Base->{closure}()
Thu, 30 Jan 2025 23:22:37 -0500 [2603:9000:f801:55e2:68a0:f75f:5118:f11f] [/home/u991737198/domains/tas2023.online/public_html/lib/base.php:3036] require('/home/u991737198/domains/tas2023.online/public_html/tmp/3hn69l4qoa804.3g8shy2588w00.php')
Thu, 30 Jan 2025 23:22:37 -0500 [2603:9000:f801:55e2:68a0:f75f:5118:f11f] [/home/u991737198/domains/tas2023.online/public_html/lib/base.php:3281] View->sandbox()
Thu, 30 Jan 2025 23:22:37 -0500 [2603:9000:f801:55e2:68a0:f75f:5118:f11f] [/home/u991737198/domains/tas2023.online/public_html/tmp/3hn69l4qoa804.3h31n1yj254w8.php:7] Preview->render()
Thu, 30 Jan 2025 23:22:37 -0500 [2603:9000:f801:55e2:68a0:f75f:5118:f11f] [/home/u991737198/domains/tas2023.online/public_html/lib/base.php:3036] require('/home/u991737198/domains/tas2023.online/public_html/tmp/3hn69l4qoa804.3h31n1yj254w8.php')
Thu, 30 Jan 2025 23:22:37 -0500 [2603:9000:f801:55e2:68a0:f75f:5118:f11f] [/home/u991737198/domains/tas2023.online/public_html/lib/base.php:3281] View->sandbox()
Thu, 30 Jan 2025 23:22:37 -0500 [2603:9000:f801:55e2:68a0:f75f:5118:f11f] [/home/u991737198/domains/tas2023.online/public_html/app/controllers/Controller.php:87] Preview->render()
Thu, 30 Jan 2025 23:22:37 -0500 [2603:9000:f801:55e2:68a0:f75f:5118:f11f] [/home/u991737198/domains/tas2023.online/public_html/lib/base.php:2078] Controller->afterroute()
Thu, 30 Jan 2025 23:22:37 -0500 [2603:9000:f801:55e2:68a0:f75f:5118:f11f] [/home/u991737198/domains/tas2023.online/public_html/lib/base.php:1871] Base->call()
Thu, 30 Jan 2025 23:22:37 -0500 [2603:9000:f801:55e2:68a0:f75f:5118:f11f] [/home/u991737198/domains/tas2023.online/public_html/index.php:19] Base->run()
Thu, 30 Jan 2025 23:23:26 -0500 [2603:9000:f801:55e2:68a0:f75f:5118:f11f] 500: Undefined variable $selected_note trace: [/home/u991737198/domains/tas2023.online/public_html/tmp/3hn69l4qoa804.3g8shy2588w00.php:333]
Thu, 30 Jan 2025 23:23:26 -0500 [2603:9000:f801:55e2:68a0:f75f:5118:f11f] [/home/u991737198/domains/tas2023.online/public_html/tmp/3hn69l4qoa804.3g8shy2588w00.php:333] Base->{closure}()
Thu, 30 Jan 2025 23:23:26 -0500 [2603:9000:f801:55e2:68a0:f75f:5118:f11f] [/home/u991737198/domains/tas2023.online/public_html/lib/base.php:3036] require('/home/u991737198/domains/tas2023.online/public_html/tmp/3hn69l4qoa804.3g8shy2588w00.php')
Thu, 30 Jan 2025 23:23:26 -0500 [2603:9000:f801:55e2:68a0:f75f:5118:f11f] [/home/u991737198/domains/tas2023.online/public_html/lib/base.php:3281] View->sandbox()
Thu, 30 Jan 2025 23:23:26 -0500 [2603:9000:f801:55e2:68a0:f75f:5118:f11f] [/home/u991737198/domains/tas2023.online/public_html/tmp/3hn69l4qoa804.3h31n1yj254w8.php:7] Preview->render()
Thu, 30 Jan 2025 23:23:26 -0500 [2603:9000:f801:55e2:68a0:f75f:5118:f11f] [/home/u991737198/domains/tas2023.online/public_html/lib/base.php:3036] require('/home/u991737198/domains/tas2023.online/public_html/tmp/3hn69l4qoa804.3h31n1yj254w8.php')
Thu, 30 Jan 2025 23:23:26 -0500 [2603:9000:f801:55e2:68a0:f75f:5118:f11f] [/home/u991737198/domains/tas2023.online/public_html/lib/base.php:3281] View->sandbox()
Thu, 30 Jan 2025 23:23:26 -0500 [2603:9000:f801:55e2:68a0:f75f:5118:f11f] [/home/u991737198/domains/tas2023.online/public_html/app/controllers/Controller.php:87] Preview->render()
Thu, 30 Jan 2025 23:23:26 -0500 [2603:9000:f801:55e2:68a0:f75f:5118:f11f] [/home/u991737198/domains/tas2023.online/public_html/lib/base.php:2078] Controller->afterroute()
Thu, 30 Jan 2025 23:23:26 -0500 [2603:9000:f801:55e2:68a0:f75f:5118:f11f] [/home/u991737198/domains/tas2023.online/public_html/lib/base.php:1871] Base->call()
Thu, 30 Jan 2025 23:23:26 -0500 [2603:9000:f801:55e2:68a0:f75f:5118:f11f] [/home/u991737198/domains/tas2023.online/public_html/index.php:19] Base->run()
Thu, 30 Jan 2025 23:47:42 -0500 [2603:9000:f801:55e2:68a0:f75f:5118:f11f] 500: Undefined variable $selected_note trace: [/home/u991737198/domains/tas2023.online/public_html/tmp/3hn69l4qoa804.3g8shy2588w00.php:333]
Thu, 30 Jan 2025 23:47:42 -0500 [2603:9000:f801:55e2:68a0:f75f:5118:f11f] [/home/u991737198/domains/tas2023.online/public_html/tmp/3hn69l4qoa804.3g8shy2588w00.php:333] Base->{closure}()
Thu, 30 Jan 2025 23:47:42 -0500 [2603:9000:f801:55e2:68a0:f75f:5118:f11f] [/home/u991737198/domains/tas2023.online/public_html/lib/base.php:3036] require('/home/u991737198/domains/tas2023.online/public_html/tmp/3hn69l4qoa804.3g8shy2588w00.php')
Thu, 30 Jan 2025 23:47:42 -0500 [2603:9000:f801:55e2:68a0:f75f:5118:f11f] [/home/u991737198/domains/tas2023.online/public_html/lib/base.php:3281] View->sandbox()
Thu, 30 Jan 2025 23:47:42 -0500 [2603:9000:f801:55e2:68a0:f75f:5118:f11f] [/home/u991737198/domains/tas2023.online/public_html/tmp/3hn69l4qoa804.3h31n1yj254w8.php:7] Preview->render()
Thu, 30 Jan 2025 23:47:42 -0500 [2603:9000:f801:55e2:68a0:f75f:5118:f11f] [/home/u991737198/domains/tas2023.online/public_html/lib/base.php:3036] require('/home/u991737198/domains/tas2023.online/public_html/tmp/3hn69l4qoa804.3h31n1yj254w8.php')
Thu, 30 Jan 2025 23:47:42 -0500 [2603:9000:f801:55e2:68a0:f75f:5118:f11f] [/home/u991737198/domains/tas2023.online/public_html/lib/base.php:3281] View->sandbox()
Thu, 30 Jan 2025 23:47:42 -0500 [2603:9000:f801:55e2:68a0:f75f:5118:f11f] [/home/u991737198/domains/tas2023.online/public_html/app/controllers/Controller.php:87] Preview->render()
Thu, 30 Jan 2025 23:47:42 -0500 [2603:9000:f801:55e2:68a0:f75f:5118:f11f] [/home/u991737198/domains/tas2023.online/public_html/lib/base.php:2078] Controller->afterroute()
Thu, 30 Jan 2025 23:47:42 -0500 [2603:9000:f801:55e2:68a0:f75f:5118:f11f] [/home/u991737198/domains/tas2023.online/public_html/lib/base.php:1871] Base->call()
Thu, 30 Jan 2025 23:47:42 -0500 [2603:9000:f801:55e2:68a0:f75f:5118:f11f] [/home/u991737198/domains/tas2023.online/public_html/index.php:19] Base->run()
Thu, 30 Jan 2025 23:58:07 -0500 [2603:9000:f801:55e2:68a0:f75f:5118:f11f] 500: Undefined variable $selected_note trace: [/home/u991737198/domains/tas2023.online/public_html/tmp/3hn69l4qoa804.3g8shy2588w00.php:353]
Thu, 30 Jan 2025 23:58:07 -0500 [2603:9000:f801:55e2:68a0:f75f:5118:f11f] [/home/u991737198/domains/tas2023.online/public_html/tmp/3hn69l4qoa804.3g8shy2588w00.php:353] Base->{closure}()
Thu, 30 Jan 2025 23:58:07 -0500 [2603:9000:f801:55e2:68a0:f75f:5118:f11f] [/home/u991737198/domains/tas2023.online/public_html/lib/base.php:3036] require('/home/u991737198/domains/tas2023.online/public_html/tmp/3hn69l4qoa804.3g8shy2588w00.php')
Thu, 30 Jan 2025 23:58:07 -0500 [2603:9000:f801:55e2:68a0:f75f:5118:f11f] [/home/u991737198/domains/tas2023.online/public_html/lib/base.php:3281] View->sandbox()
Thu, 30 Jan 2025 23:58:07 -0500 [2603:9000:f801:55e2:68a0:f75f:5118:f11f] [/home/u991737198/domains/tas2023.online/public_html/tmp/3hn69l4qoa804.3h31n1yj254w8.php:7] Preview->render()
Thu, 30 Jan 2025 23:58:07 -0500 [2603:9000:f801:55e2:68a0:f75f:5118:f11f] [/home/u991737198/domains/tas2023.online/public_html/lib/base.php:3036] require('/home/u991737198/domains/tas2023.online/public_html/tmp/3hn69l4qoa804.3h31n1yj254w8.php')
Thu, 30 Jan 2025 23:58:07 -0500 [2603:9000:f801:55e2:68a0:f75f:5118:f11f] [/home/u991737198/domains/tas2023.online/public_html/lib/base.php:3281] View->sandbox()
Thu, 30 Jan 2025 23:58:07 -0500 [2603:9000:f801:55e2:68a0:f75f:5118:f11f] [/home/u991737198/domains/tas2023.online/public_html/app/controllers/Controller.php:87] Preview->render()
Thu, 30 Jan 2025 23:58:07 -0500 [2603:9000:f801:55e2:68a0:f75f:5118:f11f] [/home/u991737198/domains/tas2023.online/public_html/lib/base.php:2078] Controller->afterroute()
Thu, 30 Jan 2025 23:58:07 -0500 [2603:9000:f801:55e2:68a0:f75f:5118:f11f] [/home/u991737198/domains/tas2023.online/public_html/lib/base.php:1871] Base->call()
Thu, 30 Jan 2025 23:58:07 -0500 [2603:9000:f801:55e2:68a0:f75f:5118:f11f] [/home/u991737198/domains/tas2023.online/public_html/index.php:19] Base->run()
