Tue, 21 Oct 2025 03:27:48 +0000 [5.135.82.149] 500: strcmp(): Passing null to parameter #1 ($string1) of type string is deprecated trace: [app/controllers/UserController.php:73]
Tue, 21 Oct 2025 03:27:48 +0000 [5.135.82.149] [app/controllers/UserController.php:73] strcmp()
Tue, 21 Oct 2025 03:27:48 +0000 [5.135.82.149] [lib/base.php:2072] UserController->confirm_registration()
Tue, 21 Oct 2025 03:27:48 +0000 [5.135.82.149] [lib/base.php:1871] Base->call()
Tue, 21 Oct 2025 03:27:48 +0000 [5.135.82.149] [index.php:19] Base->run()
Tue, 21 Oct 2025 12:22:04 +0000 [2607:fb92:1c86:f83a:9195:f4a6:bbee:4309] 500: Undefined variable $entity_num trace: [tmp/3hn69l4qoa804.1zo7dt0fljr4w.php:200]
Tue, 21 Oct 2025 12:22:04 +0000 [2607:fb92:1c86:f83a:9195:f4a6:bbee:4309] [tmp/3hn69l4qoa804.1zo7dt0fljr4w.php:200] Base->{closure}()
Tue, 21 Oct 2025 12:22:04 +0000 [2607:fb92:1c86:f83a:9195:f4a6:bbee:4309] [lib/base.php:3036] require('/home/u991737198/domains/tas2023.online/public_html/tmp/3hn69l4qoa804.1zo7dt0fljr4w.php')
Tue, 21 Oct 2025 12:22:04 +0000 [2607:fb92:1c86:f83a:9195:f4a6:bbee:4309] [lib/base.php:3281] View->sandbox()
Tue, 21 Oct 2025 12:22:04 +0000 [2607:fb92:1c86:f83a:9195:f4a6:bbee:4309] [tmp/3hn69l4qoa804.3h31n1yj254w8.php:7] Preview->render()
Tue, 21 Oct 2025 12:22:04 +0000 [2607:fb92:1c86:f83a:9195:f4a6:bbee:4309] [lib/base.php:3036] require('/home/u991737198/domains/tas2023.online/public_html/tmp/3hn69l4qoa804.3h31n1yj254w8.php')
Tue, 21 Oct 2025 12:22:04 +0000 [2607:fb92:1c86:f83a:9195:f4a6:bbee:4309] [lib/base.php:3281] View->sandbox()
Tue, 21 Oct 2025 12:22:04 +0000 [2607:fb92:1c86:f83a:9195:f4a6:bbee:4309] [app/controllers/Controller.php:87] Preview->render()
Tue, 21 Oct 2025 12:22:04 +0000 [2607:fb92:1c86:f83a:9195:f4a6:bbee:4309] [lib/base.php:2078] Controller->afterroute()
Tue, 21 Oct 2025 12:22:04 +0000 [2607:fb92:1c86:f83a:9195:f4a6:bbee:4309] [lib/base.php:1871] Base->call()
Tue, 21 Oct 2025 12:22:04 +0000 [2607:fb92:1c86:f83a:9195:f4a6:bbee:4309] [index.php:19] Base->run()
Tue, 21 Oct 2025 12:22:44 +0000 [2607:fb92:1c86:f83a:9195:f4a6:bbee:4309] 500: Undefined variable $entity_num trace: [tmp/3hn69l4qoa804.1zo7dt0fljr4w.php:200]
Tue, 21 Oct 2025 12:22:44 +0000 [2607:fb92:1c86:f83a:9195:f4a6:bbee:4309] [tmp/3hn69l4qoa804.1zo7dt0fljr4w.php:200] Base->{closure}()
Tue, 21 Oct 2025 12:22:44 +0000 [2607:fb92:1c86:f83a:9195:f4a6:bbee:4309] [lib/base.php:3036] require('/home/u991737198/domains/tas2023.online/public_html/tmp/3hn69l4qoa804.1zo7dt0fljr4w.php')
Tue, 21 Oct 2025 12:22:44 +0000 [2607:fb92:1c86:f83a:9195:f4a6:bbee:4309] [lib/base.php:3281] View->sandbox()
Tue, 21 Oct 2025 12:22:44 +0000 [2607:fb92:1c86:f83a:9195:f4a6:bbee:4309] [tmp/3hn69l4qoa804.3h31n1yj254w8.php:7] Preview->render()
Tue, 21 Oct 2025 12:22:44 +0000 [2607:fb92:1c86:f83a:9195:f4a6:bbee:4309] [lib/base.php:3036] require('/home/u991737198/domains/tas2023.online/public_html/tmp/3hn69l4qoa804.3h31n1yj254w8.php')
Tue, 21 Oct 2025 12:22:44 +0000 [2607:fb92:1c86:f83a:9195:f4a6:bbee:4309] [lib/base.php:3281] View->sandbox()
Tue, 21 Oct 2025 12:22:44 +0000 [2607:fb92:1c86:f83a:9195:f4a6:bbee:4309] [app/controllers/Controller.php:87] Preview->render()
Tue, 21 Oct 2025 12:22:44 +0000 [2607:fb92:1c86:f83a:9195:f4a6:bbee:4309] [lib/base.php:2078] Controller->afterroute()
Tue, 21 Oct 2025 12:22:44 +0000 [2607:fb92:1c86:f83a:9195:f4a6:bbee:4309] [lib/base.php:1871] Base->call()
Tue, 21 Oct 2025 12:22:44 +0000 [2607:fb92:1c86:f83a:9195:f4a6:bbee:4309] [index.php:19] Base->run()
Tue, 21 Oct 2025 12:22:48 +0000 [2607:fb92:1c86:f83a:9195:f4a6:bbee:4309] 500: Undefined variable $entity_num trace: [tmp/3hn69l4qoa804.man4oes5p0l2.php:177]
Tue, 21 Oct 2025 12:22:48 +0000 [2607:fb92:1c86:f83a:9195:f4a6:bbee:4309] [tmp/3hn69l4qoa804.man4oes5p0l2.php:177] Base->{closure}()
Tue, 21 Oct 2025 12:22:48 +0000 [2607:fb92:1c86:f83a:9195:f4a6:bbee:4309] [lib/base.php:3036] require('/home/u991737198/domains/tas2023.online/public_html/tmp/3hn69l4qoa804.man4oes5p0l2.php')
Tue, 21 Oct 2025 12:22:48 +0000 [2607:fb92:1c86:f83a:9195:f4a6:bbee:4309] [lib/base.php:3281] View->sandbox()
Tue, 21 Oct 2025 12:22:48 +0000 [2607:fb92:1c86:f83a:9195:f4a6:bbee:4309] [tmp/3hn69l4qoa804.3h31n1yj254w8.php:7] Preview->render()
Tue, 21 Oct 2025 12:22:48 +0000 [2607:fb92:1c86:f83a:9195:f4a6:bbee:4309] [lib/base.php:3036] require('/home/u991737198/domains/tas2023.online/public_html/tmp/3hn69l4qoa804.3h31n1yj254w8.php')
Tue, 21 Oct 2025 12:22:48 +0000 [2607:fb92:1c86:f83a:9195:f4a6:bbee:4309] [lib/base.php:3281] View->sandbox()
Tue, 21 Oct 2025 12:22:48 +0000 [2607:fb92:1c86:f83a:9195:f4a6:bbee:4309] [app/controllers/Controller.php:87] Preview->render()
Tue, 21 Oct 2025 12:22:48 +0000 [2607:fb92:1c86:f83a:9195:f4a6:bbee:4309] [lib/base.php:2078] Controller->afterroute()
Tue, 21 Oct 2025 12:22:48 +0000 [2607:fb92:1c86:f83a:9195:f4a6:bbee:4309] [lib/base.php:1871] Base->call()
Tue, 21 Oct 2025 12:22:48 +0000 [2607:fb92:1c86:f83a:9195:f4a6:bbee:4309] [index.php:19] Base->run()
Tue, 21 Oct 2025 12:25:33 +0000 [2607:fb92:1c86:f83a:9195:f4a6:bbee:4309] 500: Undefined variable $entity_num trace: [tmp/3hn69l4qoa804.man4oes5p0l2.php:177]
Tue, 21 Oct 2025 12:25:33 +0000 [2607:fb92:1c86:f83a:9195:f4a6:bbee:4309] [tmp/3hn69l4qoa804.man4oes5p0l2.php:177] Base->{closure}()
Tue, 21 Oct 2025 12:25:33 +0000 [2607:fb92:1c86:f83a:9195:f4a6:bbee:4309] [lib/base.php:3036] require('/home/u991737198/domains/tas2023.online/public_html/tmp/3hn69l4qoa804.man4oes5p0l2.php')
Tue, 21 Oct 2025 12:25:33 +0000 [2607:fb92:1c86:f83a:9195:f4a6:bbee:4309] [lib/base.php:3281] View->sandbox()
Tue, 21 Oct 2025 12:25:33 +0000 [2607:fb92:1c86:f83a:9195:f4a6:bbee:4309] [tmp/3hn69l4qoa804.3h31n1yj254w8.php:7] Preview->render()
Tue, 21 Oct 2025 12:25:33 +0000 [2607:fb92:1c86:f83a:9195:f4a6:bbee:4309] [lib/base.php:3036] require('/home/u991737198/domains/tas2023.online/public_html/tmp/3hn69l4qoa804.3h31n1yj254w8.php')
Tue, 21 Oct 2025 12:25:33 +0000 [2607:fb92:1c86:f83a:9195:f4a6:bbee:4309] [lib/base.php:3281] View->sandbox()
Tue, 21 Oct 2025 12:25:33 +0000 [2607:fb92:1c86:f83a:9195:f4a6:bbee:4309] [app/controllers/Controller.php:87] Preview->render()
Tue, 21 Oct 2025 12:25:33 +0000 [2607:fb92:1c86:f83a:9195:f4a6:bbee:4309] [lib/base.php:2078] Controller->afterroute()
Tue, 21 Oct 2025 12:25:33 +0000 [2607:fb92:1c86:f83a:9195:f4a6:bbee:4309] [lib/base.php:1871] Base->call()
Tue, 21 Oct 2025 12:25:33 +0000 [2607:fb92:1c86:f83a:9195:f4a6:bbee:4309] [index.php:19] Base->run()
Tue, 21 Oct 2025 12:27:17 +0000 [2607:fb92:1c86:f83a:9195:f4a6:bbee:4309] 500: Undefined variable $entity_num trace: [tmp/3hn69l4qoa804.man4oes5p0l2.php:177]
Tue, 21 Oct 2025 12:27:17 +0000 [2607:fb92:1c86:f83a:9195:f4a6:bbee:4309] [tmp/3hn69l4qoa804.man4oes5p0l2.php:177] Base->{closure}()
Tue, 21 Oct 2025 12:27:17 +0000 [2607:fb92:1c86:f83a:9195:f4a6:bbee:4309] [lib/base.php:3036] require('/home/u991737198/domains/tas2023.online/public_html/tmp/3hn69l4qoa804.man4oes5p0l2.php')
Tue, 21 Oct 2025 12:27:17 +0000 [2607:fb92:1c86:f83a:9195:f4a6:bbee:4309] [lib/base.php:3281] View->sandbox()
Tue, 21 Oct 2025 12:27:17 +0000 [2607:fb92:1c86:f83a:9195:f4a6:bbee:4309] [tmp/3hn69l4qoa804.3h31n1yj254w8.php:7] Preview->render()
Tue, 21 Oct 2025 12:27:17 +0000 [2607:fb92:1c86:f83a:9195:f4a6:bbee:4309] [lib/base.php:3036] require('/home/u991737198/domains/tas2023.online/public_html/tmp/3hn69l4qoa804.3h31n1yj254w8.php')
Tue, 21 Oct 2025 12:27:17 +0000 [2607:fb92:1c86:f83a:9195:f4a6:bbee:4309] [lib/base.php:3281] View->sandbox()
Tue, 21 Oct 2025 12:27:17 +0000 [2607:fb92:1c86:f83a:9195:f4a6:bbee:4309] [app/controllers/Controller.php:87] Preview->render()
Tue, 21 Oct 2025 12:27:17 +0000 [2607:fb92:1c86:f83a:9195:f4a6:bbee:4309] [lib/base.php:2078] Controller->afterroute()
Tue, 21 Oct 2025 12:27:17 +0000 [2607:fb92:1c86:f83a:9195:f4a6:bbee:4309] [lib/base.php:1871] Base->call()
Tue, 21 Oct 2025 12:27:17 +0000 [2607:fb92:1c86:f83a:9195:f4a6:bbee:4309] [index.php:19] Base->run()
Tue, 21 Oct 2025 12:29:42 +0000 [2607:fb92:1c86:f83a:9195:f4a6:bbee:4309] 500: Undefined variable $entity_num trace: [tmp/3hn69l4qoa804.man4oes5p0l2.php:177]
Tue, 21 Oct 2025 12:29:42 +0000 [2607:fb92:1c86:f83a:9195:f4a6:bbee:4309] [tmp/3hn69l4qoa804.man4oes5p0l2.php:177] Base->{closure}()
Tue, 21 Oct 2025 12:29:42 +0000 [2607:fb92:1c86:f83a:9195:f4a6:bbee:4309] [lib/base.php:3036] require('/home/u991737198/domains/tas2023.online/public_html/tmp/3hn69l4qoa804.man4oes5p0l2.php')
Tue, 21 Oct 2025 12:29:42 +0000 [2607:fb92:1c86:f83a:9195:f4a6:bbee:4309] [lib/base.php:3281] View->sandbox()
Tue, 21 Oct 2025 12:29:42 +0000 [2607:fb92:1c86:f83a:9195:f4a6:bbee:4309] [tmp/3hn69l4qoa804.3h31n1yj254w8.php:7] Preview->render()
Tue, 21 Oct 2025 12:29:42 +0000 [2607:fb92:1c86:f83a:9195:f4a6:bbee:4309] [lib/base.php:3036] require('/home/u991737198/domains/tas2023.online/public_html/tmp/3hn69l4qoa804.3h31n1yj254w8.php')
Tue, 21 Oct 2025 12:29:42 +0000 [2607:fb92:1c86:f83a:9195:f4a6:bbee:4309] [lib/base.php:3281] View->sandbox()
Tue, 21 Oct 2025 12:29:42 +0000 [2607:fb92:1c86:f83a:9195:f4a6:bbee:4309] [app/controllers/Controller.php:87] Preview->render()
Tue, 21 Oct 2025 12:29:42 +0000 [2607:fb92:1c86:f83a:9195:f4a6:bbee:4309] [lib/base.php:2078] Controller->afterroute()
Tue, 21 Oct 2025 12:29:42 +0000 [2607:fb92:1c86:f83a:9195:f4a6:bbee:4309] [lib/base.php:1871] Base->call()
Tue, 21 Oct 2025 12:29:42 +0000 [2607:fb92:1c86:f83a:9195:f4a6:bbee:4309] [index.php:19] Base->run()
Tue, 21 Oct 2025 12:31:42 +0000 [2607:fb92:1c86:f83a:9195:f4a6:bbee:4309] 500: Undefined variable $entity_num trace: [tmp/3hn69l4qoa804.man4oes5p0l2.php:177]
Tue, 21 Oct 2025 12:31:42 +0000 [2607:fb92:1c86:f83a:9195:f4a6:bbee:4309] [tmp/3hn69l4qoa804.man4oes5p0l2.php:177] Base->{closure}()
Tue, 21 Oct 2025 12:31:42 +0000 [2607:fb92:1c86:f83a:9195:f4a6:bbee:4309] [lib/base.php:3036] require('/home/u991737198/domains/tas2023.online/public_html/tmp/3hn69l4qoa804.man4oes5p0l2.php')
Tue, 21 Oct 2025 12:31:42 +0000 [2607:fb92:1c86:f83a:9195:f4a6:bbee:4309] [lib/base.php:3281] View->sandbox()
Tue, 21 Oct 2025 12:31:42 +0000 [2607:fb92:1c86:f83a:9195:f4a6:bbee:4309] [tmp/3hn69l4qoa804.3h31n1yj254w8.php:7] Preview->render()
Tue, 21 Oct 2025 12:31:42 +0000 [2607:fb92:1c86:f83a:9195:f4a6:bbee:4309] [lib/base.php:3036] require('/home/u991737198/domains/tas2023.online/public_html/tmp/3hn69l4qoa804.3h31n1yj254w8.php')
Tue, 21 Oct 2025 12:31:42 +0000 [2607:fb92:1c86:f83a:9195:f4a6:bbee:4309] [lib/base.php:3281] View->sandbox()
Tue, 21 Oct 2025 12:31:42 +0000 [2607:fb92:1c86:f83a:9195:f4a6:bbee:4309] [app/controllers/Controller.php:87] Preview->render()
Tue, 21 Oct 2025 12:31:42 +0000 [2607:fb92:1c86:f83a:9195:f4a6:bbee:4309] [lib/base.php:2078] Controller->afterroute()
Tue, 21 Oct 2025 12:31:42 +0000 [2607:fb92:1c86:f83a:9195:f4a6:bbee:4309] [lib/base.php:1871] Base->call()
Tue, 21 Oct 2025 12:31:42 +0000 [2607:fb92:1c86:f83a:9195:f4a6:bbee:4309] [index.php:19] Base->run()
Tue, 21 Oct 2025 12:33:10 +0000 [2607:fb92:1c86:f83a:9195:f4a6:bbee:4309] 500: Undefined variable $entity_num trace: [tmp/3hn69l4qoa804.man4oes5p0l2.php:177]
Tue, 21 Oct 2025 12:33:10 +0000 [2607:fb92:1c86:f83a:9195:f4a6:bbee:4309] [tmp/3hn69l4qoa804.man4oes5p0l2.php:177] Base->{closure}()
Tue, 21 Oct 2025 12:33:10 +0000 [2607:fb92:1c86:f83a:9195:f4a6:bbee:4309] [lib/base.php:3036] require('/home/u991737198/domains/tas2023.online/public_html/tmp/3hn69l4qoa804.man4oes5p0l2.php')
Tue, 21 Oct 2025 12:33:10 +0000 [2607:fb92:1c86:f83a:9195:f4a6:bbee:4309] [lib/base.php:3281] View->sandbox()
Tue, 21 Oct 2025 12:33:10 +0000 [2607:fb92:1c86:f83a:9195:f4a6:bbee:4309] [tmp/3hn69l4qoa804.3h31n1yj254w8.php:7] Preview->render()
Tue, 21 Oct 2025 12:33:10 +0000 [2607:fb92:1c86:f83a:9195:f4a6:bbee:4309] [lib/base.php:3036] require('/home/u991737198/domains/tas2023.online/public_html/tmp/3hn69l4qoa804.3h31n1yj254w8.php')
Tue, 21 Oct 2025 12:33:10 +0000 [2607:fb92:1c86:f83a:9195:f4a6:bbee:4309] [lib/base.php:3281] View->sandbox()
Tue, 21 Oct 2025 12:33:10 +0000 [2607:fb92:1c86:f83a:9195:f4a6:bbee:4309] [app/controllers/Controller.php:87] Preview->render()
Tue, 21 Oct 2025 12:33:10 +0000 [2607:fb92:1c86:f83a:9195:f4a6:bbee:4309] [lib/base.php:2078] Controller->afterroute()
Tue, 21 Oct 2025 12:33:10 +0000 [2607:fb92:1c86:f83a:9195:f4a6:bbee:4309] [lib/base.php:1871] Base->call()
Tue, 21 Oct 2025 12:33:10 +0000 [2607:fb92:1c86:f83a:9195:f4a6:bbee:4309] [index.php:19] Base->run()
Tue, 21 Oct 2025 12:33:47 +0000 [2607:fb92:1c86:f83a:9195:f4a6:bbee:4309] 500: Undefined array key 1 trace: [app/controllers/PersonController.php:247]
Tue, 21 Oct 2025 12:33:47 +0000 [2607:fb92:1c86:f83a:9195:f4a6:bbee:4309] [app/controllers/PersonController.php:247] Base->{closure}()
Tue, 21 Oct 2025 12:33:47 +0000 [2607:fb92:1c86:f83a:9195:f4a6:bbee:4309] [app/controllers/PersonController.php:97] PersonController->calculate_age()
Tue, 21 Oct 2025 12:33:47 +0000 [2607:fb92:1c86:f83a:9195:f4a6:bbee:4309] [lib/base.php:2072] PersonController->listperson()
Tue, 21 Oct 2025 12:33:47 +0000 [2607:fb92:1c86:f83a:9195:f4a6:bbee:4309] [lib/base.php:1871] Base->call()
Tue, 21 Oct 2025 12:33:47 +0000 [2607:fb92:1c86:f83a:9195:f4a6:bbee:4309] [index.php:19] Base->run()
Tue, 21 Oct 2025 12:39:39 +0000 [2607:fb92:1c86:f83a:9195:f4a6:bbee:4309] 500: Undefined variable $entity_num trace: [tmp/3hn69l4qoa804.1zo7dt0fljr4w.php:200]
Tue, 21 Oct 2025 12:39:39 +0000 [2607:fb92:1c86:f83a:9195:f4a6:bbee:4309] [tmp/3hn69l4qoa804.1zo7dt0fljr4w.php:200] Base->{closure}()
Tue, 21 Oct 2025 12:39:39 +0000 [2607:fb92:1c86:f83a:9195:f4a6:bbee:4309] [lib/base.php:3036] require('/home/u991737198/domains/tas2023.online/public_html/tmp/3hn69l4qoa804.1zo7dt0fljr4w.php')
Tue, 21 Oct 2025 12:39:39 +0000 [2607:fb92:1c86:f83a:9195:f4a6:bbee:4309] [lib/base.php:3281] View->sandbox()
Tue, 21 Oct 2025 12:39:39 +0000 [2607:fb92:1c86:f83a:9195:f4a6:bbee:4309] [tmp/3hn69l4qoa804.3h31n1yj254w8.php:7] Preview->render()
Tue, 21 Oct 2025 12:39:39 +0000 [2607:fb92:1c86:f83a:9195:f4a6:bbee:4309] [lib/base.php:3036] require('/home/u991737198/domains/tas2023.online/public_html/tmp/3hn69l4qoa804.3h31n1yj254w8.php')
Tue, 21 Oct 2025 12:39:39 +0000 [2607:fb92:1c86:f83a:9195:f4a6:bbee:4309] [lib/base.php:3281] View->sandbox()
Tue, 21 Oct 2025 12:39:39 +0000 [2607:fb92:1c86:f83a:9195:f4a6:bbee:4309] [app/controllers/Controller.php:87] Preview->render()
Tue, 21 Oct 2025 12:39:39 +0000 [2607:fb92:1c86:f83a:9195:f4a6:bbee:4309] [lib/base.php:2078] Controller->afterroute()
Tue, 21 Oct 2025 12:39:39 +0000 [2607:fb92:1c86:f83a:9195:f4a6:bbee:4309] [lib/base.php:1871] Base->call()
Tue, 21 Oct 2025 12:39:39 +0000 [2607:fb92:1c86:f83a:9195:f4a6:bbee:4309] [index.php:19] Base->run()
Tue, 21 Oct 2025 12:39:50 +0000 [2607:fb92:1c86:f83a:9195:f4a6:bbee:4309] 500: Undefined variable $token trace: [tmp/3hn69l4qoa804.2r4f9cgm96ecs.php:226]
Tue, 21 Oct 2025 12:39:50 +0000 [2607:fb92:1c86:f83a:9195:f4a6:bbee:4309] [tmp/3hn69l4qoa804.2r4f9cgm96ecs.php:226] Base->{closure}()
Tue, 21 Oct 2025 12:39:50 +0000 [2607:fb92:1c86:f83a:9195:f4a6:bbee:4309] [lib/base.php:3036] require('/home/u991737198/domains/tas2023.online/public_html/tmp/3hn69l4qoa804.2r4f9cgm96ecs.php')
Tue, 21 Oct 2025 12:39:50 +0000 [2607:fb92:1c86:f83a:9195:f4a6:bbee:4309] [lib/base.php:3281] View->sandbox()
Tue, 21 Oct 2025 12:39:50 +0000 [2607:fb92:1c86:f83a:9195:f4a6:bbee:4309] [tmp/3hn69l4qoa804.3h31n1yj254w8.php:7] Preview->render()
Tue, 21 Oct 2025 12:39:50 +0000 [2607:fb92:1c86:f83a:9195:f4a6:bbee:4309] [lib/base.php:3036] require('/home/u991737198/domains/tas2023.online/public_html/tmp/3hn69l4qoa804.3h31n1yj254w8.php')
Tue, 21 Oct 2025 12:39:50 +0000 [2607:fb92:1c86:f83a:9195:f4a6:bbee:4309] [lib/base.php:3281] View->sandbox()
Tue, 21 Oct 2025 12:39:50 +0000 [2607:fb92:1c86:f83a:9195:f4a6:bbee:4309] [app/controllers/Controller.php:87] Preview->render()
Tue, 21 Oct 2025 12:39:50 +0000 [2607:fb92:1c86:f83a:9195:f4a6:bbee:4309] [lib/base.php:2078] Controller->afterroute()
Tue, 21 Oct 2025 12:39:50 +0000 [2607:fb92:1c86:f83a:9195:f4a6:bbee:4309] [lib/base.php:1871] Base->call()
Tue, 21 Oct 2025 12:39:50 +0000 [2607:fb92:1c86:f83a:9195:f4a6:bbee:4309] [index.php:19] Base->run()
Tue, 21 Oct 2025 12:39:55 +0000 [2607:fb92:1c86:f83a:9195:f4a6:bbee:4309] 500: Undefined variable $modal trace: [tmp/3hn69l4qoa804.s6y49d7myqde.php:84]
Tue, 21 Oct 2025 12:39:55 +0000 [2607:fb92:1c86:f83a:9195:f4a6:bbee:4309] [tmp/3hn69l4qoa804.s6y49d7myqde.php:84] Base->{closure}()
Tue, 21 Oct 2025 12:39:55 +0000 [2607:fb92:1c86:f83a:9195:f4a6:bbee:4309] [lib/base.php:3036] require('/home/u991737198/domains/tas2023.online/public_html/tmp/3hn69l4qoa804.s6y49d7myqde.php')
Tue, 21 Oct 2025 12:39:55 +0000 [2607:fb92:1c86:f83a:9195:f4a6:bbee:4309] [lib/base.php:3281] View->sandbox()
Tue, 21 Oct 2025 12:39:55 +0000 [2607:fb92:1c86:f83a:9195:f4a6:bbee:4309] [tmp/3hn69l4qoa804.3h31n1yj254w8.php:7] Preview->render()
Tue, 21 Oct 2025 12:39:55 +0000 [2607:fb92:1c86:f83a:9195:f4a6:bbee:4309] [lib/base.php:3036] require('/home/u991737198/domains/tas2023.online/public_html/tmp/3hn69l4qoa804.3h31n1yj254w8.php')
Tue, 21 Oct 2025 12:39:55 +0000 [2607:fb92:1c86:f83a:9195:f4a6:bbee:4309] [lib/base.php:3281] View->sandbox()
Tue, 21 Oct 2025 12:39:55 +0000 [2607:fb92:1c86:f83a:9195:f4a6:bbee:4309] [app/controllers/Controller.php:87] Preview->render()
Tue, 21 Oct 2025 12:39:55 +0000 [2607:fb92:1c86:f83a:9195:f4a6:bbee:4309] [lib/base.php:2078] Controller->afterroute()
Tue, 21 Oct 2025 12:39:55 +0000 [2607:fb92:1c86:f83a:9195:f4a6:bbee:4309] [lib/base.php:1871] Base->call()
Tue, 21 Oct 2025 12:39:55 +0000 [2607:fb92:1c86:f83a:9195:f4a6:bbee:4309] [index.php:19] Base->run()
Tue, 21 Oct 2025 12:44:26 +0000 [2607:fb92:1c86:f83a:9195:f4a6:bbee:4309] 500: Undefined variable $selected_note trace: [/home/u991737198/domains/tas2023.online/public_html/tmp/3hn69l4qoa804.3g8shy2588w00.php:385]
Tue, 21 Oct 2025 12:44:26 +0000 [2607:fb92:1c86:f83a:9195:f4a6:bbee:4309] [/home/u991737198/domains/tas2023.online/public_html/tmp/3hn69l4qoa804.3g8shy2588w00.php:385] Base->{closure}()
Tue, 21 Oct 2025 12:44:26 +0000 [2607:fb92:1c86:f83a:9195:f4a6:bbee:4309] [/home/u991737198/domains/tas2023.online/public_html/lib/base.php:3036] require('/home/u991737198/domains/tas2023.online/public_html/tmp/3hn69l4qoa804.3g8shy2588w00.php')
Tue, 21 Oct 2025 12:44:26 +0000 [2607:fb92:1c86:f83a:9195:f4a6:bbee:4309] [/home/u991737198/domains/tas2023.online/public_html/lib/base.php:3281] View->sandbox()
Tue, 21 Oct 2025 12:44:26 +0000 [2607:fb92:1c86:f83a:9195:f4a6:bbee:4309] [/home/u991737198/domains/tas2023.online/public_html/tmp/3hn69l4qoa804.3h31n1yj254w8.php:7] Preview->render()
Tue, 21 Oct 2025 12:44:26 +0000 [2607:fb92:1c86:f83a:9195:f4a6:bbee:4309] [/home/u991737198/domains/tas2023.online/public_html/lib/base.php:3036] require('/home/u991737198/domains/tas2023.online/public_html/tmp/3hn69l4qoa804.3h31n1yj254w8.php')
Tue, 21 Oct 2025 12:44:26 +0000 [2607:fb92:1c86:f83a:9195:f4a6:bbee:4309] [/home/u991737198/domains/tas2023.online/public_html/lib/base.php:3281] View->sandbox()
Tue, 21 Oct 2025 12:44:26 +0000 [2607:fb92:1c86:f83a:9195:f4a6:bbee:4309] [/home/u991737198/domains/tas2023.online/public_html/app/controllers/Controller.php:87] Preview->render()
Tue, 21 Oct 2025 12:44:26 +0000 [2607:fb92:1c86:f83a:9195:f4a6:bbee:4309] [/home/u991737198/domains/tas2023.online/public_html/lib/base.php:2078] Controller->afterroute()
Tue, 21 Oct 2025 12:44:26 +0000 [2607:fb92:1c86:f83a:9195:f4a6:bbee:4309] [/home/u991737198/domains/tas2023.online/public_html/lib/base.php:1871] Base->call()
Tue, 21 Oct 2025 12:44:26 +0000 [2607:fb92:1c86:f83a:9195:f4a6:bbee:4309] [/home/u991737198/domains/tas2023.online/public_html/index.php:19] Base->run()
Tue, 21 Oct 2025 12:45:19 +0000 [2607:fb92:1c86:f83a:9195:f4a6:bbee:4309] 500: Undefined variable $entity_num trace: [tmp/3hn69l4qoa804.man4oes5p0l2.php:177]
Tue, 21 Oct 2025 12:45:19 +0000 [2607:fb92:1c86:f83a:9195:f4a6:bbee:4309] [tmp/3hn69l4qoa804.man4oes5p0l2.php:177] Base->{closure}()
Tue, 21 Oct 2025 12:45:19 +0000 [2607:fb92:1c86:f83a:9195:f4a6:bbee:4309] [lib/base.php:3036] require('/home/u991737198/domains/tas2023.online/public_html/tmp/3hn69l4qoa804.man4oes5p0l2.php')
Tue, 21 Oct 2025 12:45:19 +0000 [2607:fb92:1c86:f83a:9195:f4a6:bbee:4309] [lib/base.php:3281] View->sandbox()
Tue, 21 Oct 2025 12:45:19 +0000 [2607:fb92:1c86:f83a:9195:f4a6:bbee:4309] [tmp/3hn69l4qoa804.3h31n1yj254w8.php:7] Preview->render()
Tue, 21 Oct 2025 12:45:19 +0000 [2607:fb92:1c86:f83a:9195:f4a6:bbee:4309] [lib/base.php:3036] require('/home/u991737198/domains/tas2023.online/public_html/tmp/3hn69l4qoa804.3h31n1yj254w8.php')
Tue, 21 Oct 2025 12:45:19 +0000 [2607:fb92:1c86:f83a:9195:f4a6:bbee:4309] [lib/base.php:3281] View->sandbox()
Tue, 21 Oct 2025 12:45:19 +0000 [2607:fb92:1c86:f83a:9195:f4a6:bbee:4309] [app/controllers/Controller.php:87] Preview->render()
Tue, 21 Oct 2025 12:45:19 +0000 [2607:fb92:1c86:f83a:9195:f4a6:bbee:4309] [lib/base.php:2078] Controller->afterroute()
Tue, 21 Oct 2025 12:45:19 +0000 [2607:fb92:1c86:f83a:9195:f4a6:bbee:4309] [lib/base.php:1871] Base->call()
Tue, 21 Oct 2025 12:45:19 +0000 [2607:fb92:1c86:f83a:9195:f4a6:bbee:4309] [index.php:19] Base->run()
Tue, 21 Oct 2025 12:47:21 +0000 [2607:fb92:1c86:f83a:9195:f4a6:bbee:4309] 500: Undefined variable $selected_note trace: [/home/u991737198/domains/tas2023.online/public_html/tmp/3hn69l4qoa804.3g8shy2588w00.php:385]
Tue, 21 Oct 2025 12:47:21 +0000 [2607:fb92:1c86:f83a:9195:f4a6:bbee:4309] [/home/u991737198/domains/tas2023.online/public_html/tmp/3hn69l4qoa804.3g8shy2588w00.php:385] Base->{closure}()
Tue, 21 Oct 2025 12:47:21 +0000 [2607:fb92:1c86:f83a:9195:f4a6:bbee:4309] [/home/u991737198/domains/tas2023.online/public_html/lib/base.php:3036] require('/home/u991737198/domains/tas2023.online/public_html/tmp/3hn69l4qoa804.3g8shy2588w00.php')
Tue, 21 Oct 2025 12:47:21 +0000 [2607:fb92:1c86:f83a:9195:f4a6:bbee:4309] [/home/u991737198/domains/tas2023.online/public_html/lib/base.php:3281] View->sandbox()
Tue, 21 Oct 2025 12:47:21 +0000 [2607:fb92:1c86:f83a:9195:f4a6:bbee:4309] [/home/u991737198/domains/tas2023.online/public_html/tmp/3hn69l4qoa804.3h31n1yj254w8.php:7] Preview->render()
Tue, 21 Oct 2025 12:47:21 +0000 [2607:fb92:1c86:f83a:9195:f4a6:bbee:4309] [/home/u991737198/domains/tas2023.online/public_html/lib/base.php:3036] require('/home/u991737198/domains/tas2023.online/public_html/tmp/3hn69l4qoa804.3h31n1yj254w8.php')
Tue, 21 Oct 2025 12:47:21 +0000 [2607:fb92:1c86:f83a:9195:f4a6:bbee:4309] [/home/u991737198/domains/tas2023.online/public_html/lib/base.php:3281] View->sandbox()
Tue, 21 Oct 2025 12:47:21 +0000 [2607:fb92:1c86:f83a:9195:f4a6:bbee:4309] [/home/u991737198/domains/tas2023.online/public_html/app/controllers/Controller.php:87] Preview->render()
Tue, 21 Oct 2025 12:47:21 +0000 [2607:fb92:1c86:f83a:9195:f4a6:bbee:4309] [/home/u991737198/domains/tas2023.online/public_html/lib/base.php:2078] Controller->afterroute()
Tue, 21 Oct 2025 12:47:21 +0000 [2607:fb92:1c86:f83a:9195:f4a6:bbee:4309] [/home/u991737198/domains/tas2023.online/public_html/lib/base.php:1871] Base->call()
Tue, 21 Oct 2025 12:47:21 +0000 [2607:fb92:1c86:f83a:9195:f4a6:bbee:4309] [/home/u991737198/domains/tas2023.online/public_html/index.php:19] Base->run()
Tue, 21 Oct 2025 12:48:14 +0000 [2607:fb92:1c86:f83a:9195:f4a6:bbee:4309] 500: Undefined variable $selected_note trace: [/home/u991737198/domains/tas2023.online/public_html/tmp/3hn69l4qoa804.3g8shy2588w00.php:385]
Tue, 21 Oct 2025 12:48:14 +0000 [2607:fb92:1c86:f83a:9195:f4a6:bbee:4309] [/home/u991737198/domains/tas2023.online/public_html/tmp/3hn69l4qoa804.3g8shy2588w00.php:385] Base->{closure}()
Tue, 21 Oct 2025 12:48:14 +0000 [2607:fb92:1c86:f83a:9195:f4a6:bbee:4309] [/home/u991737198/domains/tas2023.online/public_html/lib/base.php:3036] require('/home/u991737198/domains/tas2023.online/public_html/tmp/3hn69l4qoa804.3g8shy2588w00.php')
Tue, 21 Oct 2025 12:48:14 +0000 [2607:fb92:1c86:f83a:9195:f4a6:bbee:4309] [/home/u991737198/domains/tas2023.online/public_html/lib/base.php:3281] View->sandbox()
Tue, 21 Oct 2025 12:48:14 +0000 [2607:fb92:1c86:f83a:9195:f4a6:bbee:4309] [/home/u991737198/domains/tas2023.online/public_html/tmp/3hn69l4qoa804.3h31n1yj254w8.php:7] Preview->render()
Tue, 21 Oct 2025 12:48:14 +0000 [2607:fb92:1c86:f83a:9195:f4a6:bbee:4309] [/home/u991737198/domains/tas2023.online/public_html/lib/base.php:3036] require('/home/u991737198/domains/tas2023.online/public_html/tmp/3hn69l4qoa804.3h31n1yj254w8.php')
Tue, 21 Oct 2025 12:48:14 +0000 [2607:fb92:1c86:f83a:9195:f4a6:bbee:4309] [/home/u991737198/domains/tas2023.online/public_html/lib/base.php:3281] View->sandbox()
Tue, 21 Oct 2025 12:48:14 +0000 [2607:fb92:1c86:f83a:9195:f4a6:bbee:4309] [/home/u991737198/domains/tas2023.online/public_html/app/controllers/Controller.php:87] Preview->render()
Tue, 21 Oct 2025 12:48:14 +0000 [2607:fb92:1c86:f83a:9195:f4a6:bbee:4309] [/home/u991737198/domains/tas2023.online/public_html/lib/base.php:2078] Controller->afterroute()
Tue, 21 Oct 2025 12:48:14 +0000 [2607:fb92:1c86:f83a:9195:f4a6:bbee:4309] [/home/u991737198/domains/tas2023.online/public_html/lib/base.php:1871] Base->call()
Tue, 21 Oct 2025 12:48:14 +0000 [2607:fb92:1c86:f83a:9195:f4a6:bbee:4309] [/home/u991737198/domains/tas2023.online/public_html/index.php:19] Base->run()
Tue, 21 Oct 2025 12:48:23 +0000 [2607:fb92:1c86:f83a:9195:f4a6:bbee:4309] 500: Undefined variable $entity_num trace: [tmp/3hn69l4qoa804.man4oes5p0l2.php:177]
Tue, 21 Oct 2025 12:48:23 +0000 [2607:fb92:1c86:f83a:9195:f4a6:bbee:4309] [tmp/3hn69l4qoa804.man4oes5p0l2.php:177] Base->{closure}()
Tue, 21 Oct 2025 12:48:23 +0000 [2607:fb92:1c86:f83a:9195:f4a6:bbee:4309] [lib/base.php:3036] require('/home/u991737198/domains/tas2023.online/public_html/tmp/3hn69l4qoa804.man4oes5p0l2.php')
Tue, 21 Oct 2025 12:48:23 +0000 [2607:fb92:1c86:f83a:9195:f4a6:bbee:4309] [lib/base.php:3281] View->sandbox()
Tue, 21 Oct 2025 12:48:23 +0000 [2607:fb92:1c86:f83a:9195:f4a6:bbee:4309] [tmp/3hn69l4qoa804.3h31n1yj254w8.php:7] Preview->render()
Tue, 21 Oct 2025 12:48:23 +0000 [2607:fb92:1c86:f83a:9195:f4a6:bbee:4309] [lib/base.php:3036] require('/home/u991737198/domains/tas2023.online/public_html/tmp/3hn69l4qoa804.3h31n1yj254w8.php')
Tue, 21 Oct 2025 12:48:23 +0000 [2607:fb92:1c86:f83a:9195:f4a6:bbee:4309] [lib/base.php:3281] View->sandbox()
Tue, 21 Oct 2025 12:48:23 +0000 [2607:fb92:1c86:f83a:9195:f4a6:bbee:4309] [app/controllers/Controller.php:87] Preview->render()
Tue, 21 Oct 2025 12:48:23 +0000 [2607:fb92:1c86:f83a:9195:f4a6:bbee:4309] [lib/base.php:2078] Controller->afterroute()
Tue, 21 Oct 2025 12:48:23 +0000 [2607:fb92:1c86:f83a:9195:f4a6:bbee:4309] [lib/base.php:1871] Base->call()
Tue, 21 Oct 2025 12:48:23 +0000 [2607:fb92:1c86:f83a:9195:f4a6:bbee:4309] [index.php:19] Base->run()
Tue, 21 Oct 2025 12:48:46 +0000 [2607:fb92:1c86:f83a:9195:f4a6:bbee:4309] 500: Undefined variable $selected_note trace: [/home/u991737198/domains/tas2023.online/public_html/tmp/3hn69l4qoa804.3g8shy2588w00.php:385]
Tue, 21 Oct 2025 12:48:46 +0000 [2607:fb92:1c86:f83a:9195:f4a6:bbee:4309] [/home/u991737198/domains/tas2023.online/public_html/tmp/3hn69l4qoa804.3g8shy2588w00.php:385] Base->{closure}()
Tue, 21 Oct 2025 12:48:46 +0000 [2607:fb92:1c86:f83a:9195:f4a6:bbee:4309] [/home/u991737198/domains/tas2023.online/public_html/lib/base.php:3036] require('/home/u991737198/domains/tas2023.online/public_html/tmp/3hn69l4qoa804.3g8shy2588w00.php')
Tue, 21 Oct 2025 12:48:46 +0000 [2607:fb92:1c86:f83a:9195:f4a6:bbee:4309] [/home/u991737198/domains/tas2023.online/public_html/lib/base.php:3281] View->sandbox()
Tue, 21 Oct 2025 12:48:46 +0000 [2607:fb92:1c86:f83a:9195:f4a6:bbee:4309] [/home/u991737198/domains/tas2023.online/public_html/tmp/3hn69l4qoa804.3h31n1yj254w8.php:7] Preview->render()
Tue, 21 Oct 2025 12:48:46 +0000 [2607:fb92:1c86:f83a:9195:f4a6:bbee:4309] [/home/u991737198/domains/tas2023.online/public_html/lib/base.php:3036] require('/home/u991737198/domains/tas2023.online/public_html/tmp/3hn69l4qoa804.3h31n1yj254w8.php')
Tue, 21 Oct 2025 12:48:46 +0000 [2607:fb92:1c86:f83a:9195:f4a6:bbee:4309] [/home/u991737198/domains/tas2023.online/public_html/lib/base.php:3281] View->sandbox()
Tue, 21 Oct 2025 12:48:46 +0000 [2607:fb92:1c86:f83a:9195:f4a6:bbee:4309] [/home/u991737198/domains/tas2023.online/public_html/app/controllers/Controller.php:87] Preview->render()
Tue, 21 Oct 2025 12:48:46 +0000 [2607:fb92:1c86:f83a:9195:f4a6:bbee:4309] [/home/u991737198/domains/tas2023.online/public_html/lib/base.php:2078] Controller->afterroute()
Tue, 21 Oct 2025 12:48:46 +0000 [2607:fb92:1c86:f83a:9195:f4a6:bbee:4309] [/home/u991737198/domains/tas2023.online/public_html/lib/base.php:1871] Base->call()
Tue, 21 Oct 2025 12:48:46 +0000 [2607:fb92:1c86:f83a:9195:f4a6:bbee:4309] [/home/u991737198/domains/tas2023.online/public_html/index.php:19] Base->run()
Tue, 21 Oct 2025 12:48:55 +0000 [2607:fb92:1c86:f83a:9195:f4a6:bbee:4309] 500: Undefined variable $entity_num trace: [tmp/3hn69l4qoa804.man4oes5p0l2.php:177]
Tue, 21 Oct 2025 12:48:55 +0000 [2607:fb92:1c86:f83a:9195:f4a6:bbee:4309] [tmp/3hn69l4qoa804.man4oes5p0l2.php:177] Base->{closure}()
Tue, 21 Oct 2025 12:48:55 +0000 [2607:fb92:1c86:f83a:9195:f4a6:bbee:4309] [lib/base.php:3036] require('/home/u991737198/domains/tas2023.online/public_html/tmp/3hn69l4qoa804.man4oes5p0l2.php')
Tue, 21 Oct 2025 12:48:55 +0000 [2607:fb92:1c86:f83a:9195:f4a6:bbee:4309] [lib/base.php:3281] View->sandbox()
Tue, 21 Oct 2025 12:48:55 +0000 [2607:fb92:1c86:f83a:9195:f4a6:bbee:4309] [tmp/3hn69l4qoa804.3h31n1yj254w8.php:7] Preview->render()
Tue, 21 Oct 2025 12:48:55 +0000 [2607:fb92:1c86:f83a:9195:f4a6:bbee:4309] [lib/base.php:3036] require('/home/u991737198/domains/tas2023.online/public_html/tmp/3hn69l4qoa804.3h31n1yj254w8.php')
Tue, 21 Oct 2025 12:48:55 +0000 [2607:fb92:1c86:f83a:9195:f4a6:bbee:4309] [lib/base.php:3281] View->sandbox()
Tue, 21 Oct 2025 12:48:55 +0000 [2607:fb92:1c86:f83a:9195:f4a6:bbee:4309] [app/controllers/Controller.php:87] Preview->render()
Tue, 21 Oct 2025 12:48:55 +0000 [2607:fb92:1c86:f83a:9195:f4a6:bbee:4309] [lib/base.php:2078] Controller->afterroute()
Tue, 21 Oct 2025 12:48:55 +0000 [2607:fb92:1c86:f83a:9195:f4a6:bbee:4309] [lib/base.php:1871] Base->call()
Tue, 21 Oct 2025 12:48:55 +0000 [2607:fb92:1c86:f83a:9195:f4a6:bbee:4309] [index.php:19] Base->run()
Tue, 21 Oct 2025 12:48:59 +0000 [2607:fb92:1c86:f83a:9195:f4a6:bbee:4309] 500: Undefined array key 1 trace: [app/controllers/PersonController.php:247]
Tue, 21 Oct 2025 12:48:59 +0000 [2607:fb92:1c86:f83a:9195:f4a6:bbee:4309] [app/controllers/PersonController.php:247] Base->{closure}()
Tue, 21 Oct 2025 12:48:59 +0000 [2607:fb92:1c86:f83a:9195:f4a6:bbee:4309] [app/controllers/PersonController.php:238] PersonController->calculate_age()
Tue, 21 Oct 2025 12:48:59 +0000 [2607:fb92:1c86:f83a:9195:f4a6:bbee:4309] [lib/base.php:2072] PersonController->update()
Tue, 21 Oct 2025 12:48:59 +0000 [2607:fb92:1c86:f83a:9195:f4a6:bbee:4309] [lib/base.php:1871] Base->call()
Tue, 21 Oct 2025 12:48:59 +0000 [2607:fb92:1c86:f83a:9195:f4a6:bbee:4309] [index.php:19] Base->run()
Tue, 21 Oct 2025 12:49:08 +0000 [2607:fb92:1c86:f83a:9195:f4a6:bbee:4309] 500: Undefined variable $selected_note trace: [/home/u991737198/domains/tas2023.online/public_html/tmp/3hn69l4qoa804.3g8shy2588w00.php:385]
Tue, 21 Oct 2025 12:49:08 +0000 [2607:fb92:1c86:f83a:9195:f4a6:bbee:4309] [/home/u991737198/domains/tas2023.online/public_html/tmp/3hn69l4qoa804.3g8shy2588w00.php:385] Base->{closure}()
Tue, 21 Oct 2025 12:49:08 +0000 [2607:fb92:1c86:f83a:9195:f4a6:bbee:4309] [/home/u991737198/domains/tas2023.online/public_html/lib/base.php:3036] require('/home/u991737198/domains/tas2023.online/public_html/tmp/3hn69l4qoa804.3g8shy2588w00.php')
Tue, 21 Oct 2025 12:49:08 +0000 [2607:fb92:1c86:f83a:9195:f4a6:bbee:4309] [/home/u991737198/domains/tas2023.online/public_html/lib/base.php:3281] View->sandbox()
Tue, 21 Oct 2025 12:49:08 +0000 [2607:fb92:1c86:f83a:9195:f4a6:bbee:4309] [/home/u991737198/domains/tas2023.online/public_html/tmp/3hn69l4qoa804.3h31n1yj254w8.php:7] Preview->render()
Tue, 21 Oct 2025 12:49:08 +0000 [2607:fb92:1c86:f83a:9195:f4a6:bbee:4309] [/home/u991737198/domains/tas2023.online/public_html/lib/base.php:3036] require('/home/u991737198/domains/tas2023.online/public_html/tmp/3hn69l4qoa804.3h31n1yj254w8.php')
Tue, 21 Oct 2025 12:49:08 +0000 [2607:fb92:1c86:f83a:9195:f4a6:bbee:4309] [/home/u991737198/domains/tas2023.online/public_html/lib/base.php:3281] View->sandbox()
Tue, 21 Oct 2025 12:49:08 +0000 [2607:fb92:1c86:f83a:9195:f4a6:bbee:4309] [/home/u991737198/domains/tas2023.online/public_html/app/controllers/Controller.php:87] Preview->render()
Tue, 21 Oct 2025 12:49:08 +0000 [2607:fb92:1c86:f83a:9195:f4a6:bbee:4309] [/home/u991737198/domains/tas2023.online/public_html/lib/base.php:2078] Controller->afterroute()
Tue, 21 Oct 2025 12:49:08 +0000 [2607:fb92:1c86:f83a:9195:f4a6:bbee:4309] [/home/u991737198/domains/tas2023.online/public_html/lib/base.php:1871] Base->call()
Tue, 21 Oct 2025 12:49:08 +0000 [2607:fb92:1c86:f83a:9195:f4a6:bbee:4309] [/home/u991737198/domains/tas2023.online/public_html/index.php:19] Base->run()
Tue, 21 Oct 2025 12:49:26 +0000 [2607:fb92:1c86:f83a:9195:f4a6:bbee:4309] 500: Undefined variable $entity_num trace: [tmp/3hn69l4qoa804.man4oes5p0l2.php:177]
Tue, 21 Oct 2025 12:49:26 +0000 [2607:fb92:1c86:f83a:9195:f4a6:bbee:4309] [tmp/3hn69l4qoa804.man4oes5p0l2.php:177] Base->{closure}()
Tue, 21 Oct 2025 12:49:26 +0000 [2607:fb92:1c86:f83a:9195:f4a6:bbee:4309] [lib/base.php:3036] require('/home/u991737198/domains/tas2023.online/public_html/tmp/3hn69l4qoa804.man4oes5p0l2.php')
Tue, 21 Oct 2025 12:49:26 +0000 [2607:fb92:1c86:f83a:9195:f4a6:bbee:4309] [lib/base.php:3281] View->sandbox()
Tue, 21 Oct 2025 12:49:26 +0000 [2607:fb92:1c86:f83a:9195:f4a6:bbee:4309] [tmp/3hn69l4qoa804.3h31n1yj254w8.php:7] Preview->render()
Tue, 21 Oct 2025 12:49:26 +0000 [2607:fb92:1c86:f83a:9195:f4a6:bbee:4309] [lib/base.php:3036] require('/home/u991737198/domains/tas2023.online/public_html/tmp/3hn69l4qoa804.3h31n1yj254w8.php')
Tue, 21 Oct 2025 12:49:26 +0000 [2607:fb92:1c86:f83a:9195:f4a6:bbee:4309] [lib/base.php:3281] View->sandbox()
Tue, 21 Oct 2025 12:49:26 +0000 [2607:fb92:1c86:f83a:9195:f4a6:bbee:4309] [app/controllers/Controller.php:87] Preview->render()
Tue, 21 Oct 2025 12:49:26 +0000 [2607:fb92:1c86:f83a:9195:f4a6:bbee:4309] [lib/base.php:2078] Controller->afterroute()
Tue, 21 Oct 2025 12:49:26 +0000 [2607:fb92:1c86:f83a:9195:f4a6:bbee:4309] [lib/base.php:1871] Base->call()
Tue, 21 Oct 2025 12:49:26 +0000 [2607:fb92:1c86:f83a:9195:f4a6:bbee:4309] [index.php:19] Base->run()
Tue, 21 Oct 2025 12:51:01 +0000 [2607:fb92:1c86:f83a:9195:f4a6:bbee:4309] 500: Undefined variable $entity_num trace: [tmp/3hn69l4qoa804.man4oes5p0l2.php:177]
Tue, 21 Oct 2025 12:51:01 +0000 [2607:fb92:1c86:f83a:9195:f4a6:bbee:4309] [tmp/3hn69l4qoa804.man4oes5p0l2.php:177] Base->{closure}()
Tue, 21 Oct 2025 12:51:01 +0000 [2607:fb92:1c86:f83a:9195:f4a6:bbee:4309] [lib/base.php:3036] require('/home/u991737198/domains/tas2023.online/public_html/tmp/3hn69l4qoa804.man4oes5p0l2.php')
Tue, 21 Oct 2025 12:51:01 +0000 [2607:fb92:1c86:f83a:9195:f4a6:bbee:4309] [lib/base.php:3281] View->sandbox()
Tue, 21 Oct 2025 12:51:01 +0000 [2607:fb92:1c86:f83a:9195:f4a6:bbee:4309] [tmp/3hn69l4qoa804.3h31n1yj254w8.php:7] Preview->render()
Tue, 21 Oct 2025 12:51:01 +0000 [2607:fb92:1c86:f83a:9195:f4a6:bbee:4309] [lib/base.php:3036] require('/home/u991737198/domains/tas2023.online/public_html/tmp/3hn69l4qoa804.3h31n1yj254w8.php')
Tue, 21 Oct 2025 12:51:01 +0000 [2607:fb92:1c86:f83a:9195:f4a6:bbee:4309] [lib/base.php:3281] View->sandbox()
Tue, 21 Oct 2025 12:51:01 +0000 [2607:fb92:1c86:f83a:9195:f4a6:bbee:4309] [app/controllers/Controller.php:87] Preview->render()
Tue, 21 Oct 2025 12:51:01 +0000 [2607:fb92:1c86:f83a:9195:f4a6:bbee:4309] [lib/base.php:2078] Controller->afterroute()
Tue, 21 Oct 2025 12:51:01 +0000 [2607:fb92:1c86:f83a:9195:f4a6:bbee:4309] [lib/base.php:1871] Base->call()
Tue, 21 Oct 2025 12:51:01 +0000 [2607:fb92:1c86:f83a:9195:f4a6:bbee:4309] [index.php:19] Base->run()
Tue, 21 Oct 2025 12:52:24 +0000 [2607:fb92:1c86:f83a:9195:f4a6:bbee:4309] 500: Undefined variable $entity_num trace: [tmp/3hn69l4qoa804.man4oes5p0l2.php:177]
Tue, 21 Oct 2025 12:52:24 +0000 [2607:fb92:1c86:f83a:9195:f4a6:bbee:4309] [tmp/3hn69l4qoa804.man4oes5p0l2.php:177] Base->{closure}()
Tue, 21 Oct 2025 12:52:24 +0000 [2607:fb92:1c86:f83a:9195:f4a6:bbee:4309] [lib/base.php:3036] require('/home/u991737198/domains/tas2023.online/public_html/tmp/3hn69l4qoa804.man4oes5p0l2.php')
Tue, 21 Oct 2025 12:52:24 +0000 [2607:fb92:1c86:f83a:9195:f4a6:bbee:4309] [lib/base.php:3281] View->sandbox()
Tue, 21 Oct 2025 12:52:24 +0000 [2607:fb92:1c86:f83a:9195:f4a6:bbee:4309] [tmp/3hn69l4qoa804.3h31n1yj254w8.php:7] Preview->render()
Tue, 21 Oct 2025 12:52:24 +0000 [2607:fb92:1c86:f83a:9195:f4a6:bbee:4309] [lib/base.php:3036] require('/home/u991737198/domains/tas2023.online/public_html/tmp/3hn69l4qoa804.3h31n1yj254w8.php')
Tue, 21 Oct 2025 12:52:24 +0000 [2607:fb92:1c86:f83a:9195:f4a6:bbee:4309] [lib/base.php:3281] View->sandbox()
Tue, 21 Oct 2025 12:52:24 +0000 [2607:fb92:1c86:f83a:9195:f4a6:bbee:4309] [app/controllers/Controller.php:87] Preview->render()
Tue, 21 Oct 2025 12:52:24 +0000 [2607:fb92:1c86:f83a:9195:f4a6:bbee:4309] [lib/base.php:2078] Controller->afterroute()
Tue, 21 Oct 2025 12:52:24 +0000 [2607:fb92:1c86:f83a:9195:f4a6:bbee:4309] [lib/base.php:1871] Base->call()
Tue, 21 Oct 2025 12:52:24 +0000 [2607:fb92:1c86:f83a:9195:f4a6:bbee:4309] [index.php:19] Base->run()
Tue, 21 Oct 2025 12:53:58 +0000 [2607:fb92:1c86:f83a:9195:f4a6:bbee:4309] 500: Undefined variable $entity_num trace: [tmp/3hn69l4qoa804.man4oes5p0l2.php:177]
Tue, 21 Oct 2025 12:53:58 +0000 [2607:fb92:1c86:f83a:9195:f4a6:bbee:4309] [tmp/3hn69l4qoa804.man4oes5p0l2.php:177] Base->{closure}()
Tue, 21 Oct 2025 12:53:58 +0000 [2607:fb92:1c86:f83a:9195:f4a6:bbee:4309] [lib/base.php:3036] require('/home/u991737198/domains/tas2023.online/public_html/tmp/3hn69l4qoa804.man4oes5p0l2.php')
Tue, 21 Oct 2025 12:53:58 +0000 [2607:fb92:1c86:f83a:9195:f4a6:bbee:4309] [lib/base.php:3281] View->sandbox()
Tue, 21 Oct 2025 12:53:58 +0000 [2607:fb92:1c86:f83a:9195:f4a6:bbee:4309] [tmp/3hn69l4qoa804.3h31n1yj254w8.php:7] Preview->render()
Tue, 21 Oct 2025 12:53:58 +0000 [2607:fb92:1c86:f83a:9195:f4a6:bbee:4309] [lib/base.php:3036] require('/home/u991737198/domains/tas2023.online/public_html/tmp/3hn69l4qoa804.3h31n1yj254w8.php')
Tue, 21 Oct 2025 12:53:58 +0000 [2607:fb92:1c86:f83a:9195:f4a6:bbee:4309] [lib/base.php:3281] View->sandbox()
Tue, 21 Oct 2025 12:53:58 +0000 [2607:fb92:1c86:f83a:9195:f4a6:bbee:4309] [app/controllers/Controller.php:87] Preview->render()
Tue, 21 Oct 2025 12:53:58 +0000 [2607:fb92:1c86:f83a:9195:f4a6:bbee:4309] [lib/base.php:2078] Controller->afterroute()
Tue, 21 Oct 2025 12:53:58 +0000 [2607:fb92:1c86:f83a:9195:f4a6:bbee:4309] [lib/base.php:1871] Base->call()
Tue, 21 Oct 2025 12:53:58 +0000 [2607:fb92:1c86:f83a:9195:f4a6:bbee:4309] [index.php:19] Base->run()
Tue, 21 Oct 2025 12:56:27 +0000 [2607:fb92:1c86:f83a:9195:f4a6:bbee:4309] 500: Undefined variable $fechapicker trace: [/home/u991737198/domains/tas2023.online/public_html/tmp/3hn69l4qoa804.22phmm30e0u84.php:334]
Tue, 21 Oct 2025 12:56:27 +0000 [2607:fb92:1c86:f83a:9195:f4a6:bbee:4309] [/home/u991737198/domains/tas2023.online/public_html/tmp/3hn69l4qoa804.22phmm30e0u84.php:334] Base->{closure}()
Tue, 21 Oct 2025 12:56:27 +0000 [2607:fb92:1c86:f83a:9195:f4a6:bbee:4309] [/home/u991737198/domains/tas2023.online/public_html/lib/base.php:3036] require('/home/u991737198/domains/tas2023.online/public_html/tmp/3hn69l4qoa804.22phmm30e0u84.php')
Tue, 21 Oct 2025 12:56:27 +0000 [2607:fb92:1c86:f83a:9195:f4a6:bbee:4309] [/home/u991737198/domains/tas2023.online/public_html/lib/base.php:3281] View->sandbox()
Tue, 21 Oct 2025 12:56:27 +0000 [2607:fb92:1c86:f83a:9195:f4a6:bbee:4309] [/home/u991737198/domains/tas2023.online/public_html/tmp/3hn69l4qoa804.3h31n1yj254w8.php:7] Preview->render()
Tue, 21 Oct 2025 12:56:27 +0000 [2607:fb92:1c86:f83a:9195:f4a6:bbee:4309] [/home/u991737198/domains/tas2023.online/public_html/lib/base.php:3036] require('/home/u991737198/domains/tas2023.online/public_html/tmp/3hn69l4qoa804.3h31n1yj254w8.php')
Tue, 21 Oct 2025 12:56:27 +0000 [2607:fb92:1c86:f83a:9195:f4a6:bbee:4309] [/home/u991737198/domains/tas2023.online/public_html/lib/base.php:3281] View->sandbox()
Tue, 21 Oct 2025 12:56:27 +0000 [2607:fb92:1c86:f83a:9195:f4a6:bbee:4309] [/home/u991737198/domains/tas2023.online/public_html/app/controllers/Controller.php:87] Preview->render()
Tue, 21 Oct 2025 12:56:27 +0000 [2607:fb92:1c86:f83a:9195:f4a6:bbee:4309] [/home/u991737198/domains/tas2023.online/public_html/lib/base.php:2078] Controller->afterroute()
Tue, 21 Oct 2025 12:56:27 +0000 [2607:fb92:1c86:f83a:9195:f4a6:bbee:4309] [/home/u991737198/domains/tas2023.online/public_html/lib/base.php:1871] Base->call()
Tue, 21 Oct 2025 12:56:27 +0000 [2607:fb92:1c86:f83a:9195:f4a6:bbee:4309] [/home/u991737198/domains/tas2023.online/public_html/index.php:19] Base->run()
Tue, 21 Oct 2025 15:32:12 +0000 [2607:fb92:1c86:f83a:59d8:afad:8a16:9c96] 401: HTTP 401 (GET /task/listtasks) trace: [/home/u991737198/domains/tas2023.online/public_html/lib/access.php:112] Base->error()
Tue, 21 Oct 2025 15:32:12 +0000 [2607:fb92:1c86:f83a:59d8:afad:8a16:9c96] [/home/u991737198/domains/tas2023.online/public_html/app/controllers/Controller.php:78] Access->authorize()
Tue, 21 Oct 2025 15:32:12 +0000 [2607:fb92:1c86:f83a:59d8:afad:8a16:9c96] [/home/u991737198/domains/tas2023.online/public_html/lib/base.php:2069] Controller->beforeroute()
Tue, 21 Oct 2025 15:32:12 +0000 [2607:fb92:1c86:f83a:59d8:afad:8a16:9c96] [/home/u991737198/domains/tas2023.online/public_html/lib/base.php:1871] Base->call()
Tue, 21 Oct 2025 15:32:12 +0000 [2607:fb92:1c86:f83a:59d8:afad:8a16:9c96] [/home/u991737198/domains/tas2023.online/public_html/index.php:19] Base->run()
Tue, 21 Oct 2025 15:32:48 +0000 [2607:fb92:1c86:f83a:59d8:afad:8a16:9c96] 500: Undefined variable $entity_num trace: [tmp/3hn69l4qoa804.man4oes5p0l2.php:177]
Tue, 21 Oct 2025 15:32:48 +0000 [2607:fb92:1c86:f83a:59d8:afad:8a16:9c96] [tmp/3hn69l4qoa804.man4oes5p0l2.php:177] Base->{closure}()
Tue, 21 Oct 2025 15:32:48 +0000 [2607:fb92:1c86:f83a:59d8:afad:8a16:9c96] [lib/base.php:3036] require('/home/u991737198/domains/tas2023.online/public_html/tmp/3hn69l4qoa804.man4oes5p0l2.php')
Tue, 21 Oct 2025 15:32:48 +0000 [2607:fb92:1c86:f83a:59d8:afad:8a16:9c96] [lib/base.php:3281] View->sandbox()
Tue, 21 Oct 2025 15:32:48 +0000 [2607:fb92:1c86:f83a:59d8:afad:8a16:9c96] [tmp/3hn69l4qoa804.3h31n1yj254w8.php:7] Preview->render()
Tue, 21 Oct 2025 15:32:48 +0000 [2607:fb92:1c86:f83a:59d8:afad:8a16:9c96] [lib/base.php:3036] require('/home/u991737198/domains/tas2023.online/public_html/tmp/3hn69l4qoa804.3h31n1yj254w8.php')
Tue, 21 Oct 2025 15:32:48 +0000 [2607:fb92:1c86:f83a:59d8:afad:8a16:9c96] [lib/base.php:3281] View->sandbox()
Tue, 21 Oct 2025 15:32:48 +0000 [2607:fb92:1c86:f83a:59d8:afad:8a16:9c96] [app/controllers/Controller.php:87] Preview->render()
Tue, 21 Oct 2025 15:32:48 +0000 [2607:fb92:1c86:f83a:59d8:afad:8a16:9c96] [lib/base.php:2078] Controller->afterroute()
Tue, 21 Oct 2025 15:32:48 +0000 [2607:fb92:1c86:f83a:59d8:afad:8a16:9c96] [lib/base.php:1871] Base->call()
Tue, 21 Oct 2025 15:32:48 +0000 [2607:fb92:1c86:f83a:59d8:afad:8a16:9c96] [index.php:19] Base->run()
Tue, 21 Oct 2025 15:35:00 +0000 [2607:fb92:1c86:f83a:59d8:afad:8a16:9c96] 500: Undefined variable $entity_num trace: [tmp/3hn69l4qoa804.man4oes5p0l2.php:177]
Tue, 21 Oct 2025 15:35:00 +0000 [2607:fb92:1c86:f83a:59d8:afad:8a16:9c96] [tmp/3hn69l4qoa804.man4oes5p0l2.php:177] Base->{closure}()
Tue, 21 Oct 2025 15:35:00 +0000 [2607:fb92:1c86:f83a:59d8:afad:8a16:9c96] [lib/base.php:3036] require('/home/u991737198/domains/tas2023.online/public_html/tmp/3hn69l4qoa804.man4oes5p0l2.php')
Tue, 21 Oct 2025 15:35:00 +0000 [2607:fb92:1c86:f83a:59d8:afad:8a16:9c96] [lib/base.php:3281] View->sandbox()
Tue, 21 Oct 2025 15:35:00 +0000 [2607:fb92:1c86:f83a:59d8:afad:8a16:9c96] [tmp/3hn69l4qoa804.3h31n1yj254w8.php:7] Preview->render()
Tue, 21 Oct 2025 15:35:00 +0000 [2607:fb92:1c86:f83a:59d8:afad:8a16:9c96] [lib/base.php:3036] require('/home/u991737198/domains/tas2023.online/public_html/tmp/3hn69l4qoa804.3h31n1yj254w8.php')
Tue, 21 Oct 2025 15:35:00 +0000 [2607:fb92:1c86:f83a:59d8:afad:8a16:9c96] [lib/base.php:3281] View->sandbox()
Tue, 21 Oct 2025 15:35:00 +0000 [2607:fb92:1c86:f83a:59d8:afad:8a16:9c96] [app/controllers/Controller.php:87] Preview->render()
Tue, 21 Oct 2025 15:35:00 +0000 [2607:fb92:1c86:f83a:59d8:afad:8a16:9c96] [lib/base.php:2078] Controller->afterroute()
Tue, 21 Oct 2025 15:35:00 +0000 [2607:fb92:1c86:f83a:59d8:afad:8a16:9c96] [lib/base.php:1871] Base->call()
Tue, 21 Oct 2025 15:35:00 +0000 [2607:fb92:1c86:f83a:59d8:afad:8a16:9c96] [index.php:19] Base->run()
Tue, 21 Oct 2025 16:49:55 +0000 [2607:fb91:8c02:49c6:14c4:bc19:e24e:bdb] 401: HTTP 401 (GET /task/listtasks) trace: [/home/u991737198/domains/tas2023.online/public_html/lib/access.php:112] Base->error()
Tue, 21 Oct 2025 16:49:55 +0000 [2607:fb91:8c02:49c6:14c4:bc19:e24e:bdb] [/home/u991737198/domains/tas2023.online/public_html/app/controllers/Controller.php:78] Access->authorize()
Tue, 21 Oct 2025 16:49:55 +0000 [2607:fb91:8c02:49c6:14c4:bc19:e24e:bdb] [/home/u991737198/domains/tas2023.online/public_html/lib/base.php:2069] Controller->beforeroute()
Tue, 21 Oct 2025 16:49:55 +0000 [2607:fb91:8c02:49c6:14c4:bc19:e24e:bdb] [/home/u991737198/domains/tas2023.online/public_html/lib/base.php:1871] Base->call()
Tue, 21 Oct 2025 16:49:55 +0000 [2607:fb91:8c02:49c6:14c4:bc19:e24e:bdb] [/home/u991737198/domains/tas2023.online/public_html/index.php:19] Base->run()
Tue, 21 Oct 2025 16:50:28 +0000 [2607:fb91:8c02:49c6:14c4:bc19:e24e:bdb] 500: Undefined variable $entity_num trace: [tmp/3hn69l4qoa804.man4oes5p0l2.php:177]
Tue, 21 Oct 2025 16:50:28 +0000 [2607:fb91:8c02:49c6:14c4:bc19:e24e:bdb] [tmp/3hn69l4qoa804.man4oes5p0l2.php:177] Base->{closure}()
Tue, 21 Oct 2025 16:50:28 +0000 [2607:fb91:8c02:49c6:14c4:bc19:e24e:bdb] [lib/base.php:3036] require('/home/u991737198/domains/tas2023.online/public_html/tmp/3hn69l4qoa804.man4oes5p0l2.php')
Tue, 21 Oct 2025 16:50:28 +0000 [2607:fb91:8c02:49c6:14c4:bc19:e24e:bdb] [lib/base.php:3281] View->sandbox()
Tue, 21 Oct 2025 16:50:28 +0000 [2607:fb91:8c02:49c6:14c4:bc19:e24e:bdb] [tmp/3hn69l4qoa804.3h31n1yj254w8.php:7] Preview->render()
Tue, 21 Oct 2025 16:50:28 +0000 [2607:fb91:8c02:49c6:14c4:bc19:e24e:bdb] [lib/base.php:3036] require('/home/u991737198/domains/tas2023.online/public_html/tmp/3hn69l4qoa804.3h31n1yj254w8.php')
Tue, 21 Oct 2025 16:50:28 +0000 [2607:fb91:8c02:49c6:14c4:bc19:e24e:bdb] [lib/base.php:3281] View->sandbox()
Tue, 21 Oct 2025 16:50:28 +0000 [2607:fb91:8c02:49c6:14c4:bc19:e24e:bdb] [app/controllers/Controller.php:87] Preview->render()
Tue, 21 Oct 2025 16:50:28 +0000 [2607:fb91:8c02:49c6:14c4:bc19:e24e:bdb] [lib/base.php:2078] Controller->afterroute()
Tue, 21 Oct 2025 16:50:28 +0000 [2607:fb91:8c02:49c6:14c4:bc19:e24e:bdb] [lib/base.php:1871] Base->call()
Tue, 21 Oct 2025 16:50:28 +0000 [2607:fb91:8c02:49c6:14c4:bc19:e24e:bdb] [index.php:19] Base->run()
Tue, 21 Oct 2025 16:51:45 +0000 [2607:fb91:8c02:49c6:14c4:bc19:e24e:bdb] 500: Undefined variable $entity_num trace: [tmp/3hn69l4qoa804.man4oes5p0l2.php:177]
Tue, 21 Oct 2025 16:51:45 +0000 [2607:fb91:8c02:49c6:14c4:bc19:e24e:bdb] [tmp/3hn69l4qoa804.man4oes5p0l2.php:177] Base->{closure}()
Tue, 21 Oct 2025 16:51:45 +0000 [2607:fb91:8c02:49c6:14c4:bc19:e24e:bdb] [lib/base.php:3036] require('/home/u991737198/domains/tas2023.online/public_html/tmp/3hn69l4qoa804.man4oes5p0l2.php')
Tue, 21 Oct 2025 16:51:45 +0000 [2607:fb91:8c02:49c6:14c4:bc19:e24e:bdb] [lib/base.php:3281] View->sandbox()
Tue, 21 Oct 2025 16:51:45 +0000 [2607:fb91:8c02:49c6:14c4:bc19:e24e:bdb] [tmp/3hn69l4qoa804.3h31n1yj254w8.php:7] Preview->render()
Tue, 21 Oct 2025 16:51:45 +0000 [2607:fb91:8c02:49c6:14c4:bc19:e24e:bdb] [lib/base.php:3036] require('/home/u991737198/domains/tas2023.online/public_html/tmp/3hn69l4qoa804.3h31n1yj254w8.php')
Tue, 21 Oct 2025 16:51:45 +0000 [2607:fb91:8c02:49c6:14c4:bc19:e24e:bdb] [lib/base.php:3281] View->sandbox()
Tue, 21 Oct 2025 16:51:45 +0000 [2607:fb91:8c02:49c6:14c4:bc19:e24e:bdb] [app/controllers/Controller.php:87] Preview->render()
Tue, 21 Oct 2025 16:51:45 +0000 [2607:fb91:8c02:49c6:14c4:bc19:e24e:bdb] [lib/base.php:2078] Controller->afterroute()
Tue, 21 Oct 2025 16:51:45 +0000 [2607:fb91:8c02:49c6:14c4:bc19:e24e:bdb] [lib/base.php:1871] Base->call()
Tue, 21 Oct 2025 16:51:45 +0000 [2607:fb91:8c02:49c6:14c4:bc19:e24e:bdb] [index.php:19] Base->run()
Tue, 21 Oct 2025 16:54:06 +0000 [2607:fb91:8c02:49c6:14c4:bc19:e24e:bdb] 500: Undefined variable $entity_num trace: [tmp/3hn69l4qoa804.man4oes5p0l2.php:177]
Tue, 21 Oct 2025 16:54:06 +0000 [2607:fb91:8c02:49c6:14c4:bc19:e24e:bdb] [tmp/3hn69l4qoa804.man4oes5p0l2.php:177] Base->{closure}()
Tue, 21 Oct 2025 16:54:06 +0000 [2607:fb91:8c02:49c6:14c4:bc19:e24e:bdb] [lib/base.php:3036] require('/home/u991737198/domains/tas2023.online/public_html/tmp/3hn69l4qoa804.man4oes5p0l2.php')
Tue, 21 Oct 2025 16:54:06 +0000 [2607:fb91:8c02:49c6:14c4:bc19:e24e:bdb] [lib/base.php:3281] View->sandbox()
Tue, 21 Oct 2025 16:54:06 +0000 [2607:fb91:8c02:49c6:14c4:bc19:e24e:bdb] [tmp/3hn69l4qoa804.3h31n1yj254w8.php:7] Preview->render()
Tue, 21 Oct 2025 16:54:06 +0000 [2607:fb91:8c02:49c6:14c4:bc19:e24e:bdb] [lib/base.php:3036] require('/home/u991737198/domains/tas2023.online/public_html/tmp/3hn69l4qoa804.3h31n1yj254w8.php')
Tue, 21 Oct 2025 16:54:06 +0000 [2607:fb91:8c02:49c6:14c4:bc19:e24e:bdb] [lib/base.php:3281] View->sandbox()
Tue, 21 Oct 2025 16:54:06 +0000 [2607:fb91:8c02:49c6:14c4:bc19:e24e:bdb] [app/controllers/Controller.php:87] Preview->render()
Tue, 21 Oct 2025 16:54:06 +0000 [2607:fb91:8c02:49c6:14c4:bc19:e24e:bdb] [lib/base.php:2078] Controller->afterroute()
Tue, 21 Oct 2025 16:54:06 +0000 [2607:fb91:8c02:49c6:14c4:bc19:e24e:bdb] [lib/base.php:1871] Base->call()
Tue, 21 Oct 2025 16:54:06 +0000 [2607:fb91:8c02:49c6:14c4:bc19:e24e:bdb] [index.php:19] Base->run()
Tue, 21 Oct 2025 16:54:44 +0000 [2607:fb91:8c02:49c6:14c4:bc19:e24e:bdb] 500: Undefined variable $entity_num trace: [tmp/3hn69l4qoa804.man4oes5p0l2.php:177]
Tue, 21 Oct 2025 16:54:44 +0000 [2607:fb91:8c02:49c6:14c4:bc19:e24e:bdb] [tmp/3hn69l4qoa804.man4oes5p0l2.php:177] Base->{closure}()
Tue, 21 Oct 2025 16:54:44 +0000 [2607:fb91:8c02:49c6:14c4:bc19:e24e:bdb] [lib/base.php:3036] require('/home/u991737198/domains/tas2023.online/public_html/tmp/3hn69l4qoa804.man4oes5p0l2.php')
Tue, 21 Oct 2025 16:54:44 +0000 [2607:fb91:8c02:49c6:14c4:bc19:e24e:bdb] [lib/base.php:3281] View->sandbox()
Tue, 21 Oct 2025 16:54:44 +0000 [2607:fb91:8c02:49c6:14c4:bc19:e24e:bdb] [tmp/3hn69l4qoa804.3h31n1yj254w8.php:7] Preview->render()
Tue, 21 Oct 2025 16:54:44 +0000 [2607:fb91:8c02:49c6:14c4:bc19:e24e:bdb] [lib/base.php:3036] require('/home/u991737198/domains/tas2023.online/public_html/tmp/3hn69l4qoa804.3h31n1yj254w8.php')
Tue, 21 Oct 2025 16:54:44 +0000 [2607:fb91:8c02:49c6:14c4:bc19:e24e:bdb] [lib/base.php:3281] View->sandbox()
Tue, 21 Oct 2025 16:54:44 +0000 [2607:fb91:8c02:49c6:14c4:bc19:e24e:bdb] [app/controllers/Controller.php:87] Preview->render()
Tue, 21 Oct 2025 16:54:44 +0000 [2607:fb91:8c02:49c6:14c4:bc19:e24e:bdb] [lib/base.php:2078] Controller->afterroute()
Tue, 21 Oct 2025 16:54:44 +0000 [2607:fb91:8c02:49c6:14c4:bc19:e24e:bdb] [lib/base.php:1871] Base->call()
Tue, 21 Oct 2025 16:54:44 +0000 [2607:fb91:8c02:49c6:14c4:bc19:e24e:bdb] [index.php:19] Base->run()
Tue, 21 Oct 2025 16:56:27 +0000 [2607:fb91:8c02:49c6:14c4:bc19:e24e:bdb] 500: Undefined variable $entity_num trace: [tmp/3hn69l4qoa804.man4oes5p0l2.php:177]
Tue, 21 Oct 2025 16:56:27 +0000 [2607:fb91:8c02:49c6:14c4:bc19:e24e:bdb] [tmp/3hn69l4qoa804.man4oes5p0l2.php:177] Base->{closure}()
Tue, 21 Oct 2025 16:56:27 +0000 [2607:fb91:8c02:49c6:14c4:bc19:e24e:bdb] [lib/base.php:3036] require('/home/u991737198/domains/tas2023.online/public_html/tmp/3hn69l4qoa804.man4oes5p0l2.php')
Tue, 21 Oct 2025 16:56:27 +0000 [2607:fb91:8c02:49c6:14c4:bc19:e24e:bdb] [lib/base.php:3281] View->sandbox()
Tue, 21 Oct 2025 16:56:27 +0000 [2607:fb91:8c02:49c6:14c4:bc19:e24e:bdb] [tmp/3hn69l4qoa804.3h31n1yj254w8.php:7] Preview->render()
Tue, 21 Oct 2025 16:56:27 +0000 [2607:fb91:8c02:49c6:14c4:bc19:e24e:bdb] [lib/base.php:3036] require('/home/u991737198/domains/tas2023.online/public_html/tmp/3hn69l4qoa804.3h31n1yj254w8.php')
Tue, 21 Oct 2025 16:56:27 +0000 [2607:fb91:8c02:49c6:14c4:bc19:e24e:bdb] [lib/base.php:3281] View->sandbox()
Tue, 21 Oct 2025 16:56:27 +0000 [2607:fb91:8c02:49c6:14c4:bc19:e24e:bdb] [app/controllers/Controller.php:87] Preview->render()
Tue, 21 Oct 2025 16:56:27 +0000 [2607:fb91:8c02:49c6:14c4:bc19:e24e:bdb] [lib/base.php:2078] Controller->afterroute()
Tue, 21 Oct 2025 16:56:27 +0000 [2607:fb91:8c02:49c6:14c4:bc19:e24e:bdb] [lib/base.php:1871] Base->call()
Tue, 21 Oct 2025 16:56:27 +0000 [2607:fb91:8c02:49c6:14c4:bc19:e24e:bdb] [index.php:19] Base->run()
Tue, 21 Oct 2025 16:57:18 +0000 [2607:fb91:8c02:49c6:14c4:bc19:e24e:bdb] 500: Undefined variable $entity_num trace: [tmp/3hn69l4qoa804.man4oes5p0l2.php:177]
Tue, 21 Oct 2025 16:57:18 +0000 [2607:fb91:8c02:49c6:14c4:bc19:e24e:bdb] [tmp/3hn69l4qoa804.man4oes5p0l2.php:177] Base->{closure}()
Tue, 21 Oct 2025 16:57:18 +0000 [2607:fb91:8c02:49c6:14c4:bc19:e24e:bdb] [lib/base.php:3036] require('/home/u991737198/domains/tas2023.online/public_html/tmp/3hn69l4qoa804.man4oes5p0l2.php')
Tue, 21 Oct 2025 16:57:18 +0000 [2607:fb91:8c02:49c6:14c4:bc19:e24e:bdb] [lib/base.php:3281] View->sandbox()
Tue, 21 Oct 2025 16:57:18 +0000 [2607:fb91:8c02:49c6:14c4:bc19:e24e:bdb] [tmp/3hn69l4qoa804.3h31n1yj254w8.php:7] Preview->render()
Tue, 21 Oct 2025 16:57:18 +0000 [2607:fb91:8c02:49c6:14c4:bc19:e24e:bdb] [lib/base.php:3036] require('/home/u991737198/domains/tas2023.online/public_html/tmp/3hn69l4qoa804.3h31n1yj254w8.php')
Tue, 21 Oct 2025 16:57:18 +0000 [2607:fb91:8c02:49c6:14c4:bc19:e24e:bdb] [lib/base.php:3281] View->sandbox()
Tue, 21 Oct 2025 16:57:18 +0000 [2607:fb91:8c02:49c6:14c4:bc19:e24e:bdb] [app/controllers/Controller.php:87] Preview->render()
Tue, 21 Oct 2025 16:57:18 +0000 [2607:fb91:8c02:49c6:14c4:bc19:e24e:bdb] [lib/base.php:2078] Controller->afterroute()
Tue, 21 Oct 2025 16:57:18 +0000 [2607:fb91:8c02:49c6:14c4:bc19:e24e:bdb] [lib/base.php:1871] Base->call()
Tue, 21 Oct 2025 16:57:18 +0000 [2607:fb91:8c02:49c6:14c4:bc19:e24e:bdb] [index.php:19] Base->run()
Tue, 21 Oct 2025 16:59:04 +0000 [2607:fb91:8c02:49c6:14c4:bc19:e24e:bdb] 500: Undefined variable $fechapicker trace: [/home/u991737198/domains/tas2023.online/public_html/tmp/3hn69l4qoa804.22phmm30e0u84.php:334]
Tue, 21 Oct 2025 16:59:04 +0000 [2607:fb91:8c02:49c6:14c4:bc19:e24e:bdb] [/home/u991737198/domains/tas2023.online/public_html/tmp/3hn69l4qoa804.22phmm30e0u84.php:334] Base->{closure}()
Tue, 21 Oct 2025 16:59:04 +0000 [2607:fb91:8c02:49c6:14c4:bc19:e24e:bdb] [/home/u991737198/domains/tas2023.online/public_html/lib/base.php:3036] require('/home/u991737198/domains/tas2023.online/public_html/tmp/3hn69l4qoa804.22phmm30e0u84.php')
Tue, 21 Oct 2025 16:59:04 +0000 [2607:fb91:8c02:49c6:14c4:bc19:e24e:bdb] [/home/u991737198/domains/tas2023.online/public_html/lib/base.php:3281] View->sandbox()
Tue, 21 Oct 2025 16:59:04 +0000 [2607:fb91:8c02:49c6:14c4:bc19:e24e:bdb] [/home/u991737198/domains/tas2023.online/public_html/tmp/3hn69l4qoa804.3h31n1yj254w8.php:7] Preview->render()
Tue, 21 Oct 2025 16:59:04 +0000 [2607:fb91:8c02:49c6:14c4:bc19:e24e:bdb] [/home/u991737198/domains/tas2023.online/public_html/lib/base.php:3036] require('/home/u991737198/domains/tas2023.online/public_html/tmp/3hn69l4qoa804.3h31n1yj254w8.php')
Tue, 21 Oct 2025 16:59:04 +0000 [2607:fb91:8c02:49c6:14c4:bc19:e24e:bdb] [/home/u991737198/domains/tas2023.online/public_html/lib/base.php:3281] View->sandbox()
Tue, 21 Oct 2025 16:59:04 +0000 [2607:fb91:8c02:49c6:14c4:bc19:e24e:bdb] [/home/u991737198/domains/tas2023.online/public_html/app/controllers/Controller.php:87] Preview->render()
Tue, 21 Oct 2025 16:59:04 +0000 [2607:fb91:8c02:49c6:14c4:bc19:e24e:bdb] [/home/u991737198/domains/tas2023.online/public_html/lib/base.php:2078] Controller->afterroute()
Tue, 21 Oct 2025 16:59:04 +0000 [2607:fb91:8c02:49c6:14c4:bc19:e24e:bdb] [/home/u991737198/domains/tas2023.online/public_html/lib/base.php:1871] Base->call()
Tue, 21 Oct 2025 16:59:04 +0000 [2607:fb91:8c02:49c6:14c4:bc19:e24e:bdb] [/home/u991737198/domains/tas2023.online/public_html/index.php:19] Base->run()
Tue, 21 Oct 2025 16:59:19 +0000 [2607:fb91:8c02:49c6:14c4:bc19:e24e:bdb] 500: Undefined variable $fechapicker trace: [/home/u991737198/domains/tas2023.online/public_html/tmp/3hn69l4qoa804.22phmm30e0u84.php:334]
Tue, 21 Oct 2025 16:59:19 +0000 [2607:fb91:8c02:49c6:14c4:bc19:e24e:bdb] [/home/u991737198/domains/tas2023.online/public_html/tmp/3hn69l4qoa804.22phmm30e0u84.php:334] Base->{closure}()
Tue, 21 Oct 2025 16:59:19 +0000 [2607:fb91:8c02:49c6:14c4:bc19:e24e:bdb] [/home/u991737198/domains/tas2023.online/public_html/lib/base.php:3036] require('/home/u991737198/domains/tas2023.online/public_html/tmp/3hn69l4qoa804.22phmm30e0u84.php')
Tue, 21 Oct 2025 16:59:19 +0000 [2607:fb91:8c02:49c6:14c4:bc19:e24e:bdb] [/home/u991737198/domains/tas2023.online/public_html/lib/base.php:3281] View->sandbox()
Tue, 21 Oct 2025 16:59:19 +0000 [2607:fb91:8c02:49c6:14c4:bc19:e24e:bdb] [/home/u991737198/domains/tas2023.online/public_html/tmp/3hn69l4qoa804.3h31n1yj254w8.php:7] Preview->render()
Tue, 21 Oct 2025 16:59:19 +0000 [2607:fb91:8c02:49c6:14c4:bc19:e24e:bdb] [/home/u991737198/domains/tas2023.online/public_html/lib/base.php:3036] require('/home/u991737198/domains/tas2023.online/public_html/tmp/3hn69l4qoa804.3h31n1yj254w8.php')
Tue, 21 Oct 2025 16:59:19 +0000 [2607:fb91:8c02:49c6:14c4:bc19:e24e:bdb] [/home/u991737198/domains/tas2023.online/public_html/lib/base.php:3281] View->sandbox()
Tue, 21 Oct 2025 16:59:19 +0000 [2607:fb91:8c02:49c6:14c4:bc19:e24e:bdb] [/home/u991737198/domains/tas2023.online/public_html/app/controllers/Controller.php:87] Preview->render()
Tue, 21 Oct 2025 16:59:19 +0000 [2607:fb91:8c02:49c6:14c4:bc19:e24e:bdb] [/home/u991737198/domains/tas2023.online/public_html/lib/base.php:2078] Controller->afterroute()
Tue, 21 Oct 2025 16:59:19 +0000 [2607:fb91:8c02:49c6:14c4:bc19:e24e:bdb] [/home/u991737198/domains/tas2023.online/public_html/lib/base.php:1871] Base->call()
Tue, 21 Oct 2025 16:59:19 +0000 [2607:fb91:8c02:49c6:14c4:bc19:e24e:bdb] [/home/u991737198/domains/tas2023.online/public_html/index.php:19] Base->run()
Tue, 21 Oct 2025 16:59:22 +0000 [2607:fb91:8c02:49c6:14c4:bc19:e24e:bdb] 500: Undefined variable $selected_note trace: [/home/u991737198/domains/tas2023.online/public_html/tmp/3hn69l4qoa804.3g8shy2588w00.php:385]
Tue, 21 Oct 2025 16:59:22 +0000 [2607:fb91:8c02:49c6:14c4:bc19:e24e:bdb] [/home/u991737198/domains/tas2023.online/public_html/tmp/3hn69l4qoa804.3g8shy2588w00.php:385] Base->{closure}()
Tue, 21 Oct 2025 16:59:22 +0000 [2607:fb91:8c02:49c6:14c4:bc19:e24e:bdb] [/home/u991737198/domains/tas2023.online/public_html/lib/base.php:3036] require('/home/u991737198/domains/tas2023.online/public_html/tmp/3hn69l4qoa804.3g8shy2588w00.php')
Tue, 21 Oct 2025 16:59:22 +0000 [2607:fb91:8c02:49c6:14c4:bc19:e24e:bdb] [/home/u991737198/domains/tas2023.online/public_html/lib/base.php:3281] View->sandbox()
Tue, 21 Oct 2025 16:59:22 +0000 [2607:fb91:8c02:49c6:14c4:bc19:e24e:bdb] [/home/u991737198/domains/tas2023.online/public_html/tmp/3hn69l4qoa804.3h31n1yj254w8.php:7] Preview->render()
Tue, 21 Oct 2025 16:59:22 +0000 [2607:fb91:8c02:49c6:14c4:bc19:e24e:bdb] [/home/u991737198/domains/tas2023.online/public_html/lib/base.php:3036] require('/home/u991737198/domains/tas2023.online/public_html/tmp/3hn69l4qoa804.3h31n1yj254w8.php')
Tue, 21 Oct 2025 16:59:22 +0000 [2607:fb91:8c02:49c6:14c4:bc19:e24e:bdb] [/home/u991737198/domains/tas2023.online/public_html/lib/base.php:3281] View->sandbox()
Tue, 21 Oct 2025 16:59:22 +0000 [2607:fb91:8c02:49c6:14c4:bc19:e24e:bdb] [/home/u991737198/domains/tas2023.online/public_html/app/controllers/Controller.php:87] Preview->render()
Tue, 21 Oct 2025 16:59:22 +0000 [2607:fb91:8c02:49c6:14c4:bc19:e24e:bdb] [/home/u991737198/domains/tas2023.online/public_html/lib/base.php:2078] Controller->afterroute()
Tue, 21 Oct 2025 16:59:22 +0000 [2607:fb91:8c02:49c6:14c4:bc19:e24e:bdb] [/home/u991737198/domains/tas2023.online/public_html/lib/base.php:1871] Base->call()
Tue, 21 Oct 2025 16:59:22 +0000 [2607:fb91:8c02:49c6:14c4:bc19:e24e:bdb] [/home/u991737198/domains/tas2023.online/public_html/index.php:19] Base->run()
Tue, 21 Oct 2025 16:59:31 +0000 [2607:fb91:8c02:49c6:14c4:bc19:e24e:bdb] 500: Undefined variable $entity_num trace: [tmp/3hn69l4qoa804.man4oes5p0l2.php:177]
Tue, 21 Oct 2025 16:59:31 +0000 [2607:fb91:8c02:49c6:14c4:bc19:e24e:bdb] [tmp/3hn69l4qoa804.man4oes5p0l2.php:177] Base->{closure}()
Tue, 21 Oct 2025 16:59:31 +0000 [2607:fb91:8c02:49c6:14c4:bc19:e24e:bdb] [lib/base.php:3036] require('/home/u991737198/domains/tas2023.online/public_html/tmp/3hn69l4qoa804.man4oes5p0l2.php')
Tue, 21 Oct 2025 16:59:31 +0000 [2607:fb91:8c02:49c6:14c4:bc19:e24e:bdb] [lib/base.php:3281] View->sandbox()
Tue, 21 Oct 2025 16:59:31 +0000 [2607:fb91:8c02:49c6:14c4:bc19:e24e:bdb] [tmp/3hn69l4qoa804.3h31n1yj254w8.php:7] Preview->render()
Tue, 21 Oct 2025 16:59:31 +0000 [2607:fb91:8c02:49c6:14c4:bc19:e24e:bdb] [lib/base.php:3036] require('/home/u991737198/domains/tas2023.online/public_html/tmp/3hn69l4qoa804.3h31n1yj254w8.php')
Tue, 21 Oct 2025 16:59:31 +0000 [2607:fb91:8c02:49c6:14c4:bc19:e24e:bdb] [lib/base.php:3281] View->sandbox()
Tue, 21 Oct 2025 16:59:31 +0000 [2607:fb91:8c02:49c6:14c4:bc19:e24e:bdb] [app/controllers/Controller.php:87] Preview->render()
Tue, 21 Oct 2025 16:59:31 +0000 [2607:fb91:8c02:49c6:14c4:bc19:e24e:bdb] [lib/base.php:2078] Controller->afterroute()
Tue, 21 Oct 2025 16:59:31 +0000 [2607:fb91:8c02:49c6:14c4:bc19:e24e:bdb] [lib/base.php:1871] Base->call()
Tue, 21 Oct 2025 16:59:31 +0000 [2607:fb91:8c02:49c6:14c4:bc19:e24e:bdb] [index.php:19] Base->run()
Tue, 21 Oct 2025 17:00:47 +0000 [2607:fb91:8c02:49c6:14c4:bc19:e24e:bdb] 500: Undefined variable $entity_num trace: [tmp/3hn69l4qoa804.man4oes5p0l2.php:177]
Tue, 21 Oct 2025 17:00:47 +0000 [2607:fb91:8c02:49c6:14c4:bc19:e24e:bdb] [tmp/3hn69l4qoa804.man4oes5p0l2.php:177] Base->{closure}()
Tue, 21 Oct 2025 17:00:47 +0000 [2607:fb91:8c02:49c6:14c4:bc19:e24e:bdb] [lib/base.php:3036] require('/home/u991737198/domains/tas2023.online/public_html/tmp/3hn69l4qoa804.man4oes5p0l2.php')
Tue, 21 Oct 2025 17:00:47 +0000 [2607:fb91:8c02:49c6:14c4:bc19:e24e:bdb] [lib/base.php:3281] View->sandbox()
Tue, 21 Oct 2025 17:00:47 +0000 [2607:fb91:8c02:49c6:14c4:bc19:e24e:bdb] [tmp/3hn69l4qoa804.3h31n1yj254w8.php:7] Preview->render()
Tue, 21 Oct 2025 17:00:47 +0000 [2607:fb91:8c02:49c6:14c4:bc19:e24e:bdb] [lib/base.php:3036] require('/home/u991737198/domains/tas2023.online/public_html/tmp/3hn69l4qoa804.3h31n1yj254w8.php')
Tue, 21 Oct 2025 17:00:47 +0000 [2607:fb91:8c02:49c6:14c4:bc19:e24e:bdb] [lib/base.php:3281] View->sandbox()
Tue, 21 Oct 2025 17:00:47 +0000 [2607:fb91:8c02:49c6:14c4:bc19:e24e:bdb] [app/controllers/Controller.php:87] Preview->render()
Tue, 21 Oct 2025 17:00:47 +0000 [2607:fb91:8c02:49c6:14c4:bc19:e24e:bdb] [lib/base.php:2078] Controller->afterroute()
Tue, 21 Oct 2025 17:00:47 +0000 [2607:fb91:8c02:49c6:14c4:bc19:e24e:bdb] [lib/base.php:1871] Base->call()
Tue, 21 Oct 2025 17:00:47 +0000 [2607:fb91:8c02:49c6:14c4:bc19:e24e:bdb] [index.php:19] Base->run()
Tue, 21 Oct 2025 17:02:32 +0000 [2607:fb91:8c02:49c6:14c4:bc19:e24e:bdb] 500: Undefined variable $entity_num trace: [tmp/3hn69l4qoa804.man4oes5p0l2.php:177]
Tue, 21 Oct 2025 17:02:32 +0000 [2607:fb91:8c02:49c6:14c4:bc19:e24e:bdb] [tmp/3hn69l4qoa804.man4oes5p0l2.php:177] Base->{closure}()
Tue, 21 Oct 2025 17:02:32 +0000 [2607:fb91:8c02:49c6:14c4:bc19:e24e:bdb] [lib/base.php:3036] require('/home/u991737198/domains/tas2023.online/public_html/tmp/3hn69l4qoa804.man4oes5p0l2.php')
Tue, 21 Oct 2025 17:02:32 +0000 [2607:fb91:8c02:49c6:14c4:bc19:e24e:bdb] [lib/base.php:3281] View->sandbox()
Tue, 21 Oct 2025 17:02:32 +0000 [2607:fb91:8c02:49c6:14c4:bc19:e24e:bdb] [tmp/3hn69l4qoa804.3h31n1yj254w8.php:7] Preview->render()
Tue, 21 Oct 2025 17:02:32 +0000 [2607:fb91:8c02:49c6:14c4:bc19:e24e:bdb] [lib/base.php:3036] require('/home/u991737198/domains/tas2023.online/public_html/tmp/3hn69l4qoa804.3h31n1yj254w8.php')
Tue, 21 Oct 2025 17:02:32 +0000 [2607:fb91:8c02:49c6:14c4:bc19:e24e:bdb] [lib/base.php:3281] View->sandbox()
Tue, 21 Oct 2025 17:02:32 +0000 [2607:fb91:8c02:49c6:14c4:bc19:e24e:bdb] [app/controllers/Controller.php:87] Preview->render()
Tue, 21 Oct 2025 17:02:32 +0000 [2607:fb91:8c02:49c6:14c4:bc19:e24e:bdb] [lib/base.php:2078] Controller->afterroute()
Tue, 21 Oct 2025 17:02:32 +0000 [2607:fb91:8c02:49c6:14c4:bc19:e24e:bdb] [lib/base.php:1871] Base->call()
Tue, 21 Oct 2025 17:02:32 +0000 [2607:fb91:8c02:49c6:14c4:bc19:e24e:bdb] [index.php:19] Base->run()
Tue, 21 Oct 2025 17:03:25 +0000 [2607:fb91:8c02:49c6:14c4:bc19:e24e:bdb] 500: Undefined variable $entity_num trace: [tmp/3hn69l4qoa804.man4oes5p0l2.php:177]
Tue, 21 Oct 2025 17:03:25 +0000 [2607:fb91:8c02:49c6:14c4:bc19:e24e:bdb] [tmp/3hn69l4qoa804.man4oes5p0l2.php:177] Base->{closure}()
Tue, 21 Oct 2025 17:03:25 +0000 [2607:fb91:8c02:49c6:14c4:bc19:e24e:bdb] [lib/base.php:3036] require('/home/u991737198/domains/tas2023.online/public_html/tmp/3hn69l4qoa804.man4oes5p0l2.php')
Tue, 21 Oct 2025 17:03:25 +0000 [2607:fb91:8c02:49c6:14c4:bc19:e24e:bdb] [lib/base.php:3281] View->sandbox()
Tue, 21 Oct 2025 17:03:25 +0000 [2607:fb91:8c02:49c6:14c4:bc19:e24e:bdb] [tmp/3hn69l4qoa804.3h31n1yj254w8.php:7] Preview->render()
Tue, 21 Oct 2025 17:03:25 +0000 [2607:fb91:8c02:49c6:14c4:bc19:e24e:bdb] [lib/base.php:3036] require('/home/u991737198/domains/tas2023.online/public_html/tmp/3hn69l4qoa804.3h31n1yj254w8.php')
Tue, 21 Oct 2025 17:03:25 +0000 [2607:fb91:8c02:49c6:14c4:bc19:e24e:bdb] [lib/base.php:3281] View->sandbox()
Tue, 21 Oct 2025 17:03:25 +0000 [2607:fb91:8c02:49c6:14c4:bc19:e24e:bdb] [app/controllers/Controller.php:87] Preview->render()
Tue, 21 Oct 2025 17:03:25 +0000 [2607:fb91:8c02:49c6:14c4:bc19:e24e:bdb] [lib/base.php:2078] Controller->afterroute()
Tue, 21 Oct 2025 17:03:25 +0000 [2607:fb91:8c02:49c6:14c4:bc19:e24e:bdb] [lib/base.php:1871] Base->call()
Tue, 21 Oct 2025 17:03:25 +0000 [2607:fb91:8c02:49c6:14c4:bc19:e24e:bdb] [index.php:19] Base->run()
Tue, 21 Oct 2025 17:05:17 +0000 [2607:fb91:8c02:49c6:14c4:bc19:e24e:bdb] 500: Undefined variable $entity_num trace: [tmp/3hn69l4qoa804.man4oes5p0l2.php:177]
Tue, 21 Oct 2025 17:05:17 +0000 [2607:fb91:8c02:49c6:14c4:bc19:e24e:bdb] [tmp/3hn69l4qoa804.man4oes5p0l2.php:177] Base->{closure}()
Tue, 21 Oct 2025 17:05:17 +0000 [2607:fb91:8c02:49c6:14c4:bc19:e24e:bdb] [lib/base.php:3036] require('/home/u991737198/domains/tas2023.online/public_html/tmp/3hn69l4qoa804.man4oes5p0l2.php')
Tue, 21 Oct 2025 17:05:17 +0000 [2607:fb91:8c02:49c6:14c4:bc19:e24e:bdb] [lib/base.php:3281] View->sandbox()
Tue, 21 Oct 2025 17:05:17 +0000 [2607:fb91:8c02:49c6:14c4:bc19:e24e:bdb] [tmp/3hn69l4qoa804.3h31n1yj254w8.php:7] Preview->render()
Tue, 21 Oct 2025 17:05:17 +0000 [2607:fb91:8c02:49c6:14c4:bc19:e24e:bdb] [lib/base.php:3036] require('/home/u991737198/domains/tas2023.online/public_html/tmp/3hn69l4qoa804.3h31n1yj254w8.php')
Tue, 21 Oct 2025 17:05:17 +0000 [2607:fb91:8c02:49c6:14c4:bc19:e24e:bdb] [lib/base.php:3281] View->sandbox()
Tue, 21 Oct 2025 17:05:17 +0000 [2607:fb91:8c02:49c6:14c4:bc19:e24e:bdb] [app/controllers/Controller.php:87] Preview->render()
Tue, 21 Oct 2025 17:05:17 +0000 [2607:fb91:8c02:49c6:14c4:bc19:e24e:bdb] [lib/base.php:2078] Controller->afterroute()
Tue, 21 Oct 2025 17:05:17 +0000 [2607:fb91:8c02:49c6:14c4:bc19:e24e:bdb] [lib/base.php:1871] Base->call()
Tue, 21 Oct 2025 17:05:17 +0000 [2607:fb91:8c02:49c6:14c4:bc19:e24e:bdb] [index.php:19] Base->run()
Tue, 21 Oct 2025 17:05:48 +0000 [2607:fb91:8c02:49c6:14c4:bc19:e24e:bdb] 500: Undefined variable $entity_num trace: [tmp/3hn69l4qoa804.man4oes5p0l2.php:177]
Tue, 21 Oct 2025 17:05:48 +0000 [2607:fb91:8c02:49c6:14c4:bc19:e24e:bdb] [tmp/3hn69l4qoa804.man4oes5p0l2.php:177] Base->{closure}()
Tue, 21 Oct 2025 17:05:48 +0000 [2607:fb91:8c02:49c6:14c4:bc19:e24e:bdb] [lib/base.php:3036] require('/home/u991737198/domains/tas2023.online/public_html/tmp/3hn69l4qoa804.man4oes5p0l2.php')
Tue, 21 Oct 2025 17:05:48 +0000 [2607:fb91:8c02:49c6:14c4:bc19:e24e:bdb] [lib/base.php:3281] View->sandbox()
Tue, 21 Oct 2025 17:05:48 +0000 [2607:fb91:8c02:49c6:14c4:bc19:e24e:bdb] [tmp/3hn69l4qoa804.3h31n1yj254w8.php:7] Preview->render()
Tue, 21 Oct 2025 17:05:48 +0000 [2607:fb91:8c02:49c6:14c4:bc19:e24e:bdb] [lib/base.php:3036] require('/home/u991737198/domains/tas2023.online/public_html/tmp/3hn69l4qoa804.3h31n1yj254w8.php')
Tue, 21 Oct 2025 17:05:48 +0000 [2607:fb91:8c02:49c6:14c4:bc19:e24e:bdb] [lib/base.php:3281] View->sandbox()
Tue, 21 Oct 2025 17:05:48 +0000 [2607:fb91:8c02:49c6:14c4:bc19:e24e:bdb] [app/controllers/Controller.php:87] Preview->render()
Tue, 21 Oct 2025 17:05:48 +0000 [2607:fb91:8c02:49c6:14c4:bc19:e24e:bdb] [lib/base.php:2078] Controller->afterroute()
Tue, 21 Oct 2025 17:05:48 +0000 [2607:fb91:8c02:49c6:14c4:bc19:e24e:bdb] [lib/base.php:1871] Base->call()
Tue, 21 Oct 2025 17:05:48 +0000 [2607:fb91:8c02:49c6:14c4:bc19:e24e:bdb] [index.php:19] Base->run()
Tue, 21 Oct 2025 17:08:15 +0000 [2607:fb91:8c02:49c6:14c4:bc19:e24e:bdb] 500: Undefined variable $entity_num trace: [tmp/3hn69l4qoa804.man4oes5p0l2.php:177]
Tue, 21 Oct 2025 17:08:15 +0000 [2607:fb91:8c02:49c6:14c4:bc19:e24e:bdb] [tmp/3hn69l4qoa804.man4oes5p0l2.php:177] Base->{closure}()
Tue, 21 Oct 2025 17:08:15 +0000 [2607:fb91:8c02:49c6:14c4:bc19:e24e:bdb] [lib/base.php:3036] require('/home/u991737198/domains/tas2023.online/public_html/tmp/3hn69l4qoa804.man4oes5p0l2.php')
Tue, 21 Oct 2025 17:08:15 +0000 [2607:fb91:8c02:49c6:14c4:bc19:e24e:bdb] [lib/base.php:3281] View->sandbox()
Tue, 21 Oct 2025 17:08:15 +0000 [2607:fb91:8c02:49c6:14c4:bc19:e24e:bdb] [tmp/3hn69l4qoa804.3h31n1yj254w8.php:7] Preview->render()
Tue, 21 Oct 2025 17:08:15 +0000 [2607:fb91:8c02:49c6:14c4:bc19:e24e:bdb] [lib/base.php:3036] require('/home/u991737198/domains/tas2023.online/public_html/tmp/3hn69l4qoa804.3h31n1yj254w8.php')
Tue, 21 Oct 2025 17:08:15 +0000 [2607:fb91:8c02:49c6:14c4:bc19:e24e:bdb] [lib/base.php:3281] View->sandbox()
Tue, 21 Oct 2025 17:08:15 +0000 [2607:fb91:8c02:49c6:14c4:bc19:e24e:bdb] [app/controllers/Controller.php:87] Preview->render()
Tue, 21 Oct 2025 17:08:15 +0000 [2607:fb91:8c02:49c6:14c4:bc19:e24e:bdb] [lib/base.php:2078] Controller->afterroute()
Tue, 21 Oct 2025 17:08:15 +0000 [2607:fb91:8c02:49c6:14c4:bc19:e24e:bdb] [lib/base.php:1871] Base->call()
Tue, 21 Oct 2025 17:08:15 +0000 [2607:fb91:8c02:49c6:14c4:bc19:e24e:bdb] [index.php:19] Base->run()
Tue, 21 Oct 2025 17:09:37 +0000 [2607:fb91:8c02:49c6:14c4:bc19:e24e:bdb] 500: Undefined variable $entity_num trace: [tmp/3hn69l4qoa804.man4oes5p0l2.php:177]
Tue, 21 Oct 2025 17:09:37 +0000 [2607:fb91:8c02:49c6:14c4:bc19:e24e:bdb] [tmp/3hn69l4qoa804.man4oes5p0l2.php:177] Base->{closure}()
Tue, 21 Oct 2025 17:09:37 +0000 [2607:fb91:8c02:49c6:14c4:bc19:e24e:bdb] [lib/base.php:3036] require('/home/u991737198/domains/tas2023.online/public_html/tmp/3hn69l4qoa804.man4oes5p0l2.php')
Tue, 21 Oct 2025 17:09:37 +0000 [2607:fb91:8c02:49c6:14c4:bc19:e24e:bdb] [lib/base.php:3281] View->sandbox()
Tue, 21 Oct 2025 17:09:37 +0000 [2607:fb91:8c02:49c6:14c4:bc19:e24e:bdb] [tmp/3hn69l4qoa804.3h31n1yj254w8.php:7] Preview->render()
Tue, 21 Oct 2025 17:09:37 +0000 [2607:fb91:8c02:49c6:14c4:bc19:e24e:bdb] [lib/base.php:3036] require('/home/u991737198/domains/tas2023.online/public_html/tmp/3hn69l4qoa804.3h31n1yj254w8.php')
Tue, 21 Oct 2025 17:09:37 +0000 [2607:fb91:8c02:49c6:14c4:bc19:e24e:bdb] [lib/base.php:3281] View->sandbox()
Tue, 21 Oct 2025 17:09:37 +0000 [2607:fb91:8c02:49c6:14c4:bc19:e24e:bdb] [app/controllers/Controller.php:87] Preview->render()
Tue, 21 Oct 2025 17:09:37 +0000 [2607:fb91:8c02:49c6:14c4:bc19:e24e:bdb] [lib/base.php:2078] Controller->afterroute()
Tue, 21 Oct 2025 17:09:37 +0000 [2607:fb91:8c02:49c6:14c4:bc19:e24e:bdb] [lib/base.php:1871] Base->call()
Tue, 21 Oct 2025 17:09:37 +0000 [2607:fb91:8c02:49c6:14c4:bc19:e24e:bdb] [index.php:19] Base->run()
Tue, 21 Oct 2025 17:11:19 +0000 [2607:fb91:8c02:49c6:14c4:bc19:e24e:bdb] 500: Undefined variable $fechapicker trace: [/home/u991737198/domains/tas2023.online/public_html/tmp/3hn69l4qoa804.22phmm30e0u84.php:334]
Tue, 21 Oct 2025 17:11:19 +0000 [2607:fb91:8c02:49c6:14c4:bc19:e24e:bdb] [/home/u991737198/domains/tas2023.online/public_html/tmp/3hn69l4qoa804.22phmm30e0u84.php:334] Base->{closure}()
Tue, 21 Oct 2025 17:11:19 +0000 [2607:fb91:8c02:49c6:14c4:bc19:e24e:bdb] [/home/u991737198/domains/tas2023.online/public_html/lib/base.php:3036] require('/home/u991737198/domains/tas2023.online/public_html/tmp/3hn69l4qoa804.22phmm30e0u84.php')
Tue, 21 Oct 2025 17:11:19 +0000 [2607:fb91:8c02:49c6:14c4:bc19:e24e:bdb] [/home/u991737198/domains/tas2023.online/public_html/lib/base.php:3281] View->sandbox()
Tue, 21 Oct 2025 17:11:19 +0000 [2607:fb91:8c02:49c6:14c4:bc19:e24e:bdb] [/home/u991737198/domains/tas2023.online/public_html/tmp/3hn69l4qoa804.3h31n1yj254w8.php:7] Preview->render()
Tue, 21 Oct 2025 17:11:19 +0000 [2607:fb91:8c02:49c6:14c4:bc19:e24e:bdb] [/home/u991737198/domains/tas2023.online/public_html/lib/base.php:3036] require('/home/u991737198/domains/tas2023.online/public_html/tmp/3hn69l4qoa804.3h31n1yj254w8.php')
Tue, 21 Oct 2025 17:11:19 +0000 [2607:fb91:8c02:49c6:14c4:bc19:e24e:bdb] [/home/u991737198/domains/tas2023.online/public_html/lib/base.php:3281] View->sandbox()
Tue, 21 Oct 2025 17:11:19 +0000 [2607:fb91:8c02:49c6:14c4:bc19:e24e:bdb] [/home/u991737198/domains/tas2023.online/public_html/app/controllers/Controller.php:87] Preview->render()
Tue, 21 Oct 2025 17:11:19 +0000 [2607:fb91:8c02:49c6:14c4:bc19:e24e:bdb] [/home/u991737198/domains/tas2023.online/public_html/lib/base.php:2078] Controller->afterroute()
Tue, 21 Oct 2025 17:11:19 +0000 [2607:fb91:8c02:49c6:14c4:bc19:e24e:bdb] [/home/u991737198/domains/tas2023.online/public_html/lib/base.php:1871] Base->call()
Tue, 21 Oct 2025 17:11:19 +0000 [2607:fb91:8c02:49c6:14c4:bc19:e24e:bdb] [/home/u991737198/domains/tas2023.online/public_html/index.php:19] Base->run()
Tue, 21 Oct 2025 17:11:24 +0000 [2607:fb91:8c02:49c6:14c4:bc19:e24e:bdb] 500: Undefined variable $fechapicker trace: [/home/u991737198/domains/tas2023.online/public_html/tmp/3hn69l4qoa804.22phmm30e0u84.php:334]
Tue, 21 Oct 2025 17:11:24 +0000 [2607:fb91:8c02:49c6:14c4:bc19:e24e:bdb] [/home/u991737198/domains/tas2023.online/public_html/tmp/3hn69l4qoa804.22phmm30e0u84.php:334] Base->{closure}()
Tue, 21 Oct 2025 17:11:24 +0000 [2607:fb91:8c02:49c6:14c4:bc19:e24e:bdb] [/home/u991737198/domains/tas2023.online/public_html/lib/base.php:3036] require('/home/u991737198/domains/tas2023.online/public_html/tmp/3hn69l4qoa804.22phmm30e0u84.php')
Tue, 21 Oct 2025 17:11:24 +0000 [2607:fb91:8c02:49c6:14c4:bc19:e24e:bdb] [/home/u991737198/domains/tas2023.online/public_html/lib/base.php:3281] View->sandbox()
Tue, 21 Oct 2025 17:11:24 +0000 [2607:fb91:8c02:49c6:14c4:bc19:e24e:bdb] [/home/u991737198/domains/tas2023.online/public_html/tmp/3hn69l4qoa804.3h31n1yj254w8.php:7] Preview->render()
Tue, 21 Oct 2025 17:11:24 +0000 [2607:fb91:8c02:49c6:14c4:bc19:e24e:bdb] [/home/u991737198/domains/tas2023.online/public_html/lib/base.php:3036] require('/home/u991737198/domains/tas2023.online/public_html/tmp/3hn69l4qoa804.3h31n1yj254w8.php')
Tue, 21 Oct 2025 17:11:24 +0000 [2607:fb91:8c02:49c6:14c4:bc19:e24e:bdb] [/home/u991737198/domains/tas2023.online/public_html/lib/base.php:3281] View->sandbox()
Tue, 21 Oct 2025 17:11:24 +0000 [2607:fb91:8c02:49c6:14c4:bc19:e24e:bdb] [/home/u991737198/domains/tas2023.online/public_html/app/controllers/Controller.php:87] Preview->render()
Tue, 21 Oct 2025 17:11:24 +0000 [2607:fb91:8c02:49c6:14c4:bc19:e24e:bdb] [/home/u991737198/domains/tas2023.online/public_html/lib/base.php:2078] Controller->afterroute()
Tue, 21 Oct 2025 17:11:24 +0000 [2607:fb91:8c02:49c6:14c4:bc19:e24e:bdb] [/home/u991737198/domains/tas2023.online/public_html/lib/base.php:1871] Base->call()
Tue, 21 Oct 2025 17:11:24 +0000 [2607:fb91:8c02:49c6:14c4:bc19:e24e:bdb] [/home/u991737198/domains/tas2023.online/public_html/index.php:19] Base->run()
Tue, 21 Oct 2025 17:11:40 +0000 [2607:fb91:8c02:49c6:14c4:bc19:e24e:bdb] 500: Undefined variable $fechapicker trace: [/home/u991737198/domains/tas2023.online/public_html/tmp/3hn69l4qoa804.22phmm30e0u84.php:334]
Tue, 21 Oct 2025 17:11:40 +0000 [2607:fb91:8c02:49c6:14c4:bc19:e24e:bdb] [/home/u991737198/domains/tas2023.online/public_html/tmp/3hn69l4qoa804.22phmm30e0u84.php:334] Base->{closure}()
Tue, 21 Oct 2025 17:11:40 +0000 [2607:fb91:8c02:49c6:14c4:bc19:e24e:bdb] [/home/u991737198/domains/tas2023.online/public_html/lib/base.php:3036] require('/home/u991737198/domains/tas2023.online/public_html/tmp/3hn69l4qoa804.22phmm30e0u84.php')
Tue, 21 Oct 2025 17:11:40 +0000 [2607:fb91:8c02:49c6:14c4:bc19:e24e:bdb] [/home/u991737198/domains/tas2023.online/public_html/lib/base.php:3281] View->sandbox()
Tue, 21 Oct 2025 17:11:40 +0000 [2607:fb91:8c02:49c6:14c4:bc19:e24e:bdb] [/home/u991737198/domains/tas2023.online/public_html/tmp/3hn69l4qoa804.3h31n1yj254w8.php:7] Preview->render()
Tue, 21 Oct 2025 17:11:40 +0000 [2607:fb91:8c02:49c6:14c4:bc19:e24e:bdb] [/home/u991737198/domains/tas2023.online/public_html/lib/base.php:3036] require('/home/u991737198/domains/tas2023.online/public_html/tmp/3hn69l4qoa804.3h31n1yj254w8.php')
Tue, 21 Oct 2025 17:11:40 +0000 [2607:fb91:8c02:49c6:14c4:bc19:e24e:bdb] [/home/u991737198/domains/tas2023.online/public_html/lib/base.php:3281] View->sandbox()
Tue, 21 Oct 2025 17:11:40 +0000 [2607:fb91:8c02:49c6:14c4:bc19:e24e:bdb] [/home/u991737198/domains/tas2023.online/public_html/app/controllers/Controller.php:87] Preview->render()
Tue, 21 Oct 2025 17:11:40 +0000 [2607:fb91:8c02:49c6:14c4:bc19:e24e:bdb] [/home/u991737198/domains/tas2023.online/public_html/lib/base.php:2078] Controller->afterroute()
Tue, 21 Oct 2025 17:11:40 +0000 [2607:fb91:8c02:49c6:14c4:bc19:e24e:bdb] [/home/u991737198/domains/tas2023.online/public_html/lib/base.php:1871] Base->call()
Tue, 21 Oct 2025 17:11:40 +0000 [2607:fb91:8c02:49c6:14c4:bc19:e24e:bdb] [/home/u991737198/domains/tas2023.online/public_html/index.php:19] Base->run()
Tue, 21 Oct 2025 17:11:44 +0000 [2607:fb91:8c02:49c6:14c4:bc19:e24e:bdb] 500: Undefined variable $selected_note trace: [/home/u991737198/domains/tas2023.online/public_html/tmp/3hn69l4qoa804.3g8shy2588w00.php:385]
Tue, 21 Oct 2025 17:11:44 +0000 [2607:fb91:8c02:49c6:14c4:bc19:e24e:bdb] [/home/u991737198/domains/tas2023.online/public_html/tmp/3hn69l4qoa804.3g8shy2588w00.php:385] Base->{closure}()
Tue, 21 Oct 2025 17:11:44 +0000 [2607:fb91:8c02:49c6:14c4:bc19:e24e:bdb] [/home/u991737198/domains/tas2023.online/public_html/lib/base.php:3036] require('/home/u991737198/domains/tas2023.online/public_html/tmp/3hn69l4qoa804.3g8shy2588w00.php')
Tue, 21 Oct 2025 17:11:44 +0000 [2607:fb91:8c02:49c6:14c4:bc19:e24e:bdb] [/home/u991737198/domains/tas2023.online/public_html/lib/base.php:3281] View->sandbox()
Tue, 21 Oct 2025 17:11:44 +0000 [2607:fb91:8c02:49c6:14c4:bc19:e24e:bdb] [/home/u991737198/domains/tas2023.online/public_html/tmp/3hn69l4qoa804.3h31n1yj254w8.php:7] Preview->render()
Tue, 21 Oct 2025 17:11:44 +0000 [2607:fb91:8c02:49c6:14c4:bc19:e24e:bdb] [/home/u991737198/domains/tas2023.online/public_html/lib/base.php:3036] require('/home/u991737198/domains/tas2023.online/public_html/tmp/3hn69l4qoa804.3h31n1yj254w8.php')
Tue, 21 Oct 2025 17:11:44 +0000 [2607:fb91:8c02:49c6:14c4:bc19:e24e:bdb] [/home/u991737198/domains/tas2023.online/public_html/lib/base.php:3281] View->sandbox()
Tue, 21 Oct 2025 17:11:44 +0000 [2607:fb91:8c02:49c6:14c4:bc19:e24e:bdb] [/home/u991737198/domains/tas2023.online/public_html/app/controllers/Controller.php:87] Preview->render()
Tue, 21 Oct 2025 17:11:44 +0000 [2607:fb91:8c02:49c6:14c4:bc19:e24e:bdb] [/home/u991737198/domains/tas2023.online/public_html/lib/base.php:2078] Controller->afterroute()
Tue, 21 Oct 2025 17:11:44 +0000 [2607:fb91:8c02:49c6:14c4:bc19:e24e:bdb] [/home/u991737198/domains/tas2023.online/public_html/lib/base.php:1871] Base->call()
Tue, 21 Oct 2025 17:11:44 +0000 [2607:fb91:8c02:49c6:14c4:bc19:e24e:bdb] [/home/u991737198/domains/tas2023.online/public_html/index.php:19] Base->run()
Tue, 21 Oct 2025 17:12:50 +0000 [2607:fb91:8c02:49c6:14c4:bc19:e24e:bdb] 500: Undefined variable $entity_num trace: [tmp/3hn69l4qoa804.man4oes5p0l2.php:177]
Tue, 21 Oct 2025 17:12:50 +0000 [2607:fb91:8c02:49c6:14c4:bc19:e24e:bdb] [tmp/3hn69l4qoa804.man4oes5p0l2.php:177] Base->{closure}()
Tue, 21 Oct 2025 17:12:50 +0000 [2607:fb91:8c02:49c6:14c4:bc19:e24e:bdb] [lib/base.php:3036] require('/home/u991737198/domains/tas2023.online/public_html/tmp/3hn69l4qoa804.man4oes5p0l2.php')
Tue, 21 Oct 2025 17:12:50 +0000 [2607:fb91:8c02:49c6:14c4:bc19:e24e:bdb] [lib/base.php:3281] View->sandbox()
Tue, 21 Oct 2025 17:12:50 +0000 [2607:fb91:8c02:49c6:14c4:bc19:e24e:bdb] [tmp/3hn69l4qoa804.3h31n1yj254w8.php:7] Preview->render()
Tue, 21 Oct 2025 17:12:50 +0000 [2607:fb91:8c02:49c6:14c4:bc19:e24e:bdb] [lib/base.php:3036] require('/home/u991737198/domains/tas2023.online/public_html/tmp/3hn69l4qoa804.3h31n1yj254w8.php')
Tue, 21 Oct 2025 17:12:50 +0000 [2607:fb91:8c02:49c6:14c4:bc19:e24e:bdb] [lib/base.php:3281] View->sandbox()
Tue, 21 Oct 2025 17:12:50 +0000 [2607:fb91:8c02:49c6:14c4:bc19:e24e:bdb] [app/controllers/Controller.php:87] Preview->render()
Tue, 21 Oct 2025 17:12:50 +0000 [2607:fb91:8c02:49c6:14c4:bc19:e24e:bdb] [lib/base.php:2078] Controller->afterroute()
Tue, 21 Oct 2025 17:12:50 +0000 [2607:fb91:8c02:49c6:14c4:bc19:e24e:bdb] [lib/base.php:1871] Base->call()
Tue, 21 Oct 2025 17:12:50 +0000 [2607:fb91:8c02:49c6:14c4:bc19:e24e:bdb] [index.php:19] Base->run()
Tue, 21 Oct 2025 17:16:12 +0000 [2607:fb91:8c02:49c6:14c4:bc19:e24e:bdb] 500: Undefined variable $fechapicker trace: [/home/u991737198/domains/tas2023.online/public_html/tmp/3hn69l4qoa804.22phmm30e0u84.php:334]
Tue, 21 Oct 2025 17:16:12 +0000 [2607:fb91:8c02:49c6:14c4:bc19:e24e:bdb] [/home/u991737198/domains/tas2023.online/public_html/tmp/3hn69l4qoa804.22phmm30e0u84.php:334] Base->{closure}()
Tue, 21 Oct 2025 17:16:12 +0000 [2607:fb91:8c02:49c6:14c4:bc19:e24e:bdb] [/home/u991737198/domains/tas2023.online/public_html/lib/base.php:3036] require('/home/u991737198/domains/tas2023.online/public_html/tmp/3hn69l4qoa804.22phmm30e0u84.php')
Tue, 21 Oct 2025 17:16:12 +0000 [2607:fb91:8c02:49c6:14c4:bc19:e24e:bdb] [/home/u991737198/domains/tas2023.online/public_html/lib/base.php:3281] View->sandbox()
Tue, 21 Oct 2025 17:16:12 +0000 [2607:fb91:8c02:49c6:14c4:bc19:e24e:bdb] [/home/u991737198/domains/tas2023.online/public_html/tmp/3hn69l4qoa804.3h31n1yj254w8.php:7] Preview->render()
Tue, 21 Oct 2025 17:16:12 +0000 [2607:fb91:8c02:49c6:14c4:bc19:e24e:bdb] [/home/u991737198/domains/tas2023.online/public_html/lib/base.php:3036] require('/home/u991737198/domains/tas2023.online/public_html/tmp/3hn69l4qoa804.3h31n1yj254w8.php')
Tue, 21 Oct 2025 17:16:12 +0000 [2607:fb91:8c02:49c6:14c4:bc19:e24e:bdb] [/home/u991737198/domains/tas2023.online/public_html/lib/base.php:3281] View->sandbox()
Tue, 21 Oct 2025 17:16:12 +0000 [2607:fb91:8c02:49c6:14c4:bc19:e24e:bdb] [/home/u991737198/domains/tas2023.online/public_html/app/controllers/Controller.php:87] Preview->render()
Tue, 21 Oct 2025 17:16:12 +0000 [2607:fb91:8c02:49c6:14c4:bc19:e24e:bdb] [/home/u991737198/domains/tas2023.online/public_html/lib/base.php:2078] Controller->afterroute()
Tue, 21 Oct 2025 17:16:12 +0000 [2607:fb91:8c02:49c6:14c4:bc19:e24e:bdb] [/home/u991737198/domains/tas2023.online/public_html/lib/base.php:1871] Base->call()
Tue, 21 Oct 2025 17:16:12 +0000 [2607:fb91:8c02:49c6:14c4:bc19:e24e:bdb] [/home/u991737198/domains/tas2023.online/public_html/index.php:19] Base->run()
Tue, 21 Oct 2025 17:16:15 +0000 [2607:fb91:8c02:49c6:14c4:bc19:e24e:bdb] 500: Undefined variable $fechapicker trace: [/home/u991737198/domains/tas2023.online/public_html/tmp/3hn69l4qoa804.22phmm30e0u84.php:334]
Tue, 21 Oct 2025 17:16:15 +0000 [2607:fb91:8c02:49c6:14c4:bc19:e24e:bdb] [/home/u991737198/domains/tas2023.online/public_html/tmp/3hn69l4qoa804.22phmm30e0u84.php:334] Base->{closure}()
Tue, 21 Oct 2025 17:16:15 +0000 [2607:fb91:8c02:49c6:14c4:bc19:e24e:bdb] [/home/u991737198/domains/tas2023.online/public_html/lib/base.php:3036] require('/home/u991737198/domains/tas2023.online/public_html/tmp/3hn69l4qoa804.22phmm30e0u84.php')
Tue, 21 Oct 2025 17:16:15 +0000 [2607:fb91:8c02:49c6:14c4:bc19:e24e:bdb] [/home/u991737198/domains/tas2023.online/public_html/lib/base.php:3281] View->sandbox()
Tue, 21 Oct 2025 17:16:15 +0000 [2607:fb91:8c02:49c6:14c4:bc19:e24e:bdb] [/home/u991737198/domains/tas2023.online/public_html/tmp/3hn69l4qoa804.3h31n1yj254w8.php:7] Preview->render()
Tue, 21 Oct 2025 17:16:15 +0000 [2607:fb91:8c02:49c6:14c4:bc19:e24e:bdb] [/home/u991737198/domains/tas2023.online/public_html/lib/base.php:3036] require('/home/u991737198/domains/tas2023.online/public_html/tmp/3hn69l4qoa804.3h31n1yj254w8.php')
Tue, 21 Oct 2025 17:16:15 +0000 [2607:fb91:8c02:49c6:14c4:bc19:e24e:bdb] [/home/u991737198/domains/tas2023.online/public_html/lib/base.php:3281] View->sandbox()
Tue, 21 Oct 2025 17:16:15 +0000 [2607:fb91:8c02:49c6:14c4:bc19:e24e:bdb] [/home/u991737198/domains/tas2023.online/public_html/app/controllers/Controller.php:87] Preview->render()
Tue, 21 Oct 2025 17:16:15 +0000 [2607:fb91:8c02:49c6:14c4:bc19:e24e:bdb] [/home/u991737198/domains/tas2023.online/public_html/lib/base.php:2078] Controller->afterroute()
Tue, 21 Oct 2025 17:16:15 +0000 [2607:fb91:8c02:49c6:14c4:bc19:e24e:bdb] [/home/u991737198/domains/tas2023.online/public_html/lib/base.php:1871] Base->call()
Tue, 21 Oct 2025 17:16:15 +0000 [2607:fb91:8c02:49c6:14c4:bc19:e24e:bdb] [/home/u991737198/domains/tas2023.online/public_html/index.php:19] Base->run()
Tue, 21 Oct 2025 20:00:52 +0000 [24.173.132.66] 401: HTTP 401 (GET /task/persontask/32) trace: [/home/u991737198/domains/tas2023.online/public_html/lib/access.php:112] Base->error()
Tue, 21 Oct 2025 20:00:52 +0000 [24.173.132.66] [/home/u991737198/domains/tas2023.online/public_html/app/controllers/Controller.php:78] Access->authorize()
Tue, 21 Oct 2025 20:00:52 +0000 [24.173.132.66] [/home/u991737198/domains/tas2023.online/public_html/lib/base.php:2069] Controller->beforeroute()
Tue, 21 Oct 2025 20:00:52 +0000 [24.173.132.66] [/home/u991737198/domains/tas2023.online/public_html/lib/base.php:1871] Base->call()
Tue, 21 Oct 2025 20:00:52 +0000 [24.173.132.66] [/home/u991737198/domains/tas2023.online/public_html/index.php:19] Base->run()
Tue, 21 Oct 2025 22:20:14 +0000 [2607:fb92:1c86:f83a:c074:bf6f:badb:c7f2] 500: Undefined variable $fechapicker trace: [/home/u991737198/domains/tas2023.online/public_html/tmp/3hn69l4qoa804.22phmm30e0u84.php:334]
Tue, 21 Oct 2025 22:20:14 +0000 [2607:fb92:1c86:f83a:c074:bf6f:badb:c7f2] [/home/u991737198/domains/tas2023.online/public_html/tmp/3hn69l4qoa804.22phmm30e0u84.php:334] Base->{closure}()
Tue, 21 Oct 2025 22:20:14 +0000 [2607:fb92:1c86:f83a:c074:bf6f:badb:c7f2] [/home/u991737198/domains/tas2023.online/public_html/lib/base.php:3036] require('/home/u991737198/domains/tas2023.online/public_html/tmp/3hn69l4qoa804.22phmm30e0u84.php')
Tue, 21 Oct 2025 22:20:14 +0000 [2607:fb92:1c86:f83a:c074:bf6f:badb:c7f2] [/home/u991737198/domains/tas2023.online/public_html/lib/base.php:3281] View->sandbox()
Tue, 21 Oct 2025 22:20:14 +0000 [2607:fb92:1c86:f83a:c074:bf6f:badb:c7f2] [/home/u991737198/domains/tas2023.online/public_html/tmp/3hn69l4qoa804.3h31n1yj254w8.php:7] Preview->render()
Tue, 21 Oct 2025 22:20:14 +0000 [2607:fb92:1c86:f83a:c074:bf6f:badb:c7f2] [/home/u991737198/domains/tas2023.online/public_html/lib/base.php:3036] require('/home/u991737198/domains/tas2023.online/public_html/tmp/3hn69l4qoa804.3h31n1yj254w8.php')
Tue, 21 Oct 2025 22:20:14 +0000 [2607:fb92:1c86:f83a:c074:bf6f:badb:c7f2] [/home/u991737198/domains/tas2023.online/public_html/lib/base.php:3281] View->sandbox()
Tue, 21 Oct 2025 22:20:14 +0000 [2607:fb92:1c86:f83a:c074:bf6f:badb:c7f2] [/home/u991737198/domains/tas2023.online/public_html/app/controllers/Controller.php:87] Preview->render()
Tue, 21 Oct 2025 22:20:14 +0000 [2607:fb92:1c86:f83a:c074:bf6f:badb:c7f2] [/home/u991737198/domains/tas2023.online/public_html/lib/base.php:2078] Controller->afterroute()
Tue, 21 Oct 2025 22:20:14 +0000 [2607:fb92:1c86:f83a:c074:bf6f:badb:c7f2] [/home/u991737198/domains/tas2023.online/public_html/lib/base.php:1871] Base->call()
Tue, 21 Oct 2025 22:20:14 +0000 [2607:fb92:1c86:f83a:c074:bf6f:badb:c7f2] [/home/u991737198/domains/tas2023.online/public_html/index.php:19] Base->run()
Tue, 21 Oct 2025 22:20:32 +0000 [2607:fb92:1c86:f83a:c074:bf6f:badb:c7f2] 500: Undefined variable $fechapicker trace: [/home/u991737198/domains/tas2023.online/public_html/tmp/3hn69l4qoa804.22phmm30e0u84.php:334]
Tue, 21 Oct 2025 22:20:32 +0000 [2607:fb92:1c86:f83a:c074:bf6f:badb:c7f2] [/home/u991737198/domains/tas2023.online/public_html/tmp/3hn69l4qoa804.22phmm30e0u84.php:334] Base->{closure}()
Tue, 21 Oct 2025 22:20:32 +0000 [2607:fb92:1c86:f83a:c074:bf6f:badb:c7f2] [/home/u991737198/domains/tas2023.online/public_html/lib/base.php:3036] require('/home/u991737198/domains/tas2023.online/public_html/tmp/3hn69l4qoa804.22phmm30e0u84.php')
Tue, 21 Oct 2025 22:20:32 +0000 [2607:fb92:1c86:f83a:c074:bf6f:badb:c7f2] [/home/u991737198/domains/tas2023.online/public_html/lib/base.php:3281] View->sandbox()
Tue, 21 Oct 2025 22:20:32 +0000 [2607:fb92:1c86:f83a:c074:bf6f:badb:c7f2] [/home/u991737198/domains/tas2023.online/public_html/tmp/3hn69l4qoa804.3h31n1yj254w8.php:7] Preview->render()
Tue, 21 Oct 2025 22:20:32 +0000 [2607:fb92:1c86:f83a:c074:bf6f:badb:c7f2] [/home/u991737198/domains/tas2023.online/public_html/lib/base.php:3036] require('/home/u991737198/domains/tas2023.online/public_html/tmp/3hn69l4qoa804.3h31n1yj254w8.php')
Tue, 21 Oct 2025 22:20:32 +0000 [2607:fb92:1c86:f83a:c074:bf6f:badb:c7f2] [/home/u991737198/domains/tas2023.online/public_html/lib/base.php:3281] View->sandbox()
Tue, 21 Oct 2025 22:20:32 +0000 [2607:fb92:1c86:f83a:c074:bf6f:badb:c7f2] [/home/u991737198/domains/tas2023.online/public_html/app/controllers/Controller.php:87] Preview->render()
Tue, 21 Oct 2025 22:20:32 +0000 [2607:fb92:1c86:f83a:c074:bf6f:badb:c7f2] [/home/u991737198/domains/tas2023.online/public_html/lib/base.php:2078] Controller->afterroute()
Tue, 21 Oct 2025 22:20:32 +0000 [2607:fb92:1c86:f83a:c074:bf6f:badb:c7f2] [/home/u991737198/domains/tas2023.online/public_html/lib/base.php:1871] Base->call()
Tue, 21 Oct 2025 22:20:32 +0000 [2607:fb92:1c86:f83a:c074:bf6f:badb:c7f2] [/home/u991737198/domains/tas2023.online/public_html/index.php:19] Base->run()
Tue, 21 Oct 2025 22:20:51 +0000 [2607:fb92:1c86:f83a:c074:bf6f:badb:c7f2] 500: Undefined variable $fechapicker trace: [/home/u991737198/domains/tas2023.online/public_html/tmp/3hn69l4qoa804.22phmm30e0u84.php:334]
Tue, 21 Oct 2025 22:20:51 +0000 [2607:fb92:1c86:f83a:c074:bf6f:badb:c7f2] [/home/u991737198/domains/tas2023.online/public_html/tmp/3hn69l4qoa804.22phmm30e0u84.php:334] Base->{closure}()
Tue, 21 Oct 2025 22:20:51 +0000 [2607:fb92:1c86:f83a:c074:bf6f:badb:c7f2] [/home/u991737198/domains/tas2023.online/public_html/lib/base.php:3036] require('/home/u991737198/domains/tas2023.online/public_html/tmp/3hn69l4qoa804.22phmm30e0u84.php')
Tue, 21 Oct 2025 22:20:51 +0000 [2607:fb92:1c86:f83a:c074:bf6f:badb:c7f2] [/home/u991737198/domains/tas2023.online/public_html/lib/base.php:3281] View->sandbox()
Tue, 21 Oct 2025 22:20:51 +0000 [2607:fb92:1c86:f83a:c074:bf6f:badb:c7f2] [/home/u991737198/domains/tas2023.online/public_html/tmp/3hn69l4qoa804.3h31n1yj254w8.php:7] Preview->render()
Tue, 21 Oct 2025 22:20:51 +0000 [2607:fb92:1c86:f83a:c074:bf6f:badb:c7f2] [/home/u991737198/domains/tas2023.online/public_html/lib/base.php:3036] require('/home/u991737198/domains/tas2023.online/public_html/tmp/3hn69l4qoa804.3h31n1yj254w8.php')
Tue, 21 Oct 2025 22:20:51 +0000 [2607:fb92:1c86:f83a:c074:bf6f:badb:c7f2] [/home/u991737198/domains/tas2023.online/public_html/lib/base.php:3281] View->sandbox()
Tue, 21 Oct 2025 22:20:51 +0000 [2607:fb92:1c86:f83a:c074:bf6f:badb:c7f2] [/home/u991737198/domains/tas2023.online/public_html/app/controllers/Controller.php:87] Preview->render()
Tue, 21 Oct 2025 22:20:51 +0000 [2607:fb92:1c86:f83a:c074:bf6f:badb:c7f2] [/home/u991737198/domains/tas2023.online/public_html/lib/base.php:2078] Controller->afterroute()
Tue, 21 Oct 2025 22:20:51 +0000 [2607:fb92:1c86:f83a:c074:bf6f:badb:c7f2] [/home/u991737198/domains/tas2023.online/public_html/lib/base.php:1871] Base->call()
Tue, 21 Oct 2025 22:20:51 +0000 [2607:fb92:1c86:f83a:c074:bf6f:badb:c7f2] [/home/u991737198/domains/tas2023.online/public_html/index.php:19] Base->run()
Tue, 21 Oct 2025 22:21:48 +0000 [2607:fb92:1c86:f83a:c074:bf6f:badb:c7f2] 500: Undefined variable $entity_num trace: [tmp/3hn69l4qoa804.man4oes5p0l2.php:177]
Tue, 21 Oct 2025 22:21:48 +0000 [2607:fb92:1c86:f83a:c074:bf6f:badb:c7f2] [tmp/3hn69l4qoa804.man4oes5p0l2.php:177] Base->{closure}()
Tue, 21 Oct 2025 22:21:48 +0000 [2607:fb92:1c86:f83a:c074:bf6f:badb:c7f2] [lib/base.php:3036] require('/home/u991737198/domains/tas2023.online/public_html/tmp/3hn69l4qoa804.man4oes5p0l2.php')
Tue, 21 Oct 2025 22:21:48 +0000 [2607:fb92:1c86:f83a:c074:bf6f:badb:c7f2] [lib/base.php:3281] View->sandbox()
Tue, 21 Oct 2025 22:21:48 +0000 [2607:fb92:1c86:f83a:c074:bf6f:badb:c7f2] [tmp/3hn69l4qoa804.3h31n1yj254w8.php:7] Preview->render()
Tue, 21 Oct 2025 22:21:48 +0000 [2607:fb92:1c86:f83a:c074:bf6f:badb:c7f2] [lib/base.php:3036] require('/home/u991737198/domains/tas2023.online/public_html/tmp/3hn69l4qoa804.3h31n1yj254w8.php')
Tue, 21 Oct 2025 22:21:48 +0000 [2607:fb92:1c86:f83a:c074:bf6f:badb:c7f2] [lib/base.php:3281] View->sandbox()
Tue, 21 Oct 2025 22:21:48 +0000 [2607:fb92:1c86:f83a:c074:bf6f:badb:c7f2] [app/controllers/Controller.php:87] Preview->render()
Tue, 21 Oct 2025 22:21:48 +0000 [2607:fb92:1c86:f83a:c074:bf6f:badb:c7f2] [lib/base.php:2078] Controller->afterroute()
Tue, 21 Oct 2025 22:21:48 +0000 [2607:fb92:1c86:f83a:c074:bf6f:badb:c7f2] [lib/base.php:1871] Base->call()
Tue, 21 Oct 2025 22:21:48 +0000 [2607:fb92:1c86:f83a:c074:bf6f:badb:c7f2] [index.php:19] Base->run()
Tue, 21 Oct 2025 22:23:18 +0000 [2607:fb92:1c86:f83a:c074:bf6f:badb:c7f2] 500: Undefined variable $entity_num trace: [tmp/3hn69l4qoa804.man4oes5p0l2.php:177]
Tue, 21 Oct 2025 22:23:18 +0000 [2607:fb92:1c86:f83a:c074:bf6f:badb:c7f2] [tmp/3hn69l4qoa804.man4oes5p0l2.php:177] Base->{closure}()
Tue, 21 Oct 2025 22:23:18 +0000 [2607:fb92:1c86:f83a:c074:bf6f:badb:c7f2] [lib/base.php:3036] require('/home/u991737198/domains/tas2023.online/public_html/tmp/3hn69l4qoa804.man4oes5p0l2.php')
Tue, 21 Oct 2025 22:23:18 +0000 [2607:fb92:1c86:f83a:c074:bf6f:badb:c7f2] [lib/base.php:3281] View->sandbox()
Tue, 21 Oct 2025 22:23:18 +0000 [2607:fb92:1c86:f83a:c074:bf6f:badb:c7f2] [tmp/3hn69l4qoa804.3h31n1yj254w8.php:7] Preview->render()
Tue, 21 Oct 2025 22:23:18 +0000 [2607:fb92:1c86:f83a:c074:bf6f:badb:c7f2] [lib/base.php:3036] require('/home/u991737198/domains/tas2023.online/public_html/tmp/3hn69l4qoa804.3h31n1yj254w8.php')
Tue, 21 Oct 2025 22:23:18 +0000 [2607:fb92:1c86:f83a:c074:bf6f:badb:c7f2] [lib/base.php:3281] View->sandbox()
Tue, 21 Oct 2025 22:23:18 +0000 [2607:fb92:1c86:f83a:c074:bf6f:badb:c7f2] [app/controllers/Controller.php:87] Preview->render()
Tue, 21 Oct 2025 22:23:18 +0000 [2607:fb92:1c86:f83a:c074:bf6f:badb:c7f2] [lib/base.php:2078] Controller->afterroute()
Tue, 21 Oct 2025 22:23:18 +0000 [2607:fb92:1c86:f83a:c074:bf6f:badb:c7f2] [lib/base.php:1871] Base->call()
Tue, 21 Oct 2025 22:23:18 +0000 [2607:fb92:1c86:f83a:c074:bf6f:badb:c7f2] [index.php:19] Base->run()
Tue, 21 Oct 2025 22:24:01 +0000 [2607:fb92:1c86:f83a:c074:bf6f:badb:c7f2] 500: Undefined variable $selected_note trace: [/home/u991737198/domains/tas2023.online/public_html/tmp/3hn69l4qoa804.3g8shy2588w00.php:385]
Tue, 21 Oct 2025 22:24:01 +0000 [2607:fb92:1c86:f83a:c074:bf6f:badb:c7f2] [/home/u991737198/domains/tas2023.online/public_html/tmp/3hn69l4qoa804.3g8shy2588w00.php:385] Base->{closure}()
Tue, 21 Oct 2025 22:24:01 +0000 [2607:fb92:1c86:f83a:c074:bf6f:badb:c7f2] [/home/u991737198/domains/tas2023.online/public_html/lib/base.php:3036] require('/home/u991737198/domains/tas2023.online/public_html/tmp/3hn69l4qoa804.3g8shy2588w00.php')
Tue, 21 Oct 2025 22:24:01 +0000 [2607:fb92:1c86:f83a:c074:bf6f:badb:c7f2] [/home/u991737198/domains/tas2023.online/public_html/lib/base.php:3281] View->sandbox()
Tue, 21 Oct 2025 22:24:01 +0000 [2607:fb92:1c86:f83a:c074:bf6f:badb:c7f2] [/home/u991737198/domains/tas2023.online/public_html/tmp/3hn69l4qoa804.3h31n1yj254w8.php:7] Preview->render()
Tue, 21 Oct 2025 22:24:01 +0000 [2607:fb92:1c86:f83a:c074:bf6f:badb:c7f2] [/home/u991737198/domains/tas2023.online/public_html/lib/base.php:3036] require('/home/u991737198/domains/tas2023.online/public_html/tmp/3hn69l4qoa804.3h31n1yj254w8.php')
Tue, 21 Oct 2025 22:24:01 +0000 [2607:fb92:1c86:f83a:c074:bf6f:badb:c7f2] [/home/u991737198/domains/tas2023.online/public_html/lib/base.php:3281] View->sandbox()
Tue, 21 Oct 2025 22:24:01 +0000 [2607:fb92:1c86:f83a:c074:bf6f:badb:c7f2] [/home/u991737198/domains/tas2023.online/public_html/app/controllers/Controller.php:87] Preview->render()
Tue, 21 Oct 2025 22:24:01 +0000 [2607:fb92:1c86:f83a:c074:bf6f:badb:c7f2] [/home/u991737198/domains/tas2023.online/public_html/lib/base.php:2078] Controller->afterroute()
Tue, 21 Oct 2025 22:24:01 +0000 [2607:fb92:1c86:f83a:c074:bf6f:badb:c7f2] [/home/u991737198/domains/tas2023.online/public_html/lib/base.php:1871] Base->call()
Tue, 21 Oct 2025 22:24:01 +0000 [2607:fb92:1c86:f83a:c074:bf6f:badb:c7f2] [/home/u991737198/domains/tas2023.online/public_html/index.php:19] Base->run()
Tue, 21 Oct 2025 22:24:08 +0000 [2607:fb92:1c86:f83a:c074:bf6f:badb:c7f2] 500: Undefined variable $selected_note trace: [/home/u991737198/domains/tas2023.online/public_html/tmp/3hn69l4qoa804.3g8shy2588w00.php:385]
Tue, 21 Oct 2025 22:24:08 +0000 [2607:fb92:1c86:f83a:c074:bf6f:badb:c7f2] [/home/u991737198/domains/tas2023.online/public_html/tmp/3hn69l4qoa804.3g8shy2588w00.php:385] Base->{closure}()
Tue, 21 Oct 2025 22:24:08 +0000 [2607:fb92:1c86:f83a:c074:bf6f:badb:c7f2] [/home/u991737198/domains/tas2023.online/public_html/lib/base.php:3036] require('/home/u991737198/domains/tas2023.online/public_html/tmp/3hn69l4qoa804.3g8shy2588w00.php')
Tue, 21 Oct 2025 22:24:08 +0000 [2607:fb92:1c86:f83a:c074:bf6f:badb:c7f2] [/home/u991737198/domains/tas2023.online/public_html/lib/base.php:3281] View->sandbox()
Tue, 21 Oct 2025 22:24:08 +0000 [2607:fb92:1c86:f83a:c074:bf6f:badb:c7f2] [/home/u991737198/domains/tas2023.online/public_html/tmp/3hn69l4qoa804.3h31n1yj254w8.php:7] Preview->render()
Tue, 21 Oct 2025 22:24:08 +0000 [2607:fb92:1c86:f83a:c074:bf6f:badb:c7f2] [/home/u991737198/domains/tas2023.online/public_html/lib/base.php:3036] require('/home/u991737198/domains/tas2023.online/public_html/tmp/3hn69l4qoa804.3h31n1yj254w8.php')
Tue, 21 Oct 2025 22:24:08 +0000 [2607:fb92:1c86:f83a:c074:bf6f:badb:c7f2] [/home/u991737198/domains/tas2023.online/public_html/lib/base.php:3281] View->sandbox()
Tue, 21 Oct 2025 22:24:08 +0000 [2607:fb92:1c86:f83a:c074:bf6f:badb:c7f2] [/home/u991737198/domains/tas2023.online/public_html/app/controllers/Controller.php:87] Preview->render()
Tue, 21 Oct 2025 22:24:08 +0000 [2607:fb92:1c86:f83a:c074:bf6f:badb:c7f2] [/home/u991737198/domains/tas2023.online/public_html/lib/base.php:2078] Controller->afterroute()
Tue, 21 Oct 2025 22:24:08 +0000 [2607:fb92:1c86:f83a:c074:bf6f:badb:c7f2] [/home/u991737198/domains/tas2023.online/public_html/lib/base.php:1871] Base->call()
Tue, 21 Oct 2025 22:24:08 +0000 [2607:fb92:1c86:f83a:c074:bf6f:badb:c7f2] [/home/u991737198/domains/tas2023.online/public_html/index.php:19] Base->run()
Tue, 21 Oct 2025 22:24:19 +0000 [2607:fb92:1c86:f83a:c074:bf6f:badb:c7f2] 500: Undefined variable $entity_num trace: [tmp/3hn69l4qoa804.man4oes5p0l2.php:177]
Tue, 21 Oct 2025 22:24:19 +0000 [2607:fb92:1c86:f83a:c074:bf6f:badb:c7f2] [tmp/3hn69l4qoa804.man4oes5p0l2.php:177] Base->{closure}()
Tue, 21 Oct 2025 22:24:19 +0000 [2607:fb92:1c86:f83a:c074:bf6f:badb:c7f2] [lib/base.php:3036] require('/home/u991737198/domains/tas2023.online/public_html/tmp/3hn69l4qoa804.man4oes5p0l2.php')
Tue, 21 Oct 2025 22:24:19 +0000 [2607:fb92:1c86:f83a:c074:bf6f:badb:c7f2] [lib/base.php:3281] View->sandbox()
Tue, 21 Oct 2025 22:24:19 +0000 [2607:fb92:1c86:f83a:c074:bf6f:badb:c7f2] [tmp/3hn69l4qoa804.3h31n1yj254w8.php:7] Preview->render()
Tue, 21 Oct 2025 22:24:19 +0000 [2607:fb92:1c86:f83a:c074:bf6f:badb:c7f2] [lib/base.php:3036] require('/home/u991737198/domains/tas2023.online/public_html/tmp/3hn69l4qoa804.3h31n1yj254w8.php')
Tue, 21 Oct 2025 22:24:19 +0000 [2607:fb92:1c86:f83a:c074:bf6f:badb:c7f2] [lib/base.php:3281] View->sandbox()
Tue, 21 Oct 2025 22:24:19 +0000 [2607:fb92:1c86:f83a:c074:bf6f:badb:c7f2] [app/controllers/Controller.php:87] Preview->render()
Tue, 21 Oct 2025 22:24:19 +0000 [2607:fb92:1c86:f83a:c074:bf6f:badb:c7f2] [lib/base.php:2078] Controller->afterroute()
Tue, 21 Oct 2025 22:24:19 +0000 [2607:fb92:1c86:f83a:c074:bf6f:badb:c7f2] [lib/base.php:1871] Base->call()
Tue, 21 Oct 2025 22:24:19 +0000 [2607:fb92:1c86:f83a:c074:bf6f:badb:c7f2] [index.php:19] Base->run()
Tue, 21 Oct 2025 22:24:24 +0000 [2607:fb92:1c86:f83a:c074:bf6f:badb:c7f2] 500: Undefined array key 1 trace: [app/controllers/PersonController.php:247]
Tue, 21 Oct 2025 22:24:24 +0000 [2607:fb92:1c86:f83a:c074:bf6f:badb:c7f2] [app/controllers/PersonController.php:247] Base->{closure}()
Tue, 21 Oct 2025 22:24:24 +0000 [2607:fb92:1c86:f83a:c074:bf6f:badb:c7f2] [app/controllers/PersonController.php:238] PersonController->calculate_age()
Tue, 21 Oct 2025 22:24:24 +0000 [2607:fb92:1c86:f83a:c074:bf6f:badb:c7f2] [lib/base.php:2072] PersonController->update()
Tue, 21 Oct 2025 22:24:24 +0000 [2607:fb92:1c86:f83a:c074:bf6f:badb:c7f2] [lib/base.php:1871] Base->call()
Tue, 21 Oct 2025 22:24:24 +0000 [2607:fb92:1c86:f83a:c074:bf6f:badb:c7f2] [index.php:19] Base->run()
Tue, 21 Oct 2025 22:24:34 +0000 [2607:fb92:1c86:f83a:c074:bf6f:badb:c7f2] 500: Undefined array key 1 trace: [app/controllers/PersonController.php:247]
Tue, 21 Oct 2025 22:24:34 +0000 [2607:fb92:1c86:f83a:c074:bf6f:badb:c7f2] [app/controllers/PersonController.php:247] Base->{closure}()
Tue, 21 Oct 2025 22:24:34 +0000 [2607:fb92:1c86:f83a:c074:bf6f:badb:c7f2] [app/controllers/PersonController.php:238] PersonController->calculate_age()
Tue, 21 Oct 2025 22:24:34 +0000 [2607:fb92:1c86:f83a:c074:bf6f:badb:c7f2] [lib/base.php:2072] PersonController->update()
Tue, 21 Oct 2025 22:24:34 +0000 [2607:fb92:1c86:f83a:c074:bf6f:badb:c7f2] [lib/base.php:1871] Base->call()
Tue, 21 Oct 2025 22:24:34 +0000 [2607:fb92:1c86:f83a:c074:bf6f:badb:c7f2] [index.php:19] Base->run()
Tue, 21 Oct 2025 22:24:38 +0000 [2607:fb92:1c86:f83a:c074:bf6f:badb:c7f2] 500: Undefined array key 1 trace: [app/controllers/PersonController.php:247]
Tue, 21 Oct 2025 22:24:38 +0000 [2607:fb92:1c86:f83a:c074:bf6f:badb:c7f2] [app/controllers/PersonController.php:247] Base->{closure}()
Tue, 21 Oct 2025 22:24:38 +0000 [2607:fb92:1c86:f83a:c074:bf6f:badb:c7f2] [app/controllers/PersonController.php:238] PersonController->calculate_age()
Tue, 21 Oct 2025 22:24:38 +0000 [2607:fb92:1c86:f83a:c074:bf6f:badb:c7f2] [lib/base.php:2072] PersonController->update()
Tue, 21 Oct 2025 22:24:38 +0000 [2607:fb92:1c86:f83a:c074:bf6f:badb:c7f2] [lib/base.php:1871] Base->call()
Tue, 21 Oct 2025 22:24:38 +0000 [2607:fb92:1c86:f83a:c074:bf6f:badb:c7f2] [index.php:19] Base->run()
Tue, 21 Oct 2025 22:24:59 +0000 [2607:fb92:1c86:f83a:c074:bf6f:badb:c7f2] 500: Undefined variable $selected_note trace: [/home/u991737198/domains/tas2023.online/public_html/tmp/3hn69l4qoa804.3g8shy2588w00.php:385]
Tue, 21 Oct 2025 22:24:59 +0000 [2607:fb92:1c86:f83a:c074:bf6f:badb:c7f2] [/home/u991737198/domains/tas2023.online/public_html/tmp/3hn69l4qoa804.3g8shy2588w00.php:385] Base->{closure}()
Tue, 21 Oct 2025 22:24:59 +0000 [2607:fb92:1c86:f83a:c074:bf6f:badb:c7f2] [/home/u991737198/domains/tas2023.online/public_html/lib/base.php:3036] require('/home/u991737198/domains/tas2023.online/public_html/tmp/3hn69l4qoa804.3g8shy2588w00.php')
Tue, 21 Oct 2025 22:24:59 +0000 [2607:fb92:1c86:f83a:c074:bf6f:badb:c7f2] [/home/u991737198/domains/tas2023.online/public_html/lib/base.php:3281] View->sandbox()
Tue, 21 Oct 2025 22:24:59 +0000 [2607:fb92:1c86:f83a:c074:bf6f:badb:c7f2] [/home/u991737198/domains/tas2023.online/public_html/tmp/3hn69l4qoa804.3h31n1yj254w8.php:7] Preview->render()
Tue, 21 Oct 2025 22:24:59 +0000 [2607:fb92:1c86:f83a:c074:bf6f:badb:c7f2] [/home/u991737198/domains/tas2023.online/public_html/lib/base.php:3036] require('/home/u991737198/domains/tas2023.online/public_html/tmp/3hn69l4qoa804.3h31n1yj254w8.php')
Tue, 21 Oct 2025 22:24:59 +0000 [2607:fb92:1c86:f83a:c074:bf6f:badb:c7f2] [/home/u991737198/domains/tas2023.online/public_html/lib/base.php:3281] View->sandbox()
Tue, 21 Oct 2025 22:24:59 +0000 [2607:fb92:1c86:f83a:c074:bf6f:badb:c7f2] [/home/u991737198/domains/tas2023.online/public_html/app/controllers/Controller.php:87] Preview->render()
Tue, 21 Oct 2025 22:24:59 +0000 [2607:fb92:1c86:f83a:c074:bf6f:badb:c7f2] [/home/u991737198/domains/tas2023.online/public_html/lib/base.php:2078] Controller->afterroute()
Tue, 21 Oct 2025 22:24:59 +0000 [2607:fb92:1c86:f83a:c074:bf6f:badb:c7f2] [/home/u991737198/domains/tas2023.online/public_html/lib/base.php:1871] Base->call()
Tue, 21 Oct 2025 22:24:59 +0000 [2607:fb92:1c86:f83a:c074:bf6f:badb:c7f2] [/home/u991737198/domains/tas2023.online/public_html/index.php:19] Base->run()
Tue, 21 Oct 2025 22:25:03 +0000 [2607:fb92:1c86:f83a:c074:bf6f:badb:c7f2] 500: Undefined variable $entity_num trace: [tmp/3hn69l4qoa804.man4oes5p0l2.php:177]
Tue, 21 Oct 2025 22:25:03 +0000 [2607:fb92:1c86:f83a:c074:bf6f:badb:c7f2] [tmp/3hn69l4qoa804.man4oes5p0l2.php:177] Base->{closure}()
Tue, 21 Oct 2025 22:25:03 +0000 [2607:fb92:1c86:f83a:c074:bf6f:badb:c7f2] [lib/base.php:3036] require('/home/u991737198/domains/tas2023.online/public_html/tmp/3hn69l4qoa804.man4oes5p0l2.php')
Tue, 21 Oct 2025 22:25:03 +0000 [2607:fb92:1c86:f83a:c074:bf6f:badb:c7f2] [lib/base.php:3281] View->sandbox()
Tue, 21 Oct 2025 22:25:03 +0000 [2607:fb92:1c86:f83a:c074:bf6f:badb:c7f2] [tmp/3hn69l4qoa804.3h31n1yj254w8.php:7] Preview->render()
Tue, 21 Oct 2025 22:25:03 +0000 [2607:fb92:1c86:f83a:c074:bf6f:badb:c7f2] [lib/base.php:3036] require('/home/u991737198/domains/tas2023.online/public_html/tmp/3hn69l4qoa804.3h31n1yj254w8.php')
Tue, 21 Oct 2025 22:25:03 +0000 [2607:fb92:1c86:f83a:c074:bf6f:badb:c7f2] [lib/base.php:3281] View->sandbox()
Tue, 21 Oct 2025 22:25:03 +0000 [2607:fb92:1c86:f83a:c074:bf6f:badb:c7f2] [app/controllers/Controller.php:87] Preview->render()
Tue, 21 Oct 2025 22:25:03 +0000 [2607:fb92:1c86:f83a:c074:bf6f:badb:c7f2] [lib/base.php:2078] Controller->afterroute()
Tue, 21 Oct 2025 22:25:03 +0000 [2607:fb92:1c86:f83a:c074:bf6f:badb:c7f2] [lib/base.php:1871] Base->call()
Tue, 21 Oct 2025 22:25:03 +0000 [2607:fb92:1c86:f83a:c074:bf6f:badb:c7f2] [index.php:19] Base->run()
Tue, 21 Oct 2025 22:25:11 +0000 [2607:fb92:1c86:f83a:c074:bf6f:badb:c7f2] 500: Undefined array key 1 trace: [app/controllers/PersonController.php:247]
Tue, 21 Oct 2025 22:25:11 +0000 [2607:fb92:1c86:f83a:c074:bf6f:badb:c7f2] [app/controllers/PersonController.php:247] Base->{closure}()
Tue, 21 Oct 2025 22:25:11 +0000 [2607:fb92:1c86:f83a:c074:bf6f:badb:c7f2] [app/controllers/PersonController.php:238] PersonController->calculate_age()
Tue, 21 Oct 2025 22:25:11 +0000 [2607:fb92:1c86:f83a:c074:bf6f:badb:c7f2] [lib/base.php:2072] PersonController->update()
Tue, 21 Oct 2025 22:25:11 +0000 [2607:fb92:1c86:f83a:c074:bf6f:badb:c7f2] [lib/base.php:1871] Base->call()
Tue, 21 Oct 2025 22:25:11 +0000 [2607:fb92:1c86:f83a:c074:bf6f:badb:c7f2] [index.php:19] Base->run()
Tue, 21 Oct 2025 22:25:23 +0000 [2607:fb92:1c86:f83a:c074:bf6f:badb:c7f2] 500: Undefined variable $entity_num trace: [tmp/3hn69l4qoa804.1zo7dt0fljr4w.php:200]
Tue, 21 Oct 2025 22:25:23 +0000 [2607:fb92:1c86:f83a:c074:bf6f:badb:c7f2] [tmp/3hn69l4qoa804.1zo7dt0fljr4w.php:200] Base->{closure}()
Tue, 21 Oct 2025 22:25:23 +0000 [2607:fb92:1c86:f83a:c074:bf6f:badb:c7f2] [lib/base.php:3036] require('/home/u991737198/domains/tas2023.online/public_html/tmp/3hn69l4qoa804.1zo7dt0fljr4w.php')
Tue, 21 Oct 2025 22:25:23 +0000 [2607:fb92:1c86:f83a:c074:bf6f:badb:c7f2] [lib/base.php:3281] View->sandbox()
Tue, 21 Oct 2025 22:25:23 +0000 [2607:fb92:1c86:f83a:c074:bf6f:badb:c7f2] [tmp/3hn69l4qoa804.3h31n1yj254w8.php:7] Preview->render()
Tue, 21 Oct 2025 22:25:23 +0000 [2607:fb92:1c86:f83a:c074:bf6f:badb:c7f2] [lib/base.php:3036] require('/home/u991737198/domains/tas2023.online/public_html/tmp/3hn69l4qoa804.3h31n1yj254w8.php')
Tue, 21 Oct 2025 22:25:23 +0000 [2607:fb92:1c86:f83a:c074:bf6f:badb:c7f2] [lib/base.php:3281] View->sandbox()
Tue, 21 Oct 2025 22:25:23 +0000 [2607:fb92:1c86:f83a:c074:bf6f:badb:c7f2] [app/controllers/Controller.php:87] Preview->render()
Tue, 21 Oct 2025 22:25:23 +0000 [2607:fb92:1c86:f83a:c074:bf6f:badb:c7f2] [lib/base.php:2078] Controller->afterroute()
Tue, 21 Oct 2025 22:25:23 +0000 [2607:fb92:1c86:f83a:c074:bf6f:badb:c7f2] [lib/base.php:1871] Base->call()
Tue, 21 Oct 2025 22:25:23 +0000 [2607:fb92:1c86:f83a:c074:bf6f:badb:c7f2] [index.php:19] Base->run()
Tue, 21 Oct 2025 22:25:26 +0000 [2607:fb92:1c86:f83a:c074:bf6f:badb:c7f2] 500: Undefined variable $entity_num trace: [tmp/3hn69l4qoa804.man4oes5p0l2.php:177]
Tue, 21 Oct 2025 22:25:26 +0000 [2607:fb92:1c86:f83a:c074:bf6f:badb:c7f2] [tmp/3hn69l4qoa804.man4oes5p0l2.php:177] Base->{closure}()
Tue, 21 Oct 2025 22:25:26 +0000 [2607:fb92:1c86:f83a:c074:bf6f:badb:c7f2] [lib/base.php:3036] require('/home/u991737198/domains/tas2023.online/public_html/tmp/3hn69l4qoa804.man4oes5p0l2.php')
Tue, 21 Oct 2025 22:25:26 +0000 [2607:fb92:1c86:f83a:c074:bf6f:badb:c7f2] [lib/base.php:3281] View->sandbox()
Tue, 21 Oct 2025 22:25:26 +0000 [2607:fb92:1c86:f83a:c074:bf6f:badb:c7f2] [tmp/3hn69l4qoa804.3h31n1yj254w8.php:7] Preview->render()
Tue, 21 Oct 2025 22:25:26 +0000 [2607:fb92:1c86:f83a:c074:bf6f:badb:c7f2] [lib/base.php:3036] require('/home/u991737198/domains/tas2023.online/public_html/tmp/3hn69l4qoa804.3h31n1yj254w8.php')
Tue, 21 Oct 2025 22:25:26 +0000 [2607:fb92:1c86:f83a:c074:bf6f:badb:c7f2] [lib/base.php:3281] View->sandbox()
Tue, 21 Oct 2025 22:25:26 +0000 [2607:fb92:1c86:f83a:c074:bf6f:badb:c7f2] [app/controllers/Controller.php:87] Preview->render()
Tue, 21 Oct 2025 22:25:26 +0000 [2607:fb92:1c86:f83a:c074:bf6f:badb:c7f2] [lib/base.php:2078] Controller->afterroute()
Tue, 21 Oct 2025 22:25:26 +0000 [2607:fb92:1c86:f83a:c074:bf6f:badb:c7f2] [lib/base.php:1871] Base->call()
Tue, 21 Oct 2025 22:25:26 +0000 [2607:fb92:1c86:f83a:c074:bf6f:badb:c7f2] [index.php:19] Base->run()
Tue, 21 Oct 2025 22:25:31 +0000 [2607:fb92:1c86:f83a:c074:bf6f:badb:c7f2] 500: Undefined array key 1 trace: [app/controllers/PersonController.php:247]
Tue, 21 Oct 2025 22:25:31 +0000 [2607:fb92:1c86:f83a:c074:bf6f:badb:c7f2] [app/controllers/PersonController.php:247] Base->{closure}()
Tue, 21 Oct 2025 22:25:31 +0000 [2607:fb92:1c86:f83a:c074:bf6f:badb:c7f2] [app/controllers/PersonController.php:238] PersonController->calculate_age()
Tue, 21 Oct 2025 22:25:31 +0000 [2607:fb92:1c86:f83a:c074:bf6f:badb:c7f2] [lib/base.php:2072] PersonController->update()
Tue, 21 Oct 2025 22:25:31 +0000 [2607:fb92:1c86:f83a:c074:bf6f:badb:c7f2] [lib/base.php:1871] Base->call()
Tue, 21 Oct 2025 22:25:31 +0000 [2607:fb92:1c86:f83a:c074:bf6f:badb:c7f2] [index.php:19] Base->run()
Tue, 21 Oct 2025 22:26:45 +0000 [2607:fb92:1c86:f83a:c074:bf6f:badb:c7f2] 500: Undefined variable $entity_num trace: [tmp/3hn69l4qoa804.man4oes5p0l2.php:177]
Tue, 21 Oct 2025 22:26:45 +0000 [2607:fb92:1c86:f83a:c074:bf6f:badb:c7f2] [tmp/3hn69l4qoa804.man4oes5p0l2.php:177] Base->{closure}()
Tue, 21 Oct 2025 22:26:45 +0000 [2607:fb92:1c86:f83a:c074:bf6f:badb:c7f2] [lib/base.php:3036] require('/home/u991737198/domains/tas2023.online/public_html/tmp/3hn69l4qoa804.man4oes5p0l2.php')
Tue, 21 Oct 2025 22:26:45 +0000 [2607:fb92:1c86:f83a:c074:bf6f:badb:c7f2] [lib/base.php:3281] View->sandbox()
Tue, 21 Oct 2025 22:26:45 +0000 [2607:fb92:1c86:f83a:c074:bf6f:badb:c7f2] [tmp/3hn69l4qoa804.3h31n1yj254w8.php:7] Preview->render()
Tue, 21 Oct 2025 22:26:45 +0000 [2607:fb92:1c86:f83a:c074:bf6f:badb:c7f2] [lib/base.php:3036] require('/home/u991737198/domains/tas2023.online/public_html/tmp/3hn69l4qoa804.3h31n1yj254w8.php')
Tue, 21 Oct 2025 22:26:45 +0000 [2607:fb92:1c86:f83a:c074:bf6f:badb:c7f2] [lib/base.php:3281] View->sandbox()
Tue, 21 Oct 2025 22:26:45 +0000 [2607:fb92:1c86:f83a:c074:bf6f:badb:c7f2] [app/controllers/Controller.php:87] Preview->render()
Tue, 21 Oct 2025 22:26:45 +0000 [2607:fb92:1c86:f83a:c074:bf6f:badb:c7f2] [lib/base.php:2078] Controller->afterroute()
Tue, 21 Oct 2025 22:26:45 +0000 [2607:fb92:1c86:f83a:c074:bf6f:badb:c7f2] [lib/base.php:1871] Base->call()
Tue, 21 Oct 2025 22:26:45 +0000 [2607:fb92:1c86:f83a:c074:bf6f:badb:c7f2] [index.php:19] Base->run()
Tue, 21 Oct 2025 22:27:14 +0000 [2607:fb92:1c86:f83a:c074:bf6f:badb:c7f2] 500: Undefined array key 1 trace: [app/controllers/PersonController.php:247]
Tue, 21 Oct 2025 22:27:14 +0000 [2607:fb92:1c86:f83a:c074:bf6f:badb:c7f2] [app/controllers/PersonController.php:247] Base->{closure}()
Tue, 21 Oct 2025 22:27:14 +0000 [2607:fb92:1c86:f83a:c074:bf6f:badb:c7f2] [app/controllers/PersonController.php:238] PersonController->calculate_age()
Tue, 21 Oct 2025 22:27:14 +0000 [2607:fb92:1c86:f83a:c074:bf6f:badb:c7f2] [lib/base.php:2072] PersonController->update()
Tue, 21 Oct 2025 22:27:14 +0000 [2607:fb92:1c86:f83a:c074:bf6f:badb:c7f2] [lib/base.php:1871] Base->call()
Tue, 21 Oct 2025 22:27:14 +0000 [2607:fb92:1c86:f83a:c074:bf6f:badb:c7f2] [index.php:19] Base->run()
Tue, 21 Oct 2025 22:27:24 +0000 [2607:fb92:1c86:f83a:c074:bf6f:badb:c7f2] 500: Undefined variable $selected_note trace: [/home/u991737198/domains/tas2023.online/public_html/tmp/3hn69l4qoa804.3g8shy2588w00.php:385]
Tue, 21 Oct 2025 22:27:24 +0000 [2607:fb92:1c86:f83a:c074:bf6f:badb:c7f2] [/home/u991737198/domains/tas2023.online/public_html/tmp/3hn69l4qoa804.3g8shy2588w00.php:385] Base->{closure}()
Tue, 21 Oct 2025 22:27:24 +0000 [2607:fb92:1c86:f83a:c074:bf6f:badb:c7f2] [/home/u991737198/domains/tas2023.online/public_html/lib/base.php:3036] require('/home/u991737198/domains/tas2023.online/public_html/tmp/3hn69l4qoa804.3g8shy2588w00.php')
Tue, 21 Oct 2025 22:27:24 +0000 [2607:fb92:1c86:f83a:c074:bf6f:badb:c7f2] [/home/u991737198/domains/tas2023.online/public_html/lib/base.php:3281] View->sandbox()
Tue, 21 Oct 2025 22:27:24 +0000 [2607:fb92:1c86:f83a:c074:bf6f:badb:c7f2] [/home/u991737198/domains/tas2023.online/public_html/tmp/3hn69l4qoa804.3h31n1yj254w8.php:7] Preview->render()
Tue, 21 Oct 2025 22:27:24 +0000 [2607:fb92:1c86:f83a:c074:bf6f:badb:c7f2] [/home/u991737198/domains/tas2023.online/public_html/lib/base.php:3036] require('/home/u991737198/domains/tas2023.online/public_html/tmp/3hn69l4qoa804.3h31n1yj254w8.php')
Tue, 21 Oct 2025 22:27:24 +0000 [2607:fb92:1c86:f83a:c074:bf6f:badb:c7f2] [/home/u991737198/domains/tas2023.online/public_html/lib/base.php:3281] View->sandbox()
Tue, 21 Oct 2025 22:27:24 +0000 [2607:fb92:1c86:f83a:c074:bf6f:badb:c7f2] [/home/u991737198/domains/tas2023.online/public_html/app/controllers/Controller.php:87] Preview->render()
Tue, 21 Oct 2025 22:27:24 +0000 [2607:fb92:1c86:f83a:c074:bf6f:badb:c7f2] [/home/u991737198/domains/tas2023.online/public_html/lib/base.php:2078] Controller->afterroute()
Tue, 21 Oct 2025 22:27:24 +0000 [2607:fb92:1c86:f83a:c074:bf6f:badb:c7f2] [/home/u991737198/domains/tas2023.online/public_html/lib/base.php:1871] Base->call()
Tue, 21 Oct 2025 22:27:24 +0000 [2607:fb92:1c86:f83a:c074:bf6f:badb:c7f2] [/home/u991737198/domains/tas2023.online/public_html/index.php:19] Base->run()
Tue, 21 Oct 2025 22:27:31 +0000 [2607:fb92:1c86:f83a:c074:bf6f:badb:c7f2] 500: Undefined variable $selected_note trace: [/home/u991737198/domains/tas2023.online/public_html/tmp/3hn69l4qoa804.3g8shy2588w00.php:385]
Tue, 21 Oct 2025 22:27:31 +0000 [2607:fb92:1c86:f83a:c074:bf6f:badb:c7f2] [/home/u991737198/domains/tas2023.online/public_html/tmp/3hn69l4qoa804.3g8shy2588w00.php:385] Base->{closure}()
Tue, 21 Oct 2025 22:27:31 +0000 [2607:fb92:1c86:f83a:c074:bf6f:badb:c7f2] [/home/u991737198/domains/tas2023.online/public_html/lib/base.php:3036] require('/home/u991737198/domains/tas2023.online/public_html/tmp/3hn69l4qoa804.3g8shy2588w00.php')
Tue, 21 Oct 2025 22:27:31 +0000 [2607:fb92:1c86:f83a:c074:bf6f:badb:c7f2] [/home/u991737198/domains/tas2023.online/public_html/lib/base.php:3281] View->sandbox()
Tue, 21 Oct 2025 22:27:31 +0000 [2607:fb92:1c86:f83a:c074:bf6f:badb:c7f2] [/home/u991737198/domains/tas2023.online/public_html/tmp/3hn69l4qoa804.3h31n1yj254w8.php:7] Preview->render()
Tue, 21 Oct 2025 22:27:31 +0000 [2607:fb92:1c86:f83a:c074:bf6f:badb:c7f2] [/home/u991737198/domains/tas2023.online/public_html/lib/base.php:3036] require('/home/u991737198/domains/tas2023.online/public_html/tmp/3hn69l4qoa804.3h31n1yj254w8.php')
Tue, 21 Oct 2025 22:27:31 +0000 [2607:fb92:1c86:f83a:c074:bf6f:badb:c7f2] [/home/u991737198/domains/tas2023.online/public_html/lib/base.php:3281] View->sandbox()
Tue, 21 Oct 2025 22:27:31 +0000 [2607:fb92:1c86:f83a:c074:bf6f:badb:c7f2] [/home/u991737198/domains/tas2023.online/public_html/app/controllers/Controller.php:87] Preview->render()
Tue, 21 Oct 2025 22:27:31 +0000 [2607:fb92:1c86:f83a:c074:bf6f:badb:c7f2] [/home/u991737198/domains/tas2023.online/public_html/lib/base.php:2078] Controller->afterroute()
Tue, 21 Oct 2025 22:27:31 +0000 [2607:fb92:1c86:f83a:c074:bf6f:badb:c7f2] [/home/u991737198/domains/tas2023.online/public_html/lib/base.php:1871] Base->call()
Tue, 21 Oct 2025 22:27:31 +0000 [2607:fb92:1c86:f83a:c074:bf6f:badb:c7f2] [/home/u991737198/domains/tas2023.online/public_html/index.php:19] Base->run()
Tue, 21 Oct 2025 22:27:34 +0000 [2607:fb92:1c86:f83a:c074:bf6f:badb:c7f2] 500: Undefined variable $entity_num trace: [tmp/3hn69l4qoa804.man4oes5p0l2.php:177]
Tue, 21 Oct 2025 22:27:34 +0000 [2607:fb92:1c86:f83a:c074:bf6f:badb:c7f2] [tmp/3hn69l4qoa804.man4oes5p0l2.php:177] Base->{closure}()
Tue, 21 Oct 2025 22:27:34 +0000 [2607:fb92:1c86:f83a:c074:bf6f:badb:c7f2] [lib/base.php:3036] require('/home/u991737198/domains/tas2023.online/public_html/tmp/3hn69l4qoa804.man4oes5p0l2.php')
Tue, 21 Oct 2025 22:27:34 +0000 [2607:fb92:1c86:f83a:c074:bf6f:badb:c7f2] [lib/base.php:3281] View->sandbox()
Tue, 21 Oct 2025 22:27:34 +0000 [2607:fb92:1c86:f83a:c074:bf6f:badb:c7f2] [tmp/3hn69l4qoa804.3h31n1yj254w8.php:7] Preview->render()
Tue, 21 Oct 2025 22:27:34 +0000 [2607:fb92:1c86:f83a:c074:bf6f:badb:c7f2] [lib/base.php:3036] require('/home/u991737198/domains/tas2023.online/public_html/tmp/3hn69l4qoa804.3h31n1yj254w8.php')
Tue, 21 Oct 2025 22:27:34 +0000 [2607:fb92:1c86:f83a:c074:bf6f:badb:c7f2] [lib/base.php:3281] View->sandbox()
Tue, 21 Oct 2025 22:27:34 +0000 [2607:fb92:1c86:f83a:c074:bf6f:badb:c7f2] [app/controllers/Controller.php:87] Preview->render()
Tue, 21 Oct 2025 22:27:34 +0000 [2607:fb92:1c86:f83a:c074:bf6f:badb:c7f2] [lib/base.php:2078] Controller->afterroute()
Tue, 21 Oct 2025 22:27:34 +0000 [2607:fb92:1c86:f83a:c074:bf6f:badb:c7f2] [lib/base.php:1871] Base->call()
Tue, 21 Oct 2025 22:27:34 +0000 [2607:fb92:1c86:f83a:c074:bf6f:badb:c7f2] [index.php:19] Base->run()
Tue, 21 Oct 2025 22:27:42 +0000 [2607:fb92:1c86:f83a:c074:bf6f:badb:c7f2] 500: Undefined variable $selected_note trace: [/home/u991737198/domains/tas2023.online/public_html/tmp/3hn69l4qoa804.3g8shy2588w00.php:385]
Tue, 21 Oct 2025 22:27:42 +0000 [2607:fb92:1c86:f83a:c074:bf6f:badb:c7f2] [/home/u991737198/domains/tas2023.online/public_html/tmp/3hn69l4qoa804.3g8shy2588w00.php:385] Base->{closure}()
Tue, 21 Oct 2025 22:27:42 +0000 [2607:fb92:1c86:f83a:c074:bf6f:badb:c7f2] [/home/u991737198/domains/tas2023.online/public_html/lib/base.php:3036] require('/home/u991737198/domains/tas2023.online/public_html/tmp/3hn69l4qoa804.3g8shy2588w00.php')
Tue, 21 Oct 2025 22:27:42 +0000 [2607:fb92:1c86:f83a:c074:bf6f:badb:c7f2] [/home/u991737198/domains/tas2023.online/public_html/lib/base.php:3281] View->sandbox()
Tue, 21 Oct 2025 22:27:42 +0000 [2607:fb92:1c86:f83a:c074:bf6f:badb:c7f2] [/home/u991737198/domains/tas2023.online/public_html/tmp/3hn69l4qoa804.3h31n1yj254w8.php:7] Preview->render()
Tue, 21 Oct 2025 22:27:42 +0000 [2607:fb92:1c86:f83a:c074:bf6f:badb:c7f2] [/home/u991737198/domains/tas2023.online/public_html/lib/base.php:3036] require('/home/u991737198/domains/tas2023.online/public_html/tmp/3hn69l4qoa804.3h31n1yj254w8.php')
Tue, 21 Oct 2025 22:27:42 +0000 [2607:fb92:1c86:f83a:c074:bf6f:badb:c7f2] [/home/u991737198/domains/tas2023.online/public_html/lib/base.php:3281] View->sandbox()
Tue, 21 Oct 2025 22:27:42 +0000 [2607:fb92:1c86:f83a:c074:bf6f:badb:c7f2] [/home/u991737198/domains/tas2023.online/public_html/app/controllers/Controller.php:87] Preview->render()
Tue, 21 Oct 2025 22:27:42 +0000 [2607:fb92:1c86:f83a:c074:bf6f:badb:c7f2] [/home/u991737198/domains/tas2023.online/public_html/lib/base.php:2078] Controller->afterroute()
Tue, 21 Oct 2025 22:27:42 +0000 [2607:fb92:1c86:f83a:c074:bf6f:badb:c7f2] [/home/u991737198/domains/tas2023.online/public_html/lib/base.php:1871] Base->call()
Tue, 21 Oct 2025 22:27:42 +0000 [2607:fb92:1c86:f83a:c074:bf6f:badb:c7f2] [/home/u991737198/domains/tas2023.online/public_html/index.php:19] Base->run()
Tue, 21 Oct 2025 22:27:47 +0000 [2607:fb92:1c86:f83a:c074:bf6f:badb:c7f2] 500: Undefined variable $selected_note trace: [/home/u991737198/domains/tas2023.online/public_html/tmp/3hn69l4qoa804.3g8shy2588w00.php:385]
Tue, 21 Oct 2025 22:27:47 +0000 [2607:fb92:1c86:f83a:c074:bf6f:badb:c7f2] [/home/u991737198/domains/tas2023.online/public_html/tmp/3hn69l4qoa804.3g8shy2588w00.php:385] Base->{closure}()
Tue, 21 Oct 2025 22:27:47 +0000 [2607:fb92:1c86:f83a:c074:bf6f:badb:c7f2] [/home/u991737198/domains/tas2023.online/public_html/lib/base.php:3036] require('/home/u991737198/domains/tas2023.online/public_html/tmp/3hn69l4qoa804.3g8shy2588w00.php')
Tue, 21 Oct 2025 22:27:47 +0000 [2607:fb92:1c86:f83a:c074:bf6f:badb:c7f2] [/home/u991737198/domains/tas2023.online/public_html/lib/base.php:3281] View->sandbox()
Tue, 21 Oct 2025 22:27:47 +0000 [2607:fb92:1c86:f83a:c074:bf6f:badb:c7f2] [/home/u991737198/domains/tas2023.online/public_html/tmp/3hn69l4qoa804.3h31n1yj254w8.php:7] Preview->render()
Tue, 21 Oct 2025 22:27:47 +0000 [2607:fb92:1c86:f83a:c074:bf6f:badb:c7f2] [/home/u991737198/domains/tas2023.online/public_html/lib/base.php:3036] require('/home/u991737198/domains/tas2023.online/public_html/tmp/3hn69l4qoa804.3h31n1yj254w8.php')
Tue, 21 Oct 2025 22:27:47 +0000 [2607:fb92:1c86:f83a:c074:bf6f:badb:c7f2] [/home/u991737198/domains/tas2023.online/public_html/lib/base.php:3281] View->sandbox()
Tue, 21 Oct 2025 22:27:47 +0000 [2607:fb92:1c86:f83a:c074:bf6f:badb:c7f2] [/home/u991737198/domains/tas2023.online/public_html/app/controllers/Controller.php:87] Preview->render()
Tue, 21 Oct 2025 22:27:47 +0000 [2607:fb92:1c86:f83a:c074:bf6f:badb:c7f2] [/home/u991737198/domains/tas2023.online/public_html/lib/base.php:2078] Controller->afterroute()
Tue, 21 Oct 2025 22:27:47 +0000 [2607:fb92:1c86:f83a:c074:bf6f:badb:c7f2] [/home/u991737198/domains/tas2023.online/public_html/lib/base.php:1871] Base->call()
Tue, 21 Oct 2025 22:27:47 +0000 [2607:fb92:1c86:f83a:c074:bf6f:badb:c7f2] [/home/u991737198/domains/tas2023.online/public_html/index.php:19] Base->run()
Tue, 21 Oct 2025 22:27:53 +0000 [2607:fb92:1c86:f83a:c074:bf6f:badb:c7f2] 500: Undefined variable $fechapicker trace: [/home/u991737198/domains/tas2023.online/public_html/tmp/3hn69l4qoa804.22phmm30e0u84.php:334]
Tue, 21 Oct 2025 22:27:53 +0000 [2607:fb92:1c86:f83a:c074:bf6f:badb:c7f2] [/home/u991737198/domains/tas2023.online/public_html/tmp/3hn69l4qoa804.22phmm30e0u84.php:334] Base->{closure}()
Tue, 21 Oct 2025 22:27:53 +0000 [2607:fb92:1c86:f83a:c074:bf6f:badb:c7f2] [/home/u991737198/domains/tas2023.online/public_html/lib/base.php:3036] require('/home/u991737198/domains/tas2023.online/public_html/tmp/3hn69l4qoa804.22phmm30e0u84.php')
Tue, 21 Oct 2025 22:27:53 +0000 [2607:fb92:1c86:f83a:c074:bf6f:badb:c7f2] [/home/u991737198/domains/tas2023.online/public_html/lib/base.php:3281] View->sandbox()
Tue, 21 Oct 2025 22:27:53 +0000 [2607:fb92:1c86:f83a:c074:bf6f:badb:c7f2] [/home/u991737198/domains/tas2023.online/public_html/tmp/3hn69l4qoa804.3h31n1yj254w8.php:7] Preview->render()
Tue, 21 Oct 2025 22:27:53 +0000 [2607:fb92:1c86:f83a:c074:bf6f:badb:c7f2] [/home/u991737198/domains/tas2023.online/public_html/lib/base.php:3036] require('/home/u991737198/domains/tas2023.online/public_html/tmp/3hn69l4qoa804.3h31n1yj254w8.php')
Tue, 21 Oct 2025 22:27:53 +0000 [2607:fb92:1c86:f83a:c074:bf6f:badb:c7f2] [/home/u991737198/domains/tas2023.online/public_html/lib/base.php:3281] View->sandbox()
Tue, 21 Oct 2025 22:27:53 +0000 [2607:fb92:1c86:f83a:c074:bf6f:badb:c7f2] [/home/u991737198/domains/tas2023.online/public_html/app/controllers/Controller.php:87] Preview->render()
Tue, 21 Oct 2025 22:27:53 +0000 [2607:fb92:1c86:f83a:c074:bf6f:badb:c7f2] [/home/u991737198/domains/tas2023.online/public_html/lib/base.php:2078] Controller->afterroute()
Tue, 21 Oct 2025 22:27:53 +0000 [2607:fb92:1c86:f83a:c074:bf6f:badb:c7f2] [/home/u991737198/domains/tas2023.online/public_html/lib/base.php:1871] Base->call()
Tue, 21 Oct 2025 22:27:53 +0000 [2607:fb92:1c86:f83a:c074:bf6f:badb:c7f2] [/home/u991737198/domains/tas2023.online/public_html/index.php:19] Base->run()
Tue, 21 Oct 2025 22:27:55 +0000 [2607:fb92:1c86:f83a:c074:bf6f:badb:c7f2] 500: Undefined variable $fechapicker trace: [/home/u991737198/domains/tas2023.online/public_html/tmp/3hn69l4qoa804.22phmm30e0u84.php:334]
Tue, 21 Oct 2025 22:27:55 +0000 [2607:fb92:1c86:f83a:c074:bf6f:badb:c7f2] [/home/u991737198/domains/tas2023.online/public_html/tmp/3hn69l4qoa804.22phmm30e0u84.php:334] Base->{closure}()
Tue, 21 Oct 2025 22:27:55 +0000 [2607:fb92:1c86:f83a:c074:bf6f:badb:c7f2] [/home/u991737198/domains/tas2023.online/public_html/lib/base.php:3036] require('/home/u991737198/domains/tas2023.online/public_html/tmp/3hn69l4qoa804.22phmm30e0u84.php')
Tue, 21 Oct 2025 22:27:55 +0000 [2607:fb92:1c86:f83a:c074:bf6f:badb:c7f2] [/home/u991737198/domains/tas2023.online/public_html/lib/base.php:3281] View->sandbox()
Tue, 21 Oct 2025 22:27:55 +0000 [2607:fb92:1c86:f83a:c074:bf6f:badb:c7f2] [/home/u991737198/domains/tas2023.online/public_html/tmp/3hn69l4qoa804.3h31n1yj254w8.php:7] Preview->render()
Tue, 21 Oct 2025 22:27:55 +0000 [2607:fb92:1c86:f83a:c074:bf6f:badb:c7f2] [/home/u991737198/domains/tas2023.online/public_html/lib/base.php:3036] require('/home/u991737198/domains/tas2023.online/public_html/tmp/3hn69l4qoa804.3h31n1yj254w8.php')
Tue, 21 Oct 2025 22:27:55 +0000 [2607:fb92:1c86:f83a:c074:bf6f:badb:c7f2] [/home/u991737198/domains/tas2023.online/public_html/lib/base.php:3281] View->sandbox()
Tue, 21 Oct 2025 22:27:55 +0000 [2607:fb92:1c86:f83a:c074:bf6f:badb:c7f2] [/home/u991737198/domains/tas2023.online/public_html/app/controllers/Controller.php:87] Preview->render()
Tue, 21 Oct 2025 22:27:55 +0000 [2607:fb92:1c86:f83a:c074:bf6f:badb:c7f2] [/home/u991737198/domains/tas2023.online/public_html/lib/base.php:2078] Controller->afterroute()
Tue, 21 Oct 2025 22:27:55 +0000 [2607:fb92:1c86:f83a:c074:bf6f:badb:c7f2] [/home/u991737198/domains/tas2023.online/public_html/lib/base.php:1871] Base->call()
Tue, 21 Oct 2025 22:27:55 +0000 [2607:fb92:1c86:f83a:c074:bf6f:badb:c7f2] [/home/u991737198/domains/tas2023.online/public_html/index.php:19] Base->run()
Tue, 21 Oct 2025 22:28:09 +0000 [2607:fb92:1c86:f83a:c074:bf6f:badb:c7f2] 500: Undefined variable $entity_num trace: [tmp/3hn69l4qoa804.man4oes5p0l2.php:177]
Tue, 21 Oct 2025 22:28:09 +0000 [2607:fb92:1c86:f83a:c074:bf6f:badb:c7f2] [tmp/3hn69l4qoa804.man4oes5p0l2.php:177] Base->{closure}()
Tue, 21 Oct 2025 22:28:09 +0000 [2607:fb92:1c86:f83a:c074:bf6f:badb:c7f2] [lib/base.php:3036] require('/home/u991737198/domains/tas2023.online/public_html/tmp/3hn69l4qoa804.man4oes5p0l2.php')
Tue, 21 Oct 2025 22:28:09 +0000 [2607:fb92:1c86:f83a:c074:bf6f:badb:c7f2] [lib/base.php:3281] View->sandbox()
Tue, 21 Oct 2025 22:28:09 +0000 [2607:fb92:1c86:f83a:c074:bf6f:badb:c7f2] [tmp/3hn69l4qoa804.3h31n1yj254w8.php:7] Preview->render()
Tue, 21 Oct 2025 22:28:09 +0000 [2607:fb92:1c86:f83a:c074:bf6f:badb:c7f2] [lib/base.php:3036] require('/home/u991737198/domains/tas2023.online/public_html/tmp/3hn69l4qoa804.3h31n1yj254w8.php')
Tue, 21 Oct 2025 22:28:09 +0000 [2607:fb92:1c86:f83a:c074:bf6f:badb:c7f2] [lib/base.php:3281] View->sandbox()
Tue, 21 Oct 2025 22:28:09 +0000 [2607:fb92:1c86:f83a:c074:bf6f:badb:c7f2] [app/controllers/Controller.php:87] Preview->render()
Tue, 21 Oct 2025 22:28:09 +0000 [2607:fb92:1c86:f83a:c074:bf6f:badb:c7f2] [lib/base.php:2078] Controller->afterroute()
Tue, 21 Oct 2025 22:28:09 +0000 [2607:fb92:1c86:f83a:c074:bf6f:badb:c7f2] [lib/base.php:1871] Base->call()
Tue, 21 Oct 2025 22:28:09 +0000 [2607:fb92:1c86:f83a:c074:bf6f:badb:c7f2] [index.php:19] Base->run()
Tue, 21 Oct 2025 22:28:22 +0000 [2607:fb92:1c86:f83a:c074:bf6f:badb:c7f2] 500: Undefined variable $selected_note trace: [/home/u991737198/domains/tas2023.online/public_html/tmp/3hn69l4qoa804.3g8shy2588w00.php:385]
Tue, 21 Oct 2025 22:28:22 +0000 [2607:fb92:1c86:f83a:c074:bf6f:badb:c7f2] [/home/u991737198/domains/tas2023.online/public_html/tmp/3hn69l4qoa804.3g8shy2588w00.php:385] Base->{closure}()
Tue, 21 Oct 2025 22:28:22 +0000 [2607:fb92:1c86:f83a:c074:bf6f:badb:c7f2] [/home/u991737198/domains/tas2023.online/public_html/lib/base.php:3036] require('/home/u991737198/domains/tas2023.online/public_html/tmp/3hn69l4qoa804.3g8shy2588w00.php')
Tue, 21 Oct 2025 22:28:22 +0000 [2607:fb92:1c86:f83a:c074:bf6f:badb:c7f2] [/home/u991737198/domains/tas2023.online/public_html/lib/base.php:3281] View->sandbox()
Tue, 21 Oct 2025 22:28:22 +0000 [2607:fb92:1c86:f83a:c074:bf6f:badb:c7f2] [/home/u991737198/domains/tas2023.online/public_html/tmp/3hn69l4qoa804.3h31n1yj254w8.php:7] Preview->render()
Tue, 21 Oct 2025 22:28:22 +0000 [2607:fb92:1c86:f83a:c074:bf6f:badb:c7f2] [/home/u991737198/domains/tas2023.online/public_html/lib/base.php:3036] require('/home/u991737198/domains/tas2023.online/public_html/tmp/3hn69l4qoa804.3h31n1yj254w8.php')
Tue, 21 Oct 2025 22:28:22 +0000 [2607:fb92:1c86:f83a:c074:bf6f:badb:c7f2] [/home/u991737198/domains/tas2023.online/public_html/lib/base.php:3281] View->sandbox()
Tue, 21 Oct 2025 22:28:22 +0000 [2607:fb92:1c86:f83a:c074:bf6f:badb:c7f2] [/home/u991737198/domains/tas2023.online/public_html/app/controllers/Controller.php:87] Preview->render()
Tue, 21 Oct 2025 22:28:22 +0000 [2607:fb92:1c86:f83a:c074:bf6f:badb:c7f2] [/home/u991737198/domains/tas2023.online/public_html/lib/base.php:2078] Controller->afterroute()
Tue, 21 Oct 2025 22:28:22 +0000 [2607:fb92:1c86:f83a:c074:bf6f:badb:c7f2] [/home/u991737198/domains/tas2023.online/public_html/lib/base.php:1871] Base->call()
Tue, 21 Oct 2025 22:28:22 +0000 [2607:fb92:1c86:f83a:c074:bf6f:badb:c7f2] [/home/u991737198/domains/tas2023.online/public_html/index.php:19] Base->run()
Tue, 21 Oct 2025 22:28:28 +0000 [2607:fb92:1c86:f83a:c074:bf6f:badb:c7f2] 500: Undefined variable $selected_note trace: [/home/u991737198/domains/tas2023.online/public_html/tmp/3hn69l4qoa804.3g8shy2588w00.php:385]
Tue, 21 Oct 2025 22:28:28 +0000 [2607:fb92:1c86:f83a:c074:bf6f:badb:c7f2] [/home/u991737198/domains/tas2023.online/public_html/tmp/3hn69l4qoa804.3g8shy2588w00.php:385] Base->{closure}()
Tue, 21 Oct 2025 22:28:28 +0000 [2607:fb92:1c86:f83a:c074:bf6f:badb:c7f2] [/home/u991737198/domains/tas2023.online/public_html/lib/base.php:3036] require('/home/u991737198/domains/tas2023.online/public_html/tmp/3hn69l4qoa804.3g8shy2588w00.php')
Tue, 21 Oct 2025 22:28:28 +0000 [2607:fb92:1c86:f83a:c074:bf6f:badb:c7f2] [/home/u991737198/domains/tas2023.online/public_html/lib/base.php:3281] View->sandbox()
Tue, 21 Oct 2025 22:28:28 +0000 [2607:fb92:1c86:f83a:c074:bf6f:badb:c7f2] [/home/u991737198/domains/tas2023.online/public_html/tmp/3hn69l4qoa804.3h31n1yj254w8.php:7] Preview->render()
Tue, 21 Oct 2025 22:28:28 +0000 [2607:fb92:1c86:f83a:c074:bf6f:badb:c7f2] [/home/u991737198/domains/tas2023.online/public_html/lib/base.php:3036] require('/home/u991737198/domains/tas2023.online/public_html/tmp/3hn69l4qoa804.3h31n1yj254w8.php')
Tue, 21 Oct 2025 22:28:28 +0000 [2607:fb92:1c86:f83a:c074:bf6f:badb:c7f2] [/home/u991737198/domains/tas2023.online/public_html/lib/base.php:3281] View->sandbox()
Tue, 21 Oct 2025 22:28:28 +0000 [2607:fb92:1c86:f83a:c074:bf6f:badb:c7f2] [/home/u991737198/domains/tas2023.online/public_html/app/controllers/Controller.php:87] Preview->render()
Tue, 21 Oct 2025 22:28:28 +0000 [2607:fb92:1c86:f83a:c074:bf6f:badb:c7f2] [/home/u991737198/domains/tas2023.online/public_html/lib/base.php:2078] Controller->afterroute()
Tue, 21 Oct 2025 22:28:28 +0000 [2607:fb92:1c86:f83a:c074:bf6f:badb:c7f2] [/home/u991737198/domains/tas2023.online/public_html/lib/base.php:1871] Base->call()
Tue, 21 Oct 2025 22:28:28 +0000 [2607:fb92:1c86:f83a:c074:bf6f:badb:c7f2] [/home/u991737198/domains/tas2023.online/public_html/index.php:19] Base->run()
Tue, 21 Oct 2025 22:28:31 +0000 [2607:fb92:1c86:f83a:c074:bf6f:badb:c7f2] 500: Undefined variable $entity_num trace: [tmp/3hn69l4qoa804.man4oes5p0l2.php:177]
Tue, 21 Oct 2025 22:28:31 +0000 [2607:fb92:1c86:f83a:c074:bf6f:badb:c7f2] [tmp/3hn69l4qoa804.man4oes5p0l2.php:177] Base->{closure}()
Tue, 21 Oct 2025 22:28:31 +0000 [2607:fb92:1c86:f83a:c074:bf6f:badb:c7f2] [lib/base.php:3036] require('/home/u991737198/domains/tas2023.online/public_html/tmp/3hn69l4qoa804.man4oes5p0l2.php')
Tue, 21 Oct 2025 22:28:31 +0000 [2607:fb92:1c86:f83a:c074:bf6f:badb:c7f2] [lib/base.php:3281] View->sandbox()
Tue, 21 Oct 2025 22:28:31 +0000 [2607:fb92:1c86:f83a:c074:bf6f:badb:c7f2] [tmp/3hn69l4qoa804.3h31n1yj254w8.php:7] Preview->render()
Tue, 21 Oct 2025 22:28:31 +0000 [2607:fb92:1c86:f83a:c074:bf6f:badb:c7f2] [lib/base.php:3036] require('/home/u991737198/domains/tas2023.online/public_html/tmp/3hn69l4qoa804.3h31n1yj254w8.php')
Tue, 21 Oct 2025 22:28:31 +0000 [2607:fb92:1c86:f83a:c074:bf6f:badb:c7f2] [lib/base.php:3281] View->sandbox()
Tue, 21 Oct 2025 22:28:31 +0000 [2607:fb92:1c86:f83a:c074:bf6f:badb:c7f2] [app/controllers/Controller.php:87] Preview->render()
Tue, 21 Oct 2025 22:28:31 +0000 [2607:fb92:1c86:f83a:c074:bf6f:badb:c7f2] [lib/base.php:2078] Controller->afterroute()
Tue, 21 Oct 2025 22:28:31 +0000 [2607:fb92:1c86:f83a:c074:bf6f:badb:c7f2] [lib/base.php:1871] Base->call()
Tue, 21 Oct 2025 22:28:31 +0000 [2607:fb92:1c86:f83a:c074:bf6f:badb:c7f2] [index.php:19] Base->run()
Tue, 21 Oct 2025 22:28:42 +0000 [2607:fb92:1c86:f83a:c074:bf6f:badb:c7f2] 500: Undefined variable $selected_note trace: [/home/u991737198/domains/tas2023.online/public_html/tmp/3hn69l4qoa804.3g8shy2588w00.php:385]
Tue, 21 Oct 2025 22:28:42 +0000 [2607:fb92:1c86:f83a:c074:bf6f:badb:c7f2] [/home/u991737198/domains/tas2023.online/public_html/tmp/3hn69l4qoa804.3g8shy2588w00.php:385] Base->{closure}()
Tue, 21 Oct 2025 22:28:42 +0000 [2607:fb92:1c86:f83a:c074:bf6f:badb:c7f2] [/home/u991737198/domains/tas2023.online/public_html/lib/base.php:3036] require('/home/u991737198/domains/tas2023.online/public_html/tmp/3hn69l4qoa804.3g8shy2588w00.php')
Tue, 21 Oct 2025 22:28:42 +0000 [2607:fb92:1c86:f83a:c074:bf6f:badb:c7f2] [/home/u991737198/domains/tas2023.online/public_html/lib/base.php:3281] View->sandbox()
Tue, 21 Oct 2025 22:28:42 +0000 [2607:fb92:1c86:f83a:c074:bf6f:badb:c7f2] [/home/u991737198/domains/tas2023.online/public_html/tmp/3hn69l4qoa804.3h31n1yj254w8.php:7] Preview->render()
Tue, 21 Oct 2025 22:28:42 +0000 [2607:fb92:1c86:f83a:c074:bf6f:badb:c7f2] [/home/u991737198/domains/tas2023.online/public_html/lib/base.php:3036] require('/home/u991737198/domains/tas2023.online/public_html/tmp/3hn69l4qoa804.3h31n1yj254w8.php')
Tue, 21 Oct 2025 22:28:42 +0000 [2607:fb92:1c86:f83a:c074:bf6f:badb:c7f2] [/home/u991737198/domains/tas2023.online/public_html/lib/base.php:3281] View->sandbox()
Tue, 21 Oct 2025 22:28:42 +0000 [2607:fb92:1c86:f83a:c074:bf6f:badb:c7f2] [/home/u991737198/domains/tas2023.online/public_html/app/controllers/Controller.php:87] Preview->render()
Tue, 21 Oct 2025 22:28:42 +0000 [2607:fb92:1c86:f83a:c074:bf6f:badb:c7f2] [/home/u991737198/domains/tas2023.online/public_html/lib/base.php:2078] Controller->afterroute()
Tue, 21 Oct 2025 22:28:42 +0000 [2607:fb92:1c86:f83a:c074:bf6f:badb:c7f2] [/home/u991737198/domains/tas2023.online/public_html/lib/base.php:1871] Base->call()
Tue, 21 Oct 2025 22:28:42 +0000 [2607:fb92:1c86:f83a:c074:bf6f:badb:c7f2] [/home/u991737198/domains/tas2023.online/public_html/index.php:19] Base->run()
Tue, 21 Oct 2025 22:28:47 +0000 [2607:fb92:1c86:f83a:c074:bf6f:badb:c7f2] 500: Undefined variable $selected_note trace: [/home/u991737198/domains/tas2023.online/public_html/tmp/3hn69l4qoa804.3g8shy2588w00.php:385]
Tue, 21 Oct 2025 22:28:47 +0000 [2607:fb92:1c86:f83a:c074:bf6f:badb:c7f2] [/home/u991737198/domains/tas2023.online/public_html/tmp/3hn69l4qoa804.3g8shy2588w00.php:385] Base->{closure}()
Tue, 21 Oct 2025 22:28:47 +0000 [2607:fb92:1c86:f83a:c074:bf6f:badb:c7f2] [/home/u991737198/domains/tas2023.online/public_html/lib/base.php:3036] require('/home/u991737198/domains/tas2023.online/public_html/tmp/3hn69l4qoa804.3g8shy2588w00.php')
Tue, 21 Oct 2025 22:28:47 +0000 [2607:fb92:1c86:f83a:c074:bf6f:badb:c7f2] [/home/u991737198/domains/tas2023.online/public_html/lib/base.php:3281] View->sandbox()
Tue, 21 Oct 2025 22:28:47 +0000 [2607:fb92:1c86:f83a:c074:bf6f:badb:c7f2] [/home/u991737198/domains/tas2023.online/public_html/tmp/3hn69l4qoa804.3h31n1yj254w8.php:7] Preview->render()
Tue, 21 Oct 2025 22:28:47 +0000 [2607:fb92:1c86:f83a:c074:bf6f:badb:c7f2] [/home/u991737198/domains/tas2023.online/public_html/lib/base.php:3036] require('/home/u991737198/domains/tas2023.online/public_html/tmp/3hn69l4qoa804.3h31n1yj254w8.php')
Tue, 21 Oct 2025 22:28:47 +0000 [2607:fb92:1c86:f83a:c074:bf6f:badb:c7f2] [/home/u991737198/domains/tas2023.online/public_html/lib/base.php:3281] View->sandbox()
Tue, 21 Oct 2025 22:28:47 +0000 [2607:fb92:1c86:f83a:c074:bf6f:badb:c7f2] [/home/u991737198/domains/tas2023.online/public_html/app/controllers/Controller.php:87] Preview->render()
Tue, 21 Oct 2025 22:28:47 +0000 [2607:fb92:1c86:f83a:c074:bf6f:badb:c7f2] [/home/u991737198/domains/tas2023.online/public_html/lib/base.php:2078] Controller->afterroute()
Tue, 21 Oct 2025 22:28:47 +0000 [2607:fb92:1c86:f83a:c074:bf6f:badb:c7f2] [/home/u991737198/domains/tas2023.online/public_html/lib/base.php:1871] Base->call()
Tue, 21 Oct 2025 22:28:47 +0000 [2607:fb92:1c86:f83a:c074:bf6f:badb:c7f2] [/home/u991737198/domains/tas2023.online/public_html/index.php:19] Base->run()
Tue, 21 Oct 2025 22:28:50 +0000 [2607:fb92:1c86:f83a:c074:bf6f:badb:c7f2] 500: Undefined variable $fechapicker trace: [/home/u991737198/domains/tas2023.online/public_html/tmp/3hn69l4qoa804.22phmm30e0u84.php:334]
Tue, 21 Oct 2025 22:28:50 +0000 [2607:fb92:1c86:f83a:c074:bf6f:badb:c7f2] [/home/u991737198/domains/tas2023.online/public_html/tmp/3hn69l4qoa804.22phmm30e0u84.php:334] Base->{closure}()
Tue, 21 Oct 2025 22:28:50 +0000 [2607:fb92:1c86:f83a:c074:bf6f:badb:c7f2] [/home/u991737198/domains/tas2023.online/public_html/lib/base.php:3036] require('/home/u991737198/domains/tas2023.online/public_html/tmp/3hn69l4qoa804.22phmm30e0u84.php')
Tue, 21 Oct 2025 22:28:50 +0000 [2607:fb92:1c86:f83a:c074:bf6f:badb:c7f2] [/home/u991737198/domains/tas2023.online/public_html/lib/base.php:3281] View->sandbox()
Tue, 21 Oct 2025 22:28:50 +0000 [2607:fb92:1c86:f83a:c074:bf6f:badb:c7f2] [/home/u991737198/domains/tas2023.online/public_html/tmp/3hn69l4qoa804.3h31n1yj254w8.php:7] Preview->render()
Tue, 21 Oct 2025 22:28:50 +0000 [2607:fb92:1c86:f83a:c074:bf6f:badb:c7f2] [/home/u991737198/domains/tas2023.online/public_html/lib/base.php:3036] require('/home/u991737198/domains/tas2023.online/public_html/tmp/3hn69l4qoa804.3h31n1yj254w8.php')
Tue, 21 Oct 2025 22:28:50 +0000 [2607:fb92:1c86:f83a:c074:bf6f:badb:c7f2] [/home/u991737198/domains/tas2023.online/public_html/lib/base.php:3281] View->sandbox()
Tue, 21 Oct 2025 22:28:50 +0000 [2607:fb92:1c86:f83a:c074:bf6f:badb:c7f2] [/home/u991737198/domains/tas2023.online/public_html/app/controllers/Controller.php:87] Preview->render()
Tue, 21 Oct 2025 22:28:50 +0000 [2607:fb92:1c86:f83a:c074:bf6f:badb:c7f2] [/home/u991737198/domains/tas2023.online/public_html/lib/base.php:2078] Controller->afterroute()
Tue, 21 Oct 2025 22:28:50 +0000 [2607:fb92:1c86:f83a:c074:bf6f:badb:c7f2] [/home/u991737198/domains/tas2023.online/public_html/lib/base.php:1871] Base->call()
Tue, 21 Oct 2025 22:28:50 +0000 [2607:fb92:1c86:f83a:c074:bf6f:badb:c7f2] [/home/u991737198/domains/tas2023.online/public_html/index.php:19] Base->run()
Tue, 21 Oct 2025 22:28:52 +0000 [2607:fb92:1c86:f83a:c074:bf6f:badb:c7f2] 500: Undefined variable $fechapicker trace: [/home/u991737198/domains/tas2023.online/public_html/tmp/3hn69l4qoa804.22phmm30e0u84.php:334]
Tue, 21 Oct 2025 22:28:52 +0000 [2607:fb92:1c86:f83a:c074:bf6f:badb:c7f2] [/home/u991737198/domains/tas2023.online/public_html/tmp/3hn69l4qoa804.22phmm30e0u84.php:334] Base->{closure}()
Tue, 21 Oct 2025 22:28:52 +0000 [2607:fb92:1c86:f83a:c074:bf6f:badb:c7f2] [/home/u991737198/domains/tas2023.online/public_html/lib/base.php:3036] require('/home/u991737198/domains/tas2023.online/public_html/tmp/3hn69l4qoa804.22phmm30e0u84.php')
Tue, 21 Oct 2025 22:28:52 +0000 [2607:fb92:1c86:f83a:c074:bf6f:badb:c7f2] [/home/u991737198/domains/tas2023.online/public_html/lib/base.php:3281] View->sandbox()
Tue, 21 Oct 2025 22:28:52 +0000 [2607:fb92:1c86:f83a:c074:bf6f:badb:c7f2] [/home/u991737198/domains/tas2023.online/public_html/tmp/3hn69l4qoa804.3h31n1yj254w8.php:7] Preview->render()
Tue, 21 Oct 2025 22:28:52 +0000 [2607:fb92:1c86:f83a:c074:bf6f:badb:c7f2] [/home/u991737198/domains/tas2023.online/public_html/lib/base.php:3036] require('/home/u991737198/domains/tas2023.online/public_html/tmp/3hn69l4qoa804.3h31n1yj254w8.php')
Tue, 21 Oct 2025 22:28:52 +0000 [2607:fb92:1c86:f83a:c074:bf6f:badb:c7f2] [/home/u991737198/domains/tas2023.online/public_html/lib/base.php:3281] View->sandbox()
Tue, 21 Oct 2025 22:28:52 +0000 [2607:fb92:1c86:f83a:c074:bf6f:badb:c7f2] [/home/u991737198/domains/tas2023.online/public_html/app/controllers/Controller.php:87] Preview->render()
Tue, 21 Oct 2025 22:28:52 +0000 [2607:fb92:1c86:f83a:c074:bf6f:badb:c7f2] [/home/u991737198/domains/tas2023.online/public_html/lib/base.php:2078] Controller->afterroute()
Tue, 21 Oct 2025 22:28:52 +0000 [2607:fb92:1c86:f83a:c074:bf6f:badb:c7f2] [/home/u991737198/domains/tas2023.online/public_html/lib/base.php:1871] Base->call()
Tue, 21 Oct 2025 22:28:52 +0000 [2607:fb92:1c86:f83a:c074:bf6f:badb:c7f2] [/home/u991737198/domains/tas2023.online/public_html/index.php:19] Base->run()
