Sat, 25 Jan 2025 00:12:38 -0500 [2603:9000:f801:55e2:e08b:cfcd:5ac:7ef] 500: Undefined variable $entity_num trace: [tmp/3hn69l4qoa804.1zo7dt0fljr4w.php:200]
Sat, 25 Jan 2025 00:12:38 -0500 [2603:9000:f801:55e2:e08b:cfcd:5ac:7ef] [tmp/3hn69l4qoa804.1zo7dt0fljr4w.php:200] Base->{closure}()
Sat, 25 Jan 2025 00:12:38 -0500 [2603:9000:f801:55e2:e08b:cfcd:5ac:7ef] [lib/base.php:3036] require('/home/u991737198/domains/tas2023.online/public_html/tmp/3hn69l4qoa804.1zo7dt0fljr4w.php')
Sat, 25 Jan 2025 00:12:38 -0500 [2603:9000:f801:55e2:e08b:cfcd:5ac:7ef] [lib/base.php:3281] View->sandbox()
Sat, 25 Jan 2025 00:12:38 -0500 [2603:9000:f801:55e2:e08b:cfcd:5ac:7ef] [tmp/3hn69l4qoa804.3h31n1yj254w8.php:7] Preview->render()
Sat, 25 Jan 2025 00:12:38 -0500 [2603:9000:f801:55e2:e08b:cfcd:5ac:7ef] [lib/base.php:3036] require('/home/u991737198/domains/tas2023.online/public_html/tmp/3hn69l4qoa804.3h31n1yj254w8.php')
Sat, 25 Jan 2025 00:12:38 -0500 [2603:9000:f801:55e2:e08b:cfcd:5ac:7ef] [lib/base.php:3281] View->sandbox()
Sat, 25 Jan 2025 00:12:38 -0500 [2603:9000:f801:55e2:e08b:cfcd:5ac:7ef] [app/controllers/Controller.php:87] Preview->render()
Sat, 25 Jan 2025 00:12:38 -0500 [2603:9000:f801:55e2:e08b:cfcd:5ac:7ef] [lib/base.php:2078] Controller->afterroute()
Sat, 25 Jan 2025 00:12:38 -0500 [2603:9000:f801:55e2:e08b:cfcd:5ac:7ef] [lib/base.php:1871] Base->call()
Sat, 25 Jan 2025 00:12:38 -0500 [2603:9000:f801:55e2:e08b:cfcd:5ac:7ef] [index.php:19] Base->run()
Sat, 25 Jan 2025 00:13:03 -0500 [2603:9000:f801:55e2:e08b:cfcd:5ac:7ef] 500: Undefined variable $i18n_select_task_type trace: [/home/u991737198/domains/tas2023.online/public_html/tmp/3hn69l4qoa804.9b9764piwerh.php:214]
Sat, 25 Jan 2025 00:13:03 -0500 [2603:9000:f801:55e2:e08b:cfcd:5ac:7ef] [/home/u991737198/domains/tas2023.online/public_html/tmp/3hn69l4qoa804.9b9764piwerh.php:214] Base->{closure}()
Sat, 25 Jan 2025 00:13:03 -0500 [2603:9000:f801:55e2:e08b:cfcd:5ac:7ef] [/home/u991737198/domains/tas2023.online/public_html/lib/base.php:3036] require('/home/u991737198/domains/tas2023.online/public_html/tmp/3hn69l4qoa804.9b9764piwerh.php')
Sat, 25 Jan 2025 00:13:03 -0500 [2603:9000:f801:55e2:e08b:cfcd:5ac:7ef] [/home/u991737198/domains/tas2023.online/public_html/lib/base.php:3281] View->sandbox()
Sat, 25 Jan 2025 00:13:03 -0500 [2603:9000:f801:55e2:e08b:cfcd:5ac:7ef] [/home/u991737198/domains/tas2023.online/public_html/tmp/3hn69l4qoa804.3h31n1yj254w8.php:7] Preview->render()
Sat, 25 Jan 2025 00:13:03 -0500 [2603:9000:f801:55e2:e08b:cfcd:5ac:7ef] [/home/u991737198/domains/tas2023.online/public_html/lib/base.php:3036] require('/home/u991737198/domains/tas2023.online/public_html/tmp/3hn69l4qoa804.3h31n1yj254w8.php')
Sat, 25 Jan 2025 00:13:03 -0500 [2603:9000:f801:55e2:e08b:cfcd:5ac:7ef] [/home/u991737198/domains/tas2023.online/public_html/lib/base.php:3281] View->sandbox()
Sat, 25 Jan 2025 00:13:03 -0500 [2603:9000:f801:55e2:e08b:cfcd:5ac:7ef] [/home/u991737198/domains/tas2023.online/public_html/app/controllers/Controller.php:87] Preview->render()
Sat, 25 Jan 2025 00:13:03 -0500 [2603:9000:f801:55e2:e08b:cfcd:5ac:7ef] [/home/u991737198/domains/tas2023.online/public_html/lib/base.php:2078] Controller->afterroute()
Sat, 25 Jan 2025 00:13:03 -0500 [2603:9000:f801:55e2:e08b:cfcd:5ac:7ef] [/home/u991737198/domains/tas2023.online/public_html/lib/base.php:1871] Base->call()
Sat, 25 Jan 2025 00:13:03 -0500 [2603:9000:f801:55e2:e08b:cfcd:5ac:7ef] [/home/u991737198/domains/tas2023.online/public_html/index.php:19] Base->run()
Sat, 25 Jan 2025 00:34:00 -0500 [2603:9000:f801:55e2:e08b:cfcd:5ac:7ef] 500: Undefined variable $entity_num trace: [tmp/3hn69l4qoa804.1zo7dt0fljr4w.php:200]
Sat, 25 Jan 2025 00:34:00 -0500 [2603:9000:f801:55e2:e08b:cfcd:5ac:7ef] [tmp/3hn69l4qoa804.1zo7dt0fljr4w.php:200] Base->{closure}()
Sat, 25 Jan 2025 00:34:00 -0500 [2603:9000:f801:55e2:e08b:cfcd:5ac:7ef] [lib/base.php:3036] require('/home/u991737198/domains/tas2023.online/public_html/tmp/3hn69l4qoa804.1zo7dt0fljr4w.php')
Sat, 25 Jan 2025 00:34:00 -0500 [2603:9000:f801:55e2:e08b:cfcd:5ac:7ef] [lib/base.php:3281] View->sandbox()
Sat, 25 Jan 2025 00:34:00 -0500 [2603:9000:f801:55e2:e08b:cfcd:5ac:7ef] [tmp/3hn69l4qoa804.3h31n1yj254w8.php:7] Preview->render()
Sat, 25 Jan 2025 00:34:00 -0500 [2603:9000:f801:55e2:e08b:cfcd:5ac:7ef] [lib/base.php:3036] require('/home/u991737198/domains/tas2023.online/public_html/tmp/3hn69l4qoa804.3h31n1yj254w8.php')
Sat, 25 Jan 2025 00:34:00 -0500 [2603:9000:f801:55e2:e08b:cfcd:5ac:7ef] [lib/base.php:3281] View->sandbox()
Sat, 25 Jan 2025 00:34:00 -0500 [2603:9000:f801:55e2:e08b:cfcd:5ac:7ef] [app/controllers/Controller.php:87] Preview->render()
Sat, 25 Jan 2025 00:34:00 -0500 [2603:9000:f801:55e2:e08b:cfcd:5ac:7ef] [lib/base.php:2078] Controller->afterroute()
Sat, 25 Jan 2025 00:34:00 -0500 [2603:9000:f801:55e2:e08b:cfcd:5ac:7ef] [lib/base.php:1871] Base->call()
Sat, 25 Jan 2025 00:34:00 -0500 [2603:9000:f801:55e2:e08b:cfcd:5ac:7ef] [index.php:19] Base->run()
Sat, 25 Jan 2025 00:34:03 -0500 [2603:9000:f801:55e2:e08b:cfcd:5ac:7ef] 500: Undefined variable $i18n_select_task_type trace: [/home/u991737198/domains/tas2023.online/public_html/tmp/3hn69l4qoa804.9b9764piwerh.php:214]
Sat, 25 Jan 2025 00:34:03 -0500 [2603:9000:f801:55e2:e08b:cfcd:5ac:7ef] [/home/u991737198/domains/tas2023.online/public_html/tmp/3hn69l4qoa804.9b9764piwerh.php:214] Base->{closure}()
Sat, 25 Jan 2025 00:34:03 -0500 [2603:9000:f801:55e2:e08b:cfcd:5ac:7ef] [/home/u991737198/domains/tas2023.online/public_html/lib/base.php:3036] require('/home/u991737198/domains/tas2023.online/public_html/tmp/3hn69l4qoa804.9b9764piwerh.php')
Sat, 25 Jan 2025 00:34:03 -0500 [2603:9000:f801:55e2:e08b:cfcd:5ac:7ef] [/home/u991737198/domains/tas2023.online/public_html/lib/base.php:3281] View->sandbox()
Sat, 25 Jan 2025 00:34:03 -0500 [2603:9000:f801:55e2:e08b:cfcd:5ac:7ef] [/home/u991737198/domains/tas2023.online/public_html/tmp/3hn69l4qoa804.3h31n1yj254w8.php:7] Preview->render()
Sat, 25 Jan 2025 00:34:03 -0500 [2603:9000:f801:55e2:e08b:cfcd:5ac:7ef] [/home/u991737198/domains/tas2023.online/public_html/lib/base.php:3036] require('/home/u991737198/domains/tas2023.online/public_html/tmp/3hn69l4qoa804.3h31n1yj254w8.php')
Sat, 25 Jan 2025 00:34:03 -0500 [2603:9000:f801:55e2:e08b:cfcd:5ac:7ef] [/home/u991737198/domains/tas2023.online/public_html/lib/base.php:3281] View->sandbox()
Sat, 25 Jan 2025 00:34:03 -0500 [2603:9000:f801:55e2:e08b:cfcd:5ac:7ef] [/home/u991737198/domains/tas2023.online/public_html/app/controllers/Controller.php:87] Preview->render()
Sat, 25 Jan 2025 00:34:03 -0500 [2603:9000:f801:55e2:e08b:cfcd:5ac:7ef] [/home/u991737198/domains/tas2023.online/public_html/lib/base.php:2078] Controller->afterroute()
Sat, 25 Jan 2025 00:34:03 -0500 [2603:9000:f801:55e2:e08b:cfcd:5ac:7ef] [/home/u991737198/domains/tas2023.online/public_html/lib/base.php:1871] Base->call()
Sat, 25 Jan 2025 00:34:03 -0500 [2603:9000:f801:55e2:e08b:cfcd:5ac:7ef] [/home/u991737198/domains/tas2023.online/public_html/index.php:19] Base->run()
Sat, 25 Jan 2025 00:34:13 -0500 [2603:9000:f801:55e2:e08b:cfcd:5ac:7ef] 500: Undefined variable $q trace: [tmp/3hn69l4qoa804.1zo7dt0fljr4w.php:148]
Sat, 25 Jan 2025 00:34:13 -0500 [2603:9000:f801:55e2:e08b:cfcd:5ac:7ef] [tmp/3hn69l4qoa804.1zo7dt0fljr4w.php:148] Base->{closure}()
Sat, 25 Jan 2025 00:34:13 -0500 [2603:9000:f801:55e2:e08b:cfcd:5ac:7ef] [lib/base.php:3036] require('/home/u991737198/domains/tas2023.online/public_html/tmp/3hn69l4qoa804.1zo7dt0fljr4w.php')
Sat, 25 Jan 2025 00:34:13 -0500 [2603:9000:f801:55e2:e08b:cfcd:5ac:7ef] [lib/base.php:3281] View->sandbox()
Sat, 25 Jan 2025 00:34:13 -0500 [2603:9000:f801:55e2:e08b:cfcd:5ac:7ef] [tmp/3hn69l4qoa804.3h31n1yj254w8.php:7] Preview->render()
Sat, 25 Jan 2025 00:34:13 -0500 [2603:9000:f801:55e2:e08b:cfcd:5ac:7ef] [lib/base.php:3036] require('/home/u991737198/domains/tas2023.online/public_html/tmp/3hn69l4qoa804.3h31n1yj254w8.php')
Sat, 25 Jan 2025 00:34:13 -0500 [2603:9000:f801:55e2:e08b:cfcd:5ac:7ef] [lib/base.php:3281] View->sandbox()
Sat, 25 Jan 2025 00:34:13 -0500 [2603:9000:f801:55e2:e08b:cfcd:5ac:7ef] [app/controllers/Controller.php:87] Preview->render()
Sat, 25 Jan 2025 00:34:13 -0500 [2603:9000:f801:55e2:e08b:cfcd:5ac:7ef] [lib/base.php:2078] Controller->afterroute()
Sat, 25 Jan 2025 00:34:13 -0500 [2603:9000:f801:55e2:e08b:cfcd:5ac:7ef] [lib/base.php:1871] Base->call()
Sat, 25 Jan 2025 00:34:13 -0500 [2603:9000:f801:55e2:e08b:cfcd:5ac:7ef] [index.php:19] Base->run()
Sat, 25 Jan 2025 00:37:21 -0500 [2603:9000:f801:55e2:e08b:cfcd:5ac:7ef] 500: Undefined variable $i18n_select_task_type trace: [/home/u991737198/domains/tas2023.online/public_html/tmp/3hn69l4qoa804.9b9764piwerh.php:214]
Sat, 25 Jan 2025 00:37:21 -0500 [2603:9000:f801:55e2:e08b:cfcd:5ac:7ef] [/home/u991737198/domains/tas2023.online/public_html/tmp/3hn69l4qoa804.9b9764piwerh.php:214] Base->{closure}()
Sat, 25 Jan 2025 00:37:21 -0500 [2603:9000:f801:55e2:e08b:cfcd:5ac:7ef] [/home/u991737198/domains/tas2023.online/public_html/lib/base.php:3036] require('/home/u991737198/domains/tas2023.online/public_html/tmp/3hn69l4qoa804.9b9764piwerh.php')
Sat, 25 Jan 2025 00:37:21 -0500 [2603:9000:f801:55e2:e08b:cfcd:5ac:7ef] [/home/u991737198/domains/tas2023.online/public_html/lib/base.php:3281] View->sandbox()
Sat, 25 Jan 2025 00:37:21 -0500 [2603:9000:f801:55e2:e08b:cfcd:5ac:7ef] [/home/u991737198/domains/tas2023.online/public_html/tmp/3hn69l4qoa804.3h31n1yj254w8.php:7] Preview->render()
Sat, 25 Jan 2025 00:37:21 -0500 [2603:9000:f801:55e2:e08b:cfcd:5ac:7ef] [/home/u991737198/domains/tas2023.online/public_html/lib/base.php:3036] require('/home/u991737198/domains/tas2023.online/public_html/tmp/3hn69l4qoa804.3h31n1yj254w8.php')
Sat, 25 Jan 2025 00:37:21 -0500 [2603:9000:f801:55e2:e08b:cfcd:5ac:7ef] [/home/u991737198/domains/tas2023.online/public_html/lib/base.php:3281] View->sandbox()
Sat, 25 Jan 2025 00:37:21 -0500 [2603:9000:f801:55e2:e08b:cfcd:5ac:7ef] [/home/u991737198/domains/tas2023.online/public_html/app/controllers/Controller.php:87] Preview->render()
Sat, 25 Jan 2025 00:37:21 -0500 [2603:9000:f801:55e2:e08b:cfcd:5ac:7ef] [/home/u991737198/domains/tas2023.online/public_html/lib/base.php:2078] Controller->afterroute()
Sat, 25 Jan 2025 00:37:21 -0500 [2603:9000:f801:55e2:e08b:cfcd:5ac:7ef] [/home/u991737198/domains/tas2023.online/public_html/lib/base.php:1871] Base->call()
Sat, 25 Jan 2025 00:37:21 -0500 [2603:9000:f801:55e2:e08b:cfcd:5ac:7ef] [/home/u991737198/domains/tas2023.online/public_html/index.php:19] Base->run()
Sat, 25 Jan 2025 00:37:29 -0500 [2603:9000:f801:55e2:e08b:cfcd:5ac:7ef] 500: Undefined variable $q trace: [tmp/3hn69l4qoa804.1zo7dt0fljr4w.php:148]
Sat, 25 Jan 2025 00:37:29 -0500 [2603:9000:f801:55e2:e08b:cfcd:5ac:7ef] [tmp/3hn69l4qoa804.1zo7dt0fljr4w.php:148] Base->{closure}()
Sat, 25 Jan 2025 00:37:29 -0500 [2603:9000:f801:55e2:e08b:cfcd:5ac:7ef] [lib/base.php:3036] require('/home/u991737198/domains/tas2023.online/public_html/tmp/3hn69l4qoa804.1zo7dt0fljr4w.php')
Sat, 25 Jan 2025 00:37:29 -0500 [2603:9000:f801:55e2:e08b:cfcd:5ac:7ef] [lib/base.php:3281] View->sandbox()
Sat, 25 Jan 2025 00:37:29 -0500 [2603:9000:f801:55e2:e08b:cfcd:5ac:7ef] [tmp/3hn69l4qoa804.3h31n1yj254w8.php:7] Preview->render()
Sat, 25 Jan 2025 00:37:29 -0500 [2603:9000:f801:55e2:e08b:cfcd:5ac:7ef] [lib/base.php:3036] require('/home/u991737198/domains/tas2023.online/public_html/tmp/3hn69l4qoa804.3h31n1yj254w8.php')
Sat, 25 Jan 2025 00:37:29 -0500 [2603:9000:f801:55e2:e08b:cfcd:5ac:7ef] [lib/base.php:3281] View->sandbox()
Sat, 25 Jan 2025 00:37:29 -0500 [2603:9000:f801:55e2:e08b:cfcd:5ac:7ef] [app/controllers/Controller.php:87] Preview->render()
Sat, 25 Jan 2025 00:37:29 -0500 [2603:9000:f801:55e2:e08b:cfcd:5ac:7ef] [lib/base.php:2078] Controller->afterroute()
Sat, 25 Jan 2025 00:37:29 -0500 [2603:9000:f801:55e2:e08b:cfcd:5ac:7ef] [lib/base.php:1871] Base->call()
Sat, 25 Jan 2025 00:37:29 -0500 [2603:9000:f801:55e2:e08b:cfcd:5ac:7ef] [index.php:19] Base->run()
Sat, 25 Jan 2025 00:38:13 -0500 [2603:9000:f801:55e2:e08b:cfcd:5ac:7ef] 500: Undefined variable $i18n_select_task_type trace: [/home/u991737198/domains/tas2023.online/public_html/tmp/3hn69l4qoa804.9b9764piwerh.php:214]
Sat, 25 Jan 2025 00:38:13 -0500 [2603:9000:f801:55e2:e08b:cfcd:5ac:7ef] [/home/u991737198/domains/tas2023.online/public_html/tmp/3hn69l4qoa804.9b9764piwerh.php:214] Base->{closure}()
Sat, 25 Jan 2025 00:38:13 -0500 [2603:9000:f801:55e2:e08b:cfcd:5ac:7ef] [/home/u991737198/domains/tas2023.online/public_html/lib/base.php:3036] require('/home/u991737198/domains/tas2023.online/public_html/tmp/3hn69l4qoa804.9b9764piwerh.php')
Sat, 25 Jan 2025 00:38:13 -0500 [2603:9000:f801:55e2:e08b:cfcd:5ac:7ef] [/home/u991737198/domains/tas2023.online/public_html/lib/base.php:3281] View->sandbox()
Sat, 25 Jan 2025 00:38:13 -0500 [2603:9000:f801:55e2:e08b:cfcd:5ac:7ef] [/home/u991737198/domains/tas2023.online/public_html/tmp/3hn69l4qoa804.3h31n1yj254w8.php:7] Preview->render()
Sat, 25 Jan 2025 00:38:13 -0500 [2603:9000:f801:55e2:e08b:cfcd:5ac:7ef] [/home/u991737198/domains/tas2023.online/public_html/lib/base.php:3036] require('/home/u991737198/domains/tas2023.online/public_html/tmp/3hn69l4qoa804.3h31n1yj254w8.php')
Sat, 25 Jan 2025 00:38:13 -0500 [2603:9000:f801:55e2:e08b:cfcd:5ac:7ef] [/home/u991737198/domains/tas2023.online/public_html/lib/base.php:3281] View->sandbox()
Sat, 25 Jan 2025 00:38:13 -0500 [2603:9000:f801:55e2:e08b:cfcd:5ac:7ef] [/home/u991737198/domains/tas2023.online/public_html/app/controllers/Controller.php:87] Preview->render()
Sat, 25 Jan 2025 00:38:13 -0500 [2603:9000:f801:55e2:e08b:cfcd:5ac:7ef] [/home/u991737198/domains/tas2023.online/public_html/lib/base.php:2078] Controller->afterroute()
Sat, 25 Jan 2025 00:38:13 -0500 [2603:9000:f801:55e2:e08b:cfcd:5ac:7ef] [/home/u991737198/domains/tas2023.online/public_html/lib/base.php:1871] Base->call()
Sat, 25 Jan 2025 00:38:13 -0500 [2603:9000:f801:55e2:e08b:cfcd:5ac:7ef] [/home/u991737198/domains/tas2023.online/public_html/index.php:19] Base->run()
Sat, 25 Jan 2025 00:38:20 -0500 [2603:9000:f801:55e2:e08b:cfcd:5ac:7ef] 500: Undefined variable $q trace: [tmp/3hn69l4qoa804.1zo7dt0fljr4w.php:148]
Sat, 25 Jan 2025 00:38:20 -0500 [2603:9000:f801:55e2:e08b:cfcd:5ac:7ef] [tmp/3hn69l4qoa804.1zo7dt0fljr4w.php:148] Base->{closure}()
Sat, 25 Jan 2025 00:38:20 -0500 [2603:9000:f801:55e2:e08b:cfcd:5ac:7ef] [lib/base.php:3036] require('/home/u991737198/domains/tas2023.online/public_html/tmp/3hn69l4qoa804.1zo7dt0fljr4w.php')
Sat, 25 Jan 2025 00:38:20 -0500 [2603:9000:f801:55e2:e08b:cfcd:5ac:7ef] [lib/base.php:3281] View->sandbox()
Sat, 25 Jan 2025 00:38:20 -0500 [2603:9000:f801:55e2:e08b:cfcd:5ac:7ef] [tmp/3hn69l4qoa804.3h31n1yj254w8.php:7] Preview->render()
Sat, 25 Jan 2025 00:38:20 -0500 [2603:9000:f801:55e2:e08b:cfcd:5ac:7ef] [lib/base.php:3036] require('/home/u991737198/domains/tas2023.online/public_html/tmp/3hn69l4qoa804.3h31n1yj254w8.php')
Sat, 25 Jan 2025 00:38:20 -0500 [2603:9000:f801:55e2:e08b:cfcd:5ac:7ef] [lib/base.php:3281] View->sandbox()
Sat, 25 Jan 2025 00:38:20 -0500 [2603:9000:f801:55e2:e08b:cfcd:5ac:7ef] [app/controllers/Controller.php:87] Preview->render()
Sat, 25 Jan 2025 00:38:20 -0500 [2603:9000:f801:55e2:e08b:cfcd:5ac:7ef] [lib/base.php:2078] Controller->afterroute()
Sat, 25 Jan 2025 00:38:20 -0500 [2603:9000:f801:55e2:e08b:cfcd:5ac:7ef] [lib/base.php:1871] Base->call()
Sat, 25 Jan 2025 00:38:20 -0500 [2603:9000:f801:55e2:e08b:cfcd:5ac:7ef] [index.php:19] Base->run()
Sat, 25 Jan 2025 00:41:17 -0500 [2603:9000:f801:55e2:e08b:cfcd:5ac:7ef] 500: Undefined variable $q trace: [tmp/3hn69l4qoa804.1zo7dt0fljr4w.php:148]
Sat, 25 Jan 2025 00:41:17 -0500 [2603:9000:f801:55e2:e08b:cfcd:5ac:7ef] [tmp/3hn69l4qoa804.1zo7dt0fljr4w.php:148] Base->{closure}()
Sat, 25 Jan 2025 00:41:17 -0500 [2603:9000:f801:55e2:e08b:cfcd:5ac:7ef] [lib/base.php:3036] require('/home/u991737198/domains/tas2023.online/public_html/tmp/3hn69l4qoa804.1zo7dt0fljr4w.php')
Sat, 25 Jan 2025 00:41:17 -0500 [2603:9000:f801:55e2:e08b:cfcd:5ac:7ef] [lib/base.php:3281] View->sandbox()
Sat, 25 Jan 2025 00:41:17 -0500 [2603:9000:f801:55e2:e08b:cfcd:5ac:7ef] [tmp/3hn69l4qoa804.3h31n1yj254w8.php:7] Preview->render()
Sat, 25 Jan 2025 00:41:17 -0500 [2603:9000:f801:55e2:e08b:cfcd:5ac:7ef] [lib/base.php:3036] require('/home/u991737198/domains/tas2023.online/public_html/tmp/3hn69l4qoa804.3h31n1yj254w8.php')
Sat, 25 Jan 2025 00:41:17 -0500 [2603:9000:f801:55e2:e08b:cfcd:5ac:7ef] [lib/base.php:3281] View->sandbox()
Sat, 25 Jan 2025 00:41:17 -0500 [2603:9000:f801:55e2:e08b:cfcd:5ac:7ef] [app/controllers/Controller.php:87] Preview->render()
Sat, 25 Jan 2025 00:41:17 -0500 [2603:9000:f801:55e2:e08b:cfcd:5ac:7ef] [lib/base.php:2078] Controller->afterroute()
Sat, 25 Jan 2025 00:41:17 -0500 [2603:9000:f801:55e2:e08b:cfcd:5ac:7ef] [lib/base.php:1871] Base->call()
Sat, 25 Jan 2025 00:41:17 -0500 [2603:9000:f801:55e2:e08b:cfcd:5ac:7ef] [index.php:19] Base->run()
Sat, 25 Jan 2025 00:41:31 -0500 [2603:9000:f801:55e2:e08b:cfcd:5ac:7ef] 500: Undefined variable $i18n_select_task_type trace: [/home/u991737198/domains/tas2023.online/public_html/tmp/3hn69l4qoa804.9b9764piwerh.php:214]
Sat, 25 Jan 2025 00:41:31 -0500 [2603:9000:f801:55e2:e08b:cfcd:5ac:7ef] [/home/u991737198/domains/tas2023.online/public_html/tmp/3hn69l4qoa804.9b9764piwerh.php:214] Base->{closure}()
Sat, 25 Jan 2025 00:41:31 -0500 [2603:9000:f801:55e2:e08b:cfcd:5ac:7ef] [/home/u991737198/domains/tas2023.online/public_html/lib/base.php:3036] require('/home/u991737198/domains/tas2023.online/public_html/tmp/3hn69l4qoa804.9b9764piwerh.php')
Sat, 25 Jan 2025 00:41:31 -0500 [2603:9000:f801:55e2:e08b:cfcd:5ac:7ef] [/home/u991737198/domains/tas2023.online/public_html/lib/base.php:3281] View->sandbox()
Sat, 25 Jan 2025 00:41:31 -0500 [2603:9000:f801:55e2:e08b:cfcd:5ac:7ef] [/home/u991737198/domains/tas2023.online/public_html/tmp/3hn69l4qoa804.3h31n1yj254w8.php:7] Preview->render()
Sat, 25 Jan 2025 00:41:31 -0500 [2603:9000:f801:55e2:e08b:cfcd:5ac:7ef] [/home/u991737198/domains/tas2023.online/public_html/lib/base.php:3036] require('/home/u991737198/domains/tas2023.online/public_html/tmp/3hn69l4qoa804.3h31n1yj254w8.php')
Sat, 25 Jan 2025 00:41:31 -0500 [2603:9000:f801:55e2:e08b:cfcd:5ac:7ef] [/home/u991737198/domains/tas2023.online/public_html/lib/base.php:3281] View->sandbox()
Sat, 25 Jan 2025 00:41:31 -0500 [2603:9000:f801:55e2:e08b:cfcd:5ac:7ef] [/home/u991737198/domains/tas2023.online/public_html/app/controllers/Controller.php:87] Preview->render()
Sat, 25 Jan 2025 00:41:31 -0500 [2603:9000:f801:55e2:e08b:cfcd:5ac:7ef] [/home/u991737198/domains/tas2023.online/public_html/lib/base.php:2078] Controller->afterroute()
Sat, 25 Jan 2025 00:41:31 -0500 [2603:9000:f801:55e2:e08b:cfcd:5ac:7ef] [/home/u991737198/domains/tas2023.online/public_html/lib/base.php:1871] Base->call()
Sat, 25 Jan 2025 00:41:31 -0500 [2603:9000:f801:55e2:e08b:cfcd:5ac:7ef] [/home/u991737198/domains/tas2023.online/public_html/index.php:19] Base->run()
Sat, 25 Jan 2025 00:44:47 -0500 [2603:9000:f801:55e2:e08b:cfcd:5ac:7ef] 500: Undefined variable $i18n_select_task_type trace: [/home/u991737198/domains/tas2023.online/public_html/tmp/3hn69l4qoa804.9b9764piwerh.php:214]
Sat, 25 Jan 2025 00:44:47 -0500 [2603:9000:f801:55e2:e08b:cfcd:5ac:7ef] [/home/u991737198/domains/tas2023.online/public_html/tmp/3hn69l4qoa804.9b9764piwerh.php:214] Base->{closure}()
Sat, 25 Jan 2025 00:44:47 -0500 [2603:9000:f801:55e2:e08b:cfcd:5ac:7ef] [/home/u991737198/domains/tas2023.online/public_html/lib/base.php:3036] require('/home/u991737198/domains/tas2023.online/public_html/tmp/3hn69l4qoa804.9b9764piwerh.php')
Sat, 25 Jan 2025 00:44:47 -0500 [2603:9000:f801:55e2:e08b:cfcd:5ac:7ef] [/home/u991737198/domains/tas2023.online/public_html/lib/base.php:3281] View->sandbox()
Sat, 25 Jan 2025 00:44:47 -0500 [2603:9000:f801:55e2:e08b:cfcd:5ac:7ef] [/home/u991737198/domains/tas2023.online/public_html/tmp/3hn69l4qoa804.3h31n1yj254w8.php:7] Preview->render()
Sat, 25 Jan 2025 00:44:47 -0500 [2603:9000:f801:55e2:e08b:cfcd:5ac:7ef] [/home/u991737198/domains/tas2023.online/public_html/lib/base.php:3036] require('/home/u991737198/domains/tas2023.online/public_html/tmp/3hn69l4qoa804.3h31n1yj254w8.php')
Sat, 25 Jan 2025 00:44:47 -0500 [2603:9000:f801:55e2:e08b:cfcd:5ac:7ef] [/home/u991737198/domains/tas2023.online/public_html/lib/base.php:3281] View->sandbox()
Sat, 25 Jan 2025 00:44:47 -0500 [2603:9000:f801:55e2:e08b:cfcd:5ac:7ef] [/home/u991737198/domains/tas2023.online/public_html/app/controllers/Controller.php:87] Preview->render()
Sat, 25 Jan 2025 00:44:47 -0500 [2603:9000:f801:55e2:e08b:cfcd:5ac:7ef] [/home/u991737198/domains/tas2023.online/public_html/lib/base.php:2078] Controller->afterroute()
Sat, 25 Jan 2025 00:44:47 -0500 [2603:9000:f801:55e2:e08b:cfcd:5ac:7ef] [/home/u991737198/domains/tas2023.online/public_html/lib/base.php:1871] Base->call()
Sat, 25 Jan 2025 00:44:47 -0500 [2603:9000:f801:55e2:e08b:cfcd:5ac:7ef] [/home/u991737198/domains/tas2023.online/public_html/index.php:19] Base->run()
Sat, 25 Jan 2025 00:45:28 -0500 [2603:9000:f801:55e2:e08b:cfcd:5ac:7ef] 500: Undefined variable $i18n_select_task_type trace: [/home/u991737198/domains/tas2023.online/public_html/tmp/3hn69l4qoa804.9b9764piwerh.php:214]
Sat, 25 Jan 2025 00:45:28 -0500 [2603:9000:f801:55e2:e08b:cfcd:5ac:7ef] [/home/u991737198/domains/tas2023.online/public_html/tmp/3hn69l4qoa804.9b9764piwerh.php:214] Base->{closure}()
Sat, 25 Jan 2025 00:45:28 -0500 [2603:9000:f801:55e2:e08b:cfcd:5ac:7ef] [/home/u991737198/domains/tas2023.online/public_html/lib/base.php:3036] require('/home/u991737198/domains/tas2023.online/public_html/tmp/3hn69l4qoa804.9b9764piwerh.php')
Sat, 25 Jan 2025 00:45:28 -0500 [2603:9000:f801:55e2:e08b:cfcd:5ac:7ef] [/home/u991737198/domains/tas2023.online/public_html/lib/base.php:3281] View->sandbox()
Sat, 25 Jan 2025 00:45:28 -0500 [2603:9000:f801:55e2:e08b:cfcd:5ac:7ef] [/home/u991737198/domains/tas2023.online/public_html/tmp/3hn69l4qoa804.3h31n1yj254w8.php:7] Preview->render()
Sat, 25 Jan 2025 00:45:28 -0500 [2603:9000:f801:55e2:e08b:cfcd:5ac:7ef] [/home/u991737198/domains/tas2023.online/public_html/lib/base.php:3036] require('/home/u991737198/domains/tas2023.online/public_html/tmp/3hn69l4qoa804.3h31n1yj254w8.php')
Sat, 25 Jan 2025 00:45:28 -0500 [2603:9000:f801:55e2:e08b:cfcd:5ac:7ef] [/home/u991737198/domains/tas2023.online/public_html/lib/base.php:3281] View->sandbox()
Sat, 25 Jan 2025 00:45:28 -0500 [2603:9000:f801:55e2:e08b:cfcd:5ac:7ef] [/home/u991737198/domains/tas2023.online/public_html/app/controllers/Controller.php:87] Preview->render()
Sat, 25 Jan 2025 00:45:28 -0500 [2603:9000:f801:55e2:e08b:cfcd:5ac:7ef] [/home/u991737198/domains/tas2023.online/public_html/lib/base.php:2078] Controller->afterroute()
Sat, 25 Jan 2025 00:45:28 -0500 [2603:9000:f801:55e2:e08b:cfcd:5ac:7ef] [/home/u991737198/domains/tas2023.online/public_html/lib/base.php:1871] Base->call()
Sat, 25 Jan 2025 00:45:28 -0500 [2603:9000:f801:55e2:e08b:cfcd:5ac:7ef] [/home/u991737198/domains/tas2023.online/public_html/index.php:19] Base->run()
Sat, 25 Jan 2025 00:45:56 -0500 [2603:9000:f801:55e2:e08b:cfcd:5ac:7ef] 500: Undefined variable $i18n_select_task_type trace: [/home/u991737198/domains/tas2023.online/public_html/tmp/3hn69l4qoa804.9b9764piwerh.php:214]
Sat, 25 Jan 2025 00:45:56 -0500 [2603:9000:f801:55e2:e08b:cfcd:5ac:7ef] [/home/u991737198/domains/tas2023.online/public_html/tmp/3hn69l4qoa804.9b9764piwerh.php:214] Base->{closure}()
Sat, 25 Jan 2025 00:45:56 -0500 [2603:9000:f801:55e2:e08b:cfcd:5ac:7ef] [/home/u991737198/domains/tas2023.online/public_html/lib/base.php:3036] require('/home/u991737198/domains/tas2023.online/public_html/tmp/3hn69l4qoa804.9b9764piwerh.php')
Sat, 25 Jan 2025 00:45:56 -0500 [2603:9000:f801:55e2:e08b:cfcd:5ac:7ef] [/home/u991737198/domains/tas2023.online/public_html/lib/base.php:3281] View->sandbox()
Sat, 25 Jan 2025 00:45:56 -0500 [2603:9000:f801:55e2:e08b:cfcd:5ac:7ef] [/home/u991737198/domains/tas2023.online/public_html/tmp/3hn69l4qoa804.3h31n1yj254w8.php:7] Preview->render()
Sat, 25 Jan 2025 00:45:56 -0500 [2603:9000:f801:55e2:e08b:cfcd:5ac:7ef] [/home/u991737198/domains/tas2023.online/public_html/lib/base.php:3036] require('/home/u991737198/domains/tas2023.online/public_html/tmp/3hn69l4qoa804.3h31n1yj254w8.php')
Sat, 25 Jan 2025 00:45:56 -0500 [2603:9000:f801:55e2:e08b:cfcd:5ac:7ef] [/home/u991737198/domains/tas2023.online/public_html/lib/base.php:3281] View->sandbox()
Sat, 25 Jan 2025 00:45:56 -0500 [2603:9000:f801:55e2:e08b:cfcd:5ac:7ef] [/home/u991737198/domains/tas2023.online/public_html/app/controllers/Controller.php:87] Preview->render()
Sat, 25 Jan 2025 00:45:56 -0500 [2603:9000:f801:55e2:e08b:cfcd:5ac:7ef] [/home/u991737198/domains/tas2023.online/public_html/lib/base.php:2078] Controller->afterroute()
Sat, 25 Jan 2025 00:45:56 -0500 [2603:9000:f801:55e2:e08b:cfcd:5ac:7ef] [/home/u991737198/domains/tas2023.online/public_html/lib/base.php:1871] Base->call()
Sat, 25 Jan 2025 00:45:56 -0500 [2603:9000:f801:55e2:e08b:cfcd:5ac:7ef] [/home/u991737198/domains/tas2023.online/public_html/index.php:19] Base->run()
Sat, 25 Jan 2025 00:46:03 -0500 [2603:9000:f801:55e2:e08b:cfcd:5ac:7ef] 500: Undefined variable $i18n_select_task_type trace: [/home/u991737198/domains/tas2023.online/public_html/tmp/3hn69l4qoa804.9b9764piwerh.php:214]
Sat, 25 Jan 2025 00:46:03 -0500 [2603:9000:f801:55e2:e08b:cfcd:5ac:7ef] [/home/u991737198/domains/tas2023.online/public_html/tmp/3hn69l4qoa804.9b9764piwerh.php:214] Base->{closure}()
Sat, 25 Jan 2025 00:46:03 -0500 [2603:9000:f801:55e2:e08b:cfcd:5ac:7ef] [/home/u991737198/domains/tas2023.online/public_html/lib/base.php:3036] require('/home/u991737198/domains/tas2023.online/public_html/tmp/3hn69l4qoa804.9b9764piwerh.php')
Sat, 25 Jan 2025 00:46:03 -0500 [2603:9000:f801:55e2:e08b:cfcd:5ac:7ef] [/home/u991737198/domains/tas2023.online/public_html/lib/base.php:3281] View->sandbox()
Sat, 25 Jan 2025 00:46:03 -0500 [2603:9000:f801:55e2:e08b:cfcd:5ac:7ef] [/home/u991737198/domains/tas2023.online/public_html/tmp/3hn69l4qoa804.3h31n1yj254w8.php:7] Preview->render()
Sat, 25 Jan 2025 00:46:03 -0500 [2603:9000:f801:55e2:e08b:cfcd:5ac:7ef] [/home/u991737198/domains/tas2023.online/public_html/lib/base.php:3036] require('/home/u991737198/domains/tas2023.online/public_html/tmp/3hn69l4qoa804.3h31n1yj254w8.php')
Sat, 25 Jan 2025 00:46:03 -0500 [2603:9000:f801:55e2:e08b:cfcd:5ac:7ef] [/home/u991737198/domains/tas2023.online/public_html/lib/base.php:3281] View->sandbox()
Sat, 25 Jan 2025 00:46:03 -0500 [2603:9000:f801:55e2:e08b:cfcd:5ac:7ef] [/home/u991737198/domains/tas2023.online/public_html/app/controllers/Controller.php:87] Preview->render()
Sat, 25 Jan 2025 00:46:03 -0500 [2603:9000:f801:55e2:e08b:cfcd:5ac:7ef] [/home/u991737198/domains/tas2023.online/public_html/lib/base.php:2078] Controller->afterroute()
Sat, 25 Jan 2025 00:46:03 -0500 [2603:9000:f801:55e2:e08b:cfcd:5ac:7ef] [/home/u991737198/domains/tas2023.online/public_html/lib/base.php:1871] Base->call()
Sat, 25 Jan 2025 00:46:03 -0500 [2603:9000:f801:55e2:e08b:cfcd:5ac:7ef] [/home/u991737198/domains/tas2023.online/public_html/index.php:19] Base->run()
Sat, 25 Jan 2025 00:46:16 -0500 [2603:9000:f801:55e2:e08b:cfcd:5ac:7ef] 500: Undefined variable $i18n_select_task_type trace: [/home/u991737198/domains/tas2023.online/public_html/tmp/3hn69l4qoa804.9b9764piwerh.php:214]
Sat, 25 Jan 2025 00:46:16 -0500 [2603:9000:f801:55e2:e08b:cfcd:5ac:7ef] [/home/u991737198/domains/tas2023.online/public_html/tmp/3hn69l4qoa804.9b9764piwerh.php:214] Base->{closure}()
Sat, 25 Jan 2025 00:46:16 -0500 [2603:9000:f801:55e2:e08b:cfcd:5ac:7ef] [/home/u991737198/domains/tas2023.online/public_html/lib/base.php:3036] require('/home/u991737198/domains/tas2023.online/public_html/tmp/3hn69l4qoa804.9b9764piwerh.php')
Sat, 25 Jan 2025 00:46:16 -0500 [2603:9000:f801:55e2:e08b:cfcd:5ac:7ef] [/home/u991737198/domains/tas2023.online/public_html/lib/base.php:3281] View->sandbox()
Sat, 25 Jan 2025 00:46:16 -0500 [2603:9000:f801:55e2:e08b:cfcd:5ac:7ef] [/home/u991737198/domains/tas2023.online/public_html/tmp/3hn69l4qoa804.3h31n1yj254w8.php:7] Preview->render()
Sat, 25 Jan 2025 00:46:16 -0500 [2603:9000:f801:55e2:e08b:cfcd:5ac:7ef] [/home/u991737198/domains/tas2023.online/public_html/lib/base.php:3036] require('/home/u991737198/domains/tas2023.online/public_html/tmp/3hn69l4qoa804.3h31n1yj254w8.php')
Sat, 25 Jan 2025 00:46:16 -0500 [2603:9000:f801:55e2:e08b:cfcd:5ac:7ef] [/home/u991737198/domains/tas2023.online/public_html/lib/base.php:3281] View->sandbox()
Sat, 25 Jan 2025 00:46:16 -0500 [2603:9000:f801:55e2:e08b:cfcd:5ac:7ef] [/home/u991737198/domains/tas2023.online/public_html/app/controllers/Controller.php:87] Preview->render()
Sat, 25 Jan 2025 00:46:16 -0500 [2603:9000:f801:55e2:e08b:cfcd:5ac:7ef] [/home/u991737198/domains/tas2023.online/public_html/lib/base.php:2078] Controller->afterroute()
Sat, 25 Jan 2025 00:46:16 -0500 [2603:9000:f801:55e2:e08b:cfcd:5ac:7ef] [/home/u991737198/domains/tas2023.online/public_html/lib/base.php:1871] Base->call()
Sat, 25 Jan 2025 00:46:16 -0500 [2603:9000:f801:55e2:e08b:cfcd:5ac:7ef] [/home/u991737198/domains/tas2023.online/public_html/index.php:19] Base->run()
Sat, 25 Jan 2025 00:46:22 -0500 [2603:9000:f801:55e2:e08b:cfcd:5ac:7ef] 500: Undefined variable $i18n_select_task_type trace: [/home/u991737198/domains/tas2023.online/public_html/tmp/3hn69l4qoa804.9b9764piwerh.php:214]
Sat, 25 Jan 2025 00:46:22 -0500 [2603:9000:f801:55e2:e08b:cfcd:5ac:7ef] [/home/u991737198/domains/tas2023.online/public_html/tmp/3hn69l4qoa804.9b9764piwerh.php:214] Base->{closure}()
Sat, 25 Jan 2025 00:46:22 -0500 [2603:9000:f801:55e2:e08b:cfcd:5ac:7ef] [/home/u991737198/domains/tas2023.online/public_html/lib/base.php:3036] require('/home/u991737198/domains/tas2023.online/public_html/tmp/3hn69l4qoa804.9b9764piwerh.php')
Sat, 25 Jan 2025 00:46:22 -0500 [2603:9000:f801:55e2:e08b:cfcd:5ac:7ef] [/home/u991737198/domains/tas2023.online/public_html/lib/base.php:3281] View->sandbox()
Sat, 25 Jan 2025 00:46:22 -0500 [2603:9000:f801:55e2:e08b:cfcd:5ac:7ef] [/home/u991737198/domains/tas2023.online/public_html/tmp/3hn69l4qoa804.3h31n1yj254w8.php:7] Preview->render()
Sat, 25 Jan 2025 00:46:22 -0500 [2603:9000:f801:55e2:e08b:cfcd:5ac:7ef] [/home/u991737198/domains/tas2023.online/public_html/lib/base.php:3036] require('/home/u991737198/domains/tas2023.online/public_html/tmp/3hn69l4qoa804.3h31n1yj254w8.php')
Sat, 25 Jan 2025 00:46:22 -0500 [2603:9000:f801:55e2:e08b:cfcd:5ac:7ef] [/home/u991737198/domains/tas2023.online/public_html/lib/base.php:3281] View->sandbox()
Sat, 25 Jan 2025 00:46:22 -0500 [2603:9000:f801:55e2:e08b:cfcd:5ac:7ef] [/home/u991737198/domains/tas2023.online/public_html/app/controllers/Controller.php:87] Preview->render()
Sat, 25 Jan 2025 00:46:22 -0500 [2603:9000:f801:55e2:e08b:cfcd:5ac:7ef] [/home/u991737198/domains/tas2023.online/public_html/lib/base.php:2078] Controller->afterroute()
Sat, 25 Jan 2025 00:46:22 -0500 [2603:9000:f801:55e2:e08b:cfcd:5ac:7ef] [/home/u991737198/domains/tas2023.online/public_html/lib/base.php:1871] Base->call()
Sat, 25 Jan 2025 00:46:22 -0500 [2603:9000:f801:55e2:e08b:cfcd:5ac:7ef] [/home/u991737198/domains/tas2023.online/public_html/index.php:19] Base->run()
Sat, 25 Jan 2025 00:46:27 -0500 [2603:9000:f801:55e2:e08b:cfcd:5ac:7ef] 500: Undefined variable $i18n_select_task_type trace: [/home/u991737198/domains/tas2023.online/public_html/tmp/3hn69l4qoa804.9b9764piwerh.php:214]
Sat, 25 Jan 2025 00:46:27 -0500 [2603:9000:f801:55e2:e08b:cfcd:5ac:7ef] [/home/u991737198/domains/tas2023.online/public_html/tmp/3hn69l4qoa804.9b9764piwerh.php:214] Base->{closure}()
Sat, 25 Jan 2025 00:46:27 -0500 [2603:9000:f801:55e2:e08b:cfcd:5ac:7ef] [/home/u991737198/domains/tas2023.online/public_html/lib/base.php:3036] require('/home/u991737198/domains/tas2023.online/public_html/tmp/3hn69l4qoa804.9b9764piwerh.php')
Sat, 25 Jan 2025 00:46:27 -0500 [2603:9000:f801:55e2:e08b:cfcd:5ac:7ef] [/home/u991737198/domains/tas2023.online/public_html/lib/base.php:3281] View->sandbox()
Sat, 25 Jan 2025 00:46:27 -0500 [2603:9000:f801:55e2:e08b:cfcd:5ac:7ef] [/home/u991737198/domains/tas2023.online/public_html/tmp/3hn69l4qoa804.3h31n1yj254w8.php:7] Preview->render()
Sat, 25 Jan 2025 00:46:27 -0500 [2603:9000:f801:55e2:e08b:cfcd:5ac:7ef] [/home/u991737198/domains/tas2023.online/public_html/lib/base.php:3036] require('/home/u991737198/domains/tas2023.online/public_html/tmp/3hn69l4qoa804.3h31n1yj254w8.php')
Sat, 25 Jan 2025 00:46:27 -0500 [2603:9000:f801:55e2:e08b:cfcd:5ac:7ef] [/home/u991737198/domains/tas2023.online/public_html/lib/base.php:3281] View->sandbox()
Sat, 25 Jan 2025 00:46:27 -0500 [2603:9000:f801:55e2:e08b:cfcd:5ac:7ef] [/home/u991737198/domains/tas2023.online/public_html/app/controllers/Controller.php:87] Preview->render()
Sat, 25 Jan 2025 00:46:27 -0500 [2603:9000:f801:55e2:e08b:cfcd:5ac:7ef] [/home/u991737198/domains/tas2023.online/public_html/lib/base.php:2078] Controller->afterroute()
Sat, 25 Jan 2025 00:46:27 -0500 [2603:9000:f801:55e2:e08b:cfcd:5ac:7ef] [/home/u991737198/domains/tas2023.online/public_html/lib/base.php:1871] Base->call()
Sat, 25 Jan 2025 00:46:27 -0500 [2603:9000:f801:55e2:e08b:cfcd:5ac:7ef] [/home/u991737198/domains/tas2023.online/public_html/index.php:19] Base->run()
Sat, 25 Jan 2025 00:46:35 -0500 [2603:9000:f801:55e2:e08b:cfcd:5ac:7ef] 500: Undefined variable $i18n_select_task_type trace: [/home/u991737198/domains/tas2023.online/public_html/tmp/3hn69l4qoa804.9b9764piwerh.php:214]
Sat, 25 Jan 2025 00:46:35 -0500 [2603:9000:f801:55e2:e08b:cfcd:5ac:7ef] [/home/u991737198/domains/tas2023.online/public_html/tmp/3hn69l4qoa804.9b9764piwerh.php:214] Base->{closure}()
Sat, 25 Jan 2025 00:46:35 -0500 [2603:9000:f801:55e2:e08b:cfcd:5ac:7ef] [/home/u991737198/domains/tas2023.online/public_html/lib/base.php:3036] require('/home/u991737198/domains/tas2023.online/public_html/tmp/3hn69l4qoa804.9b9764piwerh.php')
Sat, 25 Jan 2025 00:46:35 -0500 [2603:9000:f801:55e2:e08b:cfcd:5ac:7ef] [/home/u991737198/domains/tas2023.online/public_html/lib/base.php:3281] View->sandbox()
Sat, 25 Jan 2025 00:46:35 -0500 [2603:9000:f801:55e2:e08b:cfcd:5ac:7ef] [/home/u991737198/domains/tas2023.online/public_html/tmp/3hn69l4qoa804.3h31n1yj254w8.php:7] Preview->render()
Sat, 25 Jan 2025 00:46:35 -0500 [2603:9000:f801:55e2:e08b:cfcd:5ac:7ef] [/home/u991737198/domains/tas2023.online/public_html/lib/base.php:3036] require('/home/u991737198/domains/tas2023.online/public_html/tmp/3hn69l4qoa804.3h31n1yj254w8.php')
Sat, 25 Jan 2025 00:46:35 -0500 [2603:9000:f801:55e2:e08b:cfcd:5ac:7ef] [/home/u991737198/domains/tas2023.online/public_html/lib/base.php:3281] View->sandbox()
Sat, 25 Jan 2025 00:46:35 -0500 [2603:9000:f801:55e2:e08b:cfcd:5ac:7ef] [/home/u991737198/domains/tas2023.online/public_html/app/controllers/Controller.php:87] Preview->render()
Sat, 25 Jan 2025 00:46:35 -0500 [2603:9000:f801:55e2:e08b:cfcd:5ac:7ef] [/home/u991737198/domains/tas2023.online/public_html/lib/base.php:2078] Controller->afterroute()
Sat, 25 Jan 2025 00:46:35 -0500 [2603:9000:f801:55e2:e08b:cfcd:5ac:7ef] [/home/u991737198/domains/tas2023.online/public_html/lib/base.php:1871] Base->call()
Sat, 25 Jan 2025 00:46:35 -0500 [2603:9000:f801:55e2:e08b:cfcd:5ac:7ef] [/home/u991737198/domains/tas2023.online/public_html/index.php:19] Base->run()
Sat, 25 Jan 2025 00:46:56 -0500 [2603:9000:f801:55e2:e08b:cfcd:5ac:7ef] 500: Undefined variable $selected_note trace: [/home/u991737198/domains/tas2023.online/public_html/tmp/3hn69l4qoa804.3g8shy2588w00.php:371]
Sat, 25 Jan 2025 00:46:56 -0500 [2603:9000:f801:55e2:e08b:cfcd:5ac:7ef] [/home/u991737198/domains/tas2023.online/public_html/tmp/3hn69l4qoa804.3g8shy2588w00.php:371] Base->{closure}()
Sat, 25 Jan 2025 00:46:56 -0500 [2603:9000:f801:55e2:e08b:cfcd:5ac:7ef] [/home/u991737198/domains/tas2023.online/public_html/lib/base.php:3036] require('/home/u991737198/domains/tas2023.online/public_html/tmp/3hn69l4qoa804.3g8shy2588w00.php')
Sat, 25 Jan 2025 00:46:56 -0500 [2603:9000:f801:55e2:e08b:cfcd:5ac:7ef] [/home/u991737198/domains/tas2023.online/public_html/lib/base.php:3281] View->sandbox()
Sat, 25 Jan 2025 00:46:56 -0500 [2603:9000:f801:55e2:e08b:cfcd:5ac:7ef] [/home/u991737198/domains/tas2023.online/public_html/tmp/3hn69l4qoa804.3h31n1yj254w8.php:7] Preview->render()
Sat, 25 Jan 2025 00:46:56 -0500 [2603:9000:f801:55e2:e08b:cfcd:5ac:7ef] [/home/u991737198/domains/tas2023.online/public_html/lib/base.php:3036] require('/home/u991737198/domains/tas2023.online/public_html/tmp/3hn69l4qoa804.3h31n1yj254w8.php')
Sat, 25 Jan 2025 00:46:56 -0500 [2603:9000:f801:55e2:e08b:cfcd:5ac:7ef] [/home/u991737198/domains/tas2023.online/public_html/lib/base.php:3281] View->sandbox()
Sat, 25 Jan 2025 00:46:56 -0500 [2603:9000:f801:55e2:e08b:cfcd:5ac:7ef] [/home/u991737198/domains/tas2023.online/public_html/app/controllers/Controller.php:87] Preview->render()
Sat, 25 Jan 2025 00:46:56 -0500 [2603:9000:f801:55e2:e08b:cfcd:5ac:7ef] [/home/u991737198/domains/tas2023.online/public_html/lib/base.php:2078] Controller->afterroute()
Sat, 25 Jan 2025 00:46:56 -0500 [2603:9000:f801:55e2:e08b:cfcd:5ac:7ef] [/home/u991737198/domains/tas2023.online/public_html/lib/base.php:1871] Base->call()
Sat, 25 Jan 2025 00:46:56 -0500 [2603:9000:f801:55e2:e08b:cfcd:5ac:7ef] [/home/u991737198/domains/tas2023.online/public_html/index.php:19] Base->run()
Sat, 25 Jan 2025 00:47:21 -0500 [2603:9000:f801:55e2:e08b:cfcd:5ac:7ef] 500: trim(): Passing null to parameter #1 ($string) of type string is deprecated trace: [/home/u991737198/domains/tas2023.online/public_html/tmp/3hn69l4qoa804.3g8shy2588w00.php:340]
Sat, 25 Jan 2025 00:47:21 -0500 [2603:9000:f801:55e2:e08b:cfcd:5ac:7ef] [/home/u991737198/domains/tas2023.online/public_html/tmp/3hn69l4qoa804.3g8shy2588w00.php:340] trim()
Sat, 25 Jan 2025 00:47:21 -0500 [2603:9000:f801:55e2:e08b:cfcd:5ac:7ef] [/home/u991737198/domains/tas2023.online/public_html/lib/base.php:3036] require('/home/u991737198/domains/tas2023.online/public_html/tmp/3hn69l4qoa804.3g8shy2588w00.php')
Sat, 25 Jan 2025 00:47:21 -0500 [2603:9000:f801:55e2:e08b:cfcd:5ac:7ef] [/home/u991737198/domains/tas2023.online/public_html/lib/base.php:3281] View->sandbox()
Sat, 25 Jan 2025 00:47:21 -0500 [2603:9000:f801:55e2:e08b:cfcd:5ac:7ef] [/home/u991737198/domains/tas2023.online/public_html/tmp/3hn69l4qoa804.3h31n1yj254w8.php:7] Preview->render()
Sat, 25 Jan 2025 00:47:21 -0500 [2603:9000:f801:55e2:e08b:cfcd:5ac:7ef] [/home/u991737198/domains/tas2023.online/public_html/lib/base.php:3036] require('/home/u991737198/domains/tas2023.online/public_html/tmp/3hn69l4qoa804.3h31n1yj254w8.php')
Sat, 25 Jan 2025 00:47:21 -0500 [2603:9000:f801:55e2:e08b:cfcd:5ac:7ef] [/home/u991737198/domains/tas2023.online/public_html/lib/base.php:3281] View->sandbox()
Sat, 25 Jan 2025 00:47:21 -0500 [2603:9000:f801:55e2:e08b:cfcd:5ac:7ef] [/home/u991737198/domains/tas2023.online/public_html/app/controllers/Controller.php:87] Preview->render()
Sat, 25 Jan 2025 00:47:21 -0500 [2603:9000:f801:55e2:e08b:cfcd:5ac:7ef] [/home/u991737198/domains/tas2023.online/public_html/lib/base.php:2078] Controller->afterroute()
Sat, 25 Jan 2025 00:47:21 -0500 [2603:9000:f801:55e2:e08b:cfcd:5ac:7ef] [/home/u991737198/domains/tas2023.online/public_html/lib/base.php:1871] Base->call()
Sat, 25 Jan 2025 00:47:21 -0500 [2603:9000:f801:55e2:e08b:cfcd:5ac:7ef] [/home/u991737198/domains/tas2023.online/public_html/index.php:19] Base->run()
Sat, 25 Jan 2025 00:47:32 -0500 [2603:9000:f801:55e2:e08b:cfcd:5ac:7ef] 500: Undefined variable $i18n_select_task_type trace: [/home/u991737198/domains/tas2023.online/public_html/tmp/3hn69l4qoa804.9b9764piwerh.php:214]
Sat, 25 Jan 2025 00:47:32 -0500 [2603:9000:f801:55e2:e08b:cfcd:5ac:7ef] [/home/u991737198/domains/tas2023.online/public_html/tmp/3hn69l4qoa804.9b9764piwerh.php:214] Base->{closure}()
Sat, 25 Jan 2025 00:47:32 -0500 [2603:9000:f801:55e2:e08b:cfcd:5ac:7ef] [/home/u991737198/domains/tas2023.online/public_html/lib/base.php:3036] require('/home/u991737198/domains/tas2023.online/public_html/tmp/3hn69l4qoa804.9b9764piwerh.php')
Sat, 25 Jan 2025 00:47:32 -0500 [2603:9000:f801:55e2:e08b:cfcd:5ac:7ef] [/home/u991737198/domains/tas2023.online/public_html/lib/base.php:3281] View->sandbox()
Sat, 25 Jan 2025 00:47:32 -0500 [2603:9000:f801:55e2:e08b:cfcd:5ac:7ef] [/home/u991737198/domains/tas2023.online/public_html/tmp/3hn69l4qoa804.3h31n1yj254w8.php:7] Preview->render()
Sat, 25 Jan 2025 00:47:32 -0500 [2603:9000:f801:55e2:e08b:cfcd:5ac:7ef] [/home/u991737198/domains/tas2023.online/public_html/lib/base.php:3036] require('/home/u991737198/domains/tas2023.online/public_html/tmp/3hn69l4qoa804.3h31n1yj254w8.php')
Sat, 25 Jan 2025 00:47:32 -0500 [2603:9000:f801:55e2:e08b:cfcd:5ac:7ef] [/home/u991737198/domains/tas2023.online/public_html/lib/base.php:3281] View->sandbox()
Sat, 25 Jan 2025 00:47:32 -0500 [2603:9000:f801:55e2:e08b:cfcd:5ac:7ef] [/home/u991737198/domains/tas2023.online/public_html/app/controllers/Controller.php:87] Preview->render()
Sat, 25 Jan 2025 00:47:32 -0500 [2603:9000:f801:55e2:e08b:cfcd:5ac:7ef] [/home/u991737198/domains/tas2023.online/public_html/lib/base.php:2078] Controller->afterroute()
Sat, 25 Jan 2025 00:47:32 -0500 [2603:9000:f801:55e2:e08b:cfcd:5ac:7ef] [/home/u991737198/domains/tas2023.online/public_html/lib/base.php:1871] Base->call()
Sat, 25 Jan 2025 00:47:32 -0500 [2603:9000:f801:55e2:e08b:cfcd:5ac:7ef] [/home/u991737198/domains/tas2023.online/public_html/index.php:19] Base->run()
Sat, 25 Jan 2025 00:48:03 -0500 [2603:9000:f801:55e2:e08b:cfcd:5ac:7ef] 500: Undefined variable $selected_note trace: [/home/u991737198/domains/tas2023.online/public_html/tmp/3hn69l4qoa804.3g8shy2588w00.php:371]
Sat, 25 Jan 2025 00:48:03 -0500 [2603:9000:f801:55e2:e08b:cfcd:5ac:7ef] [/home/u991737198/domains/tas2023.online/public_html/tmp/3hn69l4qoa804.3g8shy2588w00.php:371] Base->{closure}()
Sat, 25 Jan 2025 00:48:03 -0500 [2603:9000:f801:55e2:e08b:cfcd:5ac:7ef] [/home/u991737198/domains/tas2023.online/public_html/lib/base.php:3036] require('/home/u991737198/domains/tas2023.online/public_html/tmp/3hn69l4qoa804.3g8shy2588w00.php')
Sat, 25 Jan 2025 00:48:03 -0500 [2603:9000:f801:55e2:e08b:cfcd:5ac:7ef] [/home/u991737198/domains/tas2023.online/public_html/lib/base.php:3281] View->sandbox()
Sat, 25 Jan 2025 00:48:03 -0500 [2603:9000:f801:55e2:e08b:cfcd:5ac:7ef] [/home/u991737198/domains/tas2023.online/public_html/tmp/3hn69l4qoa804.3h31n1yj254w8.php:7] Preview->render()
Sat, 25 Jan 2025 00:48:03 -0500 [2603:9000:f801:55e2:e08b:cfcd:5ac:7ef] [/home/u991737198/domains/tas2023.online/public_html/lib/base.php:3036] require('/home/u991737198/domains/tas2023.online/public_html/tmp/3hn69l4qoa804.3h31n1yj254w8.php')
Sat, 25 Jan 2025 00:48:03 -0500 [2603:9000:f801:55e2:e08b:cfcd:5ac:7ef] [/home/u991737198/domains/tas2023.online/public_html/lib/base.php:3281] View->sandbox()
Sat, 25 Jan 2025 00:48:03 -0500 [2603:9000:f801:55e2:e08b:cfcd:5ac:7ef] [/home/u991737198/domains/tas2023.online/public_html/app/controllers/Controller.php:87] Preview->render()
Sat, 25 Jan 2025 00:48:03 -0500 [2603:9000:f801:55e2:e08b:cfcd:5ac:7ef] [/home/u991737198/domains/tas2023.online/public_html/lib/base.php:2078] Controller->afterroute()
Sat, 25 Jan 2025 00:48:03 -0500 [2603:9000:f801:55e2:e08b:cfcd:5ac:7ef] [/home/u991737198/domains/tas2023.online/public_html/lib/base.php:1871] Base->call()
Sat, 25 Jan 2025 00:48:03 -0500 [2603:9000:f801:55e2:e08b:cfcd:5ac:7ef] [/home/u991737198/domains/tas2023.online/public_html/index.php:19] Base->run()
Sat, 25 Jan 2025 00:48:15 -0500 [2603:9000:f801:55e2:e08b:cfcd:5ac:7ef] 500: trim(): Passing null to parameter #1 ($string) of type string is deprecated trace: [/home/u991737198/domains/tas2023.online/public_html/tmp/3hn69l4qoa804.3g8shy2588w00.php:340]
Sat, 25 Jan 2025 00:48:15 -0500 [2603:9000:f801:55e2:e08b:cfcd:5ac:7ef] [/home/u991737198/domains/tas2023.online/public_html/tmp/3hn69l4qoa804.3g8shy2588w00.php:340] trim()
Sat, 25 Jan 2025 00:48:15 -0500 [2603:9000:f801:55e2:e08b:cfcd:5ac:7ef] [/home/u991737198/domains/tas2023.online/public_html/lib/base.php:3036] require('/home/u991737198/domains/tas2023.online/public_html/tmp/3hn69l4qoa804.3g8shy2588w00.php')
Sat, 25 Jan 2025 00:48:15 -0500 [2603:9000:f801:55e2:e08b:cfcd:5ac:7ef] [/home/u991737198/domains/tas2023.online/public_html/lib/base.php:3281] View->sandbox()
Sat, 25 Jan 2025 00:48:15 -0500 [2603:9000:f801:55e2:e08b:cfcd:5ac:7ef] [/home/u991737198/domains/tas2023.online/public_html/tmp/3hn69l4qoa804.3h31n1yj254w8.php:7] Preview->render()
Sat, 25 Jan 2025 00:48:15 -0500 [2603:9000:f801:55e2:e08b:cfcd:5ac:7ef] [/home/u991737198/domains/tas2023.online/public_html/lib/base.php:3036] require('/home/u991737198/domains/tas2023.online/public_html/tmp/3hn69l4qoa804.3h31n1yj254w8.php')
Sat, 25 Jan 2025 00:48:15 -0500 [2603:9000:f801:55e2:e08b:cfcd:5ac:7ef] [/home/u991737198/domains/tas2023.online/public_html/lib/base.php:3281] View->sandbox()
Sat, 25 Jan 2025 00:48:15 -0500 [2603:9000:f801:55e2:e08b:cfcd:5ac:7ef] [/home/u991737198/domains/tas2023.online/public_html/app/controllers/Controller.php:87] Preview->render()
Sat, 25 Jan 2025 00:48:15 -0500 [2603:9000:f801:55e2:e08b:cfcd:5ac:7ef] [/home/u991737198/domains/tas2023.online/public_html/lib/base.php:2078] Controller->afterroute()
Sat, 25 Jan 2025 00:48:15 -0500 [2603:9000:f801:55e2:e08b:cfcd:5ac:7ef] [/home/u991737198/domains/tas2023.online/public_html/lib/base.php:1871] Base->call()
Sat, 25 Jan 2025 00:48:15 -0500 [2603:9000:f801:55e2:e08b:cfcd:5ac:7ef] [/home/u991737198/domains/tas2023.online/public_html/index.php:19] Base->run()
Sat, 25 Jan 2025 00:48:24 -0500 [2603:9000:f801:55e2:e08b:cfcd:5ac:7ef] 500: Undefined variable $i18n_select_task_type trace: [/home/u991737198/domains/tas2023.online/public_html/tmp/3hn69l4qoa804.9b9764piwerh.php:214]
Sat, 25 Jan 2025 00:48:24 -0500 [2603:9000:f801:55e2:e08b:cfcd:5ac:7ef] [/home/u991737198/domains/tas2023.online/public_html/tmp/3hn69l4qoa804.9b9764piwerh.php:214] Base->{closure}()
Sat, 25 Jan 2025 00:48:24 -0500 [2603:9000:f801:55e2:e08b:cfcd:5ac:7ef] [/home/u991737198/domains/tas2023.online/public_html/lib/base.php:3036] require('/home/u991737198/domains/tas2023.online/public_html/tmp/3hn69l4qoa804.9b9764piwerh.php')
Sat, 25 Jan 2025 00:48:24 -0500 [2603:9000:f801:55e2:e08b:cfcd:5ac:7ef] [/home/u991737198/domains/tas2023.online/public_html/lib/base.php:3281] View->sandbox()
Sat, 25 Jan 2025 00:48:24 -0500 [2603:9000:f801:55e2:e08b:cfcd:5ac:7ef] [/home/u991737198/domains/tas2023.online/public_html/tmp/3hn69l4qoa804.3h31n1yj254w8.php:7] Preview->render()
Sat, 25 Jan 2025 00:48:24 -0500 [2603:9000:f801:55e2:e08b:cfcd:5ac:7ef] [/home/u991737198/domains/tas2023.online/public_html/lib/base.php:3036] require('/home/u991737198/domains/tas2023.online/public_html/tmp/3hn69l4qoa804.3h31n1yj254w8.php')
Sat, 25 Jan 2025 00:48:24 -0500 [2603:9000:f801:55e2:e08b:cfcd:5ac:7ef] [/home/u991737198/domains/tas2023.online/public_html/lib/base.php:3281] View->sandbox()
Sat, 25 Jan 2025 00:48:24 -0500 [2603:9000:f801:55e2:e08b:cfcd:5ac:7ef] [/home/u991737198/domains/tas2023.online/public_html/app/controllers/Controller.php:87] Preview->render()
Sat, 25 Jan 2025 00:48:24 -0500 [2603:9000:f801:55e2:e08b:cfcd:5ac:7ef] [/home/u991737198/domains/tas2023.online/public_html/lib/base.php:2078] Controller->afterroute()
Sat, 25 Jan 2025 00:48:24 -0500 [2603:9000:f801:55e2:e08b:cfcd:5ac:7ef] [/home/u991737198/domains/tas2023.online/public_html/lib/base.php:1871] Base->call()
Sat, 25 Jan 2025 00:48:24 -0500 [2603:9000:f801:55e2:e08b:cfcd:5ac:7ef] [/home/u991737198/domains/tas2023.online/public_html/index.php:19] Base->run()
Sat, 25 Jan 2025 00:48:27 -0500 [2603:9000:f801:55e2:e08b:cfcd:5ac:7ef] 500: Undefined variable $selected_note trace: [/home/u991737198/domains/tas2023.online/public_html/tmp/3hn69l4qoa804.3g8shy2588w00.php:371]
Sat, 25 Jan 2025 00:48:27 -0500 [2603:9000:f801:55e2:e08b:cfcd:5ac:7ef] [/home/u991737198/domains/tas2023.online/public_html/tmp/3hn69l4qoa804.3g8shy2588w00.php:371] Base->{closure}()
Sat, 25 Jan 2025 00:48:27 -0500 [2603:9000:f801:55e2:e08b:cfcd:5ac:7ef] [/home/u991737198/domains/tas2023.online/public_html/lib/base.php:3036] require('/home/u991737198/domains/tas2023.online/public_html/tmp/3hn69l4qoa804.3g8shy2588w00.php')
Sat, 25 Jan 2025 00:48:27 -0500 [2603:9000:f801:55e2:e08b:cfcd:5ac:7ef] [/home/u991737198/domains/tas2023.online/public_html/lib/base.php:3281] View->sandbox()
Sat, 25 Jan 2025 00:48:27 -0500 [2603:9000:f801:55e2:e08b:cfcd:5ac:7ef] [/home/u991737198/domains/tas2023.online/public_html/tmp/3hn69l4qoa804.3h31n1yj254w8.php:7] Preview->render()
Sat, 25 Jan 2025 00:48:27 -0500 [2603:9000:f801:55e2:e08b:cfcd:5ac:7ef] [/home/u991737198/domains/tas2023.online/public_html/lib/base.php:3036] require('/home/u991737198/domains/tas2023.online/public_html/tmp/3hn69l4qoa804.3h31n1yj254w8.php')
Sat, 25 Jan 2025 00:48:27 -0500 [2603:9000:f801:55e2:e08b:cfcd:5ac:7ef] [/home/u991737198/domains/tas2023.online/public_html/lib/base.php:3281] View->sandbox()
Sat, 25 Jan 2025 00:48:27 -0500 [2603:9000:f801:55e2:e08b:cfcd:5ac:7ef] [/home/u991737198/domains/tas2023.online/public_html/app/controllers/Controller.php:87] Preview->render()
Sat, 25 Jan 2025 00:48:27 -0500 [2603:9000:f801:55e2:e08b:cfcd:5ac:7ef] [/home/u991737198/domains/tas2023.online/public_html/lib/base.php:2078] Controller->afterroute()
Sat, 25 Jan 2025 00:48:27 -0500 [2603:9000:f801:55e2:e08b:cfcd:5ac:7ef] [/home/u991737198/domains/tas2023.online/public_html/lib/base.php:1871] Base->call()
Sat, 25 Jan 2025 00:48:27 -0500 [2603:9000:f801:55e2:e08b:cfcd:5ac:7ef] [/home/u991737198/domains/tas2023.online/public_html/index.php:19] Base->run()
Sat, 25 Jan 2025 00:48:43 -0500 [2603:9000:f801:55e2:e08b:cfcd:5ac:7ef] 500: trim(): Passing null to parameter #1 ($string) of type string is deprecated trace: [/home/u991737198/domains/tas2023.online/public_html/tmp/3hn69l4qoa804.3g8shy2588w00.php:340]
Sat, 25 Jan 2025 00:48:43 -0500 [2603:9000:f801:55e2:e08b:cfcd:5ac:7ef] [/home/u991737198/domains/tas2023.online/public_html/tmp/3hn69l4qoa804.3g8shy2588w00.php:340] trim()
Sat, 25 Jan 2025 00:48:43 -0500 [2603:9000:f801:55e2:e08b:cfcd:5ac:7ef] [/home/u991737198/domains/tas2023.online/public_html/lib/base.php:3036] require('/home/u991737198/domains/tas2023.online/public_html/tmp/3hn69l4qoa804.3g8shy2588w00.php')
Sat, 25 Jan 2025 00:48:43 -0500 [2603:9000:f801:55e2:e08b:cfcd:5ac:7ef] [/home/u991737198/domains/tas2023.online/public_html/lib/base.php:3281] View->sandbox()
Sat, 25 Jan 2025 00:48:43 -0500 [2603:9000:f801:55e2:e08b:cfcd:5ac:7ef] [/home/u991737198/domains/tas2023.online/public_html/tmp/3hn69l4qoa804.3h31n1yj254w8.php:7] Preview->render()
Sat, 25 Jan 2025 00:48:43 -0500 [2603:9000:f801:55e2:e08b:cfcd:5ac:7ef] [/home/u991737198/domains/tas2023.online/public_html/lib/base.php:3036] require('/home/u991737198/domains/tas2023.online/public_html/tmp/3hn69l4qoa804.3h31n1yj254w8.php')
Sat, 25 Jan 2025 00:48:43 -0500 [2603:9000:f801:55e2:e08b:cfcd:5ac:7ef] [/home/u991737198/domains/tas2023.online/public_html/lib/base.php:3281] View->sandbox()
Sat, 25 Jan 2025 00:48:43 -0500 [2603:9000:f801:55e2:e08b:cfcd:5ac:7ef] [/home/u991737198/domains/tas2023.online/public_html/app/controllers/Controller.php:87] Preview->render()
Sat, 25 Jan 2025 00:48:43 -0500 [2603:9000:f801:55e2:e08b:cfcd:5ac:7ef] [/home/u991737198/domains/tas2023.online/public_html/lib/base.php:2078] Controller->afterroute()
Sat, 25 Jan 2025 00:48:43 -0500 [2603:9000:f801:55e2:e08b:cfcd:5ac:7ef] [/home/u991737198/domains/tas2023.online/public_html/lib/base.php:1871] Base->call()
Sat, 25 Jan 2025 00:48:43 -0500 [2603:9000:f801:55e2:e08b:cfcd:5ac:7ef] [/home/u991737198/domains/tas2023.online/public_html/index.php:19] Base->run()
Sat, 25 Jan 2025 00:48:46 -0500 [2603:9000:f801:55e2:e08b:cfcd:5ac:7ef] 500: Undefined variable $i18n_select_task_type trace: [/home/u991737198/domains/tas2023.online/public_html/tmp/3hn69l4qoa804.9b9764piwerh.php:214]
Sat, 25 Jan 2025 00:48:46 -0500 [2603:9000:f801:55e2:e08b:cfcd:5ac:7ef] [/home/u991737198/domains/tas2023.online/public_html/tmp/3hn69l4qoa804.9b9764piwerh.php:214] Base->{closure}()
Sat, 25 Jan 2025 00:48:46 -0500 [2603:9000:f801:55e2:e08b:cfcd:5ac:7ef] [/home/u991737198/domains/tas2023.online/public_html/lib/base.php:3036] require('/home/u991737198/domains/tas2023.online/public_html/tmp/3hn69l4qoa804.9b9764piwerh.php')
Sat, 25 Jan 2025 00:48:46 -0500 [2603:9000:f801:55e2:e08b:cfcd:5ac:7ef] [/home/u991737198/domains/tas2023.online/public_html/lib/base.php:3281] View->sandbox()
Sat, 25 Jan 2025 00:48:46 -0500 [2603:9000:f801:55e2:e08b:cfcd:5ac:7ef] [/home/u991737198/domains/tas2023.online/public_html/tmp/3hn69l4qoa804.3h31n1yj254w8.php:7] Preview->render()
Sat, 25 Jan 2025 00:48:46 -0500 [2603:9000:f801:55e2:e08b:cfcd:5ac:7ef] [/home/u991737198/domains/tas2023.online/public_html/lib/base.php:3036] require('/home/u991737198/domains/tas2023.online/public_html/tmp/3hn69l4qoa804.3h31n1yj254w8.php')
Sat, 25 Jan 2025 00:48:46 -0500 [2603:9000:f801:55e2:e08b:cfcd:5ac:7ef] [/home/u991737198/domains/tas2023.online/public_html/lib/base.php:3281] View->sandbox()
Sat, 25 Jan 2025 00:48:46 -0500 [2603:9000:f801:55e2:e08b:cfcd:5ac:7ef] [/home/u991737198/domains/tas2023.online/public_html/app/controllers/Controller.php:87] Preview->render()
Sat, 25 Jan 2025 00:48:46 -0500 [2603:9000:f801:55e2:e08b:cfcd:5ac:7ef] [/home/u991737198/domains/tas2023.online/public_html/lib/base.php:2078] Controller->afterroute()
Sat, 25 Jan 2025 00:48:46 -0500 [2603:9000:f801:55e2:e08b:cfcd:5ac:7ef] [/home/u991737198/domains/tas2023.online/public_html/lib/base.php:1871] Base->call()
Sat, 25 Jan 2025 00:48:46 -0500 [2603:9000:f801:55e2:e08b:cfcd:5ac:7ef] [/home/u991737198/domains/tas2023.online/public_html/index.php:19] Base->run()
Sat, 25 Jan 2025 00:48:51 -0500 [2603:9000:f801:55e2:e08b:cfcd:5ac:7ef] 500: Undefined variable $selected_note trace: [/home/u991737198/domains/tas2023.online/public_html/tmp/3hn69l4qoa804.3g8shy2588w00.php:371]
Sat, 25 Jan 2025 00:48:51 -0500 [2603:9000:f801:55e2:e08b:cfcd:5ac:7ef] [/home/u991737198/domains/tas2023.online/public_html/tmp/3hn69l4qoa804.3g8shy2588w00.php:371] Base->{closure}()
Sat, 25 Jan 2025 00:48:51 -0500 [2603:9000:f801:55e2:e08b:cfcd:5ac:7ef] [/home/u991737198/domains/tas2023.online/public_html/lib/base.php:3036] require('/home/u991737198/domains/tas2023.online/public_html/tmp/3hn69l4qoa804.3g8shy2588w00.php')
Sat, 25 Jan 2025 00:48:51 -0500 [2603:9000:f801:55e2:e08b:cfcd:5ac:7ef] [/home/u991737198/domains/tas2023.online/public_html/lib/base.php:3281] View->sandbox()
Sat, 25 Jan 2025 00:48:51 -0500 [2603:9000:f801:55e2:e08b:cfcd:5ac:7ef] [/home/u991737198/domains/tas2023.online/public_html/tmp/3hn69l4qoa804.3h31n1yj254w8.php:7] Preview->render()
Sat, 25 Jan 2025 00:48:51 -0500 [2603:9000:f801:55e2:e08b:cfcd:5ac:7ef] [/home/u991737198/domains/tas2023.online/public_html/lib/base.php:3036] require('/home/u991737198/domains/tas2023.online/public_html/tmp/3hn69l4qoa804.3h31n1yj254w8.php')
Sat, 25 Jan 2025 00:48:51 -0500 [2603:9000:f801:55e2:e08b:cfcd:5ac:7ef] [/home/u991737198/domains/tas2023.online/public_html/lib/base.php:3281] View->sandbox()
Sat, 25 Jan 2025 00:48:51 -0500 [2603:9000:f801:55e2:e08b:cfcd:5ac:7ef] [/home/u991737198/domains/tas2023.online/public_html/app/controllers/Controller.php:87] Preview->render()
Sat, 25 Jan 2025 00:48:51 -0500 [2603:9000:f801:55e2:e08b:cfcd:5ac:7ef] [/home/u991737198/domains/tas2023.online/public_html/lib/base.php:2078] Controller->afterroute()
Sat, 25 Jan 2025 00:48:51 -0500 [2603:9000:f801:55e2:e08b:cfcd:5ac:7ef] [/home/u991737198/domains/tas2023.online/public_html/lib/base.php:1871] Base->call()
Sat, 25 Jan 2025 00:48:51 -0500 [2603:9000:f801:55e2:e08b:cfcd:5ac:7ef] [/home/u991737198/domains/tas2023.online/public_html/index.php:19] Base->run()
Sat, 25 Jan 2025 00:49:18 -0500 [2603:9000:f801:55e2:e08b:cfcd:5ac:7ef] 500: trim(): Passing null to parameter #1 ($string) of type string is deprecated trace: [/home/u991737198/domains/tas2023.online/public_html/tmp/3hn69l4qoa804.3g8shy2588w00.php:340]
Sat, 25 Jan 2025 00:49:18 -0500 [2603:9000:f801:55e2:e08b:cfcd:5ac:7ef] [/home/u991737198/domains/tas2023.online/public_html/tmp/3hn69l4qoa804.3g8shy2588w00.php:340] trim()
Sat, 25 Jan 2025 00:49:18 -0500 [2603:9000:f801:55e2:e08b:cfcd:5ac:7ef] [/home/u991737198/domains/tas2023.online/public_html/lib/base.php:3036] require('/home/u991737198/domains/tas2023.online/public_html/tmp/3hn69l4qoa804.3g8shy2588w00.php')
Sat, 25 Jan 2025 00:49:18 -0500 [2603:9000:f801:55e2:e08b:cfcd:5ac:7ef] [/home/u991737198/domains/tas2023.online/public_html/lib/base.php:3281] View->sandbox()
Sat, 25 Jan 2025 00:49:18 -0500 [2603:9000:f801:55e2:e08b:cfcd:5ac:7ef] [/home/u991737198/domains/tas2023.online/public_html/tmp/3hn69l4qoa804.3h31n1yj254w8.php:7] Preview->render()
Sat, 25 Jan 2025 00:49:18 -0500 [2603:9000:f801:55e2:e08b:cfcd:5ac:7ef] [/home/u991737198/domains/tas2023.online/public_html/lib/base.php:3036] require('/home/u991737198/domains/tas2023.online/public_html/tmp/3hn69l4qoa804.3h31n1yj254w8.php')
Sat, 25 Jan 2025 00:49:18 -0500 [2603:9000:f801:55e2:e08b:cfcd:5ac:7ef] [/home/u991737198/domains/tas2023.online/public_html/lib/base.php:3281] View->sandbox()
Sat, 25 Jan 2025 00:49:18 -0500 [2603:9000:f801:55e2:e08b:cfcd:5ac:7ef] [/home/u991737198/domains/tas2023.online/public_html/app/controllers/Controller.php:87] Preview->render()
Sat, 25 Jan 2025 00:49:18 -0500 [2603:9000:f801:55e2:e08b:cfcd:5ac:7ef] [/home/u991737198/domains/tas2023.online/public_html/lib/base.php:2078] Controller->afterroute()
Sat, 25 Jan 2025 00:49:18 -0500 [2603:9000:f801:55e2:e08b:cfcd:5ac:7ef] [/home/u991737198/domains/tas2023.online/public_html/lib/base.php:1871] Base->call()
Sat, 25 Jan 2025 00:49:18 -0500 [2603:9000:f801:55e2:e08b:cfcd:5ac:7ef] [/home/u991737198/domains/tas2023.online/public_html/index.php:19] Base->run()
Sat, 25 Jan 2025 00:50:06 -0500 [2603:9000:f801:55e2:e08b:cfcd:5ac:7ef] 500: Undefined variable $i18n_select_task_type trace: [/home/u991737198/domains/tas2023.online/public_html/tmp/3hn69l4qoa804.9b9764piwerh.php:214]
Sat, 25 Jan 2025 00:50:06 -0500 [2603:9000:f801:55e2:e08b:cfcd:5ac:7ef] [/home/u991737198/domains/tas2023.online/public_html/tmp/3hn69l4qoa804.9b9764piwerh.php:214] Base->{closure}()
Sat, 25 Jan 2025 00:50:06 -0500 [2603:9000:f801:55e2:e08b:cfcd:5ac:7ef] [/home/u991737198/domains/tas2023.online/public_html/lib/base.php:3036] require('/home/u991737198/domains/tas2023.online/public_html/tmp/3hn69l4qoa804.9b9764piwerh.php')
Sat, 25 Jan 2025 00:50:06 -0500 [2603:9000:f801:55e2:e08b:cfcd:5ac:7ef] [/home/u991737198/domains/tas2023.online/public_html/lib/base.php:3281] View->sandbox()
Sat, 25 Jan 2025 00:50:06 -0500 [2603:9000:f801:55e2:e08b:cfcd:5ac:7ef] [/home/u991737198/domains/tas2023.online/public_html/tmp/3hn69l4qoa804.3h31n1yj254w8.php:7] Preview->render()
Sat, 25 Jan 2025 00:50:06 -0500 [2603:9000:f801:55e2:e08b:cfcd:5ac:7ef] [/home/u991737198/domains/tas2023.online/public_html/lib/base.php:3036] require('/home/u991737198/domains/tas2023.online/public_html/tmp/3hn69l4qoa804.3h31n1yj254w8.php')
Sat, 25 Jan 2025 00:50:06 -0500 [2603:9000:f801:55e2:e08b:cfcd:5ac:7ef] [/home/u991737198/domains/tas2023.online/public_html/lib/base.php:3281] View->sandbox()
Sat, 25 Jan 2025 00:50:06 -0500 [2603:9000:f801:55e2:e08b:cfcd:5ac:7ef] [/home/u991737198/domains/tas2023.online/public_html/app/controllers/Controller.php:87] Preview->render()
Sat, 25 Jan 2025 00:50:06 -0500 [2603:9000:f801:55e2:e08b:cfcd:5ac:7ef] [/home/u991737198/domains/tas2023.online/public_html/lib/base.php:2078] Controller->afterroute()
Sat, 25 Jan 2025 00:50:06 -0500 [2603:9000:f801:55e2:e08b:cfcd:5ac:7ef] [/home/u991737198/domains/tas2023.online/public_html/lib/base.php:1871] Base->call()
Sat, 25 Jan 2025 00:50:06 -0500 [2603:9000:f801:55e2:e08b:cfcd:5ac:7ef] [/home/u991737198/domains/tas2023.online/public_html/index.php:19] Base->run()
Sat, 25 Jan 2025 00:50:10 -0500 [2603:9000:f801:55e2:e08b:cfcd:5ac:7ef] 500: Undefined variable $selected_note trace: [/home/u991737198/domains/tas2023.online/public_html/tmp/3hn69l4qoa804.3g8shy2588w00.php:371]
Sat, 25 Jan 2025 00:50:10 -0500 [2603:9000:f801:55e2:e08b:cfcd:5ac:7ef] [/home/u991737198/domains/tas2023.online/public_html/tmp/3hn69l4qoa804.3g8shy2588w00.php:371] Base->{closure}()
Sat, 25 Jan 2025 00:50:10 -0500 [2603:9000:f801:55e2:e08b:cfcd:5ac:7ef] [/home/u991737198/domains/tas2023.online/public_html/lib/base.php:3036] require('/home/u991737198/domains/tas2023.online/public_html/tmp/3hn69l4qoa804.3g8shy2588w00.php')
Sat, 25 Jan 2025 00:50:10 -0500 [2603:9000:f801:55e2:e08b:cfcd:5ac:7ef] [/home/u991737198/domains/tas2023.online/public_html/lib/base.php:3281] View->sandbox()
Sat, 25 Jan 2025 00:50:10 -0500 [2603:9000:f801:55e2:e08b:cfcd:5ac:7ef] [/home/u991737198/domains/tas2023.online/public_html/tmp/3hn69l4qoa804.3h31n1yj254w8.php:7] Preview->render()
Sat, 25 Jan 2025 00:50:10 -0500 [2603:9000:f801:55e2:e08b:cfcd:5ac:7ef] [/home/u991737198/domains/tas2023.online/public_html/lib/base.php:3036] require('/home/u991737198/domains/tas2023.online/public_html/tmp/3hn69l4qoa804.3h31n1yj254w8.php')
Sat, 25 Jan 2025 00:50:10 -0500 [2603:9000:f801:55e2:e08b:cfcd:5ac:7ef] [/home/u991737198/domains/tas2023.online/public_html/lib/base.php:3281] View->sandbox()
Sat, 25 Jan 2025 00:50:10 -0500 [2603:9000:f801:55e2:e08b:cfcd:5ac:7ef] [/home/u991737198/domains/tas2023.online/public_html/app/controllers/Controller.php:87] Preview->render()
Sat, 25 Jan 2025 00:50:10 -0500 [2603:9000:f801:55e2:e08b:cfcd:5ac:7ef] [/home/u991737198/domains/tas2023.online/public_html/lib/base.php:2078] Controller->afterroute()
Sat, 25 Jan 2025 00:50:10 -0500 [2603:9000:f801:55e2:e08b:cfcd:5ac:7ef] [/home/u991737198/domains/tas2023.online/public_html/lib/base.php:1871] Base->call()
Sat, 25 Jan 2025 00:50:10 -0500 [2603:9000:f801:55e2:e08b:cfcd:5ac:7ef] [/home/u991737198/domains/tas2023.online/public_html/index.php:19] Base->run()
Sat, 25 Jan 2025 00:50:23 -0500 [2603:9000:f801:55e2:e08b:cfcd:5ac:7ef] 500: trim(): Passing null to parameter #1 ($string) of type string is deprecated trace: [/home/u991737198/domains/tas2023.online/public_html/tmp/3hn69l4qoa804.3g8shy2588w00.php:340]
Sat, 25 Jan 2025 00:50:23 -0500 [2603:9000:f801:55e2:e08b:cfcd:5ac:7ef] [/home/u991737198/domains/tas2023.online/public_html/tmp/3hn69l4qoa804.3g8shy2588w00.php:340] trim()
Sat, 25 Jan 2025 00:50:23 -0500 [2603:9000:f801:55e2:e08b:cfcd:5ac:7ef] [/home/u991737198/domains/tas2023.online/public_html/lib/base.php:3036] require('/home/u991737198/domains/tas2023.online/public_html/tmp/3hn69l4qoa804.3g8shy2588w00.php')
Sat, 25 Jan 2025 00:50:23 -0500 [2603:9000:f801:55e2:e08b:cfcd:5ac:7ef] [/home/u991737198/domains/tas2023.online/public_html/lib/base.php:3281] View->sandbox()
Sat, 25 Jan 2025 00:50:23 -0500 [2603:9000:f801:55e2:e08b:cfcd:5ac:7ef] [/home/u991737198/domains/tas2023.online/public_html/tmp/3hn69l4qoa804.3h31n1yj254w8.php:7] Preview->render()
Sat, 25 Jan 2025 00:50:23 -0500 [2603:9000:f801:55e2:e08b:cfcd:5ac:7ef] [/home/u991737198/domains/tas2023.online/public_html/lib/base.php:3036] require('/home/u991737198/domains/tas2023.online/public_html/tmp/3hn69l4qoa804.3h31n1yj254w8.php')
Sat, 25 Jan 2025 00:50:23 -0500 [2603:9000:f801:55e2:e08b:cfcd:5ac:7ef] [/home/u991737198/domains/tas2023.online/public_html/lib/base.php:3281] View->sandbox()
Sat, 25 Jan 2025 00:50:23 -0500 [2603:9000:f801:55e2:e08b:cfcd:5ac:7ef] [/home/u991737198/domains/tas2023.online/public_html/app/controllers/Controller.php:87] Preview->render()
Sat, 25 Jan 2025 00:50:23 -0500 [2603:9000:f801:55e2:e08b:cfcd:5ac:7ef] [/home/u991737198/domains/tas2023.online/public_html/lib/base.php:2078] Controller->afterroute()
Sat, 25 Jan 2025 00:50:23 -0500 [2603:9000:f801:55e2:e08b:cfcd:5ac:7ef] [/home/u991737198/domains/tas2023.online/public_html/lib/base.php:1871] Base->call()
Sat, 25 Jan 2025 00:50:23 -0500 [2603:9000:f801:55e2:e08b:cfcd:5ac:7ef] [/home/u991737198/domains/tas2023.online/public_html/index.php:19] Base->run()
Sat, 25 Jan 2025 00:50:28 -0500 [2603:9000:f801:55e2:e08b:cfcd:5ac:7ef] 500: Undefined variable $i18n_select_task_type trace: [/home/u991737198/domains/tas2023.online/public_html/tmp/3hn69l4qoa804.9b9764piwerh.php:214]
Sat, 25 Jan 2025 00:50:28 -0500 [2603:9000:f801:55e2:e08b:cfcd:5ac:7ef] [/home/u991737198/domains/tas2023.online/public_html/tmp/3hn69l4qoa804.9b9764piwerh.php:214] Base->{closure}()
Sat, 25 Jan 2025 00:50:28 -0500 [2603:9000:f801:55e2:e08b:cfcd:5ac:7ef] [/home/u991737198/domains/tas2023.online/public_html/lib/base.php:3036] require('/home/u991737198/domains/tas2023.online/public_html/tmp/3hn69l4qoa804.9b9764piwerh.php')
Sat, 25 Jan 2025 00:50:28 -0500 [2603:9000:f801:55e2:e08b:cfcd:5ac:7ef] [/home/u991737198/domains/tas2023.online/public_html/lib/base.php:3281] View->sandbox()
Sat, 25 Jan 2025 00:50:28 -0500 [2603:9000:f801:55e2:e08b:cfcd:5ac:7ef] [/home/u991737198/domains/tas2023.online/public_html/tmp/3hn69l4qoa804.3h31n1yj254w8.php:7] Preview->render()
Sat, 25 Jan 2025 00:50:28 -0500 [2603:9000:f801:55e2:e08b:cfcd:5ac:7ef] [/home/u991737198/domains/tas2023.online/public_html/lib/base.php:3036] require('/home/u991737198/domains/tas2023.online/public_html/tmp/3hn69l4qoa804.3h31n1yj254w8.php')
Sat, 25 Jan 2025 00:50:28 -0500 [2603:9000:f801:55e2:e08b:cfcd:5ac:7ef] [/home/u991737198/domains/tas2023.online/public_html/lib/base.php:3281] View->sandbox()
Sat, 25 Jan 2025 00:50:28 -0500 [2603:9000:f801:55e2:e08b:cfcd:5ac:7ef] [/home/u991737198/domains/tas2023.online/public_html/app/controllers/Controller.php:87] Preview->render()
Sat, 25 Jan 2025 00:50:28 -0500 [2603:9000:f801:55e2:e08b:cfcd:5ac:7ef] [/home/u991737198/domains/tas2023.online/public_html/lib/base.php:2078] Controller->afterroute()
Sat, 25 Jan 2025 00:50:28 -0500 [2603:9000:f801:55e2:e08b:cfcd:5ac:7ef] [/home/u991737198/domains/tas2023.online/public_html/lib/base.php:1871] Base->call()
Sat, 25 Jan 2025 00:50:28 -0500 [2603:9000:f801:55e2:e08b:cfcd:5ac:7ef] [/home/u991737198/domains/tas2023.online/public_html/index.php:19] Base->run()
Sat, 25 Jan 2025 00:50:31 -0500 [2603:9000:f801:55e2:e08b:cfcd:5ac:7ef] 500: Undefined variable $selected_note trace: [/home/u991737198/domains/tas2023.online/public_html/tmp/3hn69l4qoa804.3g8shy2588w00.php:371]
Sat, 25 Jan 2025 00:50:31 -0500 [2603:9000:f801:55e2:e08b:cfcd:5ac:7ef] [/home/u991737198/domains/tas2023.online/public_html/tmp/3hn69l4qoa804.3g8shy2588w00.php:371] Base->{closure}()
Sat, 25 Jan 2025 00:50:31 -0500 [2603:9000:f801:55e2:e08b:cfcd:5ac:7ef] [/home/u991737198/domains/tas2023.online/public_html/lib/base.php:3036] require('/home/u991737198/domains/tas2023.online/public_html/tmp/3hn69l4qoa804.3g8shy2588w00.php')
Sat, 25 Jan 2025 00:50:31 -0500 [2603:9000:f801:55e2:e08b:cfcd:5ac:7ef] [/home/u991737198/domains/tas2023.online/public_html/lib/base.php:3281] View->sandbox()
Sat, 25 Jan 2025 00:50:31 -0500 [2603:9000:f801:55e2:e08b:cfcd:5ac:7ef] [/home/u991737198/domains/tas2023.online/public_html/tmp/3hn69l4qoa804.3h31n1yj254w8.php:7] Preview->render()
Sat, 25 Jan 2025 00:50:31 -0500 [2603:9000:f801:55e2:e08b:cfcd:5ac:7ef] [/home/u991737198/domains/tas2023.online/public_html/lib/base.php:3036] require('/home/u991737198/domains/tas2023.online/public_html/tmp/3hn69l4qoa804.3h31n1yj254w8.php')
Sat, 25 Jan 2025 00:50:31 -0500 [2603:9000:f801:55e2:e08b:cfcd:5ac:7ef] [/home/u991737198/domains/tas2023.online/public_html/lib/base.php:3281] View->sandbox()
Sat, 25 Jan 2025 00:50:31 -0500 [2603:9000:f801:55e2:e08b:cfcd:5ac:7ef] [/home/u991737198/domains/tas2023.online/public_html/app/controllers/Controller.php:87] Preview->render()
Sat, 25 Jan 2025 00:50:31 -0500 [2603:9000:f801:55e2:e08b:cfcd:5ac:7ef] [/home/u991737198/domains/tas2023.online/public_html/lib/base.php:2078] Controller->afterroute()
Sat, 25 Jan 2025 00:50:31 -0500 [2603:9000:f801:55e2:e08b:cfcd:5ac:7ef] [/home/u991737198/domains/tas2023.online/public_html/lib/base.php:1871] Base->call()
Sat, 25 Jan 2025 00:50:31 -0500 [2603:9000:f801:55e2:e08b:cfcd:5ac:7ef] [/home/u991737198/domains/tas2023.online/public_html/index.php:19] Base->run()
Sat, 25 Jan 2025 00:50:37 -0500 [2603:9000:f801:55e2:e08b:cfcd:5ac:7ef] 500: Undefined variable $i18n_select_task_type trace: [/home/u991737198/domains/tas2023.online/public_html/tmp/3hn69l4qoa804.9b9764piwerh.php:214]
Sat, 25 Jan 2025 00:50:37 -0500 [2603:9000:f801:55e2:e08b:cfcd:5ac:7ef] [/home/u991737198/domains/tas2023.online/public_html/tmp/3hn69l4qoa804.9b9764piwerh.php:214] Base->{closure}()
Sat, 25 Jan 2025 00:50:37 -0500 [2603:9000:f801:55e2:e08b:cfcd:5ac:7ef] [/home/u991737198/domains/tas2023.online/public_html/lib/base.php:3036] require('/home/u991737198/domains/tas2023.online/public_html/tmp/3hn69l4qoa804.9b9764piwerh.php')
Sat, 25 Jan 2025 00:50:37 -0500 [2603:9000:f801:55e2:e08b:cfcd:5ac:7ef] [/home/u991737198/domains/tas2023.online/public_html/lib/base.php:3281] View->sandbox()
Sat, 25 Jan 2025 00:50:37 -0500 [2603:9000:f801:55e2:e08b:cfcd:5ac:7ef] [/home/u991737198/domains/tas2023.online/public_html/tmp/3hn69l4qoa804.3h31n1yj254w8.php:7] Preview->render()
Sat, 25 Jan 2025 00:50:37 -0500 [2603:9000:f801:55e2:e08b:cfcd:5ac:7ef] [/home/u991737198/domains/tas2023.online/public_html/lib/base.php:3036] require('/home/u991737198/domains/tas2023.online/public_html/tmp/3hn69l4qoa804.3h31n1yj254w8.php')
Sat, 25 Jan 2025 00:50:37 -0500 [2603:9000:f801:55e2:e08b:cfcd:5ac:7ef] [/home/u991737198/domains/tas2023.online/public_html/lib/base.php:3281] View->sandbox()
Sat, 25 Jan 2025 00:50:37 -0500 [2603:9000:f801:55e2:e08b:cfcd:5ac:7ef] [/home/u991737198/domains/tas2023.online/public_html/app/controllers/Controller.php:87] Preview->render()
Sat, 25 Jan 2025 00:50:37 -0500 [2603:9000:f801:55e2:e08b:cfcd:5ac:7ef] [/home/u991737198/domains/tas2023.online/public_html/lib/base.php:2078] Controller->afterroute()
Sat, 25 Jan 2025 00:50:37 -0500 [2603:9000:f801:55e2:e08b:cfcd:5ac:7ef] [/home/u991737198/domains/tas2023.online/public_html/lib/base.php:1871] Base->call()
Sat, 25 Jan 2025 00:50:37 -0500 [2603:9000:f801:55e2:e08b:cfcd:5ac:7ef] [/home/u991737198/domains/tas2023.online/public_html/index.php:19] Base->run()
Sat, 25 Jan 2025 00:50:39 -0500 [2603:9000:f801:55e2:e08b:cfcd:5ac:7ef] 500: Undefined variable $selected_note trace: [/home/u991737198/domains/tas2023.online/public_html/tmp/3hn69l4qoa804.3g8shy2588w00.php:371]
Sat, 25 Jan 2025 00:50:39 -0500 [2603:9000:f801:55e2:e08b:cfcd:5ac:7ef] [/home/u991737198/domains/tas2023.online/public_html/tmp/3hn69l4qoa804.3g8shy2588w00.php:371] Base->{closure}()
Sat, 25 Jan 2025 00:50:39 -0500 [2603:9000:f801:55e2:e08b:cfcd:5ac:7ef] [/home/u991737198/domains/tas2023.online/public_html/lib/base.php:3036] require('/home/u991737198/domains/tas2023.online/public_html/tmp/3hn69l4qoa804.3g8shy2588w00.php')
Sat, 25 Jan 2025 00:50:39 -0500 [2603:9000:f801:55e2:e08b:cfcd:5ac:7ef] [/home/u991737198/domains/tas2023.online/public_html/lib/base.php:3281] View->sandbox()
Sat, 25 Jan 2025 00:50:39 -0500 [2603:9000:f801:55e2:e08b:cfcd:5ac:7ef] [/home/u991737198/domains/tas2023.online/public_html/tmp/3hn69l4qoa804.3h31n1yj254w8.php:7] Preview->render()
Sat, 25 Jan 2025 00:50:39 -0500 [2603:9000:f801:55e2:e08b:cfcd:5ac:7ef] [/home/u991737198/domains/tas2023.online/public_html/lib/base.php:3036] require('/home/u991737198/domains/tas2023.online/public_html/tmp/3hn69l4qoa804.3h31n1yj254w8.php')
Sat, 25 Jan 2025 00:50:39 -0500 [2603:9000:f801:55e2:e08b:cfcd:5ac:7ef] [/home/u991737198/domains/tas2023.online/public_html/lib/base.php:3281] View->sandbox()
Sat, 25 Jan 2025 00:50:39 -0500 [2603:9000:f801:55e2:e08b:cfcd:5ac:7ef] [/home/u991737198/domains/tas2023.online/public_html/app/controllers/Controller.php:87] Preview->render()
Sat, 25 Jan 2025 00:50:39 -0500 [2603:9000:f801:55e2:e08b:cfcd:5ac:7ef] [/home/u991737198/domains/tas2023.online/public_html/lib/base.php:2078] Controller->afterroute()
Sat, 25 Jan 2025 00:50:39 -0500 [2603:9000:f801:55e2:e08b:cfcd:5ac:7ef] [/home/u991737198/domains/tas2023.online/public_html/lib/base.php:1871] Base->call()
Sat, 25 Jan 2025 00:50:39 -0500 [2603:9000:f801:55e2:e08b:cfcd:5ac:7ef] [/home/u991737198/domains/tas2023.online/public_html/index.php:19] Base->run()
Sat, 25 Jan 2025 00:50:50 -0500 [2603:9000:f801:55e2:e08b:cfcd:5ac:7ef] 500: trim(): Passing null to parameter #1 ($string) of type string is deprecated trace: [/home/u991737198/domains/tas2023.online/public_html/tmp/3hn69l4qoa804.3g8shy2588w00.php:340]
Sat, 25 Jan 2025 00:50:50 -0500 [2603:9000:f801:55e2:e08b:cfcd:5ac:7ef] [/home/u991737198/domains/tas2023.online/public_html/tmp/3hn69l4qoa804.3g8shy2588w00.php:340] trim()
Sat, 25 Jan 2025 00:50:50 -0500 [2603:9000:f801:55e2:e08b:cfcd:5ac:7ef] [/home/u991737198/domains/tas2023.online/public_html/lib/base.php:3036] require('/home/u991737198/domains/tas2023.online/public_html/tmp/3hn69l4qoa804.3g8shy2588w00.php')
Sat, 25 Jan 2025 00:50:50 -0500 [2603:9000:f801:55e2:e08b:cfcd:5ac:7ef] [/home/u991737198/domains/tas2023.online/public_html/lib/base.php:3281] View->sandbox()
Sat, 25 Jan 2025 00:50:50 -0500 [2603:9000:f801:55e2:e08b:cfcd:5ac:7ef] [/home/u991737198/domains/tas2023.online/public_html/tmp/3hn69l4qoa804.3h31n1yj254w8.php:7] Preview->render()
Sat, 25 Jan 2025 00:50:50 -0500 [2603:9000:f801:55e2:e08b:cfcd:5ac:7ef] [/home/u991737198/domains/tas2023.online/public_html/lib/base.php:3036] require('/home/u991737198/domains/tas2023.online/public_html/tmp/3hn69l4qoa804.3h31n1yj254w8.php')
Sat, 25 Jan 2025 00:50:50 -0500 [2603:9000:f801:55e2:e08b:cfcd:5ac:7ef] [/home/u991737198/domains/tas2023.online/public_html/lib/base.php:3281] View->sandbox()
Sat, 25 Jan 2025 00:50:50 -0500 [2603:9000:f801:55e2:e08b:cfcd:5ac:7ef] [/home/u991737198/domains/tas2023.online/public_html/app/controllers/Controller.php:87] Preview->render()
Sat, 25 Jan 2025 00:50:50 -0500 [2603:9000:f801:55e2:e08b:cfcd:5ac:7ef] [/home/u991737198/domains/tas2023.online/public_html/lib/base.php:2078] Controller->afterroute()
Sat, 25 Jan 2025 00:50:50 -0500 [2603:9000:f801:55e2:e08b:cfcd:5ac:7ef] [/home/u991737198/domains/tas2023.online/public_html/lib/base.php:1871] Base->call()
Sat, 25 Jan 2025 00:50:50 -0500 [2603:9000:f801:55e2:e08b:cfcd:5ac:7ef] [/home/u991737198/domains/tas2023.online/public_html/index.php:19] Base->run()
Sat, 25 Jan 2025 00:50:55 -0500 [2603:9000:f801:55e2:e08b:cfcd:5ac:7ef] 500: Undefined variable $i18n_select_task_type trace: [/home/u991737198/domains/tas2023.online/public_html/tmp/3hn69l4qoa804.9b9764piwerh.php:214]
Sat, 25 Jan 2025 00:50:55 -0500 [2603:9000:f801:55e2:e08b:cfcd:5ac:7ef] [/home/u991737198/domains/tas2023.online/public_html/tmp/3hn69l4qoa804.9b9764piwerh.php:214] Base->{closure}()
Sat, 25 Jan 2025 00:50:55 -0500 [2603:9000:f801:55e2:e08b:cfcd:5ac:7ef] [/home/u991737198/domains/tas2023.online/public_html/lib/base.php:3036] require('/home/u991737198/domains/tas2023.online/public_html/tmp/3hn69l4qoa804.9b9764piwerh.php')
Sat, 25 Jan 2025 00:50:55 -0500 [2603:9000:f801:55e2:e08b:cfcd:5ac:7ef] [/home/u991737198/domains/tas2023.online/public_html/lib/base.php:3281] View->sandbox()
Sat, 25 Jan 2025 00:50:55 -0500 [2603:9000:f801:55e2:e08b:cfcd:5ac:7ef] [/home/u991737198/domains/tas2023.online/public_html/tmp/3hn69l4qoa804.3h31n1yj254w8.php:7] Preview->render()
Sat, 25 Jan 2025 00:50:55 -0500 [2603:9000:f801:55e2:e08b:cfcd:5ac:7ef] [/home/u991737198/domains/tas2023.online/public_html/lib/base.php:3036] require('/home/u991737198/domains/tas2023.online/public_html/tmp/3hn69l4qoa804.3h31n1yj254w8.php')
Sat, 25 Jan 2025 00:50:55 -0500 [2603:9000:f801:55e2:e08b:cfcd:5ac:7ef] [/home/u991737198/domains/tas2023.online/public_html/lib/base.php:3281] View->sandbox()
Sat, 25 Jan 2025 00:50:55 -0500 [2603:9000:f801:55e2:e08b:cfcd:5ac:7ef] [/home/u991737198/domains/tas2023.online/public_html/app/controllers/Controller.php:87] Preview->render()
Sat, 25 Jan 2025 00:50:55 -0500 [2603:9000:f801:55e2:e08b:cfcd:5ac:7ef] [/home/u991737198/domains/tas2023.online/public_html/lib/base.php:2078] Controller->afterroute()
Sat, 25 Jan 2025 00:50:55 -0500 [2603:9000:f801:55e2:e08b:cfcd:5ac:7ef] [/home/u991737198/domains/tas2023.online/public_html/lib/base.php:1871] Base->call()
Sat, 25 Jan 2025 00:50:55 -0500 [2603:9000:f801:55e2:e08b:cfcd:5ac:7ef] [/home/u991737198/domains/tas2023.online/public_html/index.php:19] Base->run()
Sat, 25 Jan 2025 00:50:58 -0500 [2603:9000:f801:55e2:e08b:cfcd:5ac:7ef] 500: Undefined variable $selected_note trace: [/home/u991737198/domains/tas2023.online/public_html/tmp/3hn69l4qoa804.3g8shy2588w00.php:371]
Sat, 25 Jan 2025 00:50:58 -0500 [2603:9000:f801:55e2:e08b:cfcd:5ac:7ef] [/home/u991737198/domains/tas2023.online/public_html/tmp/3hn69l4qoa804.3g8shy2588w00.php:371] Base->{closure}()
Sat, 25 Jan 2025 00:50:58 -0500 [2603:9000:f801:55e2:e08b:cfcd:5ac:7ef] [/home/u991737198/domains/tas2023.online/public_html/lib/base.php:3036] require('/home/u991737198/domains/tas2023.online/public_html/tmp/3hn69l4qoa804.3g8shy2588w00.php')
Sat, 25 Jan 2025 00:50:58 -0500 [2603:9000:f801:55e2:e08b:cfcd:5ac:7ef] [/home/u991737198/domains/tas2023.online/public_html/lib/base.php:3281] View->sandbox()
Sat, 25 Jan 2025 00:50:58 -0500 [2603:9000:f801:55e2:e08b:cfcd:5ac:7ef] [/home/u991737198/domains/tas2023.online/public_html/tmp/3hn69l4qoa804.3h31n1yj254w8.php:7] Preview->render()
Sat, 25 Jan 2025 00:50:58 -0500 [2603:9000:f801:55e2:e08b:cfcd:5ac:7ef] [/home/u991737198/domains/tas2023.online/public_html/lib/base.php:3036] require('/home/u991737198/domains/tas2023.online/public_html/tmp/3hn69l4qoa804.3h31n1yj254w8.php')
Sat, 25 Jan 2025 00:50:58 -0500 [2603:9000:f801:55e2:e08b:cfcd:5ac:7ef] [/home/u991737198/domains/tas2023.online/public_html/lib/base.php:3281] View->sandbox()
Sat, 25 Jan 2025 00:50:58 -0500 [2603:9000:f801:55e2:e08b:cfcd:5ac:7ef] [/home/u991737198/domains/tas2023.online/public_html/app/controllers/Controller.php:87] Preview->render()
Sat, 25 Jan 2025 00:50:58 -0500 [2603:9000:f801:55e2:e08b:cfcd:5ac:7ef] [/home/u991737198/domains/tas2023.online/public_html/lib/base.php:2078] Controller->afterroute()
Sat, 25 Jan 2025 00:50:58 -0500 [2603:9000:f801:55e2:e08b:cfcd:5ac:7ef] [/home/u991737198/domains/tas2023.online/public_html/lib/base.php:1871] Base->call()
Sat, 25 Jan 2025 00:50:58 -0500 [2603:9000:f801:55e2:e08b:cfcd:5ac:7ef] [/home/u991737198/domains/tas2023.online/public_html/index.php:19] Base->run()
Sat, 25 Jan 2025 00:51:06 -0500 [2603:9000:f801:55e2:e08b:cfcd:5ac:7ef] 500: trim(): Passing null to parameter #1 ($string) of type string is deprecated trace: [/home/u991737198/domains/tas2023.online/public_html/tmp/3hn69l4qoa804.3g8shy2588w00.php:340]
Sat, 25 Jan 2025 00:51:06 -0500 [2603:9000:f801:55e2:e08b:cfcd:5ac:7ef] [/home/u991737198/domains/tas2023.online/public_html/tmp/3hn69l4qoa804.3g8shy2588w00.php:340] trim()
Sat, 25 Jan 2025 00:51:06 -0500 [2603:9000:f801:55e2:e08b:cfcd:5ac:7ef] [/home/u991737198/domains/tas2023.online/public_html/lib/base.php:3036] require('/home/u991737198/domains/tas2023.online/public_html/tmp/3hn69l4qoa804.3g8shy2588w00.php')
Sat, 25 Jan 2025 00:51:06 -0500 [2603:9000:f801:55e2:e08b:cfcd:5ac:7ef] [/home/u991737198/domains/tas2023.online/public_html/lib/base.php:3281] View->sandbox()
Sat, 25 Jan 2025 00:51:06 -0500 [2603:9000:f801:55e2:e08b:cfcd:5ac:7ef] [/home/u991737198/domains/tas2023.online/public_html/tmp/3hn69l4qoa804.3h31n1yj254w8.php:7] Preview->render()
Sat, 25 Jan 2025 00:51:06 -0500 [2603:9000:f801:55e2:e08b:cfcd:5ac:7ef] [/home/u991737198/domains/tas2023.online/public_html/lib/base.php:3036] require('/home/u991737198/domains/tas2023.online/public_html/tmp/3hn69l4qoa804.3h31n1yj254w8.php')
Sat, 25 Jan 2025 00:51:06 -0500 [2603:9000:f801:55e2:e08b:cfcd:5ac:7ef] [/home/u991737198/domains/tas2023.online/public_html/lib/base.php:3281] View->sandbox()
Sat, 25 Jan 2025 00:51:06 -0500 [2603:9000:f801:55e2:e08b:cfcd:5ac:7ef] [/home/u991737198/domains/tas2023.online/public_html/app/controllers/Controller.php:87] Preview->render()
Sat, 25 Jan 2025 00:51:06 -0500 [2603:9000:f801:55e2:e08b:cfcd:5ac:7ef] [/home/u991737198/domains/tas2023.online/public_html/lib/base.php:2078] Controller->afterroute()
Sat, 25 Jan 2025 00:51:06 -0500 [2603:9000:f801:55e2:e08b:cfcd:5ac:7ef] [/home/u991737198/domains/tas2023.online/public_html/lib/base.php:1871] Base->call()
Sat, 25 Jan 2025 00:51:06 -0500 [2603:9000:f801:55e2:e08b:cfcd:5ac:7ef] [/home/u991737198/domains/tas2023.online/public_html/index.php:19] Base->run()
Sat, 25 Jan 2025 00:51:10 -0500 [2603:9000:f801:55e2:e08b:cfcd:5ac:7ef] 500: Undefined variable $i18n_select_task_type trace: [/home/u991737198/domains/tas2023.online/public_html/tmp/3hn69l4qoa804.9b9764piwerh.php:214]
Sat, 25 Jan 2025 00:51:10 -0500 [2603:9000:f801:55e2:e08b:cfcd:5ac:7ef] [/home/u991737198/domains/tas2023.online/public_html/tmp/3hn69l4qoa804.9b9764piwerh.php:214] Base->{closure}()
Sat, 25 Jan 2025 00:51:10 -0500 [2603:9000:f801:55e2:e08b:cfcd:5ac:7ef] [/home/u991737198/domains/tas2023.online/public_html/lib/base.php:3036] require('/home/u991737198/domains/tas2023.online/public_html/tmp/3hn69l4qoa804.9b9764piwerh.php')
Sat, 25 Jan 2025 00:51:10 -0500 [2603:9000:f801:55e2:e08b:cfcd:5ac:7ef] [/home/u991737198/domains/tas2023.online/public_html/lib/base.php:3281] View->sandbox()
Sat, 25 Jan 2025 00:51:10 -0500 [2603:9000:f801:55e2:e08b:cfcd:5ac:7ef] [/home/u991737198/domains/tas2023.online/public_html/tmp/3hn69l4qoa804.3h31n1yj254w8.php:7] Preview->render()
Sat, 25 Jan 2025 00:51:10 -0500 [2603:9000:f801:55e2:e08b:cfcd:5ac:7ef] [/home/u991737198/domains/tas2023.online/public_html/lib/base.php:3036] require('/home/u991737198/domains/tas2023.online/public_html/tmp/3hn69l4qoa804.3h31n1yj254w8.php')
Sat, 25 Jan 2025 00:51:10 -0500 [2603:9000:f801:55e2:e08b:cfcd:5ac:7ef] [/home/u991737198/domains/tas2023.online/public_html/lib/base.php:3281] View->sandbox()
Sat, 25 Jan 2025 00:51:10 -0500 [2603:9000:f801:55e2:e08b:cfcd:5ac:7ef] [/home/u991737198/domains/tas2023.online/public_html/app/controllers/Controller.php:87] Preview->render()
Sat, 25 Jan 2025 00:51:10 -0500 [2603:9000:f801:55e2:e08b:cfcd:5ac:7ef] [/home/u991737198/domains/tas2023.online/public_html/lib/base.php:2078] Controller->afterroute()
Sat, 25 Jan 2025 00:51:10 -0500 [2603:9000:f801:55e2:e08b:cfcd:5ac:7ef] [/home/u991737198/domains/tas2023.online/public_html/lib/base.php:1871] Base->call()
Sat, 25 Jan 2025 00:51:10 -0500 [2603:9000:f801:55e2:e08b:cfcd:5ac:7ef] [/home/u991737198/domains/tas2023.online/public_html/index.php:19] Base->run()
Sat, 25 Jan 2025 00:51:13 -0500 [2603:9000:f801:55e2:e08b:cfcd:5ac:7ef] 500: Undefined variable $selected_note trace: [/home/u991737198/domains/tas2023.online/public_html/tmp/3hn69l4qoa804.3g8shy2588w00.php:371]
Sat, 25 Jan 2025 00:51:13 -0500 [2603:9000:f801:55e2:e08b:cfcd:5ac:7ef] [/home/u991737198/domains/tas2023.online/public_html/tmp/3hn69l4qoa804.3g8shy2588w00.php:371] Base->{closure}()
Sat, 25 Jan 2025 00:51:13 -0500 [2603:9000:f801:55e2:e08b:cfcd:5ac:7ef] [/home/u991737198/domains/tas2023.online/public_html/lib/base.php:3036] require('/home/u991737198/domains/tas2023.online/public_html/tmp/3hn69l4qoa804.3g8shy2588w00.php')
Sat, 25 Jan 2025 00:51:13 -0500 [2603:9000:f801:55e2:e08b:cfcd:5ac:7ef] [/home/u991737198/domains/tas2023.online/public_html/lib/base.php:3281] View->sandbox()
Sat, 25 Jan 2025 00:51:13 -0500 [2603:9000:f801:55e2:e08b:cfcd:5ac:7ef] [/home/u991737198/domains/tas2023.online/public_html/tmp/3hn69l4qoa804.3h31n1yj254w8.php:7] Preview->render()
Sat, 25 Jan 2025 00:51:13 -0500 [2603:9000:f801:55e2:e08b:cfcd:5ac:7ef] [/home/u991737198/domains/tas2023.online/public_html/lib/base.php:3036] require('/home/u991737198/domains/tas2023.online/public_html/tmp/3hn69l4qoa804.3h31n1yj254w8.php')
Sat, 25 Jan 2025 00:51:13 -0500 [2603:9000:f801:55e2:e08b:cfcd:5ac:7ef] [/home/u991737198/domains/tas2023.online/public_html/lib/base.php:3281] View->sandbox()
Sat, 25 Jan 2025 00:51:13 -0500 [2603:9000:f801:55e2:e08b:cfcd:5ac:7ef] [/home/u991737198/domains/tas2023.online/public_html/app/controllers/Controller.php:87] Preview->render()
Sat, 25 Jan 2025 00:51:13 -0500 [2603:9000:f801:55e2:e08b:cfcd:5ac:7ef] [/home/u991737198/domains/tas2023.online/public_html/lib/base.php:2078] Controller->afterroute()
Sat, 25 Jan 2025 00:51:13 -0500 [2603:9000:f801:55e2:e08b:cfcd:5ac:7ef] [/home/u991737198/domains/tas2023.online/public_html/lib/base.php:1871] Base->call()
Sat, 25 Jan 2025 00:51:13 -0500 [2603:9000:f801:55e2:e08b:cfcd:5ac:7ef] [/home/u991737198/domains/tas2023.online/public_html/index.php:19] Base->run()
Sat, 25 Jan 2025 00:51:21 -0500 [2603:9000:f801:55e2:e08b:cfcd:5ac:7ef] 500: Undefined variable $selected_note trace: [/home/u991737198/domains/tas2023.online/public_html/tmp/3hn69l4qoa804.3g8shy2588w00.php:371]
Sat, 25 Jan 2025 00:51:21 -0500 [2603:9000:f801:55e2:e08b:cfcd:5ac:7ef] [/home/u991737198/domains/tas2023.online/public_html/tmp/3hn69l4qoa804.3g8shy2588w00.php:371] Base->{closure}()
Sat, 25 Jan 2025 00:51:21 -0500 [2603:9000:f801:55e2:e08b:cfcd:5ac:7ef] [/home/u991737198/domains/tas2023.online/public_html/lib/base.php:3036] require('/home/u991737198/domains/tas2023.online/public_html/tmp/3hn69l4qoa804.3g8shy2588w00.php')
Sat, 25 Jan 2025 00:51:21 -0500 [2603:9000:f801:55e2:e08b:cfcd:5ac:7ef] [/home/u991737198/domains/tas2023.online/public_html/lib/base.php:3281] View->sandbox()
Sat, 25 Jan 2025 00:51:21 -0500 [2603:9000:f801:55e2:e08b:cfcd:5ac:7ef] [/home/u991737198/domains/tas2023.online/public_html/tmp/3hn69l4qoa804.3h31n1yj254w8.php:7] Preview->render()
Sat, 25 Jan 2025 00:51:21 -0500 [2603:9000:f801:55e2:e08b:cfcd:5ac:7ef] [/home/u991737198/domains/tas2023.online/public_html/lib/base.php:3036] require('/home/u991737198/domains/tas2023.online/public_html/tmp/3hn69l4qoa804.3h31n1yj254w8.php')
Sat, 25 Jan 2025 00:51:21 -0500 [2603:9000:f801:55e2:e08b:cfcd:5ac:7ef] [/home/u991737198/domains/tas2023.online/public_html/lib/base.php:3281] View->sandbox()
Sat, 25 Jan 2025 00:51:21 -0500 [2603:9000:f801:55e2:e08b:cfcd:5ac:7ef] [/home/u991737198/domains/tas2023.online/public_html/app/controllers/Controller.php:87] Preview->render()
Sat, 25 Jan 2025 00:51:21 -0500 [2603:9000:f801:55e2:e08b:cfcd:5ac:7ef] [/home/u991737198/domains/tas2023.online/public_html/lib/base.php:2078] Controller->afterroute()
Sat, 25 Jan 2025 00:51:21 -0500 [2603:9000:f801:55e2:e08b:cfcd:5ac:7ef] [/home/u991737198/domains/tas2023.online/public_html/lib/base.php:1871] Base->call()
Sat, 25 Jan 2025 00:51:21 -0500 [2603:9000:f801:55e2:e08b:cfcd:5ac:7ef] [/home/u991737198/domains/tas2023.online/public_html/index.php:19] Base->run()
Sat, 25 Jan 2025 00:51:29 -0500 [2603:9000:f801:55e2:e08b:cfcd:5ac:7ef] 500: trim(): Passing null to parameter #1 ($string) of type string is deprecated trace: [/home/u991737198/domains/tas2023.online/public_html/tmp/3hn69l4qoa804.3g8shy2588w00.php:340]
Sat, 25 Jan 2025 00:51:29 -0500 [2603:9000:f801:55e2:e08b:cfcd:5ac:7ef] [/home/u991737198/domains/tas2023.online/public_html/tmp/3hn69l4qoa804.3g8shy2588w00.php:340] trim()
Sat, 25 Jan 2025 00:51:29 -0500 [2603:9000:f801:55e2:e08b:cfcd:5ac:7ef] [/home/u991737198/domains/tas2023.online/public_html/lib/base.php:3036] require('/home/u991737198/domains/tas2023.online/public_html/tmp/3hn69l4qoa804.3g8shy2588w00.php')
Sat, 25 Jan 2025 00:51:29 -0500 [2603:9000:f801:55e2:e08b:cfcd:5ac:7ef] [/home/u991737198/domains/tas2023.online/public_html/lib/base.php:3281] View->sandbox()
Sat, 25 Jan 2025 00:51:29 -0500 [2603:9000:f801:55e2:e08b:cfcd:5ac:7ef] [/home/u991737198/domains/tas2023.online/public_html/tmp/3hn69l4qoa804.3h31n1yj254w8.php:7] Preview->render()
Sat, 25 Jan 2025 00:51:29 -0500 [2603:9000:f801:55e2:e08b:cfcd:5ac:7ef] [/home/u991737198/domains/tas2023.online/public_html/lib/base.php:3036] require('/home/u991737198/domains/tas2023.online/public_html/tmp/3hn69l4qoa804.3h31n1yj254w8.php')
Sat, 25 Jan 2025 00:51:29 -0500 [2603:9000:f801:55e2:e08b:cfcd:5ac:7ef] [/home/u991737198/domains/tas2023.online/public_html/lib/base.php:3281] View->sandbox()
Sat, 25 Jan 2025 00:51:29 -0500 [2603:9000:f801:55e2:e08b:cfcd:5ac:7ef] [/home/u991737198/domains/tas2023.online/public_html/app/controllers/Controller.php:87] Preview->render()
Sat, 25 Jan 2025 00:51:29 -0500 [2603:9000:f801:55e2:e08b:cfcd:5ac:7ef] [/home/u991737198/domains/tas2023.online/public_html/lib/base.php:2078] Controller->afterroute()
Sat, 25 Jan 2025 00:51:29 -0500 [2603:9000:f801:55e2:e08b:cfcd:5ac:7ef] [/home/u991737198/domains/tas2023.online/public_html/lib/base.php:1871] Base->call()
Sat, 25 Jan 2025 00:51:29 -0500 [2603:9000:f801:55e2:e08b:cfcd:5ac:7ef] [/home/u991737198/domains/tas2023.online/public_html/index.php:19] Base->run()
Sat, 25 Jan 2025 00:51:34 -0500 [2603:9000:f801:55e2:e08b:cfcd:5ac:7ef] 500: Undefined variable $i18n_select_task_type trace: [/home/u991737198/domains/tas2023.online/public_html/tmp/3hn69l4qoa804.9b9764piwerh.php:214]
Sat, 25 Jan 2025 00:51:34 -0500 [2603:9000:f801:55e2:e08b:cfcd:5ac:7ef] [/home/u991737198/domains/tas2023.online/public_html/tmp/3hn69l4qoa804.9b9764piwerh.php:214] Base->{closure}()
Sat, 25 Jan 2025 00:51:34 -0500 [2603:9000:f801:55e2:e08b:cfcd:5ac:7ef] [/home/u991737198/domains/tas2023.online/public_html/lib/base.php:3036] require('/home/u991737198/domains/tas2023.online/public_html/tmp/3hn69l4qoa804.9b9764piwerh.php')
Sat, 25 Jan 2025 00:51:34 -0500 [2603:9000:f801:55e2:e08b:cfcd:5ac:7ef] [/home/u991737198/domains/tas2023.online/public_html/lib/base.php:3281] View->sandbox()
Sat, 25 Jan 2025 00:51:34 -0500 [2603:9000:f801:55e2:e08b:cfcd:5ac:7ef] [/home/u991737198/domains/tas2023.online/public_html/tmp/3hn69l4qoa804.3h31n1yj254w8.php:7] Preview->render()
Sat, 25 Jan 2025 00:51:34 -0500 [2603:9000:f801:55e2:e08b:cfcd:5ac:7ef] [/home/u991737198/domains/tas2023.online/public_html/lib/base.php:3036] require('/home/u991737198/domains/tas2023.online/public_html/tmp/3hn69l4qoa804.3h31n1yj254w8.php')
Sat, 25 Jan 2025 00:51:34 -0500 [2603:9000:f801:55e2:e08b:cfcd:5ac:7ef] [/home/u991737198/domains/tas2023.online/public_html/lib/base.php:3281] View->sandbox()
Sat, 25 Jan 2025 00:51:34 -0500 [2603:9000:f801:55e2:e08b:cfcd:5ac:7ef] [/home/u991737198/domains/tas2023.online/public_html/app/controllers/Controller.php:87] Preview->render()
Sat, 25 Jan 2025 00:51:34 -0500 [2603:9000:f801:55e2:e08b:cfcd:5ac:7ef] [/home/u991737198/domains/tas2023.online/public_html/lib/base.php:2078] Controller->afterroute()
Sat, 25 Jan 2025 00:51:34 -0500 [2603:9000:f801:55e2:e08b:cfcd:5ac:7ef] [/home/u991737198/domains/tas2023.online/public_html/lib/base.php:1871] Base->call()
Sat, 25 Jan 2025 00:51:34 -0500 [2603:9000:f801:55e2:e08b:cfcd:5ac:7ef] [/home/u991737198/domains/tas2023.online/public_html/index.php:19] Base->run()
Sat, 25 Jan 2025 00:51:37 -0500 [2603:9000:f801:55e2:e08b:cfcd:5ac:7ef] 500: Undefined variable $selected_note trace: [/home/u991737198/domains/tas2023.online/public_html/tmp/3hn69l4qoa804.3g8shy2588w00.php:371]
Sat, 25 Jan 2025 00:51:37 -0500 [2603:9000:f801:55e2:e08b:cfcd:5ac:7ef] [/home/u991737198/domains/tas2023.online/public_html/tmp/3hn69l4qoa804.3g8shy2588w00.php:371] Base->{closure}()
Sat, 25 Jan 2025 00:51:37 -0500 [2603:9000:f801:55e2:e08b:cfcd:5ac:7ef] [/home/u991737198/domains/tas2023.online/public_html/lib/base.php:3036] require('/home/u991737198/domains/tas2023.online/public_html/tmp/3hn69l4qoa804.3g8shy2588w00.php')
Sat, 25 Jan 2025 00:51:37 -0500 [2603:9000:f801:55e2:e08b:cfcd:5ac:7ef] [/home/u991737198/domains/tas2023.online/public_html/lib/base.php:3281] View->sandbox()
Sat, 25 Jan 2025 00:51:37 -0500 [2603:9000:f801:55e2:e08b:cfcd:5ac:7ef] [/home/u991737198/domains/tas2023.online/public_html/tmp/3hn69l4qoa804.3h31n1yj254w8.php:7] Preview->render()
Sat, 25 Jan 2025 00:51:37 -0500 [2603:9000:f801:55e2:e08b:cfcd:5ac:7ef] [/home/u991737198/domains/tas2023.online/public_html/lib/base.php:3036] require('/home/u991737198/domains/tas2023.online/public_html/tmp/3hn69l4qoa804.3h31n1yj254w8.php')
Sat, 25 Jan 2025 00:51:37 -0500 [2603:9000:f801:55e2:e08b:cfcd:5ac:7ef] [/home/u991737198/domains/tas2023.online/public_html/lib/base.php:3281] View->sandbox()
Sat, 25 Jan 2025 00:51:37 -0500 [2603:9000:f801:55e2:e08b:cfcd:5ac:7ef] [/home/u991737198/domains/tas2023.online/public_html/app/controllers/Controller.php:87] Preview->render()
Sat, 25 Jan 2025 00:51:37 -0500 [2603:9000:f801:55e2:e08b:cfcd:5ac:7ef] [/home/u991737198/domains/tas2023.online/public_html/lib/base.php:2078] Controller->afterroute()
Sat, 25 Jan 2025 00:51:37 -0500 [2603:9000:f801:55e2:e08b:cfcd:5ac:7ef] [/home/u991737198/domains/tas2023.online/public_html/lib/base.php:1871] Base->call()
Sat, 25 Jan 2025 00:51:37 -0500 [2603:9000:f801:55e2:e08b:cfcd:5ac:7ef] [/home/u991737198/domains/tas2023.online/public_html/index.php:19] Base->run()
Sat, 25 Jan 2025 00:51:42 -0500 [2603:9000:f801:55e2:e08b:cfcd:5ac:7ef] 500: Undefined variable $i18n_select_task_type trace: [/home/u991737198/domains/tas2023.online/public_html/tmp/3hn69l4qoa804.9b9764piwerh.php:214]
Sat, 25 Jan 2025 00:51:42 -0500 [2603:9000:f801:55e2:e08b:cfcd:5ac:7ef] [/home/u991737198/domains/tas2023.online/public_html/tmp/3hn69l4qoa804.9b9764piwerh.php:214] Base->{closure}()
Sat, 25 Jan 2025 00:51:42 -0500 [2603:9000:f801:55e2:e08b:cfcd:5ac:7ef] [/home/u991737198/domains/tas2023.online/public_html/lib/base.php:3036] require('/home/u991737198/domains/tas2023.online/public_html/tmp/3hn69l4qoa804.9b9764piwerh.php')
Sat, 25 Jan 2025 00:51:42 -0500 [2603:9000:f801:55e2:e08b:cfcd:5ac:7ef] [/home/u991737198/domains/tas2023.online/public_html/lib/base.php:3281] View->sandbox()
Sat, 25 Jan 2025 00:51:42 -0500 [2603:9000:f801:55e2:e08b:cfcd:5ac:7ef] [/home/u991737198/domains/tas2023.online/public_html/tmp/3hn69l4qoa804.3h31n1yj254w8.php:7] Preview->render()
Sat, 25 Jan 2025 00:51:42 -0500 [2603:9000:f801:55e2:e08b:cfcd:5ac:7ef] [/home/u991737198/domains/tas2023.online/public_html/lib/base.php:3036] require('/home/u991737198/domains/tas2023.online/public_html/tmp/3hn69l4qoa804.3h31n1yj254w8.php')
Sat, 25 Jan 2025 00:51:42 -0500 [2603:9000:f801:55e2:e08b:cfcd:5ac:7ef] [/home/u991737198/domains/tas2023.online/public_html/lib/base.php:3281] View->sandbox()
Sat, 25 Jan 2025 00:51:42 -0500 [2603:9000:f801:55e2:e08b:cfcd:5ac:7ef] [/home/u991737198/domains/tas2023.online/public_html/app/controllers/Controller.php:87] Preview->render()
Sat, 25 Jan 2025 00:51:42 -0500 [2603:9000:f801:55e2:e08b:cfcd:5ac:7ef] [/home/u991737198/domains/tas2023.online/public_html/lib/base.php:2078] Controller->afterroute()
Sat, 25 Jan 2025 00:51:42 -0500 [2603:9000:f801:55e2:e08b:cfcd:5ac:7ef] [/home/u991737198/domains/tas2023.online/public_html/lib/base.php:1871] Base->call()
Sat, 25 Jan 2025 00:51:42 -0500 [2603:9000:f801:55e2:e08b:cfcd:5ac:7ef] [/home/u991737198/domains/tas2023.online/public_html/index.php:19] Base->run()
Sat, 25 Jan 2025 00:51:45 -0500 [2603:9000:f801:55e2:e08b:cfcd:5ac:7ef] 500: Undefined variable $selected_note trace: [/home/u991737198/domains/tas2023.online/public_html/tmp/3hn69l4qoa804.3g8shy2588w00.php:371]
Sat, 25 Jan 2025 00:51:45 -0500 [2603:9000:f801:55e2:e08b:cfcd:5ac:7ef] [/home/u991737198/domains/tas2023.online/public_html/tmp/3hn69l4qoa804.3g8shy2588w00.php:371] Base->{closure}()
Sat, 25 Jan 2025 00:51:45 -0500 [2603:9000:f801:55e2:e08b:cfcd:5ac:7ef] [/home/u991737198/domains/tas2023.online/public_html/lib/base.php:3036] require('/home/u991737198/domains/tas2023.online/public_html/tmp/3hn69l4qoa804.3g8shy2588w00.php')
Sat, 25 Jan 2025 00:51:45 -0500 [2603:9000:f801:55e2:e08b:cfcd:5ac:7ef] [/home/u991737198/domains/tas2023.online/public_html/lib/base.php:3281] View->sandbox()
Sat, 25 Jan 2025 00:51:45 -0500 [2603:9000:f801:55e2:e08b:cfcd:5ac:7ef] [/home/u991737198/domains/tas2023.online/public_html/tmp/3hn69l4qoa804.3h31n1yj254w8.php:7] Preview->render()
Sat, 25 Jan 2025 00:51:45 -0500 [2603:9000:f801:55e2:e08b:cfcd:5ac:7ef] [/home/u991737198/domains/tas2023.online/public_html/lib/base.php:3036] require('/home/u991737198/domains/tas2023.online/public_html/tmp/3hn69l4qoa804.3h31n1yj254w8.php')
Sat, 25 Jan 2025 00:51:45 -0500 [2603:9000:f801:55e2:e08b:cfcd:5ac:7ef] [/home/u991737198/domains/tas2023.online/public_html/lib/base.php:3281] View->sandbox()
Sat, 25 Jan 2025 00:51:45 -0500 [2603:9000:f801:55e2:e08b:cfcd:5ac:7ef] [/home/u991737198/domains/tas2023.online/public_html/app/controllers/Controller.php:87] Preview->render()
Sat, 25 Jan 2025 00:51:45 -0500 [2603:9000:f801:55e2:e08b:cfcd:5ac:7ef] [/home/u991737198/domains/tas2023.online/public_html/lib/base.php:2078] Controller->afterroute()
Sat, 25 Jan 2025 00:51:45 -0500 [2603:9000:f801:55e2:e08b:cfcd:5ac:7ef] [/home/u991737198/domains/tas2023.online/public_html/lib/base.php:1871] Base->call()
Sat, 25 Jan 2025 00:51:45 -0500 [2603:9000:f801:55e2:e08b:cfcd:5ac:7ef] [/home/u991737198/domains/tas2023.online/public_html/index.php:19] Base->run()
Sat, 25 Jan 2025 00:51:54 -0500 [2603:9000:f801:55e2:e08b:cfcd:5ac:7ef] 500: trim(): Passing null to parameter #1 ($string) of type string is deprecated trace: [/home/u991737198/domains/tas2023.online/public_html/tmp/3hn69l4qoa804.3g8shy2588w00.php:340]
Sat, 25 Jan 2025 00:51:54 -0500 [2603:9000:f801:55e2:e08b:cfcd:5ac:7ef] [/home/u991737198/domains/tas2023.online/public_html/tmp/3hn69l4qoa804.3g8shy2588w00.php:340] trim()
Sat, 25 Jan 2025 00:51:54 -0500 [2603:9000:f801:55e2:e08b:cfcd:5ac:7ef] [/home/u991737198/domains/tas2023.online/public_html/lib/base.php:3036] require('/home/u991737198/domains/tas2023.online/public_html/tmp/3hn69l4qoa804.3g8shy2588w00.php')
Sat, 25 Jan 2025 00:51:54 -0500 [2603:9000:f801:55e2:e08b:cfcd:5ac:7ef] [/home/u991737198/domains/tas2023.online/public_html/lib/base.php:3281] View->sandbox()
Sat, 25 Jan 2025 00:51:54 -0500 [2603:9000:f801:55e2:e08b:cfcd:5ac:7ef] [/home/u991737198/domains/tas2023.online/public_html/tmp/3hn69l4qoa804.3h31n1yj254w8.php:7] Preview->render()
Sat, 25 Jan 2025 00:51:54 -0500 [2603:9000:f801:55e2:e08b:cfcd:5ac:7ef] [/home/u991737198/domains/tas2023.online/public_html/lib/base.php:3036] require('/home/u991737198/domains/tas2023.online/public_html/tmp/3hn69l4qoa804.3h31n1yj254w8.php')
Sat, 25 Jan 2025 00:51:54 -0500 [2603:9000:f801:55e2:e08b:cfcd:5ac:7ef] [/home/u991737198/domains/tas2023.online/public_html/lib/base.php:3281] View->sandbox()
Sat, 25 Jan 2025 00:51:54 -0500 [2603:9000:f801:55e2:e08b:cfcd:5ac:7ef] [/home/u991737198/domains/tas2023.online/public_html/app/controllers/Controller.php:87] Preview->render()
Sat, 25 Jan 2025 00:51:54 -0500 [2603:9000:f801:55e2:e08b:cfcd:5ac:7ef] [/home/u991737198/domains/tas2023.online/public_html/lib/base.php:2078] Controller->afterroute()
Sat, 25 Jan 2025 00:51:54 -0500 [2603:9000:f801:55e2:e08b:cfcd:5ac:7ef] [/home/u991737198/domains/tas2023.online/public_html/lib/base.php:1871] Base->call()
Sat, 25 Jan 2025 00:51:54 -0500 [2603:9000:f801:55e2:e08b:cfcd:5ac:7ef] [/home/u991737198/domains/tas2023.online/public_html/index.php:19] Base->run()
Sat, 25 Jan 2025 00:52:06 -0500 [2603:9000:f801:55e2:e08b:cfcd:5ac:7ef] 500: Undefined variable $i18n_select_task_type trace: [/home/u991737198/domains/tas2023.online/public_html/tmp/3hn69l4qoa804.9b9764piwerh.php:214]
Sat, 25 Jan 2025 00:52:06 -0500 [2603:9000:f801:55e2:e08b:cfcd:5ac:7ef] [/home/u991737198/domains/tas2023.online/public_html/tmp/3hn69l4qoa804.9b9764piwerh.php:214] Base->{closure}()
Sat, 25 Jan 2025 00:52:06 -0500 [2603:9000:f801:55e2:e08b:cfcd:5ac:7ef] [/home/u991737198/domains/tas2023.online/public_html/lib/base.php:3036] require('/home/u991737198/domains/tas2023.online/public_html/tmp/3hn69l4qoa804.9b9764piwerh.php')
Sat, 25 Jan 2025 00:52:06 -0500 [2603:9000:f801:55e2:e08b:cfcd:5ac:7ef] [/home/u991737198/domains/tas2023.online/public_html/lib/base.php:3281] View->sandbox()
Sat, 25 Jan 2025 00:52:06 -0500 [2603:9000:f801:55e2:e08b:cfcd:5ac:7ef] [/home/u991737198/domains/tas2023.online/public_html/tmp/3hn69l4qoa804.3h31n1yj254w8.php:7] Preview->render()
Sat, 25 Jan 2025 00:52:06 -0500 [2603:9000:f801:55e2:e08b:cfcd:5ac:7ef] [/home/u991737198/domains/tas2023.online/public_html/lib/base.php:3036] require('/home/u991737198/domains/tas2023.online/public_html/tmp/3hn69l4qoa804.3h31n1yj254w8.php')
Sat, 25 Jan 2025 00:52:06 -0500 [2603:9000:f801:55e2:e08b:cfcd:5ac:7ef] [/home/u991737198/domains/tas2023.online/public_html/lib/base.php:3281] View->sandbox()
Sat, 25 Jan 2025 00:52:06 -0500 [2603:9000:f801:55e2:e08b:cfcd:5ac:7ef] [/home/u991737198/domains/tas2023.online/public_html/app/controllers/Controller.php:87] Preview->render()
Sat, 25 Jan 2025 00:52:06 -0500 [2603:9000:f801:55e2:e08b:cfcd:5ac:7ef] [/home/u991737198/domains/tas2023.online/public_html/lib/base.php:2078] Controller->afterroute()
Sat, 25 Jan 2025 00:52:06 -0500 [2603:9000:f801:55e2:e08b:cfcd:5ac:7ef] [/home/u991737198/domains/tas2023.online/public_html/lib/base.php:1871] Base->call()
Sat, 25 Jan 2025 00:52:06 -0500 [2603:9000:f801:55e2:e08b:cfcd:5ac:7ef] [/home/u991737198/domains/tas2023.online/public_html/index.php:19] Base->run()
Sat, 25 Jan 2025 00:52:12 -0500 [2603:9000:f801:55e2:e08b:cfcd:5ac:7ef] 500: Undefined variable $selected_note trace: [/home/u991737198/domains/tas2023.online/public_html/tmp/3hn69l4qoa804.3g8shy2588w00.php:371]
Sat, 25 Jan 2025 00:52:12 -0500 [2603:9000:f801:55e2:e08b:cfcd:5ac:7ef] [/home/u991737198/domains/tas2023.online/public_html/tmp/3hn69l4qoa804.3g8shy2588w00.php:371] Base->{closure}()
Sat, 25 Jan 2025 00:52:12 -0500 [2603:9000:f801:55e2:e08b:cfcd:5ac:7ef] [/home/u991737198/domains/tas2023.online/public_html/lib/base.php:3036] require('/home/u991737198/domains/tas2023.online/public_html/tmp/3hn69l4qoa804.3g8shy2588w00.php')
Sat, 25 Jan 2025 00:52:12 -0500 [2603:9000:f801:55e2:e08b:cfcd:5ac:7ef] [/home/u991737198/domains/tas2023.online/public_html/lib/base.php:3281] View->sandbox()
Sat, 25 Jan 2025 00:52:12 -0500 [2603:9000:f801:55e2:e08b:cfcd:5ac:7ef] [/home/u991737198/domains/tas2023.online/public_html/tmp/3hn69l4qoa804.3h31n1yj254w8.php:7] Preview->render()
Sat, 25 Jan 2025 00:52:12 -0500 [2603:9000:f801:55e2:e08b:cfcd:5ac:7ef] [/home/u991737198/domains/tas2023.online/public_html/lib/base.php:3036] require('/home/u991737198/domains/tas2023.online/public_html/tmp/3hn69l4qoa804.3h31n1yj254w8.php')
Sat, 25 Jan 2025 00:52:12 -0500 [2603:9000:f801:55e2:e08b:cfcd:5ac:7ef] [/home/u991737198/domains/tas2023.online/public_html/lib/base.php:3281] View->sandbox()
Sat, 25 Jan 2025 00:52:12 -0500 [2603:9000:f801:55e2:e08b:cfcd:5ac:7ef] [/home/u991737198/domains/tas2023.online/public_html/app/controllers/Controller.php:87] Preview->render()
Sat, 25 Jan 2025 00:52:12 -0500 [2603:9000:f801:55e2:e08b:cfcd:5ac:7ef] [/home/u991737198/domains/tas2023.online/public_html/lib/base.php:2078] Controller->afterroute()
Sat, 25 Jan 2025 00:52:12 -0500 [2603:9000:f801:55e2:e08b:cfcd:5ac:7ef] [/home/u991737198/domains/tas2023.online/public_html/lib/base.php:1871] Base->call()
Sat, 25 Jan 2025 00:52:12 -0500 [2603:9000:f801:55e2:e08b:cfcd:5ac:7ef] [/home/u991737198/domains/tas2023.online/public_html/index.php:19] Base->run()
Sat, 25 Jan 2025 00:52:23 -0500 [2603:9000:f801:55e2:e08b:cfcd:5ac:7ef] 500: trim(): Passing null to parameter #1 ($string) of type string is deprecated trace: [/home/u991737198/domains/tas2023.online/public_html/tmp/3hn69l4qoa804.3g8shy2588w00.php:340]
Sat, 25 Jan 2025 00:52:23 -0500 [2603:9000:f801:55e2:e08b:cfcd:5ac:7ef] [/home/u991737198/domains/tas2023.online/public_html/tmp/3hn69l4qoa804.3g8shy2588w00.php:340] trim()
Sat, 25 Jan 2025 00:52:23 -0500 [2603:9000:f801:55e2:e08b:cfcd:5ac:7ef] [/home/u991737198/domains/tas2023.online/public_html/lib/base.php:3036] require('/home/u991737198/domains/tas2023.online/public_html/tmp/3hn69l4qoa804.3g8shy2588w00.php')
Sat, 25 Jan 2025 00:52:23 -0500 [2603:9000:f801:55e2:e08b:cfcd:5ac:7ef] [/home/u991737198/domains/tas2023.online/public_html/lib/base.php:3281] View->sandbox()
Sat, 25 Jan 2025 00:52:23 -0500 [2603:9000:f801:55e2:e08b:cfcd:5ac:7ef] [/home/u991737198/domains/tas2023.online/public_html/tmp/3hn69l4qoa804.3h31n1yj254w8.php:7] Preview->render()
Sat, 25 Jan 2025 00:52:23 -0500 [2603:9000:f801:55e2:e08b:cfcd:5ac:7ef] [/home/u991737198/domains/tas2023.online/public_html/lib/base.php:3036] require('/home/u991737198/domains/tas2023.online/public_html/tmp/3hn69l4qoa804.3h31n1yj254w8.php')
Sat, 25 Jan 2025 00:52:23 -0500 [2603:9000:f801:55e2:e08b:cfcd:5ac:7ef] [/home/u991737198/domains/tas2023.online/public_html/lib/base.php:3281] View->sandbox()
Sat, 25 Jan 2025 00:52:23 -0500 [2603:9000:f801:55e2:e08b:cfcd:5ac:7ef] [/home/u991737198/domains/tas2023.online/public_html/app/controllers/Controller.php:87] Preview->render()
Sat, 25 Jan 2025 00:52:23 -0500 [2603:9000:f801:55e2:e08b:cfcd:5ac:7ef] [/home/u991737198/domains/tas2023.online/public_html/lib/base.php:2078] Controller->afterroute()
Sat, 25 Jan 2025 00:52:23 -0500 [2603:9000:f801:55e2:e08b:cfcd:5ac:7ef] [/home/u991737198/domains/tas2023.online/public_html/lib/base.php:1871] Base->call()
Sat, 25 Jan 2025 00:52:23 -0500 [2603:9000:f801:55e2:e08b:cfcd:5ac:7ef] [/home/u991737198/domains/tas2023.online/public_html/index.php:19] Base->run()
Sat, 25 Jan 2025 00:52:26 -0500 [2603:9000:f801:55e2:e08b:cfcd:5ac:7ef] 500: Undefined variable $i18n_select_task_type trace: [/home/u991737198/domains/tas2023.online/public_html/tmp/3hn69l4qoa804.9b9764piwerh.php:214]
Sat, 25 Jan 2025 00:52:26 -0500 [2603:9000:f801:55e2:e08b:cfcd:5ac:7ef] [/home/u991737198/domains/tas2023.online/public_html/tmp/3hn69l4qoa804.9b9764piwerh.php:214] Base->{closure}()
Sat, 25 Jan 2025 00:52:26 -0500 [2603:9000:f801:55e2:e08b:cfcd:5ac:7ef] [/home/u991737198/domains/tas2023.online/public_html/lib/base.php:3036] require('/home/u991737198/domains/tas2023.online/public_html/tmp/3hn69l4qoa804.9b9764piwerh.php')
Sat, 25 Jan 2025 00:52:26 -0500 [2603:9000:f801:55e2:e08b:cfcd:5ac:7ef] [/home/u991737198/domains/tas2023.online/public_html/lib/base.php:3281] View->sandbox()
Sat, 25 Jan 2025 00:52:26 -0500 [2603:9000:f801:55e2:e08b:cfcd:5ac:7ef] [/home/u991737198/domains/tas2023.online/public_html/tmp/3hn69l4qoa804.3h31n1yj254w8.php:7] Preview->render()
Sat, 25 Jan 2025 00:52:26 -0500 [2603:9000:f801:55e2:e08b:cfcd:5ac:7ef] [/home/u991737198/domains/tas2023.online/public_html/lib/base.php:3036] require('/home/u991737198/domains/tas2023.online/public_html/tmp/3hn69l4qoa804.3h31n1yj254w8.php')
Sat, 25 Jan 2025 00:52:26 -0500 [2603:9000:f801:55e2:e08b:cfcd:5ac:7ef] [/home/u991737198/domains/tas2023.online/public_html/lib/base.php:3281] View->sandbox()
Sat, 25 Jan 2025 00:52:26 -0500 [2603:9000:f801:55e2:e08b:cfcd:5ac:7ef] [/home/u991737198/domains/tas2023.online/public_html/app/controllers/Controller.php:87] Preview->render()
Sat, 25 Jan 2025 00:52:26 -0500 [2603:9000:f801:55e2:e08b:cfcd:5ac:7ef] [/home/u991737198/domains/tas2023.online/public_html/lib/base.php:2078] Controller->afterroute()
Sat, 25 Jan 2025 00:52:26 -0500 [2603:9000:f801:55e2:e08b:cfcd:5ac:7ef] [/home/u991737198/domains/tas2023.online/public_html/lib/base.php:1871] Base->call()
Sat, 25 Jan 2025 00:52:26 -0500 [2603:9000:f801:55e2:e08b:cfcd:5ac:7ef] [/home/u991737198/domains/tas2023.online/public_html/index.php:19] Base->run()
Sat, 25 Jan 2025 00:52:31 -0500 [2603:9000:f801:55e2:e08b:cfcd:5ac:7ef] 500: Undefined variable $selected_note trace: [/home/u991737198/domains/tas2023.online/public_html/tmp/3hn69l4qoa804.3g8shy2588w00.php:371]
Sat, 25 Jan 2025 00:52:31 -0500 [2603:9000:f801:55e2:e08b:cfcd:5ac:7ef] [/home/u991737198/domains/tas2023.online/public_html/tmp/3hn69l4qoa804.3g8shy2588w00.php:371] Base->{closure}()
Sat, 25 Jan 2025 00:52:31 -0500 [2603:9000:f801:55e2:e08b:cfcd:5ac:7ef] [/home/u991737198/domains/tas2023.online/public_html/lib/base.php:3036] require('/home/u991737198/domains/tas2023.online/public_html/tmp/3hn69l4qoa804.3g8shy2588w00.php')
Sat, 25 Jan 2025 00:52:31 -0500 [2603:9000:f801:55e2:e08b:cfcd:5ac:7ef] [/home/u991737198/domains/tas2023.online/public_html/lib/base.php:3281] View->sandbox()
Sat, 25 Jan 2025 00:52:31 -0500 [2603:9000:f801:55e2:e08b:cfcd:5ac:7ef] [/home/u991737198/domains/tas2023.online/public_html/tmp/3hn69l4qoa804.3h31n1yj254w8.php:7] Preview->render()
Sat, 25 Jan 2025 00:52:31 -0500 [2603:9000:f801:55e2:e08b:cfcd:5ac:7ef] [/home/u991737198/domains/tas2023.online/public_html/lib/base.php:3036] require('/home/u991737198/domains/tas2023.online/public_html/tmp/3hn69l4qoa804.3h31n1yj254w8.php')
Sat, 25 Jan 2025 00:52:31 -0500 [2603:9000:f801:55e2:e08b:cfcd:5ac:7ef] [/home/u991737198/domains/tas2023.online/public_html/lib/base.php:3281] View->sandbox()
Sat, 25 Jan 2025 00:52:31 -0500 [2603:9000:f801:55e2:e08b:cfcd:5ac:7ef] [/home/u991737198/domains/tas2023.online/public_html/app/controllers/Controller.php:87] Preview->render()
Sat, 25 Jan 2025 00:52:31 -0500 [2603:9000:f801:55e2:e08b:cfcd:5ac:7ef] [/home/u991737198/domains/tas2023.online/public_html/lib/base.php:2078] Controller->afterroute()
Sat, 25 Jan 2025 00:52:31 -0500 [2603:9000:f801:55e2:e08b:cfcd:5ac:7ef] [/home/u991737198/domains/tas2023.online/public_html/lib/base.php:1871] Base->call()
Sat, 25 Jan 2025 00:52:31 -0500 [2603:9000:f801:55e2:e08b:cfcd:5ac:7ef] [/home/u991737198/domains/tas2023.online/public_html/index.php:19] Base->run()
Sat, 25 Jan 2025 00:52:43 -0500 [2603:9000:f801:55e2:e08b:cfcd:5ac:7ef] 500: trim(): Passing null to parameter #1 ($string) of type string is deprecated trace: [/home/u991737198/domains/tas2023.online/public_html/tmp/3hn69l4qoa804.3g8shy2588w00.php:340]
Sat, 25 Jan 2025 00:52:43 -0500 [2603:9000:f801:55e2:e08b:cfcd:5ac:7ef] [/home/u991737198/domains/tas2023.online/public_html/tmp/3hn69l4qoa804.3g8shy2588w00.php:340] trim()
Sat, 25 Jan 2025 00:52:43 -0500 [2603:9000:f801:55e2:e08b:cfcd:5ac:7ef] [/home/u991737198/domains/tas2023.online/public_html/lib/base.php:3036] require('/home/u991737198/domains/tas2023.online/public_html/tmp/3hn69l4qoa804.3g8shy2588w00.php')
Sat, 25 Jan 2025 00:52:43 -0500 [2603:9000:f801:55e2:e08b:cfcd:5ac:7ef] [/home/u991737198/domains/tas2023.online/public_html/lib/base.php:3281] View->sandbox()
Sat, 25 Jan 2025 00:52:43 -0500 [2603:9000:f801:55e2:e08b:cfcd:5ac:7ef] [/home/u991737198/domains/tas2023.online/public_html/tmp/3hn69l4qoa804.3h31n1yj254w8.php:7] Preview->render()
Sat, 25 Jan 2025 00:52:43 -0500 [2603:9000:f801:55e2:e08b:cfcd:5ac:7ef] [/home/u991737198/domains/tas2023.online/public_html/lib/base.php:3036] require('/home/u991737198/domains/tas2023.online/public_html/tmp/3hn69l4qoa804.3h31n1yj254w8.php')
Sat, 25 Jan 2025 00:52:43 -0500 [2603:9000:f801:55e2:e08b:cfcd:5ac:7ef] [/home/u991737198/domains/tas2023.online/public_html/lib/base.php:3281] View->sandbox()
Sat, 25 Jan 2025 00:52:43 -0500 [2603:9000:f801:55e2:e08b:cfcd:5ac:7ef] [/home/u991737198/domains/tas2023.online/public_html/app/controllers/Controller.php:87] Preview->render()
Sat, 25 Jan 2025 00:52:43 -0500 [2603:9000:f801:55e2:e08b:cfcd:5ac:7ef] [/home/u991737198/domains/tas2023.online/public_html/lib/base.php:2078] Controller->afterroute()
Sat, 25 Jan 2025 00:52:43 -0500 [2603:9000:f801:55e2:e08b:cfcd:5ac:7ef] [/home/u991737198/domains/tas2023.online/public_html/lib/base.php:1871] Base->call()
Sat, 25 Jan 2025 00:52:43 -0500 [2603:9000:f801:55e2:e08b:cfcd:5ac:7ef] [/home/u991737198/domains/tas2023.online/public_html/index.php:19] Base->run()
Sat, 25 Jan 2025 00:52:49 -0500 [2603:9000:f801:55e2:e08b:cfcd:5ac:7ef] 500: Undefined variable $i18n_select_task_type trace: [/home/u991737198/domains/tas2023.online/public_html/tmp/3hn69l4qoa804.9b9764piwerh.php:214]
Sat, 25 Jan 2025 00:52:49 -0500 [2603:9000:f801:55e2:e08b:cfcd:5ac:7ef] [/home/u991737198/domains/tas2023.online/public_html/tmp/3hn69l4qoa804.9b9764piwerh.php:214] Base->{closure}()
Sat, 25 Jan 2025 00:52:49 -0500 [2603:9000:f801:55e2:e08b:cfcd:5ac:7ef] [/home/u991737198/domains/tas2023.online/public_html/lib/base.php:3036] require('/home/u991737198/domains/tas2023.online/public_html/tmp/3hn69l4qoa804.9b9764piwerh.php')
Sat, 25 Jan 2025 00:52:49 -0500 [2603:9000:f801:55e2:e08b:cfcd:5ac:7ef] [/home/u991737198/domains/tas2023.online/public_html/lib/base.php:3281] View->sandbox()
Sat, 25 Jan 2025 00:52:49 -0500 [2603:9000:f801:55e2:e08b:cfcd:5ac:7ef] [/home/u991737198/domains/tas2023.online/public_html/tmp/3hn69l4qoa804.3h31n1yj254w8.php:7] Preview->render()
Sat, 25 Jan 2025 00:52:49 -0500 [2603:9000:f801:55e2:e08b:cfcd:5ac:7ef] [/home/u991737198/domains/tas2023.online/public_html/lib/base.php:3036] require('/home/u991737198/domains/tas2023.online/public_html/tmp/3hn69l4qoa804.3h31n1yj254w8.php')
Sat, 25 Jan 2025 00:52:49 -0500 [2603:9000:f801:55e2:e08b:cfcd:5ac:7ef] [/home/u991737198/domains/tas2023.online/public_html/lib/base.php:3281] View->sandbox()
Sat, 25 Jan 2025 00:52:49 -0500 [2603:9000:f801:55e2:e08b:cfcd:5ac:7ef] [/home/u991737198/domains/tas2023.online/public_html/app/controllers/Controller.php:87] Preview->render()
Sat, 25 Jan 2025 00:52:49 -0500 [2603:9000:f801:55e2:e08b:cfcd:5ac:7ef] [/home/u991737198/domains/tas2023.online/public_html/lib/base.php:2078] Controller->afterroute()
Sat, 25 Jan 2025 00:52:49 -0500 [2603:9000:f801:55e2:e08b:cfcd:5ac:7ef] [/home/u991737198/domains/tas2023.online/public_html/lib/base.php:1871] Base->call()
Sat, 25 Jan 2025 00:52:49 -0500 [2603:9000:f801:55e2:e08b:cfcd:5ac:7ef] [/home/u991737198/domains/tas2023.online/public_html/index.php:19] Base->run()
Sat, 25 Jan 2025 00:52:53 -0500 [2603:9000:f801:55e2:e08b:cfcd:5ac:7ef] 500: Undefined variable $selected_note trace: [/home/u991737198/domains/tas2023.online/public_html/tmp/3hn69l4qoa804.3g8shy2588w00.php:371]
Sat, 25 Jan 2025 00:52:53 -0500 [2603:9000:f801:55e2:e08b:cfcd:5ac:7ef] [/home/u991737198/domains/tas2023.online/public_html/tmp/3hn69l4qoa804.3g8shy2588w00.php:371] Base->{closure}()
Sat, 25 Jan 2025 00:52:53 -0500 [2603:9000:f801:55e2:e08b:cfcd:5ac:7ef] [/home/u991737198/domains/tas2023.online/public_html/lib/base.php:3036] require('/home/u991737198/domains/tas2023.online/public_html/tmp/3hn69l4qoa804.3g8shy2588w00.php')
Sat, 25 Jan 2025 00:52:53 -0500 [2603:9000:f801:55e2:e08b:cfcd:5ac:7ef] [/home/u991737198/domains/tas2023.online/public_html/lib/base.php:3281] View->sandbox()
Sat, 25 Jan 2025 00:52:53 -0500 [2603:9000:f801:55e2:e08b:cfcd:5ac:7ef] [/home/u991737198/domains/tas2023.online/public_html/tmp/3hn69l4qoa804.3h31n1yj254w8.php:7] Preview->render()
Sat, 25 Jan 2025 00:52:53 -0500 [2603:9000:f801:55e2:e08b:cfcd:5ac:7ef] [/home/u991737198/domains/tas2023.online/public_html/lib/base.php:3036] require('/home/u991737198/domains/tas2023.online/public_html/tmp/3hn69l4qoa804.3h31n1yj254w8.php')
Sat, 25 Jan 2025 00:52:53 -0500 [2603:9000:f801:55e2:e08b:cfcd:5ac:7ef] [/home/u991737198/domains/tas2023.online/public_html/lib/base.php:3281] View->sandbox()
Sat, 25 Jan 2025 00:52:53 -0500 [2603:9000:f801:55e2:e08b:cfcd:5ac:7ef] [/home/u991737198/domains/tas2023.online/public_html/app/controllers/Controller.php:87] Preview->render()
Sat, 25 Jan 2025 00:52:53 -0500 [2603:9000:f801:55e2:e08b:cfcd:5ac:7ef] [/home/u991737198/domains/tas2023.online/public_html/lib/base.php:2078] Controller->afterroute()
Sat, 25 Jan 2025 00:52:53 -0500 [2603:9000:f801:55e2:e08b:cfcd:5ac:7ef] [/home/u991737198/domains/tas2023.online/public_html/lib/base.php:1871] Base->call()
Sat, 25 Jan 2025 00:52:53 -0500 [2603:9000:f801:55e2:e08b:cfcd:5ac:7ef] [/home/u991737198/domains/tas2023.online/public_html/index.php:19] Base->run()
Sat, 25 Jan 2025 00:53:32 -0500 [2603:9000:f801:55e2:e08b:cfcd:5ac:7ef] 500: trim(): Passing null to parameter #1 ($string) of type string is deprecated trace: [/home/u991737198/domains/tas2023.online/public_html/tmp/3hn69l4qoa804.3g8shy2588w00.php:340]
Sat, 25 Jan 2025 00:53:32 -0500 [2603:9000:f801:55e2:e08b:cfcd:5ac:7ef] [/home/u991737198/domains/tas2023.online/public_html/tmp/3hn69l4qoa804.3g8shy2588w00.php:340] trim()
Sat, 25 Jan 2025 00:53:32 -0500 [2603:9000:f801:55e2:e08b:cfcd:5ac:7ef] [/home/u991737198/domains/tas2023.online/public_html/lib/base.php:3036] require('/home/u991737198/domains/tas2023.online/public_html/tmp/3hn69l4qoa804.3g8shy2588w00.php')
Sat, 25 Jan 2025 00:53:32 -0500 [2603:9000:f801:55e2:e08b:cfcd:5ac:7ef] [/home/u991737198/domains/tas2023.online/public_html/lib/base.php:3281] View->sandbox()
Sat, 25 Jan 2025 00:53:32 -0500 [2603:9000:f801:55e2:e08b:cfcd:5ac:7ef] [/home/u991737198/domains/tas2023.online/public_html/tmp/3hn69l4qoa804.3h31n1yj254w8.php:7] Preview->render()
Sat, 25 Jan 2025 00:53:32 -0500 [2603:9000:f801:55e2:e08b:cfcd:5ac:7ef] [/home/u991737198/domains/tas2023.online/public_html/lib/base.php:3036] require('/home/u991737198/domains/tas2023.online/public_html/tmp/3hn69l4qoa804.3h31n1yj254w8.php')
Sat, 25 Jan 2025 00:53:32 -0500 [2603:9000:f801:55e2:e08b:cfcd:5ac:7ef] [/home/u991737198/domains/tas2023.online/public_html/lib/base.php:3281] View->sandbox()
Sat, 25 Jan 2025 00:53:32 -0500 [2603:9000:f801:55e2:e08b:cfcd:5ac:7ef] [/home/u991737198/domains/tas2023.online/public_html/app/controllers/Controller.php:87] Preview->render()
Sat, 25 Jan 2025 00:53:32 -0500 [2603:9000:f801:55e2:e08b:cfcd:5ac:7ef] [/home/u991737198/domains/tas2023.online/public_html/lib/base.php:2078] Controller->afterroute()
Sat, 25 Jan 2025 00:53:32 -0500 [2603:9000:f801:55e2:e08b:cfcd:5ac:7ef] [/home/u991737198/domains/tas2023.online/public_html/lib/base.php:1871] Base->call()
Sat, 25 Jan 2025 00:53:32 -0500 [2603:9000:f801:55e2:e08b:cfcd:5ac:7ef] [/home/u991737198/domains/tas2023.online/public_html/index.php:19] Base->run()
Sat, 25 Jan 2025 00:53:35 -0500 [2603:9000:f801:55e2:e08b:cfcd:5ac:7ef] 500: Undefined variable $i18n_select_task_type trace: [/home/u991737198/domains/tas2023.online/public_html/tmp/3hn69l4qoa804.9b9764piwerh.php:214]
Sat, 25 Jan 2025 00:53:35 -0500 [2603:9000:f801:55e2:e08b:cfcd:5ac:7ef] [/home/u991737198/domains/tas2023.online/public_html/tmp/3hn69l4qoa804.9b9764piwerh.php:214] Base->{closure}()
Sat, 25 Jan 2025 00:53:35 -0500 [2603:9000:f801:55e2:e08b:cfcd:5ac:7ef] [/home/u991737198/domains/tas2023.online/public_html/lib/base.php:3036] require('/home/u991737198/domains/tas2023.online/public_html/tmp/3hn69l4qoa804.9b9764piwerh.php')
Sat, 25 Jan 2025 00:53:35 -0500 [2603:9000:f801:55e2:e08b:cfcd:5ac:7ef] [/home/u991737198/domains/tas2023.online/public_html/lib/base.php:3281] View->sandbox()
Sat, 25 Jan 2025 00:53:35 -0500 [2603:9000:f801:55e2:e08b:cfcd:5ac:7ef] [/home/u991737198/domains/tas2023.online/public_html/tmp/3hn69l4qoa804.3h31n1yj254w8.php:7] Preview->render()
Sat, 25 Jan 2025 00:53:35 -0500 [2603:9000:f801:55e2:e08b:cfcd:5ac:7ef] [/home/u991737198/domains/tas2023.online/public_html/lib/base.php:3036] require('/home/u991737198/domains/tas2023.online/public_html/tmp/3hn69l4qoa804.3h31n1yj254w8.php')
Sat, 25 Jan 2025 00:53:35 -0500 [2603:9000:f801:55e2:e08b:cfcd:5ac:7ef] [/home/u991737198/domains/tas2023.online/public_html/lib/base.php:3281] View->sandbox()
Sat, 25 Jan 2025 00:53:35 -0500 [2603:9000:f801:55e2:e08b:cfcd:5ac:7ef] [/home/u991737198/domains/tas2023.online/public_html/app/controllers/Controller.php:87] Preview->render()
Sat, 25 Jan 2025 00:53:35 -0500 [2603:9000:f801:55e2:e08b:cfcd:5ac:7ef] [/home/u991737198/domains/tas2023.online/public_html/lib/base.php:2078] Controller->afterroute()
Sat, 25 Jan 2025 00:53:35 -0500 [2603:9000:f801:55e2:e08b:cfcd:5ac:7ef] [/home/u991737198/domains/tas2023.online/public_html/lib/base.php:1871] Base->call()
Sat, 25 Jan 2025 00:53:35 -0500 [2603:9000:f801:55e2:e08b:cfcd:5ac:7ef] [/home/u991737198/domains/tas2023.online/public_html/index.php:19] Base->run()
Sat, 25 Jan 2025 00:53:40 -0500 [2603:9000:f801:55e2:e08b:cfcd:5ac:7ef] 500: Undefined variable $selected_note trace: [/home/u991737198/domains/tas2023.online/public_html/tmp/3hn69l4qoa804.3g8shy2588w00.php:371]
Sat, 25 Jan 2025 00:53:40 -0500 [2603:9000:f801:55e2:e08b:cfcd:5ac:7ef] [/home/u991737198/domains/tas2023.online/public_html/tmp/3hn69l4qoa804.3g8shy2588w00.php:371] Base->{closure}()
Sat, 25 Jan 2025 00:53:40 -0500 [2603:9000:f801:55e2:e08b:cfcd:5ac:7ef] [/home/u991737198/domains/tas2023.online/public_html/lib/base.php:3036] require('/home/u991737198/domains/tas2023.online/public_html/tmp/3hn69l4qoa804.3g8shy2588w00.php')
Sat, 25 Jan 2025 00:53:40 -0500 [2603:9000:f801:55e2:e08b:cfcd:5ac:7ef] [/home/u991737198/domains/tas2023.online/public_html/lib/base.php:3281] View->sandbox()
Sat, 25 Jan 2025 00:53:40 -0500 [2603:9000:f801:55e2:e08b:cfcd:5ac:7ef] [/home/u991737198/domains/tas2023.online/public_html/tmp/3hn69l4qoa804.3h31n1yj254w8.php:7] Preview->render()
Sat, 25 Jan 2025 00:53:40 -0500 [2603:9000:f801:55e2:e08b:cfcd:5ac:7ef] [/home/u991737198/domains/tas2023.online/public_html/lib/base.php:3036] require('/home/u991737198/domains/tas2023.online/public_html/tmp/3hn69l4qoa804.3h31n1yj254w8.php')
Sat, 25 Jan 2025 00:53:40 -0500 [2603:9000:f801:55e2:e08b:cfcd:5ac:7ef] [/home/u991737198/domains/tas2023.online/public_html/lib/base.php:3281] View->sandbox()
Sat, 25 Jan 2025 00:53:40 -0500 [2603:9000:f801:55e2:e08b:cfcd:5ac:7ef] [/home/u991737198/domains/tas2023.online/public_html/app/controllers/Controller.php:87] Preview->render()
Sat, 25 Jan 2025 00:53:40 -0500 [2603:9000:f801:55e2:e08b:cfcd:5ac:7ef] [/home/u991737198/domains/tas2023.online/public_html/lib/base.php:2078] Controller->afterroute()
Sat, 25 Jan 2025 00:53:40 -0500 [2603:9000:f801:55e2:e08b:cfcd:5ac:7ef] [/home/u991737198/domains/tas2023.online/public_html/lib/base.php:1871] Base->call()
Sat, 25 Jan 2025 00:53:40 -0500 [2603:9000:f801:55e2:e08b:cfcd:5ac:7ef] [/home/u991737198/domains/tas2023.online/public_html/index.php:19] Base->run()
Sat, 25 Jan 2025 00:53:49 -0500 [2603:9000:f801:55e2:e08b:cfcd:5ac:7ef] 500: trim(): Passing null to parameter #1 ($string) of type string is deprecated trace: [/home/u991737198/domains/tas2023.online/public_html/tmp/3hn69l4qoa804.3g8shy2588w00.php:340]
Sat, 25 Jan 2025 00:53:49 -0500 [2603:9000:f801:55e2:e08b:cfcd:5ac:7ef] [/home/u991737198/domains/tas2023.online/public_html/tmp/3hn69l4qoa804.3g8shy2588w00.php:340] trim()
Sat, 25 Jan 2025 00:53:49 -0500 [2603:9000:f801:55e2:e08b:cfcd:5ac:7ef] [/home/u991737198/domains/tas2023.online/public_html/lib/base.php:3036] require('/home/u991737198/domains/tas2023.online/public_html/tmp/3hn69l4qoa804.3g8shy2588w00.php')
Sat, 25 Jan 2025 00:53:49 -0500 [2603:9000:f801:55e2:e08b:cfcd:5ac:7ef] [/home/u991737198/domains/tas2023.online/public_html/lib/base.php:3281] View->sandbox()
Sat, 25 Jan 2025 00:53:49 -0500 [2603:9000:f801:55e2:e08b:cfcd:5ac:7ef] [/home/u991737198/domains/tas2023.online/public_html/tmp/3hn69l4qoa804.3h31n1yj254w8.php:7] Preview->render()
Sat, 25 Jan 2025 00:53:49 -0500 [2603:9000:f801:55e2:e08b:cfcd:5ac:7ef] [/home/u991737198/domains/tas2023.online/public_html/lib/base.php:3036] require('/home/u991737198/domains/tas2023.online/public_html/tmp/3hn69l4qoa804.3h31n1yj254w8.php')
Sat, 25 Jan 2025 00:53:49 -0500 [2603:9000:f801:55e2:e08b:cfcd:5ac:7ef] [/home/u991737198/domains/tas2023.online/public_html/lib/base.php:3281] View->sandbox()
Sat, 25 Jan 2025 00:53:49 -0500 [2603:9000:f801:55e2:e08b:cfcd:5ac:7ef] [/home/u991737198/domains/tas2023.online/public_html/app/controllers/Controller.php:87] Preview->render()
Sat, 25 Jan 2025 00:53:49 -0500 [2603:9000:f801:55e2:e08b:cfcd:5ac:7ef] [/home/u991737198/domains/tas2023.online/public_html/lib/base.php:2078] Controller->afterroute()
Sat, 25 Jan 2025 00:53:49 -0500 [2603:9000:f801:55e2:e08b:cfcd:5ac:7ef] [/home/u991737198/domains/tas2023.online/public_html/lib/base.php:1871] Base->call()
Sat, 25 Jan 2025 00:53:49 -0500 [2603:9000:f801:55e2:e08b:cfcd:5ac:7ef] [/home/u991737198/domains/tas2023.online/public_html/index.php:19] Base->run()
Sat, 25 Jan 2025 00:53:52 -0500 [2603:9000:f801:55e2:e08b:cfcd:5ac:7ef] 500: Undefined variable $i18n_select_task_type trace: [/home/u991737198/domains/tas2023.online/public_html/tmp/3hn69l4qoa804.9b9764piwerh.php:214]
Sat, 25 Jan 2025 00:53:52 -0500 [2603:9000:f801:55e2:e08b:cfcd:5ac:7ef] [/home/u991737198/domains/tas2023.online/public_html/tmp/3hn69l4qoa804.9b9764piwerh.php:214] Base->{closure}()
Sat, 25 Jan 2025 00:53:52 -0500 [2603:9000:f801:55e2:e08b:cfcd:5ac:7ef] [/home/u991737198/domains/tas2023.online/public_html/lib/base.php:3036] require('/home/u991737198/domains/tas2023.online/public_html/tmp/3hn69l4qoa804.9b9764piwerh.php')
Sat, 25 Jan 2025 00:53:52 -0500 [2603:9000:f801:55e2:e08b:cfcd:5ac:7ef] [/home/u991737198/domains/tas2023.online/public_html/lib/base.php:3281] View->sandbox()
Sat, 25 Jan 2025 00:53:52 -0500 [2603:9000:f801:55e2:e08b:cfcd:5ac:7ef] [/home/u991737198/domains/tas2023.online/public_html/tmp/3hn69l4qoa804.3h31n1yj254w8.php:7] Preview->render()
Sat, 25 Jan 2025 00:53:52 -0500 [2603:9000:f801:55e2:e08b:cfcd:5ac:7ef] [/home/u991737198/domains/tas2023.online/public_html/lib/base.php:3036] require('/home/u991737198/domains/tas2023.online/public_html/tmp/3hn69l4qoa804.3h31n1yj254w8.php')
Sat, 25 Jan 2025 00:53:52 -0500 [2603:9000:f801:55e2:e08b:cfcd:5ac:7ef] [/home/u991737198/domains/tas2023.online/public_html/lib/base.php:3281] View->sandbox()
Sat, 25 Jan 2025 00:53:52 -0500 [2603:9000:f801:55e2:e08b:cfcd:5ac:7ef] [/home/u991737198/domains/tas2023.online/public_html/app/controllers/Controller.php:87] Preview->render()
Sat, 25 Jan 2025 00:53:52 -0500 [2603:9000:f801:55e2:e08b:cfcd:5ac:7ef] [/home/u991737198/domains/tas2023.online/public_html/lib/base.php:2078] Controller->afterroute()
Sat, 25 Jan 2025 00:53:52 -0500 [2603:9000:f801:55e2:e08b:cfcd:5ac:7ef] [/home/u991737198/domains/tas2023.online/public_html/lib/base.php:1871] Base->call()
Sat, 25 Jan 2025 00:53:52 -0500 [2603:9000:f801:55e2:e08b:cfcd:5ac:7ef] [/home/u991737198/domains/tas2023.online/public_html/index.php:19] Base->run()
Sat, 25 Jan 2025 00:53:56 -0500 [2603:9000:f801:55e2:e08b:cfcd:5ac:7ef] 500: Undefined variable $selected_note trace: [/home/u991737198/domains/tas2023.online/public_html/tmp/3hn69l4qoa804.3g8shy2588w00.php:371]
Sat, 25 Jan 2025 00:53:56 -0500 [2603:9000:f801:55e2:e08b:cfcd:5ac:7ef] [/home/u991737198/domains/tas2023.online/public_html/tmp/3hn69l4qoa804.3g8shy2588w00.php:371] Base->{closure}()
Sat, 25 Jan 2025 00:53:56 -0500 [2603:9000:f801:55e2:e08b:cfcd:5ac:7ef] [/home/u991737198/domains/tas2023.online/public_html/lib/base.php:3036] require('/home/u991737198/domains/tas2023.online/public_html/tmp/3hn69l4qoa804.3g8shy2588w00.php')
Sat, 25 Jan 2025 00:53:56 -0500 [2603:9000:f801:55e2:e08b:cfcd:5ac:7ef] [/home/u991737198/domains/tas2023.online/public_html/lib/base.php:3281] View->sandbox()
Sat, 25 Jan 2025 00:53:56 -0500 [2603:9000:f801:55e2:e08b:cfcd:5ac:7ef] [/home/u991737198/domains/tas2023.online/public_html/tmp/3hn69l4qoa804.3h31n1yj254w8.php:7] Preview->render()
Sat, 25 Jan 2025 00:53:56 -0500 [2603:9000:f801:55e2:e08b:cfcd:5ac:7ef] [/home/u991737198/domains/tas2023.online/public_html/lib/base.php:3036] require('/home/u991737198/domains/tas2023.online/public_html/tmp/3hn69l4qoa804.3h31n1yj254w8.php')
Sat, 25 Jan 2025 00:53:56 -0500 [2603:9000:f801:55e2:e08b:cfcd:5ac:7ef] [/home/u991737198/domains/tas2023.online/public_html/lib/base.php:3281] View->sandbox()
Sat, 25 Jan 2025 00:53:56 -0500 [2603:9000:f801:55e2:e08b:cfcd:5ac:7ef] [/home/u991737198/domains/tas2023.online/public_html/app/controllers/Controller.php:87] Preview->render()
Sat, 25 Jan 2025 00:53:56 -0500 [2603:9000:f801:55e2:e08b:cfcd:5ac:7ef] [/home/u991737198/domains/tas2023.online/public_html/lib/base.php:2078] Controller->afterroute()
Sat, 25 Jan 2025 00:53:56 -0500 [2603:9000:f801:55e2:e08b:cfcd:5ac:7ef] [/home/u991737198/domains/tas2023.online/public_html/lib/base.php:1871] Base->call()
Sat, 25 Jan 2025 00:53:56 -0500 [2603:9000:f801:55e2:e08b:cfcd:5ac:7ef] [/home/u991737198/domains/tas2023.online/public_html/index.php:19] Base->run()
Sat, 25 Jan 2025 00:54:13 -0500 [2603:9000:f801:55e2:e08b:cfcd:5ac:7ef] 500: trim(): Passing null to parameter #1 ($string) of type string is deprecated trace: [/home/u991737198/domains/tas2023.online/public_html/tmp/3hn69l4qoa804.3g8shy2588w00.php:340]
Sat, 25 Jan 2025 00:54:13 -0500 [2603:9000:f801:55e2:e08b:cfcd:5ac:7ef] [/home/u991737198/domains/tas2023.online/public_html/tmp/3hn69l4qoa804.3g8shy2588w00.php:340] trim()
Sat, 25 Jan 2025 00:54:13 -0500 [2603:9000:f801:55e2:e08b:cfcd:5ac:7ef] [/home/u991737198/domains/tas2023.online/public_html/lib/base.php:3036] require('/home/u991737198/domains/tas2023.online/public_html/tmp/3hn69l4qoa804.3g8shy2588w00.php')
Sat, 25 Jan 2025 00:54:13 -0500 [2603:9000:f801:55e2:e08b:cfcd:5ac:7ef] [/home/u991737198/domains/tas2023.online/public_html/lib/base.php:3281] View->sandbox()
Sat, 25 Jan 2025 00:54:13 -0500 [2603:9000:f801:55e2:e08b:cfcd:5ac:7ef] [/home/u991737198/domains/tas2023.online/public_html/tmp/3hn69l4qoa804.3h31n1yj254w8.php:7] Preview->render()
Sat, 25 Jan 2025 00:54:13 -0500 [2603:9000:f801:55e2:e08b:cfcd:5ac:7ef] [/home/u991737198/domains/tas2023.online/public_html/lib/base.php:3036] require('/home/u991737198/domains/tas2023.online/public_html/tmp/3hn69l4qoa804.3h31n1yj254w8.php')
Sat, 25 Jan 2025 00:54:13 -0500 [2603:9000:f801:55e2:e08b:cfcd:5ac:7ef] [/home/u991737198/domains/tas2023.online/public_html/lib/base.php:3281] View->sandbox()
Sat, 25 Jan 2025 00:54:13 -0500 [2603:9000:f801:55e2:e08b:cfcd:5ac:7ef] [/home/u991737198/domains/tas2023.online/public_html/app/controllers/Controller.php:87] Preview->render()
Sat, 25 Jan 2025 00:54:13 -0500 [2603:9000:f801:55e2:e08b:cfcd:5ac:7ef] [/home/u991737198/domains/tas2023.online/public_html/lib/base.php:2078] Controller->afterroute()
Sat, 25 Jan 2025 00:54:13 -0500 [2603:9000:f801:55e2:e08b:cfcd:5ac:7ef] [/home/u991737198/domains/tas2023.online/public_html/lib/base.php:1871] Base->call()
Sat, 25 Jan 2025 00:54:13 -0500 [2603:9000:f801:55e2:e08b:cfcd:5ac:7ef] [/home/u991737198/domains/tas2023.online/public_html/index.php:19] Base->run()
Sat, 25 Jan 2025 00:54:23 -0500 [2603:9000:f801:55e2:e08b:cfcd:5ac:7ef] 500: Undefined variable $i18n_select_task_type trace: [/home/u991737198/domains/tas2023.online/public_html/tmp/3hn69l4qoa804.9b9764piwerh.php:214]
Sat, 25 Jan 2025 00:54:23 -0500 [2603:9000:f801:55e2:e08b:cfcd:5ac:7ef] [/home/u991737198/domains/tas2023.online/public_html/tmp/3hn69l4qoa804.9b9764piwerh.php:214] Base->{closure}()
Sat, 25 Jan 2025 00:54:23 -0500 [2603:9000:f801:55e2:e08b:cfcd:5ac:7ef] [/home/u991737198/domains/tas2023.online/public_html/lib/base.php:3036] require('/home/u991737198/domains/tas2023.online/public_html/tmp/3hn69l4qoa804.9b9764piwerh.php')
Sat, 25 Jan 2025 00:54:23 -0500 [2603:9000:f801:55e2:e08b:cfcd:5ac:7ef] [/home/u991737198/domains/tas2023.online/public_html/lib/base.php:3281] View->sandbox()
Sat, 25 Jan 2025 00:54:23 -0500 [2603:9000:f801:55e2:e08b:cfcd:5ac:7ef] [/home/u991737198/domains/tas2023.online/public_html/tmp/3hn69l4qoa804.3h31n1yj254w8.php:7] Preview->render()
Sat, 25 Jan 2025 00:54:23 -0500 [2603:9000:f801:55e2:e08b:cfcd:5ac:7ef] [/home/u991737198/domains/tas2023.online/public_html/lib/base.php:3036] require('/home/u991737198/domains/tas2023.online/public_html/tmp/3hn69l4qoa804.3h31n1yj254w8.php')
Sat, 25 Jan 2025 00:54:23 -0500 [2603:9000:f801:55e2:e08b:cfcd:5ac:7ef] [/home/u991737198/domains/tas2023.online/public_html/lib/base.php:3281] View->sandbox()
Sat, 25 Jan 2025 00:54:23 -0500 [2603:9000:f801:55e2:e08b:cfcd:5ac:7ef] [/home/u991737198/domains/tas2023.online/public_html/app/controllers/Controller.php:87] Preview->render()
Sat, 25 Jan 2025 00:54:23 -0500 [2603:9000:f801:55e2:e08b:cfcd:5ac:7ef] [/home/u991737198/domains/tas2023.online/public_html/lib/base.php:2078] Controller->afterroute()
Sat, 25 Jan 2025 00:54:23 -0500 [2603:9000:f801:55e2:e08b:cfcd:5ac:7ef] [/home/u991737198/domains/tas2023.online/public_html/lib/base.php:1871] Base->call()
Sat, 25 Jan 2025 00:54:23 -0500 [2603:9000:f801:55e2:e08b:cfcd:5ac:7ef] [/home/u991737198/domains/tas2023.online/public_html/index.php:19] Base->run()
Sat, 25 Jan 2025 00:54:31 -0500 [2603:9000:f801:55e2:e08b:cfcd:5ac:7ef] 500: Undefined variable $selected_note trace: [/home/u991737198/domains/tas2023.online/public_html/tmp/3hn69l4qoa804.3g8shy2588w00.php:371]
Sat, 25 Jan 2025 00:54:31 -0500 [2603:9000:f801:55e2:e08b:cfcd:5ac:7ef] [/home/u991737198/domains/tas2023.online/public_html/tmp/3hn69l4qoa804.3g8shy2588w00.php:371] Base->{closure}()
Sat, 25 Jan 2025 00:54:31 -0500 [2603:9000:f801:55e2:e08b:cfcd:5ac:7ef] [/home/u991737198/domains/tas2023.online/public_html/lib/base.php:3036] require('/home/u991737198/domains/tas2023.online/public_html/tmp/3hn69l4qoa804.3g8shy2588w00.php')
Sat, 25 Jan 2025 00:54:31 -0500 [2603:9000:f801:55e2:e08b:cfcd:5ac:7ef] [/home/u991737198/domains/tas2023.online/public_html/lib/base.php:3281] View->sandbox()
Sat, 25 Jan 2025 00:54:31 -0500 [2603:9000:f801:55e2:e08b:cfcd:5ac:7ef] [/home/u991737198/domains/tas2023.online/public_html/tmp/3hn69l4qoa804.3h31n1yj254w8.php:7] Preview->render()
Sat, 25 Jan 2025 00:54:31 -0500 [2603:9000:f801:55e2:e08b:cfcd:5ac:7ef] [/home/u991737198/domains/tas2023.online/public_html/lib/base.php:3036] require('/home/u991737198/domains/tas2023.online/public_html/tmp/3hn69l4qoa804.3h31n1yj254w8.php')
Sat, 25 Jan 2025 00:54:31 -0500 [2603:9000:f801:55e2:e08b:cfcd:5ac:7ef] [/home/u991737198/domains/tas2023.online/public_html/lib/base.php:3281] View->sandbox()
Sat, 25 Jan 2025 00:54:31 -0500 [2603:9000:f801:55e2:e08b:cfcd:5ac:7ef] [/home/u991737198/domains/tas2023.online/public_html/app/controllers/Controller.php:87] Preview->render()
Sat, 25 Jan 2025 00:54:31 -0500 [2603:9000:f801:55e2:e08b:cfcd:5ac:7ef] [/home/u991737198/domains/tas2023.online/public_html/lib/base.php:2078] Controller->afterroute()
Sat, 25 Jan 2025 00:54:31 -0500 [2603:9000:f801:55e2:e08b:cfcd:5ac:7ef] [/home/u991737198/domains/tas2023.online/public_html/lib/base.php:1871] Base->call()
Sat, 25 Jan 2025 00:54:31 -0500 [2603:9000:f801:55e2:e08b:cfcd:5ac:7ef] [/home/u991737198/domains/tas2023.online/public_html/index.php:19] Base->run()
Sat, 25 Jan 2025 00:54:39 -0500 [2603:9000:f801:55e2:e08b:cfcd:5ac:7ef] 500: trim(): Passing null to parameter #1 ($string) of type string is deprecated trace: [/home/u991737198/domains/tas2023.online/public_html/tmp/3hn69l4qoa804.3g8shy2588w00.php:340]
Sat, 25 Jan 2025 00:54:39 -0500 [2603:9000:f801:55e2:e08b:cfcd:5ac:7ef] [/home/u991737198/domains/tas2023.online/public_html/tmp/3hn69l4qoa804.3g8shy2588w00.php:340] trim()
Sat, 25 Jan 2025 00:54:39 -0500 [2603:9000:f801:55e2:e08b:cfcd:5ac:7ef] [/home/u991737198/domains/tas2023.online/public_html/lib/base.php:3036] require('/home/u991737198/domains/tas2023.online/public_html/tmp/3hn69l4qoa804.3g8shy2588w00.php')
Sat, 25 Jan 2025 00:54:39 -0500 [2603:9000:f801:55e2:e08b:cfcd:5ac:7ef] [/home/u991737198/domains/tas2023.online/public_html/lib/base.php:3281] View->sandbox()
Sat, 25 Jan 2025 00:54:39 -0500 [2603:9000:f801:55e2:e08b:cfcd:5ac:7ef] [/home/u991737198/domains/tas2023.online/public_html/tmp/3hn69l4qoa804.3h31n1yj254w8.php:7] Preview->render()
Sat, 25 Jan 2025 00:54:39 -0500 [2603:9000:f801:55e2:e08b:cfcd:5ac:7ef] [/home/u991737198/domains/tas2023.online/public_html/lib/base.php:3036] require('/home/u991737198/domains/tas2023.online/public_html/tmp/3hn69l4qoa804.3h31n1yj254w8.php')
Sat, 25 Jan 2025 00:54:39 -0500 [2603:9000:f801:55e2:e08b:cfcd:5ac:7ef] [/home/u991737198/domains/tas2023.online/public_html/lib/base.php:3281] View->sandbox()
Sat, 25 Jan 2025 00:54:39 -0500 [2603:9000:f801:55e2:e08b:cfcd:5ac:7ef] [/home/u991737198/domains/tas2023.online/public_html/app/controllers/Controller.php:87] Preview->render()
Sat, 25 Jan 2025 00:54:39 -0500 [2603:9000:f801:55e2:e08b:cfcd:5ac:7ef] [/home/u991737198/domains/tas2023.online/public_html/lib/base.php:2078] Controller->afterroute()
Sat, 25 Jan 2025 00:54:39 -0500 [2603:9000:f801:55e2:e08b:cfcd:5ac:7ef] [/home/u991737198/domains/tas2023.online/public_html/lib/base.php:1871] Base->call()
Sat, 25 Jan 2025 00:54:39 -0500 [2603:9000:f801:55e2:e08b:cfcd:5ac:7ef] [/home/u991737198/domains/tas2023.online/public_html/index.php:19] Base->run()
Sat, 25 Jan 2025 00:55:02 -0500 [2603:9000:f801:55e2:e08b:cfcd:5ac:7ef] 500: Undefined variable $i18n_select_task_type trace: [/home/u991737198/domains/tas2023.online/public_html/tmp/3hn69l4qoa804.9b9764piwerh.php:214]
Sat, 25 Jan 2025 00:55:02 -0500 [2603:9000:f801:55e2:e08b:cfcd:5ac:7ef] [/home/u991737198/domains/tas2023.online/public_html/tmp/3hn69l4qoa804.9b9764piwerh.php:214] Base->{closure}()
Sat, 25 Jan 2025 00:55:02 -0500 [2603:9000:f801:55e2:e08b:cfcd:5ac:7ef] [/home/u991737198/domains/tas2023.online/public_html/lib/base.php:3036] require('/home/u991737198/domains/tas2023.online/public_html/tmp/3hn69l4qoa804.9b9764piwerh.php')
Sat, 25 Jan 2025 00:55:02 -0500 [2603:9000:f801:55e2:e08b:cfcd:5ac:7ef] [/home/u991737198/domains/tas2023.online/public_html/lib/base.php:3281] View->sandbox()
Sat, 25 Jan 2025 00:55:02 -0500 [2603:9000:f801:55e2:e08b:cfcd:5ac:7ef] [/home/u991737198/domains/tas2023.online/public_html/tmp/3hn69l4qoa804.3h31n1yj254w8.php:7] Preview->render()
Sat, 25 Jan 2025 00:55:02 -0500 [2603:9000:f801:55e2:e08b:cfcd:5ac:7ef] [/home/u991737198/domains/tas2023.online/public_html/lib/base.php:3036] require('/home/u991737198/domains/tas2023.online/public_html/tmp/3hn69l4qoa804.3h31n1yj254w8.php')
Sat, 25 Jan 2025 00:55:02 -0500 [2603:9000:f801:55e2:e08b:cfcd:5ac:7ef] [/home/u991737198/domains/tas2023.online/public_html/lib/base.php:3281] View->sandbox()
Sat, 25 Jan 2025 00:55:02 -0500 [2603:9000:f801:55e2:e08b:cfcd:5ac:7ef] [/home/u991737198/domains/tas2023.online/public_html/app/controllers/Controller.php:87] Preview->render()
Sat, 25 Jan 2025 00:55:02 -0500 [2603:9000:f801:55e2:e08b:cfcd:5ac:7ef] [/home/u991737198/domains/tas2023.online/public_html/lib/base.php:2078] Controller->afterroute()
Sat, 25 Jan 2025 00:55:02 -0500 [2603:9000:f801:55e2:e08b:cfcd:5ac:7ef] [/home/u991737198/domains/tas2023.online/public_html/lib/base.php:1871] Base->call()
Sat, 25 Jan 2025 00:55:02 -0500 [2603:9000:f801:55e2:e08b:cfcd:5ac:7ef] [/home/u991737198/domains/tas2023.online/public_html/index.php:19] Base->run()
Sat, 25 Jan 2025 00:55:13 -0500 [2603:9000:f801:55e2:e08b:cfcd:5ac:7ef] 500: Undefined variable $fechapicker trace: [/home/u991737198/domains/tas2023.online/public_html/tmp/3hn69l4qoa804.22phmm30e0u84.php:333]
Sat, 25 Jan 2025 00:55:13 -0500 [2603:9000:f801:55e2:e08b:cfcd:5ac:7ef] [/home/u991737198/domains/tas2023.online/public_html/tmp/3hn69l4qoa804.22phmm30e0u84.php:333] Base->{closure}()
Sat, 25 Jan 2025 00:55:13 -0500 [2603:9000:f801:55e2:e08b:cfcd:5ac:7ef] [/home/u991737198/domains/tas2023.online/public_html/lib/base.php:3036] require('/home/u991737198/domains/tas2023.online/public_html/tmp/3hn69l4qoa804.22phmm30e0u84.php')
Sat, 25 Jan 2025 00:55:13 -0500 [2603:9000:f801:55e2:e08b:cfcd:5ac:7ef] [/home/u991737198/domains/tas2023.online/public_html/lib/base.php:3281] View->sandbox()
Sat, 25 Jan 2025 00:55:13 -0500 [2603:9000:f801:55e2:e08b:cfcd:5ac:7ef] [/home/u991737198/domains/tas2023.online/public_html/tmp/3hn69l4qoa804.3h31n1yj254w8.php:7] Preview->render()
Sat, 25 Jan 2025 00:55:13 -0500 [2603:9000:f801:55e2:e08b:cfcd:5ac:7ef] [/home/u991737198/domains/tas2023.online/public_html/lib/base.php:3036] require('/home/u991737198/domains/tas2023.online/public_html/tmp/3hn69l4qoa804.3h31n1yj254w8.php')
Sat, 25 Jan 2025 00:55:13 -0500 [2603:9000:f801:55e2:e08b:cfcd:5ac:7ef] [/home/u991737198/domains/tas2023.online/public_html/lib/base.php:3281] View->sandbox()
Sat, 25 Jan 2025 00:55:13 -0500 [2603:9000:f801:55e2:e08b:cfcd:5ac:7ef] [/home/u991737198/domains/tas2023.online/public_html/app/controllers/Controller.php:87] Preview->render()
Sat, 25 Jan 2025 00:55:13 -0500 [2603:9000:f801:55e2:e08b:cfcd:5ac:7ef] [/home/u991737198/domains/tas2023.online/public_html/lib/base.php:2078] Controller->afterroute()
Sat, 25 Jan 2025 00:55:13 -0500 [2603:9000:f801:55e2:e08b:cfcd:5ac:7ef] [/home/u991737198/domains/tas2023.online/public_html/lib/base.php:1871] Base->call()
Sat, 25 Jan 2025 00:55:13 -0500 [2603:9000:f801:55e2:e08b:cfcd:5ac:7ef] [/home/u991737198/domains/tas2023.online/public_html/index.php:19] Base->run()
Sat, 25 Jan 2025 00:55:22 -0500 [2603:9000:f801:55e2:e08b:cfcd:5ac:7ef] 500: Undefined variable $fechapicker trace: [/home/u991737198/domains/tas2023.online/public_html/tmp/3hn69l4qoa804.22phmm30e0u84.php:333]
Sat, 25 Jan 2025 00:55:22 -0500 [2603:9000:f801:55e2:e08b:cfcd:5ac:7ef] [/home/u991737198/domains/tas2023.online/public_html/tmp/3hn69l4qoa804.22phmm30e0u84.php:333] Base->{closure}()
Sat, 25 Jan 2025 00:55:22 -0500 [2603:9000:f801:55e2:e08b:cfcd:5ac:7ef] [/home/u991737198/domains/tas2023.online/public_html/lib/base.php:3036] require('/home/u991737198/domains/tas2023.online/public_html/tmp/3hn69l4qoa804.22phmm30e0u84.php')
Sat, 25 Jan 2025 00:55:22 -0500 [2603:9000:f801:55e2:e08b:cfcd:5ac:7ef] [/home/u991737198/domains/tas2023.online/public_html/lib/base.php:3281] View->sandbox()
Sat, 25 Jan 2025 00:55:22 -0500 [2603:9000:f801:55e2:e08b:cfcd:5ac:7ef] [/home/u991737198/domains/tas2023.online/public_html/tmp/3hn69l4qoa804.3h31n1yj254w8.php:7] Preview->render()
Sat, 25 Jan 2025 00:55:22 -0500 [2603:9000:f801:55e2:e08b:cfcd:5ac:7ef] [/home/u991737198/domains/tas2023.online/public_html/lib/base.php:3036] require('/home/u991737198/domains/tas2023.online/public_html/tmp/3hn69l4qoa804.3h31n1yj254w8.php')
Sat, 25 Jan 2025 00:55:22 -0500 [2603:9000:f801:55e2:e08b:cfcd:5ac:7ef] [/home/u991737198/domains/tas2023.online/public_html/lib/base.php:3281] View->sandbox()
Sat, 25 Jan 2025 00:55:22 -0500 [2603:9000:f801:55e2:e08b:cfcd:5ac:7ef] [/home/u991737198/domains/tas2023.online/public_html/app/controllers/Controller.php:87] Preview->render()
Sat, 25 Jan 2025 00:55:22 -0500 [2603:9000:f801:55e2:e08b:cfcd:5ac:7ef] [/home/u991737198/domains/tas2023.online/public_html/lib/base.php:2078] Controller->afterroute()
Sat, 25 Jan 2025 00:55:22 -0500 [2603:9000:f801:55e2:e08b:cfcd:5ac:7ef] [/home/u991737198/domains/tas2023.online/public_html/lib/base.php:1871] Base->call()
Sat, 25 Jan 2025 00:55:22 -0500 [2603:9000:f801:55e2:e08b:cfcd:5ac:7ef] [/home/u991737198/domains/tas2023.online/public_html/index.php:19] Base->run()
Sat, 25 Jan 2025 00:57:02 -0500 [2603:9000:f801:55e2:e08b:cfcd:5ac:7ef] 500: Undefined variable $entity_num trace: [tmp/3hn69l4qoa804.1zo7dt0fljr4w.php:200]
Sat, 25 Jan 2025 00:57:02 -0500 [2603:9000:f801:55e2:e08b:cfcd:5ac:7ef] [tmp/3hn69l4qoa804.1zo7dt0fljr4w.php:200] Base->{closure}()
Sat, 25 Jan 2025 00:57:02 -0500 [2603:9000:f801:55e2:e08b:cfcd:5ac:7ef] [lib/base.php:3036] require('/home/u991737198/domains/tas2023.online/public_html/tmp/3hn69l4qoa804.1zo7dt0fljr4w.php')
Sat, 25 Jan 2025 00:57:02 -0500 [2603:9000:f801:55e2:e08b:cfcd:5ac:7ef] [lib/base.php:3281] View->sandbox()
Sat, 25 Jan 2025 00:57:02 -0500 [2603:9000:f801:55e2:e08b:cfcd:5ac:7ef] [tmp/3hn69l4qoa804.3h31n1yj254w8.php:7] Preview->render()
Sat, 25 Jan 2025 00:57:02 -0500 [2603:9000:f801:55e2:e08b:cfcd:5ac:7ef] [lib/base.php:3036] require('/home/u991737198/domains/tas2023.online/public_html/tmp/3hn69l4qoa804.3h31n1yj254w8.php')
Sat, 25 Jan 2025 00:57:02 -0500 [2603:9000:f801:55e2:e08b:cfcd:5ac:7ef] [lib/base.php:3281] View->sandbox()
Sat, 25 Jan 2025 00:57:02 -0500 [2603:9000:f801:55e2:e08b:cfcd:5ac:7ef] [app/controllers/Controller.php:87] Preview->render()
Sat, 25 Jan 2025 00:57:02 -0500 [2603:9000:f801:55e2:e08b:cfcd:5ac:7ef] [lib/base.php:2078] Controller->afterroute()
Sat, 25 Jan 2025 00:57:02 -0500 [2603:9000:f801:55e2:e08b:cfcd:5ac:7ef] [lib/base.php:1871] Base->call()
Sat, 25 Jan 2025 00:57:02 -0500 [2603:9000:f801:55e2:e08b:cfcd:5ac:7ef] [index.php:19] Base->run()
Sat, 25 Jan 2025 00:57:06 -0500 [2603:9000:f801:55e2:e08b:cfcd:5ac:7ef] 500: Undefined variable $count trace: [tmp/3hn69l4qoa804.man4oes5p0l2.php:136]
Sat, 25 Jan 2025 00:57:06 -0500 [2603:9000:f801:55e2:e08b:cfcd:5ac:7ef] [tmp/3hn69l4qoa804.man4oes5p0l2.php:136] Base->{closure}()
Sat, 25 Jan 2025 00:57:06 -0500 [2603:9000:f801:55e2:e08b:cfcd:5ac:7ef] [lib/base.php:3036] require('/home/u991737198/domains/tas2023.online/public_html/tmp/3hn69l4qoa804.man4oes5p0l2.php')
Sat, 25 Jan 2025 00:57:06 -0500 [2603:9000:f801:55e2:e08b:cfcd:5ac:7ef] [lib/base.php:3281] View->sandbox()
Sat, 25 Jan 2025 00:57:06 -0500 [2603:9000:f801:55e2:e08b:cfcd:5ac:7ef] [tmp/3hn69l4qoa804.3h31n1yj254w8.php:7] Preview->render()
Sat, 25 Jan 2025 00:57:06 -0500 [2603:9000:f801:55e2:e08b:cfcd:5ac:7ef] [lib/base.php:3036] require('/home/u991737198/domains/tas2023.online/public_html/tmp/3hn69l4qoa804.3h31n1yj254w8.php')
Sat, 25 Jan 2025 00:57:06 -0500 [2603:9000:f801:55e2:e08b:cfcd:5ac:7ef] [lib/base.php:3281] View->sandbox()
Sat, 25 Jan 2025 00:57:06 -0500 [2603:9000:f801:55e2:e08b:cfcd:5ac:7ef] [app/controllers/Controller.php:87] Preview->render()
Sat, 25 Jan 2025 00:57:06 -0500 [2603:9000:f801:55e2:e08b:cfcd:5ac:7ef] [lib/base.php:2078] Controller->afterroute()
Sat, 25 Jan 2025 00:57:06 -0500 [2603:9000:f801:55e2:e08b:cfcd:5ac:7ef] [lib/base.php:1871] Base->call()
Sat, 25 Jan 2025 00:57:06 -0500 [2603:9000:f801:55e2:e08b:cfcd:5ac:7ef] [index.php:19] Base->run()
Sat, 25 Jan 2025 01:08:03 -0500 [2603:9000:f801:55e2:e08b:cfcd:5ac:7ef] 500: Undefined variable $entity_num trace: [tmp/3hn69l4qoa804.1zo7dt0fljr4w.php:200]
Sat, 25 Jan 2025 01:08:03 -0500 [2603:9000:f801:55e2:e08b:cfcd:5ac:7ef] [tmp/3hn69l4qoa804.1zo7dt0fljr4w.php:200] Base->{closure}()
Sat, 25 Jan 2025 01:08:03 -0500 [2603:9000:f801:55e2:e08b:cfcd:5ac:7ef] [lib/base.php:3036] require('/home/u991737198/domains/tas2023.online/public_html/tmp/3hn69l4qoa804.1zo7dt0fljr4w.php')
Sat, 25 Jan 2025 01:08:03 -0500 [2603:9000:f801:55e2:e08b:cfcd:5ac:7ef] [lib/base.php:3281] View->sandbox()
Sat, 25 Jan 2025 01:08:03 -0500 [2603:9000:f801:55e2:e08b:cfcd:5ac:7ef] [tmp/3hn69l4qoa804.3h31n1yj254w8.php:7] Preview->render()
Sat, 25 Jan 2025 01:08:03 -0500 [2603:9000:f801:55e2:e08b:cfcd:5ac:7ef] [lib/base.php:3036] require('/home/u991737198/domains/tas2023.online/public_html/tmp/3hn69l4qoa804.3h31n1yj254w8.php')
Sat, 25 Jan 2025 01:08:03 -0500 [2603:9000:f801:55e2:e08b:cfcd:5ac:7ef] [lib/base.php:3281] View->sandbox()
Sat, 25 Jan 2025 01:08:03 -0500 [2603:9000:f801:55e2:e08b:cfcd:5ac:7ef] [app/controllers/Controller.php:87] Preview->render()
Sat, 25 Jan 2025 01:08:03 -0500 [2603:9000:f801:55e2:e08b:cfcd:5ac:7ef] [lib/base.php:2078] Controller->afterroute()
Sat, 25 Jan 2025 01:08:03 -0500 [2603:9000:f801:55e2:e08b:cfcd:5ac:7ef] [lib/base.php:1871] Base->call()
Sat, 25 Jan 2025 01:08:03 -0500 [2603:9000:f801:55e2:e08b:cfcd:5ac:7ef] [index.php:19] Base->run()
Sat, 25 Jan 2025 01:08:15 -0500 [2603:9000:f801:55e2:e08b:cfcd:5ac:7ef] 500: Undefined variable $entity_num trace: [tmp/3hn69l4qoa804.1zo7dt0fljr4w.php:200]
Sat, 25 Jan 2025 01:08:15 -0500 [2603:9000:f801:55e2:e08b:cfcd:5ac:7ef] [tmp/3hn69l4qoa804.1zo7dt0fljr4w.php:200] Base->{closure}()
Sat, 25 Jan 2025 01:08:15 -0500 [2603:9000:f801:55e2:e08b:cfcd:5ac:7ef] [lib/base.php:3036] require('/home/u991737198/domains/tas2023.online/public_html/tmp/3hn69l4qoa804.1zo7dt0fljr4w.php')
Sat, 25 Jan 2025 01:08:15 -0500 [2603:9000:f801:55e2:e08b:cfcd:5ac:7ef] [lib/base.php:3281] View->sandbox()
Sat, 25 Jan 2025 01:08:15 -0500 [2603:9000:f801:55e2:e08b:cfcd:5ac:7ef] [tmp/3hn69l4qoa804.3h31n1yj254w8.php:7] Preview->render()
Sat, 25 Jan 2025 01:08:15 -0500 [2603:9000:f801:55e2:e08b:cfcd:5ac:7ef] [lib/base.php:3036] require('/home/u991737198/domains/tas2023.online/public_html/tmp/3hn69l4qoa804.3h31n1yj254w8.php')
Sat, 25 Jan 2025 01:08:15 -0500 [2603:9000:f801:55e2:e08b:cfcd:5ac:7ef] [lib/base.php:3281] View->sandbox()
Sat, 25 Jan 2025 01:08:15 -0500 [2603:9000:f801:55e2:e08b:cfcd:5ac:7ef] [app/controllers/Controller.php:87] Preview->render()
Sat, 25 Jan 2025 01:08:15 -0500 [2603:9000:f801:55e2:e08b:cfcd:5ac:7ef] [lib/base.php:2078] Controller->afterroute()
Sat, 25 Jan 2025 01:08:15 -0500 [2603:9000:f801:55e2:e08b:cfcd:5ac:7ef] [lib/base.php:1871] Base->call()
Sat, 25 Jan 2025 01:08:15 -0500 [2603:9000:f801:55e2:e08b:cfcd:5ac:7ef] [index.php:19] Base->run()
Sat, 25 Jan 2025 01:23:44 -0500 [2603:9000:f801:55e2:e08b:cfcd:5ac:7ef] 500: Undefined variable $i18n_select_task_type trace: [/home/u991737198/domains/tas2023.online/public_html/tmp/3hn69l4qoa804.9b9764piwerh.php:214]
Sat, 25 Jan 2025 01:23:44 -0500 [2603:9000:f801:55e2:e08b:cfcd:5ac:7ef] [/home/u991737198/domains/tas2023.online/public_html/tmp/3hn69l4qoa804.9b9764piwerh.php:214] Base->{closure}()
Sat, 25 Jan 2025 01:23:44 -0500 [2603:9000:f801:55e2:e08b:cfcd:5ac:7ef] [/home/u991737198/domains/tas2023.online/public_html/lib/base.php:3036] require('/home/u991737198/domains/tas2023.online/public_html/tmp/3hn69l4qoa804.9b9764piwerh.php')
Sat, 25 Jan 2025 01:23:44 -0500 [2603:9000:f801:55e2:e08b:cfcd:5ac:7ef] [/home/u991737198/domains/tas2023.online/public_html/lib/base.php:3281] View->sandbox()
Sat, 25 Jan 2025 01:23:44 -0500 [2603:9000:f801:55e2:e08b:cfcd:5ac:7ef] [/home/u991737198/domains/tas2023.online/public_html/tmp/3hn69l4qoa804.3h31n1yj254w8.php:7] Preview->render()
Sat, 25 Jan 2025 01:23:44 -0500 [2603:9000:f801:55e2:e08b:cfcd:5ac:7ef] [/home/u991737198/domains/tas2023.online/public_html/lib/base.php:3036] require('/home/u991737198/domains/tas2023.online/public_html/tmp/3hn69l4qoa804.3h31n1yj254w8.php')
Sat, 25 Jan 2025 01:23:44 -0500 [2603:9000:f801:55e2:e08b:cfcd:5ac:7ef] [/home/u991737198/domains/tas2023.online/public_html/lib/base.php:3281] View->sandbox()
Sat, 25 Jan 2025 01:23:44 -0500 [2603:9000:f801:55e2:e08b:cfcd:5ac:7ef] [/home/u991737198/domains/tas2023.online/public_html/app/controllers/Controller.php:87] Preview->render()
Sat, 25 Jan 2025 01:23:44 -0500 [2603:9000:f801:55e2:e08b:cfcd:5ac:7ef] [/home/u991737198/domains/tas2023.online/public_html/lib/base.php:2078] Controller->afterroute()
Sat, 25 Jan 2025 01:23:44 -0500 [2603:9000:f801:55e2:e08b:cfcd:5ac:7ef] [/home/u991737198/domains/tas2023.online/public_html/lib/base.php:1871] Base->call()
Sat, 25 Jan 2025 01:23:44 -0500 [2603:9000:f801:55e2:e08b:cfcd:5ac:7ef] [/home/u991737198/domains/tas2023.online/public_html/index.php:19] Base->run()
Sat, 25 Jan 2025 01:23:53 -0500 [2603:9000:f801:55e2:e08b:cfcd:5ac:7ef] 500: Undefined variable $entity_num trace: [tmp/3hn69l4qoa804.1zo7dt0fljr4w.php:200]
Sat, 25 Jan 2025 01:23:53 -0500 [2603:9000:f801:55e2:e08b:cfcd:5ac:7ef] [tmp/3hn69l4qoa804.1zo7dt0fljr4w.php:200] Base->{closure}()
Sat, 25 Jan 2025 01:23:53 -0500 [2603:9000:f801:55e2:e08b:cfcd:5ac:7ef] [lib/base.php:3036] require('/home/u991737198/domains/tas2023.online/public_html/tmp/3hn69l4qoa804.1zo7dt0fljr4w.php')
Sat, 25 Jan 2025 01:23:53 -0500 [2603:9000:f801:55e2:e08b:cfcd:5ac:7ef] [lib/base.php:3281] View->sandbox()
Sat, 25 Jan 2025 01:23:53 -0500 [2603:9000:f801:55e2:e08b:cfcd:5ac:7ef] [tmp/3hn69l4qoa804.3h31n1yj254w8.php:7] Preview->render()
Sat, 25 Jan 2025 01:23:53 -0500 [2603:9000:f801:55e2:e08b:cfcd:5ac:7ef] [lib/base.php:3036] require('/home/u991737198/domains/tas2023.online/public_html/tmp/3hn69l4qoa804.3h31n1yj254w8.php')
Sat, 25 Jan 2025 01:23:53 -0500 [2603:9000:f801:55e2:e08b:cfcd:5ac:7ef] [lib/base.php:3281] View->sandbox()
Sat, 25 Jan 2025 01:23:53 -0500 [2603:9000:f801:55e2:e08b:cfcd:5ac:7ef] [app/controllers/Controller.php:87] Preview->render()
Sat, 25 Jan 2025 01:23:53 -0500 [2603:9000:f801:55e2:e08b:cfcd:5ac:7ef] [lib/base.php:2078] Controller->afterroute()
Sat, 25 Jan 2025 01:23:53 -0500 [2603:9000:f801:55e2:e08b:cfcd:5ac:7ef] [lib/base.php:1871] Base->call()
Sat, 25 Jan 2025 01:23:53 -0500 [2603:9000:f801:55e2:e08b:cfcd:5ac:7ef] [index.php:19] Base->run()
Sat, 25 Jan 2025 01:24:20 -0500 [2603:9000:f801:55e2:e08b:cfcd:5ac:7ef] 500: Undefined variable $entity_num trace: [tmp/3hn69l4qoa804.1zo7dt0fljr4w.php:200]
Sat, 25 Jan 2025 01:24:20 -0500 [2603:9000:f801:55e2:e08b:cfcd:5ac:7ef] [tmp/3hn69l4qoa804.1zo7dt0fljr4w.php:200] Base->{closure}()
Sat, 25 Jan 2025 01:24:20 -0500 [2603:9000:f801:55e2:e08b:cfcd:5ac:7ef] [lib/base.php:3036] require('/home/u991737198/domains/tas2023.online/public_html/tmp/3hn69l4qoa804.1zo7dt0fljr4w.php')
Sat, 25 Jan 2025 01:24:20 -0500 [2603:9000:f801:55e2:e08b:cfcd:5ac:7ef] [lib/base.php:3281] View->sandbox()
Sat, 25 Jan 2025 01:24:20 -0500 [2603:9000:f801:55e2:e08b:cfcd:5ac:7ef] [tmp/3hn69l4qoa804.3h31n1yj254w8.php:7] Preview->render()
Sat, 25 Jan 2025 01:24:20 -0500 [2603:9000:f801:55e2:e08b:cfcd:5ac:7ef] [lib/base.php:3036] require('/home/u991737198/domains/tas2023.online/public_html/tmp/3hn69l4qoa804.3h31n1yj254w8.php')
Sat, 25 Jan 2025 01:24:20 -0500 [2603:9000:f801:55e2:e08b:cfcd:5ac:7ef] [lib/base.php:3281] View->sandbox()
Sat, 25 Jan 2025 01:24:20 -0500 [2603:9000:f801:55e2:e08b:cfcd:5ac:7ef] [app/controllers/Controller.php:87] Preview->render()
Sat, 25 Jan 2025 01:24:20 -0500 [2603:9000:f801:55e2:e08b:cfcd:5ac:7ef] [lib/base.php:2078] Controller->afterroute()
Sat, 25 Jan 2025 01:24:20 -0500 [2603:9000:f801:55e2:e08b:cfcd:5ac:7ef] [lib/base.php:1871] Base->call()
Sat, 25 Jan 2025 01:24:20 -0500 [2603:9000:f801:55e2:e08b:cfcd:5ac:7ef] [index.php:19] Base->run()
Sat, 25 Jan 2025 01:24:36 -0500 [2603:9000:f801:55e2:e08b:cfcd:5ac:7ef] 403: Invalid CSRF token trace: [app/controllers/Controller.php:46] Base->error()
Sat, 25 Jan 2025 01:24:36 -0500 [2603:9000:f801:55e2:e08b:cfcd:5ac:7ef] [lib/base.php:2069] Controller->beforeroute()
Sat, 25 Jan 2025 01:24:36 -0500 [2603:9000:f801:55e2:e08b:cfcd:5ac:7ef] [lib/base.php:1871] Base->call()
Sat, 25 Jan 2025 01:24:36 -0500 [2603:9000:f801:55e2:e08b:cfcd:5ac:7ef] [index.php:19] Base->run()
Sat, 25 Jan 2025 01:24:43 -0500 [2603:9000:f801:55e2:e08b:cfcd:5ac:7ef] 500: Undefined variable $entity_num trace: [tmp/3hn69l4qoa804.1zo7dt0fljr4w.php:200]
Sat, 25 Jan 2025 01:24:43 -0500 [2603:9000:f801:55e2:e08b:cfcd:5ac:7ef] [tmp/3hn69l4qoa804.1zo7dt0fljr4w.php:200] Base->{closure}()
Sat, 25 Jan 2025 01:24:43 -0500 [2603:9000:f801:55e2:e08b:cfcd:5ac:7ef] [lib/base.php:3036] require('/home/u991737198/domains/tas2023.online/public_html/tmp/3hn69l4qoa804.1zo7dt0fljr4w.php')
Sat, 25 Jan 2025 01:24:43 -0500 [2603:9000:f801:55e2:e08b:cfcd:5ac:7ef] [lib/base.php:3281] View->sandbox()
Sat, 25 Jan 2025 01:24:43 -0500 [2603:9000:f801:55e2:e08b:cfcd:5ac:7ef] [tmp/3hn69l4qoa804.3h31n1yj254w8.php:7] Preview->render()
Sat, 25 Jan 2025 01:24:43 -0500 [2603:9000:f801:55e2:e08b:cfcd:5ac:7ef] [lib/base.php:3036] require('/home/u991737198/domains/tas2023.online/public_html/tmp/3hn69l4qoa804.3h31n1yj254w8.php')
Sat, 25 Jan 2025 01:24:43 -0500 [2603:9000:f801:55e2:e08b:cfcd:5ac:7ef] [lib/base.php:3281] View->sandbox()
Sat, 25 Jan 2025 01:24:43 -0500 [2603:9000:f801:55e2:e08b:cfcd:5ac:7ef] [app/controllers/Controller.php:87] Preview->render()
Sat, 25 Jan 2025 01:24:43 -0500 [2603:9000:f801:55e2:e08b:cfcd:5ac:7ef] [lib/base.php:2078] Controller->afterroute()
Sat, 25 Jan 2025 01:24:43 -0500 [2603:9000:f801:55e2:e08b:cfcd:5ac:7ef] [lib/base.php:1871] Base->call()
Sat, 25 Jan 2025 01:24:43 -0500 [2603:9000:f801:55e2:e08b:cfcd:5ac:7ef] [index.php:19] Base->run()
Sat, 25 Jan 2025 08:41:52 -0500 [2603:9000:f801:55e2:21d1:f37a:5686:6013] 401: HTTP 401 (GET /task/taskData) trace: [/home/u991737198/domains/tas2023.online/public_html/lib/access.php:112] Base->error()
Sat, 25 Jan 2025 08:41:52 -0500 [2603:9000:f801:55e2:21d1:f37a:5686:6013] [/home/u991737198/domains/tas2023.online/public_html/app/controllers/Controller.php:78] Access->authorize()
Sat, 25 Jan 2025 08:41:52 -0500 [2603:9000:f801:55e2:21d1:f37a:5686:6013] [/home/u991737198/domains/tas2023.online/public_html/lib/base.php:2069] Controller->beforeroute()
Sat, 25 Jan 2025 08:41:52 -0500 [2603:9000:f801:55e2:21d1:f37a:5686:6013] [/home/u991737198/domains/tas2023.online/public_html/lib/base.php:1871] Base->call()
Sat, 25 Jan 2025 08:41:52 -0500 [2603:9000:f801:55e2:21d1:f37a:5686:6013] [/home/u991737198/domains/tas2023.online/public_html/index.php:19] Base->run()
Sat, 25 Jan 2025 09:54:46 -0500 [2603:9000:f801:55e2:21d1:f37a:5686:6013] 500: Undefined variable $entity_num trace: [tmp/3hn69l4qoa804.1zo7dt0fljr4w.php:200]
Sat, 25 Jan 2025 09:54:46 -0500 [2603:9000:f801:55e2:21d1:f37a:5686:6013] [tmp/3hn69l4qoa804.1zo7dt0fljr4w.php:200] Base->{closure}()
Sat, 25 Jan 2025 09:54:46 -0500 [2603:9000:f801:55e2:21d1:f37a:5686:6013] [lib/base.php:3036] require('/home/u991737198/domains/tas2023.online/public_html/tmp/3hn69l4qoa804.1zo7dt0fljr4w.php')
Sat, 25 Jan 2025 09:54:46 -0500 [2603:9000:f801:55e2:21d1:f37a:5686:6013] [lib/base.php:3281] View->sandbox()
Sat, 25 Jan 2025 09:54:46 -0500 [2603:9000:f801:55e2:21d1:f37a:5686:6013] [tmp/3hn69l4qoa804.3h31n1yj254w8.php:7] Preview->render()
Sat, 25 Jan 2025 09:54:46 -0500 [2603:9000:f801:55e2:21d1:f37a:5686:6013] [lib/base.php:3036] require('/home/u991737198/domains/tas2023.online/public_html/tmp/3hn69l4qoa804.3h31n1yj254w8.php')
Sat, 25 Jan 2025 09:54:46 -0500 [2603:9000:f801:55e2:21d1:f37a:5686:6013] [lib/base.php:3281] View->sandbox()
Sat, 25 Jan 2025 09:54:46 -0500 [2603:9000:f801:55e2:21d1:f37a:5686:6013] [app/controllers/Controller.php:87] Preview->render()
Sat, 25 Jan 2025 09:54:46 -0500 [2603:9000:f801:55e2:21d1:f37a:5686:6013] [lib/base.php:2078] Controller->afterroute()
Sat, 25 Jan 2025 09:54:46 -0500 [2603:9000:f801:55e2:21d1:f37a:5686:6013] [lib/base.php:1871] Base->call()
Sat, 25 Jan 2025 09:54:46 -0500 [2603:9000:f801:55e2:21d1:f37a:5686:6013] [index.php:19] Base->run()
Sat, 25 Jan 2025 09:54:49 -0500 [2603:9000:f801:55e2:21d1:f37a:5686:6013] 500: Undefined variable $token trace: [tmp/3hn69l4qoa804.2r4f9cgm96ecs.php:226]
Sat, 25 Jan 2025 09:54:49 -0500 [2603:9000:f801:55e2:21d1:f37a:5686:6013] [tmp/3hn69l4qoa804.2r4f9cgm96ecs.php:226] Base->{closure}()
Sat, 25 Jan 2025 09:54:49 -0500 [2603:9000:f801:55e2:21d1:f37a:5686:6013] [lib/base.php:3036] require('/home/u991737198/domains/tas2023.online/public_html/tmp/3hn69l4qoa804.2r4f9cgm96ecs.php')
Sat, 25 Jan 2025 09:54:49 -0500 [2603:9000:f801:55e2:21d1:f37a:5686:6013] [lib/base.php:3281] View->sandbox()
Sat, 25 Jan 2025 09:54:49 -0500 [2603:9000:f801:55e2:21d1:f37a:5686:6013] [tmp/3hn69l4qoa804.3h31n1yj254w8.php:7] Preview->render()
Sat, 25 Jan 2025 09:54:49 -0500 [2603:9000:f801:55e2:21d1:f37a:5686:6013] [lib/base.php:3036] require('/home/u991737198/domains/tas2023.online/public_html/tmp/3hn69l4qoa804.3h31n1yj254w8.php')
Sat, 25 Jan 2025 09:54:49 -0500 [2603:9000:f801:55e2:21d1:f37a:5686:6013] [lib/base.php:3281] View->sandbox()
Sat, 25 Jan 2025 09:54:49 -0500 [2603:9000:f801:55e2:21d1:f37a:5686:6013] [app/controllers/Controller.php:87] Preview->render()
Sat, 25 Jan 2025 09:54:49 -0500 [2603:9000:f801:55e2:21d1:f37a:5686:6013] [lib/base.php:2078] Controller->afterroute()
Sat, 25 Jan 2025 09:54:49 -0500 [2603:9000:f801:55e2:21d1:f37a:5686:6013] [lib/base.php:1871] Base->call()
Sat, 25 Jan 2025 09:54:49 -0500 [2603:9000:f801:55e2:21d1:f37a:5686:6013] [index.php:19] Base->run()
Sat, 25 Jan 2025 09:54:55 -0500 [2603:9000:f801:55e2:21d1:f37a:5686:6013] 500: Undefined variable $modal trace: [tmp/3hn69l4qoa804.s6y49d7myqde.php:84]
Sat, 25 Jan 2025 09:54:55 -0500 [2603:9000:f801:55e2:21d1:f37a:5686:6013] [tmp/3hn69l4qoa804.s6y49d7myqde.php:84] Base->{closure}()
Sat, 25 Jan 2025 09:54:55 -0500 [2603:9000:f801:55e2:21d1:f37a:5686:6013] [lib/base.php:3036] require('/home/u991737198/domains/tas2023.online/public_html/tmp/3hn69l4qoa804.s6y49d7myqde.php')
Sat, 25 Jan 2025 09:54:55 -0500 [2603:9000:f801:55e2:21d1:f37a:5686:6013] [lib/base.php:3281] View->sandbox()
Sat, 25 Jan 2025 09:54:55 -0500 [2603:9000:f801:55e2:21d1:f37a:5686:6013] [tmp/3hn69l4qoa804.3h31n1yj254w8.php:7] Preview->render()
Sat, 25 Jan 2025 09:54:55 -0500 [2603:9000:f801:55e2:21d1:f37a:5686:6013] [lib/base.php:3036] require('/home/u991737198/domains/tas2023.online/public_html/tmp/3hn69l4qoa804.3h31n1yj254w8.php')
Sat, 25 Jan 2025 09:54:55 -0500 [2603:9000:f801:55e2:21d1:f37a:5686:6013] [lib/base.php:3281] View->sandbox()
Sat, 25 Jan 2025 09:54:55 -0500 [2603:9000:f801:55e2:21d1:f37a:5686:6013] [app/controllers/Controller.php:87] Preview->render()
Sat, 25 Jan 2025 09:54:55 -0500 [2603:9000:f801:55e2:21d1:f37a:5686:6013] [lib/base.php:2078] Controller->afterroute()
Sat, 25 Jan 2025 09:54:55 -0500 [2603:9000:f801:55e2:21d1:f37a:5686:6013] [lib/base.php:1871] Base->call()
Sat, 25 Jan 2025 09:54:55 -0500 [2603:9000:f801:55e2:21d1:f37a:5686:6013] [index.php:19] Base->run()
Sat, 25 Jan 2025 10:27:01 -0500 [2603:9000:f801:55e2:21d1:f37a:5686:6013] 500: Undefined variable $entity_num trace: [tmp/3hn69l4qoa804.1zo7dt0fljr4w.php:200]
Sat, 25 Jan 2025 10:27:01 -0500 [2603:9000:f801:55e2:21d1:f37a:5686:6013] [tmp/3hn69l4qoa804.1zo7dt0fljr4w.php:200] Base->{closure}()
Sat, 25 Jan 2025 10:27:01 -0500 [2603:9000:f801:55e2:21d1:f37a:5686:6013] [lib/base.php:3036] require('/home/u991737198/domains/tas2023.online/public_html/tmp/3hn69l4qoa804.1zo7dt0fljr4w.php')
Sat, 25 Jan 2025 10:27:02 -0500 [2603:9000:f801:55e2:21d1:f37a:5686:6013] [lib/base.php:3281] View->sandbox()
Sat, 25 Jan 2025 10:27:02 -0500 [2603:9000:f801:55e2:21d1:f37a:5686:6013] [tmp/3hn69l4qoa804.3h31n1yj254w8.php:7] Preview->render()
Sat, 25 Jan 2025 10:27:02 -0500 [2603:9000:f801:55e2:21d1:f37a:5686:6013] [lib/base.php:3036] require('/home/u991737198/domains/tas2023.online/public_html/tmp/3hn69l4qoa804.3h31n1yj254w8.php')
Sat, 25 Jan 2025 10:27:02 -0500 [2603:9000:f801:55e2:21d1:f37a:5686:6013] [lib/base.php:3281] View->sandbox()
Sat, 25 Jan 2025 10:27:02 -0500 [2603:9000:f801:55e2:21d1:f37a:5686:6013] [app/controllers/Controller.php:87] Preview->render()
Sat, 25 Jan 2025 10:27:02 -0500 [2603:9000:f801:55e2:21d1:f37a:5686:6013] [lib/base.php:2078] Controller->afterroute()
Sat, 25 Jan 2025 10:27:02 -0500 [2603:9000:f801:55e2:21d1:f37a:5686:6013] [lib/base.php:1871] Base->call()
Sat, 25 Jan 2025 10:27:02 -0500 [2603:9000:f801:55e2:21d1:f37a:5686:6013] [index.php:19] Base->run()
Sat, 25 Jan 2025 10:27:06 -0500 [2603:9000:f801:55e2:21d1:f37a:5686:6013] 500: Undefined variable $token trace: [tmp/3hn69l4qoa804.2r4f9cgm96ecs.php:226]
Sat, 25 Jan 2025 10:27:06 -0500 [2603:9000:f801:55e2:21d1:f37a:5686:6013] [tmp/3hn69l4qoa804.2r4f9cgm96ecs.php:226] Base->{closure}()
Sat, 25 Jan 2025 10:27:06 -0500 [2603:9000:f801:55e2:21d1:f37a:5686:6013] [lib/base.php:3036] require('/home/u991737198/domains/tas2023.online/public_html/tmp/3hn69l4qoa804.2r4f9cgm96ecs.php')
Sat, 25 Jan 2025 10:27:06 -0500 [2603:9000:f801:55e2:21d1:f37a:5686:6013] [lib/base.php:3281] View->sandbox()
Sat, 25 Jan 2025 10:27:06 -0500 [2603:9000:f801:55e2:21d1:f37a:5686:6013] [tmp/3hn69l4qoa804.3h31n1yj254w8.php:7] Preview->render()
Sat, 25 Jan 2025 10:27:06 -0500 [2603:9000:f801:55e2:21d1:f37a:5686:6013] [lib/base.php:3036] require('/home/u991737198/domains/tas2023.online/public_html/tmp/3hn69l4qoa804.3h31n1yj254w8.php')
Sat, 25 Jan 2025 10:27:06 -0500 [2603:9000:f801:55e2:21d1:f37a:5686:6013] [lib/base.php:3281] View->sandbox()
Sat, 25 Jan 2025 10:27:06 -0500 [2603:9000:f801:55e2:21d1:f37a:5686:6013] [app/controllers/Controller.php:87] Preview->render()
Sat, 25 Jan 2025 10:27:06 -0500 [2603:9000:f801:55e2:21d1:f37a:5686:6013] [lib/base.php:2078] Controller->afterroute()
Sat, 25 Jan 2025 10:27:06 -0500 [2603:9000:f801:55e2:21d1:f37a:5686:6013] [lib/base.php:1871] Base->call()
Sat, 25 Jan 2025 10:27:06 -0500 [2603:9000:f801:55e2:21d1:f37a:5686:6013] [index.php:19] Base->run()
Sat, 25 Jan 2025 10:27:10 -0500 [2603:9000:f801:55e2:21d1:f37a:5686:6013] 500: Undefined variable $entity_num trace: [tmp/3hn69l4qoa804.1zo7dt0fljr4w.php:200]
Sat, 25 Jan 2025 10:27:10 -0500 [2603:9000:f801:55e2:21d1:f37a:5686:6013] [tmp/3hn69l4qoa804.1zo7dt0fljr4w.php:200] Base->{closure}()
Sat, 25 Jan 2025 10:27:10 -0500 [2603:9000:f801:55e2:21d1:f37a:5686:6013] [lib/base.php:3036] require('/home/u991737198/domains/tas2023.online/public_html/tmp/3hn69l4qoa804.1zo7dt0fljr4w.php')
Sat, 25 Jan 2025 10:27:10 -0500 [2603:9000:f801:55e2:21d1:f37a:5686:6013] [lib/base.php:3281] View->sandbox()
Sat, 25 Jan 2025 10:27:10 -0500 [2603:9000:f801:55e2:21d1:f37a:5686:6013] [tmp/3hn69l4qoa804.3h31n1yj254w8.php:7] Preview->render()
Sat, 25 Jan 2025 10:27:10 -0500 [2603:9000:f801:55e2:21d1:f37a:5686:6013] [lib/base.php:3036] require('/home/u991737198/domains/tas2023.online/public_html/tmp/3hn69l4qoa804.3h31n1yj254w8.php')
Sat, 25 Jan 2025 10:27:10 -0500 [2603:9000:f801:55e2:21d1:f37a:5686:6013] [lib/base.php:3281] View->sandbox()
Sat, 25 Jan 2025 10:27:10 -0500 [2603:9000:f801:55e2:21d1:f37a:5686:6013] [app/controllers/Controller.php:87] Preview->render()
Sat, 25 Jan 2025 10:27:10 -0500 [2603:9000:f801:55e2:21d1:f37a:5686:6013] [lib/base.php:2078] Controller->afterroute()
Sat, 25 Jan 2025 10:27:10 -0500 [2603:9000:f801:55e2:21d1:f37a:5686:6013] [lib/base.php:1871] Base->call()
Sat, 25 Jan 2025 10:27:10 -0500 [2603:9000:f801:55e2:21d1:f37a:5686:6013] [index.php:19] Base->run()
Sat, 25 Jan 2025 10:27:12 -0500 [2603:9000:f801:55e2:21d1:f37a:5686:6013] 500: Undefined variable $token trace: [tmp/3hn69l4qoa804.2r4f9cgm96ecs.php:226]
Sat, 25 Jan 2025 10:27:12 -0500 [2603:9000:f801:55e2:21d1:f37a:5686:6013] [tmp/3hn69l4qoa804.2r4f9cgm96ecs.php:226] Base->{closure}()
Sat, 25 Jan 2025 10:27:12 -0500 [2603:9000:f801:55e2:21d1:f37a:5686:6013] [lib/base.php:3036] require('/home/u991737198/domains/tas2023.online/public_html/tmp/3hn69l4qoa804.2r4f9cgm96ecs.php')
Sat, 25 Jan 2025 10:27:12 -0500 [2603:9000:f801:55e2:21d1:f37a:5686:6013] [lib/base.php:3281] View->sandbox()
Sat, 25 Jan 2025 10:27:12 -0500 [2603:9000:f801:55e2:21d1:f37a:5686:6013] [tmp/3hn69l4qoa804.3h31n1yj254w8.php:7] Preview->render()
Sat, 25 Jan 2025 10:27:12 -0500 [2603:9000:f801:55e2:21d1:f37a:5686:6013] [lib/base.php:3036] require('/home/u991737198/domains/tas2023.online/public_html/tmp/3hn69l4qoa804.3h31n1yj254w8.php')
Sat, 25 Jan 2025 10:27:12 -0500 [2603:9000:f801:55e2:21d1:f37a:5686:6013] [lib/base.php:3281] View->sandbox()
Sat, 25 Jan 2025 10:27:12 -0500 [2603:9000:f801:55e2:21d1:f37a:5686:6013] [app/controllers/Controller.php:87] Preview->render()
Sat, 25 Jan 2025 10:27:12 -0500 [2603:9000:f801:55e2:21d1:f37a:5686:6013] [lib/base.php:2078] Controller->afterroute()
Sat, 25 Jan 2025 10:27:12 -0500 [2603:9000:f801:55e2:21d1:f37a:5686:6013] [lib/base.php:1871] Base->call()
Sat, 25 Jan 2025 10:27:12 -0500 [2603:9000:f801:55e2:21d1:f37a:5686:6013] [index.php:19] Base->run()
Sat, 25 Jan 2025 10:27:18 -0500 [2603:9000:f801:55e2:21d1:f37a:5686:6013] 500: Undefined variable $token trace: [tmp/3hn69l4qoa804.2r4f9cgm96ecs.php:226]
Sat, 25 Jan 2025 10:27:18 -0500 [2603:9000:f801:55e2:21d1:f37a:5686:6013] [tmp/3hn69l4qoa804.2r4f9cgm96ecs.php:226] Base->{closure}()
Sat, 25 Jan 2025 10:27:18 -0500 [2603:9000:f801:55e2:21d1:f37a:5686:6013] [lib/base.php:3036] require('/home/u991737198/domains/tas2023.online/public_html/tmp/3hn69l4qoa804.2r4f9cgm96ecs.php')
Sat, 25 Jan 2025 10:27:18 -0500 [2603:9000:f801:55e2:21d1:f37a:5686:6013] [lib/base.php:3281] View->sandbox()
Sat, 25 Jan 2025 10:27:18 -0500 [2603:9000:f801:55e2:21d1:f37a:5686:6013] [tmp/3hn69l4qoa804.3h31n1yj254w8.php:7] Preview->render()
Sat, 25 Jan 2025 10:27:18 -0500 [2603:9000:f801:55e2:21d1:f37a:5686:6013] [lib/base.php:3036] require('/home/u991737198/domains/tas2023.online/public_html/tmp/3hn69l4qoa804.3h31n1yj254w8.php')
Sat, 25 Jan 2025 10:27:18 -0500 [2603:9000:f801:55e2:21d1:f37a:5686:6013] [lib/base.php:3281] View->sandbox()
Sat, 25 Jan 2025 10:27:18 -0500 [2603:9000:f801:55e2:21d1:f37a:5686:6013] [app/controllers/Controller.php:87] Preview->render()
Sat, 25 Jan 2025 10:27:18 -0500 [2603:9000:f801:55e2:21d1:f37a:5686:6013] [lib/base.php:2078] Controller->afterroute()
Sat, 25 Jan 2025 10:27:18 -0500 [2603:9000:f801:55e2:21d1:f37a:5686:6013] [lib/base.php:1871] Base->call()
Sat, 25 Jan 2025 10:27:18 -0500 [2603:9000:f801:55e2:21d1:f37a:5686:6013] [index.php:19] Base->run()
Sat, 25 Jan 2025 10:27:20 -0500 [2603:9000:f801:55e2:21d1:f37a:5686:6013] 500: Undefined variable $modal trace: [tmp/3hn69l4qoa804.s6y49d7myqde.php:84]
Sat, 25 Jan 2025 10:27:20 -0500 [2603:9000:f801:55e2:21d1:f37a:5686:6013] [tmp/3hn69l4qoa804.s6y49d7myqde.php:84] Base->{closure}()
Sat, 25 Jan 2025 10:27:20 -0500 [2603:9000:f801:55e2:21d1:f37a:5686:6013] [lib/base.php:3036] require('/home/u991737198/domains/tas2023.online/public_html/tmp/3hn69l4qoa804.s6y49d7myqde.php')
Sat, 25 Jan 2025 10:27:20 -0500 [2603:9000:f801:55e2:21d1:f37a:5686:6013] [lib/base.php:3281] View->sandbox()
Sat, 25 Jan 2025 10:27:20 -0500 [2603:9000:f801:55e2:21d1:f37a:5686:6013] [tmp/3hn69l4qoa804.3h31n1yj254w8.php:7] Preview->render()
Sat, 25 Jan 2025 10:27:20 -0500 [2603:9000:f801:55e2:21d1:f37a:5686:6013] [lib/base.php:3036] require('/home/u991737198/domains/tas2023.online/public_html/tmp/3hn69l4qoa804.3h31n1yj254w8.php')
Sat, 25 Jan 2025 10:27:20 -0500 [2603:9000:f801:55e2:21d1:f37a:5686:6013] [lib/base.php:3281] View->sandbox()
Sat, 25 Jan 2025 10:27:20 -0500 [2603:9000:f801:55e2:21d1:f37a:5686:6013] [app/controllers/Controller.php:87] Preview->render()
Sat, 25 Jan 2025 10:27:20 -0500 [2603:9000:f801:55e2:21d1:f37a:5686:6013] [lib/base.php:2078] Controller->afterroute()
Sat, 25 Jan 2025 10:27:20 -0500 [2603:9000:f801:55e2:21d1:f37a:5686:6013] [lib/base.php:1871] Base->call()
Sat, 25 Jan 2025 10:27:20 -0500 [2603:9000:f801:55e2:21d1:f37a:5686:6013] [index.php:19] Base->run()
Sat, 25 Jan 2025 10:27:43 -0500 [2603:9000:f801:55e2:21d1:f37a:5686:6013] 500: Undefined variable $entity_num trace: [tmp/3hn69l4qoa804.1zo7dt0fljr4w.php:200]
Sat, 25 Jan 2025 10:27:43 -0500 [2603:9000:f801:55e2:21d1:f37a:5686:6013] [tmp/3hn69l4qoa804.1zo7dt0fljr4w.php:200] Base->{closure}()
Sat, 25 Jan 2025 10:27:43 -0500 [2603:9000:f801:55e2:21d1:f37a:5686:6013] [lib/base.php:3036] require('/home/u991737198/domains/tas2023.online/public_html/tmp/3hn69l4qoa804.1zo7dt0fljr4w.php')
Sat, 25 Jan 2025 10:27:43 -0500 [2603:9000:f801:55e2:21d1:f37a:5686:6013] [lib/base.php:3281] View->sandbox()
Sat, 25 Jan 2025 10:27:43 -0500 [2603:9000:f801:55e2:21d1:f37a:5686:6013] [tmp/3hn69l4qoa804.3h31n1yj254w8.php:7] Preview->render()
Sat, 25 Jan 2025 10:27:43 -0500 [2603:9000:f801:55e2:21d1:f37a:5686:6013] [lib/base.php:3036] require('/home/u991737198/domains/tas2023.online/public_html/tmp/3hn69l4qoa804.3h31n1yj254w8.php')
Sat, 25 Jan 2025 10:27:43 -0500 [2603:9000:f801:55e2:21d1:f37a:5686:6013] [lib/base.php:3281] View->sandbox()
Sat, 25 Jan 2025 10:27:43 -0500 [2603:9000:f801:55e2:21d1:f37a:5686:6013] [app/controllers/Controller.php:87] Preview->render()
Sat, 25 Jan 2025 10:27:43 -0500 [2603:9000:f801:55e2:21d1:f37a:5686:6013] [lib/base.php:2078] Controller->afterroute()
Sat, 25 Jan 2025 10:27:43 -0500 [2603:9000:f801:55e2:21d1:f37a:5686:6013] [lib/base.php:1871] Base->call()
Sat, 25 Jan 2025 10:27:43 -0500 [2603:9000:f801:55e2:21d1:f37a:5686:6013] [index.php:19] Base->run()
Sat, 25 Jan 2025 10:27:45 -0500 [2603:9000:f801:55e2:21d1:f37a:5686:6013] 500: Undefined variable $token trace: [tmp/3hn69l4qoa804.2r4f9cgm96ecs.php:226]
Sat, 25 Jan 2025 10:27:45 -0500 [2603:9000:f801:55e2:21d1:f37a:5686:6013] [tmp/3hn69l4qoa804.2r4f9cgm96ecs.php:226] Base->{closure}()
Sat, 25 Jan 2025 10:27:45 -0500 [2603:9000:f801:55e2:21d1:f37a:5686:6013] [lib/base.php:3036] require('/home/u991737198/domains/tas2023.online/public_html/tmp/3hn69l4qoa804.2r4f9cgm96ecs.php')
Sat, 25 Jan 2025 10:27:45 -0500 [2603:9000:f801:55e2:21d1:f37a:5686:6013] [lib/base.php:3281] View->sandbox()
Sat, 25 Jan 2025 10:27:45 -0500 [2603:9000:f801:55e2:21d1:f37a:5686:6013] [tmp/3hn69l4qoa804.3h31n1yj254w8.php:7] Preview->render()
Sat, 25 Jan 2025 10:27:45 -0500 [2603:9000:f801:55e2:21d1:f37a:5686:6013] [lib/base.php:3036] require('/home/u991737198/domains/tas2023.online/public_html/tmp/3hn69l4qoa804.3h31n1yj254w8.php')
Sat, 25 Jan 2025 10:27:45 -0500 [2603:9000:f801:55e2:21d1:f37a:5686:6013] [lib/base.php:3281] View->sandbox()
Sat, 25 Jan 2025 10:27:45 -0500 [2603:9000:f801:55e2:21d1:f37a:5686:6013] [app/controllers/Controller.php:87] Preview->render()
Sat, 25 Jan 2025 10:27:45 -0500 [2603:9000:f801:55e2:21d1:f37a:5686:6013] [lib/base.php:2078] Controller->afterroute()
Sat, 25 Jan 2025 10:27:45 -0500 [2603:9000:f801:55e2:21d1:f37a:5686:6013] [lib/base.php:1871] Base->call()
Sat, 25 Jan 2025 10:27:45 -0500 [2603:9000:f801:55e2:21d1:f37a:5686:6013] [index.php:19] Base->run()
Sat, 25 Jan 2025 10:28:01 -0500 [2603:9000:f801:55e2:21d1:f37a:5686:6013] 500: Undefined variable $token trace: [tmp/3hn69l4qoa804.2r4f9cgm96ecs.php:226]
Sat, 25 Jan 2025 10:28:01 -0500 [2603:9000:f801:55e2:21d1:f37a:5686:6013] [tmp/3hn69l4qoa804.2r4f9cgm96ecs.php:226] Base->{closure}()
Sat, 25 Jan 2025 10:28:01 -0500 [2603:9000:f801:55e2:21d1:f37a:5686:6013] [lib/base.php:3036] require('/home/u991737198/domains/tas2023.online/public_html/tmp/3hn69l4qoa804.2r4f9cgm96ecs.php')
Sat, 25 Jan 2025 10:28:01 -0500 [2603:9000:f801:55e2:21d1:f37a:5686:6013] [lib/base.php:3281] View->sandbox()
Sat, 25 Jan 2025 10:28:01 -0500 [2603:9000:f801:55e2:21d1:f37a:5686:6013] [tmp/3hn69l4qoa804.3h31n1yj254w8.php:7] Preview->render()
Sat, 25 Jan 2025 10:28:01 -0500 [2603:9000:f801:55e2:21d1:f37a:5686:6013] [lib/base.php:3036] require('/home/u991737198/domains/tas2023.online/public_html/tmp/3hn69l4qoa804.3h31n1yj254w8.php')
Sat, 25 Jan 2025 10:28:01 -0500 [2603:9000:f801:55e2:21d1:f37a:5686:6013] [lib/base.php:3281] View->sandbox()
Sat, 25 Jan 2025 10:28:01 -0500 [2603:9000:f801:55e2:21d1:f37a:5686:6013] [app/controllers/Controller.php:87] Preview->render()
Sat, 25 Jan 2025 10:28:01 -0500 [2603:9000:f801:55e2:21d1:f37a:5686:6013] [lib/base.php:2078] Controller->afterroute()
Sat, 25 Jan 2025 10:28:01 -0500 [2603:9000:f801:55e2:21d1:f37a:5686:6013] [lib/base.php:1871] Base->call()
Sat, 25 Jan 2025 10:28:01 -0500 [2603:9000:f801:55e2:21d1:f37a:5686:6013] [index.php:19] Base->run()
Sat, 25 Jan 2025 11:29:26 -0500 [2603:9000:f801:55e2:21d1:f37a:5686:6013] 401: HTTP 401 (GET /task/taskData) trace: [/home/u991737198/domains/tas2023.online/public_html/lib/access.php:112] Base->error()
Sat, 25 Jan 2025 11:29:26 -0500 [2603:9000:f801:55e2:21d1:f37a:5686:6013] [/home/u991737198/domains/tas2023.online/public_html/app/controllers/Controller.php:78] Access->authorize()
Sat, 25 Jan 2025 11:29:26 -0500 [2603:9000:f801:55e2:21d1:f37a:5686:6013] [/home/u991737198/domains/tas2023.online/public_html/lib/base.php:2069] Controller->beforeroute()
Sat, 25 Jan 2025 11:29:26 -0500 [2603:9000:f801:55e2:21d1:f37a:5686:6013] [/home/u991737198/domains/tas2023.online/public_html/lib/base.php:1871] Base->call()
Sat, 25 Jan 2025 11:29:26 -0500 [2603:9000:f801:55e2:21d1:f37a:5686:6013] [/home/u991737198/domains/tas2023.online/public_html/index.php:19] Base->run()
Sat, 25 Jan 2025 11:40:34 -0500 [2603:9000:f801:55e2:21d1:f37a:5686:6013] 500: Undefined variable $entity_num trace: [tmp/3hn69l4qoa804.1zo7dt0fljr4w.php:200]
Sat, 25 Jan 2025 11:40:34 -0500 [2603:9000:f801:55e2:21d1:f37a:5686:6013] [tmp/3hn69l4qoa804.1zo7dt0fljr4w.php:200] Base->{closure}()
Sat, 25 Jan 2025 11:40:34 -0500 [2603:9000:f801:55e2:21d1:f37a:5686:6013] [lib/base.php:3036] require('/home/u991737198/domains/tas2023.online/public_html/tmp/3hn69l4qoa804.1zo7dt0fljr4w.php')
Sat, 25 Jan 2025 11:40:34 -0500 [2603:9000:f801:55e2:21d1:f37a:5686:6013] [lib/base.php:3281] View->sandbox()
Sat, 25 Jan 2025 11:40:34 -0500 [2603:9000:f801:55e2:21d1:f37a:5686:6013] [tmp/3hn69l4qoa804.3h31n1yj254w8.php:7] Preview->render()
Sat, 25 Jan 2025 11:40:34 -0500 [2603:9000:f801:55e2:21d1:f37a:5686:6013] [lib/base.php:3036] require('/home/u991737198/domains/tas2023.online/public_html/tmp/3hn69l4qoa804.3h31n1yj254w8.php')
Sat, 25 Jan 2025 11:40:34 -0500 [2603:9000:f801:55e2:21d1:f37a:5686:6013] [lib/base.php:3281] View->sandbox()
Sat, 25 Jan 2025 11:40:34 -0500 [2603:9000:f801:55e2:21d1:f37a:5686:6013] [app/controllers/Controller.php:87] Preview->render()
Sat, 25 Jan 2025 11:40:34 -0500 [2603:9000:f801:55e2:21d1:f37a:5686:6013] [lib/base.php:2078] Controller->afterroute()
Sat, 25 Jan 2025 11:40:34 -0500 [2603:9000:f801:55e2:21d1:f37a:5686:6013] [lib/base.php:1871] Base->call()
Sat, 25 Jan 2025 11:40:34 -0500 [2603:9000:f801:55e2:21d1:f37a:5686:6013] [index.php:19] Base->run()
Sat, 25 Jan 2025 11:40:36 -0500 [2603:9000:f801:55e2:21d1:f37a:5686:6013] 500: Undefined variable $token trace: [tmp/3hn69l4qoa804.2r4f9cgm96ecs.php:226]
Sat, 25 Jan 2025 11:40:36 -0500 [2603:9000:f801:55e2:21d1:f37a:5686:6013] [tmp/3hn69l4qoa804.2r4f9cgm96ecs.php:226] Base->{closure}()
Sat, 25 Jan 2025 11:40:36 -0500 [2603:9000:f801:55e2:21d1:f37a:5686:6013] [lib/base.php:3036] require('/home/u991737198/domains/tas2023.online/public_html/tmp/3hn69l4qoa804.2r4f9cgm96ecs.php')
Sat, 25 Jan 2025 11:40:36 -0500 [2603:9000:f801:55e2:21d1:f37a:5686:6013] [lib/base.php:3281] View->sandbox()
Sat, 25 Jan 2025 11:40:36 -0500 [2603:9000:f801:55e2:21d1:f37a:5686:6013] [tmp/3hn69l4qoa804.3h31n1yj254w8.php:7] Preview->render()
Sat, 25 Jan 2025 11:40:36 -0500 [2603:9000:f801:55e2:21d1:f37a:5686:6013] [lib/base.php:3036] require('/home/u991737198/domains/tas2023.online/public_html/tmp/3hn69l4qoa804.3h31n1yj254w8.php')
Sat, 25 Jan 2025 11:40:36 -0500 [2603:9000:f801:55e2:21d1:f37a:5686:6013] [lib/base.php:3281] View->sandbox()
Sat, 25 Jan 2025 11:40:36 -0500 [2603:9000:f801:55e2:21d1:f37a:5686:6013] [app/controllers/Controller.php:87] Preview->render()
Sat, 25 Jan 2025 11:40:36 -0500 [2603:9000:f801:55e2:21d1:f37a:5686:6013] [lib/base.php:2078] Controller->afterroute()
Sat, 25 Jan 2025 11:40:36 -0500 [2603:9000:f801:55e2:21d1:f37a:5686:6013] [lib/base.php:1871] Base->call()
Sat, 25 Jan 2025 11:40:36 -0500 [2603:9000:f801:55e2:21d1:f37a:5686:6013] [index.php:19] Base->run()
Sat, 25 Jan 2025 11:40:38 -0500 [2603:9000:f801:55e2:21d1:f37a:5686:6013] 500: Undefined variable $modal trace: [tmp/3hn69l4qoa804.s6y49d7myqde.php:84]
Sat, 25 Jan 2025 11:40:38 -0500 [2603:9000:f801:55e2:21d1:f37a:5686:6013] [tmp/3hn69l4qoa804.s6y49d7myqde.php:84] Base->{closure}()
Sat, 25 Jan 2025 11:40:38 -0500 [2603:9000:f801:55e2:21d1:f37a:5686:6013] [lib/base.php:3036] require('/home/u991737198/domains/tas2023.online/public_html/tmp/3hn69l4qoa804.s6y49d7myqde.php')
Sat, 25 Jan 2025 11:40:38 -0500 [2603:9000:f801:55e2:21d1:f37a:5686:6013] [lib/base.php:3281] View->sandbox()
Sat, 25 Jan 2025 11:40:38 -0500 [2603:9000:f801:55e2:21d1:f37a:5686:6013] [tmp/3hn69l4qoa804.3h31n1yj254w8.php:7] Preview->render()
Sat, 25 Jan 2025 11:40:38 -0500 [2603:9000:f801:55e2:21d1:f37a:5686:6013] [lib/base.php:3036] require('/home/u991737198/domains/tas2023.online/public_html/tmp/3hn69l4qoa804.3h31n1yj254w8.php')
Sat, 25 Jan 2025 11:40:38 -0500 [2603:9000:f801:55e2:21d1:f37a:5686:6013] [lib/base.php:3281] View->sandbox()
Sat, 25 Jan 2025 11:40:38 -0500 [2603:9000:f801:55e2:21d1:f37a:5686:6013] [app/controllers/Controller.php:87] Preview->render()
Sat, 25 Jan 2025 11:40:38 -0500 [2603:9000:f801:55e2:21d1:f37a:5686:6013] [lib/base.php:2078] Controller->afterroute()
Sat, 25 Jan 2025 11:40:38 -0500 [2603:9000:f801:55e2:21d1:f37a:5686:6013] [lib/base.php:1871] Base->call()
Sat, 25 Jan 2025 11:40:38 -0500 [2603:9000:f801:55e2:21d1:f37a:5686:6013] [index.php:19] Base->run()
Sat, 25 Jan 2025 11:40:54 -0500 [2603:9000:f801:55e2:21d1:f37a:5686:6013] 500: Undefined variable $entity_num trace: [tmp/3hn69l4qoa804.1zo7dt0fljr4w.php:200]
Sat, 25 Jan 2025 11:40:54 -0500 [2603:9000:f801:55e2:21d1:f37a:5686:6013] [tmp/3hn69l4qoa804.1zo7dt0fljr4w.php:200] Base->{closure}()
Sat, 25 Jan 2025 11:40:54 -0500 [2603:9000:f801:55e2:21d1:f37a:5686:6013] [lib/base.php:3036] require('/home/u991737198/domains/tas2023.online/public_html/tmp/3hn69l4qoa804.1zo7dt0fljr4w.php')
Sat, 25 Jan 2025 11:40:54 -0500 [2603:9000:f801:55e2:21d1:f37a:5686:6013] [lib/base.php:3281] View->sandbox()
Sat, 25 Jan 2025 11:40:54 -0500 [2603:9000:f801:55e2:21d1:f37a:5686:6013] [tmp/3hn69l4qoa804.3h31n1yj254w8.php:7] Preview->render()
Sat, 25 Jan 2025 11:40:54 -0500 [2603:9000:f801:55e2:21d1:f37a:5686:6013] [lib/base.php:3036] require('/home/u991737198/domains/tas2023.online/public_html/tmp/3hn69l4qoa804.3h31n1yj254w8.php')
Sat, 25 Jan 2025 11:40:54 -0500 [2603:9000:f801:55e2:21d1:f37a:5686:6013] [lib/base.php:3281] View->sandbox()
Sat, 25 Jan 2025 11:40:54 -0500 [2603:9000:f801:55e2:21d1:f37a:5686:6013] [app/controllers/Controller.php:87] Preview->render()
Sat, 25 Jan 2025 11:40:54 -0500 [2603:9000:f801:55e2:21d1:f37a:5686:6013] [lib/base.php:2078] Controller->afterroute()
Sat, 25 Jan 2025 11:40:54 -0500 [2603:9000:f801:55e2:21d1:f37a:5686:6013] [lib/base.php:1871] Base->call()
Sat, 25 Jan 2025 11:40:54 -0500 [2603:9000:f801:55e2:21d1:f37a:5686:6013] [index.php:19] Base->run()
Sat, 25 Jan 2025 11:40:57 -0500 [2603:9000:f801:55e2:21d1:f37a:5686:6013] 500: Undefined variable $token trace: [tmp/3hn69l4qoa804.2r4f9cgm96ecs.php:226]
Sat, 25 Jan 2025 11:40:57 -0500 [2603:9000:f801:55e2:21d1:f37a:5686:6013] [tmp/3hn69l4qoa804.2r4f9cgm96ecs.php:226] Base->{closure}()
Sat, 25 Jan 2025 11:40:57 -0500 [2603:9000:f801:55e2:21d1:f37a:5686:6013] [lib/base.php:3036] require('/home/u991737198/domains/tas2023.online/public_html/tmp/3hn69l4qoa804.2r4f9cgm96ecs.php')
Sat, 25 Jan 2025 11:40:57 -0500 [2603:9000:f801:55e2:21d1:f37a:5686:6013] [lib/base.php:3281] View->sandbox()
Sat, 25 Jan 2025 11:40:57 -0500 [2603:9000:f801:55e2:21d1:f37a:5686:6013] [tmp/3hn69l4qoa804.3h31n1yj254w8.php:7] Preview->render()
Sat, 25 Jan 2025 11:40:57 -0500 [2603:9000:f801:55e2:21d1:f37a:5686:6013] [lib/base.php:3036] require('/home/u991737198/domains/tas2023.online/public_html/tmp/3hn69l4qoa804.3h31n1yj254w8.php')
Sat, 25 Jan 2025 11:40:57 -0500 [2603:9000:f801:55e2:21d1:f37a:5686:6013] [lib/base.php:3281] View->sandbox()
Sat, 25 Jan 2025 11:40:57 -0500 [2603:9000:f801:55e2:21d1:f37a:5686:6013] [app/controllers/Controller.php:87] Preview->render()
Sat, 25 Jan 2025 11:40:57 -0500 [2603:9000:f801:55e2:21d1:f37a:5686:6013] [lib/base.php:2078] Controller->afterroute()
Sat, 25 Jan 2025 11:40:57 -0500 [2603:9000:f801:55e2:21d1:f37a:5686:6013] [lib/base.php:1871] Base->call()
Sat, 25 Jan 2025 11:40:57 -0500 [2603:9000:f801:55e2:21d1:f37a:5686:6013] [index.php:19] Base->run()
Sat, 25 Jan 2025 17:05:19 -0500 [2603:9000:f801:55e2:f09e:6ef:52fa:7f1d] 401: HTTP 401 (GET /task/taskData) trace: [/home/u991737198/domains/tas2023.online/public_html/lib/access.php:112] Base->error()
Sat, 25 Jan 2025 17:05:19 -0500 [2603:9000:f801:55e2:f09e:6ef:52fa:7f1d] [/home/u991737198/domains/tas2023.online/public_html/app/controllers/Controller.php:78] Access->authorize()
Sat, 25 Jan 2025 17:05:19 -0500 [2603:9000:f801:55e2:f09e:6ef:52fa:7f1d] [/home/u991737198/domains/tas2023.online/public_html/lib/base.php:2069] Controller->beforeroute()
Sat, 25 Jan 2025 17:05:19 -0500 [2603:9000:f801:55e2:f09e:6ef:52fa:7f1d] [/home/u991737198/domains/tas2023.online/public_html/lib/base.php:1871] Base->call()
Sat, 25 Jan 2025 17:05:19 -0500 [2603:9000:f801:55e2:f09e:6ef:52fa:7f1d] [/home/u991737198/domains/tas2023.online/public_html/index.php:19] Base->run()
Sat, 25 Jan 2025 18:52:58 -0500 [47.206.206.60] 500: Undefined variable $entity_num trace: [tmp/3hn69l4qoa804.1zo7dt0fljr4w.php:200]
Sat, 25 Jan 2025 18:52:58 -0500 [47.206.206.60] [tmp/3hn69l4qoa804.1zo7dt0fljr4w.php:200] Base->{closure}()
Sat, 25 Jan 2025 18:52:58 -0500 [47.206.206.60] [lib/base.php:3036] require('/home/u991737198/domains/tas2023.online/public_html/tmp/3hn69l4qoa804.1zo7dt0fljr4w.php')
Sat, 25 Jan 2025 18:52:58 -0500 [47.206.206.60] [lib/base.php:3281] View->sandbox()
Sat, 25 Jan 2025 18:52:58 -0500 [47.206.206.60] [tmp/3hn69l4qoa804.3h31n1yj254w8.php:7] Preview->render()
Sat, 25 Jan 2025 18:52:58 -0500 [47.206.206.60] [lib/base.php:3036] require('/home/u991737198/domains/tas2023.online/public_html/tmp/3hn69l4qoa804.3h31n1yj254w8.php')
Sat, 25 Jan 2025 18:52:58 -0500 [47.206.206.60] [lib/base.php:3281] View->sandbox()
Sat, 25 Jan 2025 18:52:58 -0500 [47.206.206.60] [app/controllers/Controller.php:87] Preview->render()
Sat, 25 Jan 2025 18:52:58 -0500 [47.206.206.60] [lib/base.php:2078] Controller->afterroute()
Sat, 25 Jan 2025 18:52:58 -0500 [47.206.206.60] [lib/base.php:1871] Base->call()
Sat, 25 Jan 2025 18:52:58 -0500 [47.206.206.60] [index.php:19] Base->run()
Sat, 25 Jan 2025 18:53:04 -0500 [47.206.206.60] 500: Undefined variable $entity_num trace: [tmp/3hn69l4qoa804.1zo7dt0fljr4w.php:200]
Sat, 25 Jan 2025 18:53:04 -0500 [47.206.206.60] [tmp/3hn69l4qoa804.1zo7dt0fljr4w.php:200] Base->{closure}()
Sat, 25 Jan 2025 18:53:04 -0500 [47.206.206.60] [lib/base.php:3036] require('/home/u991737198/domains/tas2023.online/public_html/tmp/3hn69l4qoa804.1zo7dt0fljr4w.php')
Sat, 25 Jan 2025 18:53:04 -0500 [47.206.206.60] [lib/base.php:3281] View->sandbox()
Sat, 25 Jan 2025 18:53:04 -0500 [47.206.206.60] [tmp/3hn69l4qoa804.3h31n1yj254w8.php:7] Preview->render()
Sat, 25 Jan 2025 18:53:04 -0500 [47.206.206.60] [lib/base.php:3036] require('/home/u991737198/domains/tas2023.online/public_html/tmp/3hn69l4qoa804.3h31n1yj254w8.php')
Sat, 25 Jan 2025 18:53:04 -0500 [47.206.206.60] [lib/base.php:3281] View->sandbox()
Sat, 25 Jan 2025 18:53:04 -0500 [47.206.206.60] [app/controllers/Controller.php:87] Preview->render()
Sat, 25 Jan 2025 18:53:04 -0500 [47.206.206.60] [lib/base.php:2078] Controller->afterroute()
Sat, 25 Jan 2025 18:53:04 -0500 [47.206.206.60] [lib/base.php:1871] Base->call()
Sat, 25 Jan 2025 18:53:04 -0500 [47.206.206.60] [index.php:19] Base->run()
Sat, 25 Jan 2025 18:53:15 -0500 [47.206.206.60] 500: Undefined variable $i18n_select_task_type trace: [/home/u991737198/domains/tas2023.online/public_html/tmp/3hn69l4qoa804.9b9764piwerh.php:214]
Sat, 25 Jan 2025 18:53:15 -0500 [47.206.206.60] [/home/u991737198/domains/tas2023.online/public_html/tmp/3hn69l4qoa804.9b9764piwerh.php:214] Base->{closure}()
Sat, 25 Jan 2025 18:53:15 -0500 [47.206.206.60] [/home/u991737198/domains/tas2023.online/public_html/lib/base.php:3036] require('/home/u991737198/domains/tas2023.online/public_html/tmp/3hn69l4qoa804.9b9764piwerh.php')
Sat, 25 Jan 2025 18:53:15 -0500 [47.206.206.60] [/home/u991737198/domains/tas2023.online/public_html/lib/base.php:3281] View->sandbox()
Sat, 25 Jan 2025 18:53:15 -0500 [47.206.206.60] [/home/u991737198/domains/tas2023.online/public_html/tmp/3hn69l4qoa804.3h31n1yj254w8.php:7] Preview->render()
Sat, 25 Jan 2025 18:53:15 -0500 [47.206.206.60] [/home/u991737198/domains/tas2023.online/public_html/lib/base.php:3036] require('/home/u991737198/domains/tas2023.online/public_html/tmp/3hn69l4qoa804.3h31n1yj254w8.php')
Sat, 25 Jan 2025 18:53:15 -0500 [47.206.206.60] [/home/u991737198/domains/tas2023.online/public_html/lib/base.php:3281] View->sandbox()
Sat, 25 Jan 2025 18:53:15 -0500 [47.206.206.60] [/home/u991737198/domains/tas2023.online/public_html/app/controllers/Controller.php:87] Preview->render()
Sat, 25 Jan 2025 18:53:15 -0500 [47.206.206.60] [/home/u991737198/domains/tas2023.online/public_html/lib/base.php:2078] Controller->afterroute()
Sat, 25 Jan 2025 18:53:15 -0500 [47.206.206.60] [/home/u991737198/domains/tas2023.online/public_html/lib/base.php:1871] Base->call()
Sat, 25 Jan 2025 18:53:15 -0500 [47.206.206.60] [/home/u991737198/domains/tas2023.online/public_html/index.php:19] Base->run()
Sat, 25 Jan 2025 19:26:00 -0500 [47.206.206.60] 500: Undefined variable $entity_num trace: [tmp/3hn69l4qoa804.1zo7dt0fljr4w.php:200]
Sat, 25 Jan 2025 19:26:00 -0500 [47.206.206.60] [tmp/3hn69l4qoa804.1zo7dt0fljr4w.php:200] Base->{closure}()
Sat, 25 Jan 2025 19:26:00 -0500 [47.206.206.60] [lib/base.php:3036] require('/home/u991737198/domains/tas2023.online/public_html/tmp/3hn69l4qoa804.1zo7dt0fljr4w.php')
Sat, 25 Jan 2025 19:26:00 -0500 [47.206.206.60] [lib/base.php:3281] View->sandbox()
Sat, 25 Jan 2025 19:26:00 -0500 [47.206.206.60] [tmp/3hn69l4qoa804.3h31n1yj254w8.php:7] Preview->render()
Sat, 25 Jan 2025 19:26:00 -0500 [47.206.206.60] [lib/base.php:3036] require('/home/u991737198/domains/tas2023.online/public_html/tmp/3hn69l4qoa804.3h31n1yj254w8.php')
Sat, 25 Jan 2025 19:26:00 -0500 [47.206.206.60] [lib/base.php:3281] View->sandbox()
Sat, 25 Jan 2025 19:26:00 -0500 [47.206.206.60] [app/controllers/Controller.php:87] Preview->render()
Sat, 25 Jan 2025 19:26:00 -0500 [47.206.206.60] [lib/base.php:2078] Controller->afterroute()
Sat, 25 Jan 2025 19:26:00 -0500 [47.206.206.60] [lib/base.php:1871] Base->call()
Sat, 25 Jan 2025 19:26:00 -0500 [47.206.206.60] [index.php:19] Base->run()
Sat, 25 Jan 2025 19:26:00 -0500 [47.206.206.60] 401: HTTP 401 (GET /task/taskData) trace: [/home/u991737198/domains/tas2023.online/public_html/lib/access.php:112] Base->error()
Sat, 25 Jan 2025 19:26:00 -0500 [47.206.206.60] [/home/u991737198/domains/tas2023.online/public_html/app/controllers/Controller.php:78] Access->authorize()
Sat, 25 Jan 2025 19:26:00 -0500 [47.206.206.60] [/home/u991737198/domains/tas2023.online/public_html/lib/base.php:2069] Controller->beforeroute()
Sat, 25 Jan 2025 19:26:00 -0500 [47.206.206.60] [/home/u991737198/domains/tas2023.online/public_html/lib/base.php:1871] Base->call()
Sat, 25 Jan 2025 19:26:00 -0500 [47.206.206.60] [/home/u991737198/domains/tas2023.online/public_html/index.php:19] Base->run()
Sat, 25 Jan 2025 19:26:10 -0500 [47.206.206.60] 500: Trying to access array offset on value of type null trace: [app/controllers/ProjectController.php:78]
Sat, 25 Jan 2025 19:26:10 -0500 [47.206.206.60] [app/controllers/ProjectController.php:78] Base->{closure}()
Sat, 25 Jan 2025 19:26:10 -0500 [47.206.206.60] [lib/base.php:2072] ProjectController->listproject()
Sat, 25 Jan 2025 19:26:10 -0500 [47.206.206.60] [lib/base.php:1871] Base->call()
Sat, 25 Jan 2025 19:26:10 -0500 [47.206.206.60] [index.php:19] Base->run()
Sat, 25 Jan 2025 19:26:15 -0500 [47.206.206.60] 500: Undefined variable $q trace: [tmp/3hn69l4qoa804.1zo7dt0fljr4w.php:148]
Sat, 25 Jan 2025 19:26:15 -0500 [47.206.206.60] [tmp/3hn69l4qoa804.1zo7dt0fljr4w.php:148] Base->{closure}()
Sat, 25 Jan 2025 19:26:15 -0500 [47.206.206.60] [lib/base.php:3036] require('/home/u991737198/domains/tas2023.online/public_html/tmp/3hn69l4qoa804.1zo7dt0fljr4w.php')
Sat, 25 Jan 2025 19:26:15 -0500 [47.206.206.60] [lib/base.php:3281] View->sandbox()
Sat, 25 Jan 2025 19:26:15 -0500 [47.206.206.60] [tmp/3hn69l4qoa804.3cndbbhzhn8ko.php:19] Preview->render()
Sat, 25 Jan 2025 19:26:15 -0500 [47.206.206.60] [lib/base.php:3036] require('/home/u991737198/domains/tas2023.online/public_html/tmp/3hn69l4qoa804.3cndbbhzhn8ko.php')
Sat, 25 Jan 2025 19:26:15 -0500 [47.206.206.60] [lib/base.php:3281] View->sandbox()
Sat, 25 Jan 2025 19:26:15 -0500 [47.206.206.60] [app/controllers/Controller.php:90] Preview->render()
Sat, 25 Jan 2025 19:26:15 -0500 [47.206.206.60] [lib/base.php:2078] Controller->afterroute()
Sat, 25 Jan 2025 19:26:15 -0500 [47.206.206.60] [lib/base.php:1871] Base->call()
Sat, 25 Jan 2025 19:26:15 -0500 [47.206.206.60] [index.php:19] Base->run()
Sat, 25 Jan 2025 19:26:15 -0500 [47.206.206.60] 401: HTTP 401 (GET /task/taskData) trace: [/home/u991737198/domains/tas2023.online/public_html/lib/access.php:112] Base->error()
Sat, 25 Jan 2025 19:26:15 -0500 [47.206.206.60] [/home/u991737198/domains/tas2023.online/public_html/app/controllers/Controller.php:78] Access->authorize()
Sat, 25 Jan 2025 19:26:15 -0500 [47.206.206.60] [/home/u991737198/domains/tas2023.online/public_html/lib/base.php:2069] Controller->beforeroute()
Sat, 25 Jan 2025 19:26:15 -0500 [47.206.206.60] [/home/u991737198/domains/tas2023.online/public_html/lib/base.php:1871] Base->call()
Sat, 25 Jan 2025 19:26:15 -0500 [47.206.206.60] [/home/u991737198/domains/tas2023.online/public_html/index.php:19] Base->run()
Sat, 25 Jan 2025 19:26:17 -0500 [47.206.206.60] 401: HTTP 401 (GET /task/summary) trace: [/home/u991737198/domains/tas2023.online/public_html/lib/access.php:112] Base->error()
Sat, 25 Jan 2025 19:26:17 -0500 [47.206.206.60] [/home/u991737198/domains/tas2023.online/public_html/app/controllers/Controller.php:78] Access->authorize()
Sat, 25 Jan 2025 19:26:17 -0500 [47.206.206.60] [/home/u991737198/domains/tas2023.online/public_html/lib/base.php:2069] Controller->beforeroute()
Sat, 25 Jan 2025 19:26:17 -0500 [47.206.206.60] [/home/u991737198/domains/tas2023.online/public_html/lib/base.php:1871] Base->call()
Sat, 25 Jan 2025 19:26:17 -0500 [47.206.206.60] [/home/u991737198/domains/tas2023.online/public_html/index.php:19] Base->run()
Sat, 25 Jan 2025 19:26:36 -0500 [47.206.206.60] 500: Undefined variable $entity_num trace: [tmp/3hn69l4qoa804.1zo7dt0fljr4w.php:200]
Sat, 25 Jan 2025 19:26:36 -0500 [47.206.206.60] [tmp/3hn69l4qoa804.1zo7dt0fljr4w.php:200] Base->{closure}()
Sat, 25 Jan 2025 19:26:36 -0500 [47.206.206.60] [lib/base.php:3036] require('/home/u991737198/domains/tas2023.online/public_html/tmp/3hn69l4qoa804.1zo7dt0fljr4w.php')
Sat, 25 Jan 2025 19:26:36 -0500 [47.206.206.60] [lib/base.php:3281] View->sandbox()
Sat, 25 Jan 2025 19:26:36 -0500 [47.206.206.60] [tmp/3hn69l4qoa804.3h31n1yj254w8.php:7] Preview->render()
Sat, 25 Jan 2025 19:26:36 -0500 [47.206.206.60] [lib/base.php:3036] require('/home/u991737198/domains/tas2023.online/public_html/tmp/3hn69l4qoa804.3h31n1yj254w8.php')
Sat, 25 Jan 2025 19:26:36 -0500 [47.206.206.60] [lib/base.php:3281] View->sandbox()
Sat, 25 Jan 2025 19:26:36 -0500 [47.206.206.60] [app/controllers/Controller.php:87] Preview->render()
Sat, 25 Jan 2025 19:26:36 -0500 [47.206.206.60] [lib/base.php:2078] Controller->afterroute()
Sat, 25 Jan 2025 19:26:36 -0500 [47.206.206.60] [lib/base.php:1871] Base->call()
Sat, 25 Jan 2025 19:26:36 -0500 [47.206.206.60] [index.php:19] Base->run()
Sat, 25 Jan 2025 19:26:40 -0500 [47.206.206.60] 500: Undefined variable $entity_num trace: [tmp/3hn69l4qoa804.1zo7dt0fljr4w.php:200]
Sat, 25 Jan 2025 19:26:40 -0500 [47.206.206.60] [tmp/3hn69l4qoa804.1zo7dt0fljr4w.php:200] Base->{closure}()
Sat, 25 Jan 2025 19:26:40 -0500 [47.206.206.60] [lib/base.php:3036] require('/home/u991737198/domains/tas2023.online/public_html/tmp/3hn69l4qoa804.1zo7dt0fljr4w.php')
Sat, 25 Jan 2025 19:26:40 -0500 [47.206.206.60] [lib/base.php:3281] View->sandbox()
Sat, 25 Jan 2025 19:26:40 -0500 [47.206.206.60] [tmp/3hn69l4qoa804.3h31n1yj254w8.php:7] Preview->render()
Sat, 25 Jan 2025 19:26:40 -0500 [47.206.206.60] [lib/base.php:3036] require('/home/u991737198/domains/tas2023.online/public_html/tmp/3hn69l4qoa804.3h31n1yj254w8.php')
Sat, 25 Jan 2025 19:26:40 -0500 [47.206.206.60] [lib/base.php:3281] View->sandbox()
Sat, 25 Jan 2025 19:26:40 -0500 [47.206.206.60] [app/controllers/Controller.php:87] Preview->render()
Sat, 25 Jan 2025 19:26:40 -0500 [47.206.206.60] [lib/base.php:2078] Controller->afterroute()
Sat, 25 Jan 2025 19:26:40 -0500 [47.206.206.60] [lib/base.php:1871] Base->call()
Sat, 25 Jan 2025 19:26:40 -0500 [47.206.206.60] [index.php:19] Base->run()
Sat, 25 Jan 2025 19:26:43 -0500 [47.206.206.60] 500: Undefined variable $i18n_select_task_type trace: [/home/u991737198/domains/tas2023.online/public_html/tmp/3hn69l4qoa804.9b9764piwerh.php:214]
Sat, 25 Jan 2025 19:26:43 -0500 [47.206.206.60] [/home/u991737198/domains/tas2023.online/public_html/tmp/3hn69l4qoa804.9b9764piwerh.php:214] Base->{closure}()
Sat, 25 Jan 2025 19:26:43 -0500 [47.206.206.60] [/home/u991737198/domains/tas2023.online/public_html/lib/base.php:3036] require('/home/u991737198/domains/tas2023.online/public_html/tmp/3hn69l4qoa804.9b9764piwerh.php')
Sat, 25 Jan 2025 19:26:43 -0500 [47.206.206.60] [/home/u991737198/domains/tas2023.online/public_html/lib/base.php:3281] View->sandbox()
Sat, 25 Jan 2025 19:26:43 -0500 [47.206.206.60] [/home/u991737198/domains/tas2023.online/public_html/tmp/3hn69l4qoa804.3h31n1yj254w8.php:7] Preview->render()
Sat, 25 Jan 2025 19:26:43 -0500 [47.206.206.60] [/home/u991737198/domains/tas2023.online/public_html/lib/base.php:3036] require('/home/u991737198/domains/tas2023.online/public_html/tmp/3hn69l4qoa804.3h31n1yj254w8.php')
Sat, 25 Jan 2025 19:26:43 -0500 [47.206.206.60] [/home/u991737198/domains/tas2023.online/public_html/lib/base.php:3281] View->sandbox()
Sat, 25 Jan 2025 19:26:43 -0500 [47.206.206.60] [/home/u991737198/domains/tas2023.online/public_html/app/controllers/Controller.php:87] Preview->render()
Sat, 25 Jan 2025 19:26:43 -0500 [47.206.206.60] [/home/u991737198/domains/tas2023.online/public_html/lib/base.php:2078] Controller->afterroute()
Sat, 25 Jan 2025 19:26:43 -0500 [47.206.206.60] [/home/u991737198/domains/tas2023.online/public_html/lib/base.php:1871] Base->call()
Sat, 25 Jan 2025 19:26:43 -0500 [47.206.206.60] [/home/u991737198/domains/tas2023.online/public_html/index.php:19] Base->run()
Sat, 25 Jan 2025 19:26:46 -0500 [47.206.206.60] 500: Undefined variable $selected_note trace: [/home/u991737198/domains/tas2023.online/public_html/tmp/3hn69l4qoa804.3g8shy2588w00.php:371]
Sat, 25 Jan 2025 19:26:46 -0500 [47.206.206.60] [/home/u991737198/domains/tas2023.online/public_html/tmp/3hn69l4qoa804.3g8shy2588w00.php:371] Base->{closure}()
Sat, 25 Jan 2025 19:26:46 -0500 [47.206.206.60] [/home/u991737198/domains/tas2023.online/public_html/lib/base.php:3036] require('/home/u991737198/domains/tas2023.online/public_html/tmp/3hn69l4qoa804.3g8shy2588w00.php')
Sat, 25 Jan 2025 19:26:46 -0500 [47.206.206.60] [/home/u991737198/domains/tas2023.online/public_html/lib/base.php:3281] View->sandbox()
Sat, 25 Jan 2025 19:26:46 -0500 [47.206.206.60] [/home/u991737198/domains/tas2023.online/public_html/tmp/3hn69l4qoa804.3h31n1yj254w8.php:7] Preview->render()
Sat, 25 Jan 2025 19:26:46 -0500 [47.206.206.60] [/home/u991737198/domains/tas2023.online/public_html/lib/base.php:3036] require('/home/u991737198/domains/tas2023.online/public_html/tmp/3hn69l4qoa804.3h31n1yj254w8.php')
Sat, 25 Jan 2025 19:26:46 -0500 [47.206.206.60] [/home/u991737198/domains/tas2023.online/public_html/lib/base.php:3281] View->sandbox()
Sat, 25 Jan 2025 19:26:46 -0500 [47.206.206.60] [/home/u991737198/domains/tas2023.online/public_html/app/controllers/Controller.php:87] Preview->render()
Sat, 25 Jan 2025 19:26:46 -0500 [47.206.206.60] [/home/u991737198/domains/tas2023.online/public_html/lib/base.php:2078] Controller->afterroute()
Sat, 25 Jan 2025 19:26:46 -0500 [47.206.206.60] [/home/u991737198/domains/tas2023.online/public_html/lib/base.php:1871] Base->call()
Sat, 25 Jan 2025 19:26:46 -0500 [47.206.206.60] [/home/u991737198/domains/tas2023.online/public_html/index.php:19] Base->run()
Sat, 25 Jan 2025 19:30:00 -0500 [47.206.206.60] 500: Undefined variable $selected_note trace: [/home/u991737198/domains/tas2023.online/public_html/tmp/3hn69l4qoa804.3g8shy2588w00.php:371]
Sat, 25 Jan 2025 19:30:00 -0500 [47.206.206.60] [/home/u991737198/domains/tas2023.online/public_html/tmp/3hn69l4qoa804.3g8shy2588w00.php:371] Base->{closure}()
Sat, 25 Jan 2025 19:30:00 -0500 [47.206.206.60] [/home/u991737198/domains/tas2023.online/public_html/lib/base.php:3036] require('/home/u991737198/domains/tas2023.online/public_html/tmp/3hn69l4qoa804.3g8shy2588w00.php')
Sat, 25 Jan 2025 19:30:00 -0500 [47.206.206.60] [/home/u991737198/domains/tas2023.online/public_html/lib/base.php:3281] View->sandbox()
Sat, 25 Jan 2025 19:30:00 -0500 [47.206.206.60] [/home/u991737198/domains/tas2023.online/public_html/tmp/3hn69l4qoa804.3h31n1yj254w8.php:7] Preview->render()
Sat, 25 Jan 2025 19:30:00 -0500 [47.206.206.60] [/home/u991737198/domains/tas2023.online/public_html/lib/base.php:3036] require('/home/u991737198/domains/tas2023.online/public_html/tmp/3hn69l4qoa804.3h31n1yj254w8.php')
Sat, 25 Jan 2025 19:30:00 -0500 [47.206.206.60] [/home/u991737198/domains/tas2023.online/public_html/lib/base.php:3281] View->sandbox()
Sat, 25 Jan 2025 19:30:00 -0500 [47.206.206.60] [/home/u991737198/domains/tas2023.online/public_html/app/controllers/Controller.php:87] Preview->render()
Sat, 25 Jan 2025 19:30:00 -0500 [47.206.206.60] [/home/u991737198/domains/tas2023.online/public_html/lib/base.php:2078] Controller->afterroute()
Sat, 25 Jan 2025 19:30:00 -0500 [47.206.206.60] [/home/u991737198/domains/tas2023.online/public_html/lib/base.php:1871] Base->call()
Sat, 25 Jan 2025 19:30:00 -0500 [47.206.206.60] [/home/u991737198/domains/tas2023.online/public_html/index.php:19] Base->run()
Sat, 25 Jan 2025 19:30:09 -0500 [47.206.206.60] 500: Undefined variable $selected_note trace: [/home/u991737198/domains/tas2023.online/public_html/tmp/3hn69l4qoa804.3g8shy2588w00.php:371]
Sat, 25 Jan 2025 19:30:09 -0500 [47.206.206.60] [/home/u991737198/domains/tas2023.online/public_html/tmp/3hn69l4qoa804.3g8shy2588w00.php:371] Base->{closure}()
Sat, 25 Jan 2025 19:30:09 -0500 [47.206.206.60] [/home/u991737198/domains/tas2023.online/public_html/lib/base.php:3036] require('/home/u991737198/domains/tas2023.online/public_html/tmp/3hn69l4qoa804.3g8shy2588w00.php')
Sat, 25 Jan 2025 19:30:09 -0500 [47.206.206.60] [/home/u991737198/domains/tas2023.online/public_html/lib/base.php:3281] View->sandbox()
Sat, 25 Jan 2025 19:30:09 -0500 [47.206.206.60] [/home/u991737198/domains/tas2023.online/public_html/tmp/3hn69l4qoa804.3h31n1yj254w8.php:7] Preview->render()
Sat, 25 Jan 2025 19:30:09 -0500 [47.206.206.60] [/home/u991737198/domains/tas2023.online/public_html/lib/base.php:3036] require('/home/u991737198/domains/tas2023.online/public_html/tmp/3hn69l4qoa804.3h31n1yj254w8.php')
Sat, 25 Jan 2025 19:30:09 -0500 [47.206.206.60] [/home/u991737198/domains/tas2023.online/public_html/lib/base.php:3281] View->sandbox()
Sat, 25 Jan 2025 19:30:09 -0500 [47.206.206.60] [/home/u991737198/domains/tas2023.online/public_html/app/controllers/Controller.php:87] Preview->render()
Sat, 25 Jan 2025 19:30:09 -0500 [47.206.206.60] [/home/u991737198/domains/tas2023.online/public_html/lib/base.php:2078] Controller->afterroute()
Sat, 25 Jan 2025 19:30:09 -0500 [47.206.206.60] [/home/u991737198/domains/tas2023.online/public_html/lib/base.php:1871] Base->call()
Sat, 25 Jan 2025 19:30:09 -0500 [47.206.206.60] [/home/u991737198/domains/tas2023.online/public_html/index.php:19] Base->run()
