Sat, 18 Jan 2025 00:01:08 -0500 [2603:9000:f801:55e2:85c3:bde3:fbb3:8854] 500: Undefined variable $count trace: [tmp/3hn69l4qoa804.man4oes5p0l2.php:117]
Sat, 18 Jan 2025 00:01:08 -0500 [2603:9000:f801:55e2:85c3:bde3:fbb3:8854] [tmp/3hn69l4qoa804.man4oes5p0l2.php:117] Base->{closure}()
Sat, 18 Jan 2025 00:01:08 -0500 [2603:9000:f801:55e2:85c3:bde3:fbb3:8854] [lib/base.php:3036] require('/home/u991737198/domains/tas2023.online/public_html/tmp/3hn69l4qoa804.man4oes5p0l2.php')
Sat, 18 Jan 2025 00:01:08 -0500 [2603:9000:f801:55e2:85c3:bde3:fbb3:8854] [lib/base.php:3281] View->sandbox()
Sat, 18 Jan 2025 00:01:08 -0500 [2603:9000:f801:55e2:85c3:bde3:fbb3:8854] [tmp/3hn69l4qoa804.3h31n1yj254w8.php:7] Preview->render()
Sat, 18 Jan 2025 00:01:08 -0500 [2603:9000:f801:55e2:85c3:bde3:fbb3:8854] [lib/base.php:3036] require('/home/u991737198/domains/tas2023.online/public_html/tmp/3hn69l4qoa804.3h31n1yj254w8.php')
Sat, 18 Jan 2025 00:01:08 -0500 [2603:9000:f801:55e2:85c3:bde3:fbb3:8854] [lib/base.php:3281] View->sandbox()
Sat, 18 Jan 2025 00:01:08 -0500 [2603:9000:f801:55e2:85c3:bde3:fbb3:8854] [app/controllers/Controller.php:87] Preview->render()
Sat, 18 Jan 2025 00:01:08 -0500 [2603:9000:f801:55e2:85c3:bde3:fbb3:8854] [lib/base.php:2078] Controller->afterroute()
Sat, 18 Jan 2025 00:01:08 -0500 [2603:9000:f801:55e2:85c3:bde3:fbb3:8854] [lib/base.php:1871] Base->call()
Sat, 18 Jan 2025 00:01:08 -0500 [2603:9000:f801:55e2:85c3:bde3:fbb3:8854] [index.php:19] Base->run()
Sat, 18 Jan 2025 00:06:21 -0500 [2603:9000:f801:55e2:85c3:bde3:fbb3:8854] 500: Undefined variable $count trace: [tmp/3hn69l4qoa804.man4oes5p0l2.php:117]
Sat, 18 Jan 2025 00:06:21 -0500 [2603:9000:f801:55e2:85c3:bde3:fbb3:8854] [tmp/3hn69l4qoa804.man4oes5p0l2.php:117] Base->{closure}()
Sat, 18 Jan 2025 00:06:21 -0500 [2603:9000:f801:55e2:85c3:bde3:fbb3:8854] [lib/base.php:3036] require('/home/u991737198/domains/tas2023.online/public_html/tmp/3hn69l4qoa804.man4oes5p0l2.php')
Sat, 18 Jan 2025 00:06:21 -0500 [2603:9000:f801:55e2:85c3:bde3:fbb3:8854] [lib/base.php:3281] View->sandbox()
Sat, 18 Jan 2025 00:06:21 -0500 [2603:9000:f801:55e2:85c3:bde3:fbb3:8854] [tmp/3hn69l4qoa804.3h31n1yj254w8.php:7] Preview->render()
Sat, 18 Jan 2025 00:06:21 -0500 [2603:9000:f801:55e2:85c3:bde3:fbb3:8854] [lib/base.php:3036] require('/home/u991737198/domains/tas2023.online/public_html/tmp/3hn69l4qoa804.3h31n1yj254w8.php')
Sat, 18 Jan 2025 00:06:21 -0500 [2603:9000:f801:55e2:85c3:bde3:fbb3:8854] [lib/base.php:3281] View->sandbox()
Sat, 18 Jan 2025 00:06:21 -0500 [2603:9000:f801:55e2:85c3:bde3:fbb3:8854] [app/controllers/Controller.php:87] Preview->render()
Sat, 18 Jan 2025 00:06:21 -0500 [2603:9000:f801:55e2:85c3:bde3:fbb3:8854] [lib/base.php:2078] Controller->afterroute()
Sat, 18 Jan 2025 00:06:21 -0500 [2603:9000:f801:55e2:85c3:bde3:fbb3:8854] [lib/base.php:1871] Base->call()
Sat, 18 Jan 2025 00:06:21 -0500 [2603:9000:f801:55e2:85c3:bde3:fbb3:8854] [index.php:19] Base->run()
Sat, 18 Jan 2025 00:11:42 -0500 [2603:9000:f801:55e2:85c3:bde3:fbb3:8854] 500: Undefined variable $count trace: [tmp/3hn69l4qoa804.man4oes5p0l2.php:117]
Sat, 18 Jan 2025 00:11:42 -0500 [2603:9000:f801:55e2:85c3:bde3:fbb3:8854] [tmp/3hn69l4qoa804.man4oes5p0l2.php:117] Base->{closure}()
Sat, 18 Jan 2025 00:11:42 -0500 [2603:9000:f801:55e2:85c3:bde3:fbb3:8854] [lib/base.php:3036] require('/home/u991737198/domains/tas2023.online/public_html/tmp/3hn69l4qoa804.man4oes5p0l2.php')
Sat, 18 Jan 2025 00:11:42 -0500 [2603:9000:f801:55e2:85c3:bde3:fbb3:8854] [lib/base.php:3281] View->sandbox()
Sat, 18 Jan 2025 00:11:42 -0500 [2603:9000:f801:55e2:85c3:bde3:fbb3:8854] [tmp/3hn69l4qoa804.3h31n1yj254w8.php:7] Preview->render()
Sat, 18 Jan 2025 00:11:42 -0500 [2603:9000:f801:55e2:85c3:bde3:fbb3:8854] [lib/base.php:3036] require('/home/u991737198/domains/tas2023.online/public_html/tmp/3hn69l4qoa804.3h31n1yj254w8.php')
Sat, 18 Jan 2025 00:11:42 -0500 [2603:9000:f801:55e2:85c3:bde3:fbb3:8854] [lib/base.php:3281] View->sandbox()
Sat, 18 Jan 2025 00:11:42 -0500 [2603:9000:f801:55e2:85c3:bde3:fbb3:8854] [app/controllers/Controller.php:87] Preview->render()
Sat, 18 Jan 2025 00:11:42 -0500 [2603:9000:f801:55e2:85c3:bde3:fbb3:8854] [lib/base.php:2078] Controller->afterroute()
Sat, 18 Jan 2025 00:11:42 -0500 [2603:9000:f801:55e2:85c3:bde3:fbb3:8854] [lib/base.php:1871] Base->call()
Sat, 18 Jan 2025 00:11:42 -0500 [2603:9000:f801:55e2:85c3:bde3:fbb3:8854] [index.php:19] Base->run()
Sat, 18 Jan 2025 00:13:35 -0500 [2603:9000:f801:55e2:85c3:bde3:fbb3:8854] 500: Undefined variable $count trace: [tmp/3hn69l4qoa804.man4oes5p0l2.php:117]
Sat, 18 Jan 2025 00:13:35 -0500 [2603:9000:f801:55e2:85c3:bde3:fbb3:8854] [tmp/3hn69l4qoa804.man4oes5p0l2.php:117] Base->{closure}()
Sat, 18 Jan 2025 00:13:35 -0500 [2603:9000:f801:55e2:85c3:bde3:fbb3:8854] [lib/base.php:3036] require('/home/u991737198/domains/tas2023.online/public_html/tmp/3hn69l4qoa804.man4oes5p0l2.php')
Sat, 18 Jan 2025 00:13:35 -0500 [2603:9000:f801:55e2:85c3:bde3:fbb3:8854] [lib/base.php:3281] View->sandbox()
Sat, 18 Jan 2025 00:13:35 -0500 [2603:9000:f801:55e2:85c3:bde3:fbb3:8854] [tmp/3hn69l4qoa804.3h31n1yj254w8.php:7] Preview->render()
Sat, 18 Jan 2025 00:13:35 -0500 [2603:9000:f801:55e2:85c3:bde3:fbb3:8854] [lib/base.php:3036] require('/home/u991737198/domains/tas2023.online/public_html/tmp/3hn69l4qoa804.3h31n1yj254w8.php')
Sat, 18 Jan 2025 00:13:35 -0500 [2603:9000:f801:55e2:85c3:bde3:fbb3:8854] [lib/base.php:3281] View->sandbox()
Sat, 18 Jan 2025 00:13:35 -0500 [2603:9000:f801:55e2:85c3:bde3:fbb3:8854] [app/controllers/Controller.php:87] Preview->render()
Sat, 18 Jan 2025 00:13:35 -0500 [2603:9000:f801:55e2:85c3:bde3:fbb3:8854] [lib/base.php:2078] Controller->afterroute()
Sat, 18 Jan 2025 00:13:35 -0500 [2603:9000:f801:55e2:85c3:bde3:fbb3:8854] [lib/base.php:1871] Base->call()
Sat, 18 Jan 2025 00:13:35 -0500 [2603:9000:f801:55e2:85c3:bde3:fbb3:8854] [index.php:19] Base->run()
Sat, 18 Jan 2025 00:13:51 -0500 [2603:9000:f801:55e2:85c3:bde3:fbb3:8854] 500: Undefined variable $entity_num trace: [tmp/3hn69l4qoa804.man4oes5p0l2.php:156]
Sat, 18 Jan 2025 00:13:51 -0500 [2603:9000:f801:55e2:85c3:bde3:fbb3:8854] [tmp/3hn69l4qoa804.man4oes5p0l2.php:156] Base->{closure}()
Sat, 18 Jan 2025 00:13:51 -0500 [2603:9000:f801:55e2:85c3:bde3:fbb3:8854] [lib/base.php:3036] require('/home/u991737198/domains/tas2023.online/public_html/tmp/3hn69l4qoa804.man4oes5p0l2.php')
Sat, 18 Jan 2025 00:13:51 -0500 [2603:9000:f801:55e2:85c3:bde3:fbb3:8854] [lib/base.php:3281] View->sandbox()
Sat, 18 Jan 2025 00:13:51 -0500 [2603:9000:f801:55e2:85c3:bde3:fbb3:8854] [tmp/3hn69l4qoa804.3h31n1yj254w8.php:7] Preview->render()
Sat, 18 Jan 2025 00:13:51 -0500 [2603:9000:f801:55e2:85c3:bde3:fbb3:8854] [lib/base.php:3036] require('/home/u991737198/domains/tas2023.online/public_html/tmp/3hn69l4qoa804.3h31n1yj254w8.php')
Sat, 18 Jan 2025 00:13:51 -0500 [2603:9000:f801:55e2:85c3:bde3:fbb3:8854] [lib/base.php:3281] View->sandbox()
Sat, 18 Jan 2025 00:13:51 -0500 [2603:9000:f801:55e2:85c3:bde3:fbb3:8854] [app/controllers/Controller.php:87] Preview->render()
Sat, 18 Jan 2025 00:13:51 -0500 [2603:9000:f801:55e2:85c3:bde3:fbb3:8854] [lib/base.php:2078] Controller->afterroute()
Sat, 18 Jan 2025 00:13:51 -0500 [2603:9000:f801:55e2:85c3:bde3:fbb3:8854] [lib/base.php:1871] Base->call()
Sat, 18 Jan 2025 00:13:51 -0500 [2603:9000:f801:55e2:85c3:bde3:fbb3:8854] [index.php:19] Base->run()
Sat, 18 Jan 2025 00:15:45 -0500 [2603:9000:f801:55e2:85c3:bde3:fbb3:8854] 500: Undefined variable $entity_num trace: [tmp/3hn69l4qoa804.man4oes5p0l2.php:156]
Sat, 18 Jan 2025 00:15:45 -0500 [2603:9000:f801:55e2:85c3:bde3:fbb3:8854] [tmp/3hn69l4qoa804.man4oes5p0l2.php:156] Base->{closure}()
Sat, 18 Jan 2025 00:15:45 -0500 [2603:9000:f801:55e2:85c3:bde3:fbb3:8854] [lib/base.php:3036] require('/home/u991737198/domains/tas2023.online/public_html/tmp/3hn69l4qoa804.man4oes5p0l2.php')
Sat, 18 Jan 2025 00:15:45 -0500 [2603:9000:f801:55e2:85c3:bde3:fbb3:8854] [lib/base.php:3281] View->sandbox()
Sat, 18 Jan 2025 00:15:45 -0500 [2603:9000:f801:55e2:85c3:bde3:fbb3:8854] [tmp/3hn69l4qoa804.3h31n1yj254w8.php:7] Preview->render()
Sat, 18 Jan 2025 00:15:45 -0500 [2603:9000:f801:55e2:85c3:bde3:fbb3:8854] [lib/base.php:3036] require('/home/u991737198/domains/tas2023.online/public_html/tmp/3hn69l4qoa804.3h31n1yj254w8.php')
Sat, 18 Jan 2025 00:15:45 -0500 [2603:9000:f801:55e2:85c3:bde3:fbb3:8854] [lib/base.php:3281] View->sandbox()
Sat, 18 Jan 2025 00:15:45 -0500 [2603:9000:f801:55e2:85c3:bde3:fbb3:8854] [app/controllers/Controller.php:87] Preview->render()
Sat, 18 Jan 2025 00:15:45 -0500 [2603:9000:f801:55e2:85c3:bde3:fbb3:8854] [lib/base.php:2078] Controller->afterroute()
Sat, 18 Jan 2025 00:15:45 -0500 [2603:9000:f801:55e2:85c3:bde3:fbb3:8854] [lib/base.php:1871] Base->call()
Sat, 18 Jan 2025 00:15:45 -0500 [2603:9000:f801:55e2:85c3:bde3:fbb3:8854] [index.php:19] Base->run()
Sat, 18 Jan 2025 00:17:50 -0500 [2603:9000:f801:55e2:85c3:bde3:fbb3:8854] 500: Undefined variable $ptask trace: [tmp/3hn69l4qoa804.man4oes5p0l2.php:78]
Sat, 18 Jan 2025 00:17:50 -0500 [2603:9000:f801:55e2:85c3:bde3:fbb3:8854] [tmp/3hn69l4qoa804.man4oes5p0l2.php:78] Base->{closure}()
Sat, 18 Jan 2025 00:17:50 -0500 [2603:9000:f801:55e2:85c3:bde3:fbb3:8854] [lib/base.php:3036] require('/home/u991737198/domains/tas2023.online/public_html/tmp/3hn69l4qoa804.man4oes5p0l2.php')
Sat, 18 Jan 2025 00:17:50 -0500 [2603:9000:f801:55e2:85c3:bde3:fbb3:8854] [lib/base.php:3281] View->sandbox()
Sat, 18 Jan 2025 00:17:50 -0500 [2603:9000:f801:55e2:85c3:bde3:fbb3:8854] [tmp/3hn69l4qoa804.3h31n1yj254w8.php:7] Preview->render()
Sat, 18 Jan 2025 00:17:50 -0500 [2603:9000:f801:55e2:85c3:bde3:fbb3:8854] [lib/base.php:3036] require('/home/u991737198/domains/tas2023.online/public_html/tmp/3hn69l4qoa804.3h31n1yj254w8.php')
Sat, 18 Jan 2025 00:17:50 -0500 [2603:9000:f801:55e2:85c3:bde3:fbb3:8854] [lib/base.php:3281] View->sandbox()
Sat, 18 Jan 2025 00:17:50 -0500 [2603:9000:f801:55e2:85c3:bde3:fbb3:8854] [app/controllers/Controller.php:87] Preview->render()
Sat, 18 Jan 2025 00:17:50 -0500 [2603:9000:f801:55e2:85c3:bde3:fbb3:8854] [lib/base.php:2078] Controller->afterroute()
Sat, 18 Jan 2025 00:17:50 -0500 [2603:9000:f801:55e2:85c3:bde3:fbb3:8854] [lib/base.php:1871] Base->call()
Sat, 18 Jan 2025 00:17:50 -0500 [2603:9000:f801:55e2:85c3:bde3:fbb3:8854] [index.php:19] Base->run()
Sat, 18 Jan 2025 00:19:04 -0500 [2603:9000:f801:55e2:85c3:bde3:fbb3:8854] 500: Undefined variable $ptask trace: [tmp/3hn69l4qoa804.man4oes5p0l2.php:78]
Sat, 18 Jan 2025 00:19:04 -0500 [2603:9000:f801:55e2:85c3:bde3:fbb3:8854] [tmp/3hn69l4qoa804.man4oes5p0l2.php:78] Base->{closure}()
Sat, 18 Jan 2025 00:19:04 -0500 [2603:9000:f801:55e2:85c3:bde3:fbb3:8854] [lib/base.php:3036] require('/home/u991737198/domains/tas2023.online/public_html/tmp/3hn69l4qoa804.man4oes5p0l2.php')
Sat, 18 Jan 2025 00:19:04 -0500 [2603:9000:f801:55e2:85c3:bde3:fbb3:8854] [lib/base.php:3281] View->sandbox()
Sat, 18 Jan 2025 00:19:04 -0500 [2603:9000:f801:55e2:85c3:bde3:fbb3:8854] [tmp/3hn69l4qoa804.3h31n1yj254w8.php:7] Preview->render()
Sat, 18 Jan 2025 00:19:04 -0500 [2603:9000:f801:55e2:85c3:bde3:fbb3:8854] [lib/base.php:3036] require('/home/u991737198/domains/tas2023.online/public_html/tmp/3hn69l4qoa804.3h31n1yj254w8.php')
Sat, 18 Jan 2025 00:19:04 -0500 [2603:9000:f801:55e2:85c3:bde3:fbb3:8854] [lib/base.php:3281] View->sandbox()
Sat, 18 Jan 2025 00:19:04 -0500 [2603:9000:f801:55e2:85c3:bde3:fbb3:8854] [app/controllers/Controller.php:87] Preview->render()
Sat, 18 Jan 2025 00:19:04 -0500 [2603:9000:f801:55e2:85c3:bde3:fbb3:8854] [lib/base.php:2078] Controller->afterroute()
Sat, 18 Jan 2025 00:19:04 -0500 [2603:9000:f801:55e2:85c3:bde3:fbb3:8854] [lib/base.php:1871] Base->call()
Sat, 18 Jan 2025 00:19:04 -0500 [2603:9000:f801:55e2:85c3:bde3:fbb3:8854] [index.php:19] Base->run()
Sat, 18 Jan 2025 00:20:03 -0500 [2603:9000:f801:55e2:85c3:bde3:fbb3:8854] 500: Undefined variable $entity_num trace: [tmp/3hn69l4qoa804.man4oes5p0l2.php:169]
Sat, 18 Jan 2025 00:20:03 -0500 [2603:9000:f801:55e2:85c3:bde3:fbb3:8854] [tmp/3hn69l4qoa804.man4oes5p0l2.php:169] Base->{closure}()
Sat, 18 Jan 2025 00:20:03 -0500 [2603:9000:f801:55e2:85c3:bde3:fbb3:8854] [lib/base.php:3036] require('/home/u991737198/domains/tas2023.online/public_html/tmp/3hn69l4qoa804.man4oes5p0l2.php')
Sat, 18 Jan 2025 00:20:03 -0500 [2603:9000:f801:55e2:85c3:bde3:fbb3:8854] [lib/base.php:3281] View->sandbox()
Sat, 18 Jan 2025 00:20:03 -0500 [2603:9000:f801:55e2:85c3:bde3:fbb3:8854] [tmp/3hn69l4qoa804.3h31n1yj254w8.php:7] Preview->render()
Sat, 18 Jan 2025 00:20:03 -0500 [2603:9000:f801:55e2:85c3:bde3:fbb3:8854] [lib/base.php:3036] require('/home/u991737198/domains/tas2023.online/public_html/tmp/3hn69l4qoa804.3h31n1yj254w8.php')
Sat, 18 Jan 2025 00:20:03 -0500 [2603:9000:f801:55e2:85c3:bde3:fbb3:8854] [lib/base.php:3281] View->sandbox()
Sat, 18 Jan 2025 00:20:03 -0500 [2603:9000:f801:55e2:85c3:bde3:fbb3:8854] [app/controllers/Controller.php:87] Preview->render()
Sat, 18 Jan 2025 00:20:03 -0500 [2603:9000:f801:55e2:85c3:bde3:fbb3:8854] [lib/base.php:2078] Controller->afterroute()
Sat, 18 Jan 2025 00:20:03 -0500 [2603:9000:f801:55e2:85c3:bde3:fbb3:8854] [lib/base.php:1871] Base->call()
Sat, 18 Jan 2025 00:20:03 -0500 [2603:9000:f801:55e2:85c3:bde3:fbb3:8854] [index.php:19] Base->run()
Sat, 18 Jan 2025 00:21:18 -0500 [2603:9000:f801:55e2:85c3:bde3:fbb3:8854] 500: Undefined variable $entity_num trace: [tmp/3hn69l4qoa804.man4oes5p0l2.php:169]
Sat, 18 Jan 2025 00:21:18 -0500 [2603:9000:f801:55e2:85c3:bde3:fbb3:8854] [tmp/3hn69l4qoa804.man4oes5p0l2.php:169] Base->{closure}()
Sat, 18 Jan 2025 00:21:18 -0500 [2603:9000:f801:55e2:85c3:bde3:fbb3:8854] [lib/base.php:3036] require('/home/u991737198/domains/tas2023.online/public_html/tmp/3hn69l4qoa804.man4oes5p0l2.php')
Sat, 18 Jan 2025 00:21:18 -0500 [2603:9000:f801:55e2:85c3:bde3:fbb3:8854] [lib/base.php:3281] View->sandbox()
Sat, 18 Jan 2025 00:21:18 -0500 [2603:9000:f801:55e2:85c3:bde3:fbb3:8854] [tmp/3hn69l4qoa804.3h31n1yj254w8.php:7] Preview->render()
Sat, 18 Jan 2025 00:21:18 -0500 [2603:9000:f801:55e2:85c3:bde3:fbb3:8854] [lib/base.php:3036] require('/home/u991737198/domains/tas2023.online/public_html/tmp/3hn69l4qoa804.3h31n1yj254w8.php')
Sat, 18 Jan 2025 00:21:18 -0500 [2603:9000:f801:55e2:85c3:bde3:fbb3:8854] [lib/base.php:3281] View->sandbox()
Sat, 18 Jan 2025 00:21:18 -0500 [2603:9000:f801:55e2:85c3:bde3:fbb3:8854] [app/controllers/Controller.php:87] Preview->render()
Sat, 18 Jan 2025 00:21:18 -0500 [2603:9000:f801:55e2:85c3:bde3:fbb3:8854] [lib/base.php:2078] Controller->afterroute()
Sat, 18 Jan 2025 00:21:18 -0500 [2603:9000:f801:55e2:85c3:bde3:fbb3:8854] [lib/base.php:1871] Base->call()
Sat, 18 Jan 2025 00:21:18 -0500 [2603:9000:f801:55e2:85c3:bde3:fbb3:8854] [index.php:19] Base->run()
Sat, 18 Jan 2025 00:24:02 -0500 [2603:9000:f801:55e2:85c3:bde3:fbb3:8854] 500: Undefined variable $entity_num trace: [tmp/3hn69l4qoa804.man4oes5p0l2.php:169]
Sat, 18 Jan 2025 00:24:02 -0500 [2603:9000:f801:55e2:85c3:bde3:fbb3:8854] [tmp/3hn69l4qoa804.man4oes5p0l2.php:169] Base->{closure}()
Sat, 18 Jan 2025 00:24:02 -0500 [2603:9000:f801:55e2:85c3:bde3:fbb3:8854] [lib/base.php:3036] require('/home/u991737198/domains/tas2023.online/public_html/tmp/3hn69l4qoa804.man4oes5p0l2.php')
Sat, 18 Jan 2025 00:24:02 -0500 [2603:9000:f801:55e2:85c3:bde3:fbb3:8854] [lib/base.php:3281] View->sandbox()
Sat, 18 Jan 2025 00:24:02 -0500 [2603:9000:f801:55e2:85c3:bde3:fbb3:8854] [tmp/3hn69l4qoa804.3h31n1yj254w8.php:7] Preview->render()
Sat, 18 Jan 2025 00:24:02 -0500 [2603:9000:f801:55e2:85c3:bde3:fbb3:8854] [lib/base.php:3036] require('/home/u991737198/domains/tas2023.online/public_html/tmp/3hn69l4qoa804.3h31n1yj254w8.php')
Sat, 18 Jan 2025 00:24:02 -0500 [2603:9000:f801:55e2:85c3:bde3:fbb3:8854] [lib/base.php:3281] View->sandbox()
Sat, 18 Jan 2025 00:24:02 -0500 [2603:9000:f801:55e2:85c3:bde3:fbb3:8854] [app/controllers/Controller.php:87] Preview->render()
Sat, 18 Jan 2025 00:24:02 -0500 [2603:9000:f801:55e2:85c3:bde3:fbb3:8854] [lib/base.php:2078] Controller->afterroute()
Sat, 18 Jan 2025 00:24:02 -0500 [2603:9000:f801:55e2:85c3:bde3:fbb3:8854] [lib/base.php:1871] Base->call()
Sat, 18 Jan 2025 00:24:02 -0500 [2603:9000:f801:55e2:85c3:bde3:fbb3:8854] [index.php:19] Base->run()
Sat, 18 Jan 2025 00:24:24 -0500 [2603:9000:f801:55e2:85c3:bde3:fbb3:8854] 500: Undefined variable $selected_note trace: [/home/u991737198/domains/tas2023.online/public_html/tmp/3hn69l4qoa804.3g8shy2588w00.php:354]
Sat, 18 Jan 2025 00:24:24 -0500 [2603:9000:f801:55e2:85c3:bde3:fbb3:8854] [/home/u991737198/domains/tas2023.online/public_html/tmp/3hn69l4qoa804.3g8shy2588w00.php:354] Base->{closure}()
Sat, 18 Jan 2025 00:24:24 -0500 [2603:9000:f801:55e2:85c3:bde3:fbb3:8854] [/home/u991737198/domains/tas2023.online/public_html/lib/base.php:3036] require('/home/u991737198/domains/tas2023.online/public_html/tmp/3hn69l4qoa804.3g8shy2588w00.php')
Sat, 18 Jan 2025 00:24:24 -0500 [2603:9000:f801:55e2:85c3:bde3:fbb3:8854] [/home/u991737198/domains/tas2023.online/public_html/lib/base.php:3281] View->sandbox()
Sat, 18 Jan 2025 00:24:24 -0500 [2603:9000:f801:55e2:85c3:bde3:fbb3:8854] [/home/u991737198/domains/tas2023.online/public_html/tmp/3hn69l4qoa804.3h31n1yj254w8.php:7] Preview->render()
Sat, 18 Jan 2025 00:24:24 -0500 [2603:9000:f801:55e2:85c3:bde3:fbb3:8854] [/home/u991737198/domains/tas2023.online/public_html/lib/base.php:3036] require('/home/u991737198/domains/tas2023.online/public_html/tmp/3hn69l4qoa804.3h31n1yj254w8.php')
Sat, 18 Jan 2025 00:24:24 -0500 [2603:9000:f801:55e2:85c3:bde3:fbb3:8854] [/home/u991737198/domains/tas2023.online/public_html/lib/base.php:3281] View->sandbox()
Sat, 18 Jan 2025 00:24:24 -0500 [2603:9000:f801:55e2:85c3:bde3:fbb3:8854] [/home/u991737198/domains/tas2023.online/public_html/app/controllers/Controller.php:87] Preview->render()
Sat, 18 Jan 2025 00:24:24 -0500 [2603:9000:f801:55e2:85c3:bde3:fbb3:8854] [/home/u991737198/domains/tas2023.online/public_html/lib/base.php:2078] Controller->afterroute()
Sat, 18 Jan 2025 00:24:24 -0500 [2603:9000:f801:55e2:85c3:bde3:fbb3:8854] [/home/u991737198/domains/tas2023.online/public_html/lib/base.php:1871] Base->call()
Sat, 18 Jan 2025 00:24:24 -0500 [2603:9000:f801:55e2:85c3:bde3:fbb3:8854] [/home/u991737198/domains/tas2023.online/public_html/index.php:19] Base->run()
Sat, 18 Jan 2025 00:24:48 -0500 [2603:9000:f801:55e2:85c3:bde3:fbb3:8854] 500: Undefined variable $selected_note trace: [/home/u991737198/domains/tas2023.online/public_html/tmp/3hn69l4qoa804.3g8shy2588w00.php:354]
Sat, 18 Jan 2025 00:24:48 -0500 [2603:9000:f801:55e2:85c3:bde3:fbb3:8854] [/home/u991737198/domains/tas2023.online/public_html/tmp/3hn69l4qoa804.3g8shy2588w00.php:354] Base->{closure}()
Sat, 18 Jan 2025 00:24:48 -0500 [2603:9000:f801:55e2:85c3:bde3:fbb3:8854] [/home/u991737198/domains/tas2023.online/public_html/lib/base.php:3036] require('/home/u991737198/domains/tas2023.online/public_html/tmp/3hn69l4qoa804.3g8shy2588w00.php')
Sat, 18 Jan 2025 00:24:48 -0500 [2603:9000:f801:55e2:85c3:bde3:fbb3:8854] [/home/u991737198/domains/tas2023.online/public_html/lib/base.php:3281] View->sandbox()
Sat, 18 Jan 2025 00:24:48 -0500 [2603:9000:f801:55e2:85c3:bde3:fbb3:8854] [/home/u991737198/domains/tas2023.online/public_html/tmp/3hn69l4qoa804.3h31n1yj254w8.php:7] Preview->render()
Sat, 18 Jan 2025 00:24:48 -0500 [2603:9000:f801:55e2:85c3:bde3:fbb3:8854] [/home/u991737198/domains/tas2023.online/public_html/lib/base.php:3036] require('/home/u991737198/domains/tas2023.online/public_html/tmp/3hn69l4qoa804.3h31n1yj254w8.php')
Sat, 18 Jan 2025 00:24:48 -0500 [2603:9000:f801:55e2:85c3:bde3:fbb3:8854] [/home/u991737198/domains/tas2023.online/public_html/lib/base.php:3281] View->sandbox()
Sat, 18 Jan 2025 00:24:48 -0500 [2603:9000:f801:55e2:85c3:bde3:fbb3:8854] [/home/u991737198/domains/tas2023.online/public_html/app/controllers/Controller.php:87] Preview->render()
Sat, 18 Jan 2025 00:24:48 -0500 [2603:9000:f801:55e2:85c3:bde3:fbb3:8854] [/home/u991737198/domains/tas2023.online/public_html/lib/base.php:2078] Controller->afterroute()
Sat, 18 Jan 2025 00:24:48 -0500 [2603:9000:f801:55e2:85c3:bde3:fbb3:8854] [/home/u991737198/domains/tas2023.online/public_html/lib/base.php:1871] Base->call()
Sat, 18 Jan 2025 00:24:48 -0500 [2603:9000:f801:55e2:85c3:bde3:fbb3:8854] [/home/u991737198/domains/tas2023.online/public_html/index.php:19] Base->run()
Sat, 18 Jan 2025 00:25:22 -0500 [2603:9000:f801:55e2:85c3:bde3:fbb3:8854] 500: Undefined variable $entity_num trace: [tmp/3hn69l4qoa804.man4oes5p0l2.php:169]
Sat, 18 Jan 2025 00:25:22 -0500 [2603:9000:f801:55e2:85c3:bde3:fbb3:8854] [tmp/3hn69l4qoa804.man4oes5p0l2.php:169] Base->{closure}()
Sat, 18 Jan 2025 00:25:22 -0500 [2603:9000:f801:55e2:85c3:bde3:fbb3:8854] [lib/base.php:3036] require('/home/u991737198/domains/tas2023.online/public_html/tmp/3hn69l4qoa804.man4oes5p0l2.php')
Sat, 18 Jan 2025 00:25:22 -0500 [2603:9000:f801:55e2:85c3:bde3:fbb3:8854] [lib/base.php:3281] View->sandbox()
Sat, 18 Jan 2025 00:25:22 -0500 [2603:9000:f801:55e2:85c3:bde3:fbb3:8854] [tmp/3hn69l4qoa804.3h31n1yj254w8.php:7] Preview->render()
Sat, 18 Jan 2025 00:25:22 -0500 [2603:9000:f801:55e2:85c3:bde3:fbb3:8854] [lib/base.php:3036] require('/home/u991737198/domains/tas2023.online/public_html/tmp/3hn69l4qoa804.3h31n1yj254w8.php')
Sat, 18 Jan 2025 00:25:22 -0500 [2603:9000:f801:55e2:85c3:bde3:fbb3:8854] [lib/base.php:3281] View->sandbox()
Sat, 18 Jan 2025 00:25:22 -0500 [2603:9000:f801:55e2:85c3:bde3:fbb3:8854] [app/controllers/Controller.php:87] Preview->render()
Sat, 18 Jan 2025 00:25:22 -0500 [2603:9000:f801:55e2:85c3:bde3:fbb3:8854] [lib/base.php:2078] Controller->afterroute()
Sat, 18 Jan 2025 00:25:22 -0500 [2603:9000:f801:55e2:85c3:bde3:fbb3:8854] [lib/base.php:1871] Base->call()
Sat, 18 Jan 2025 00:25:22 -0500 [2603:9000:f801:55e2:85c3:bde3:fbb3:8854] [index.php:19] Base->run()
Sat, 18 Jan 2025 00:26:33 -0500 [2603:9000:f801:55e2:85c3:bde3:fbb3:8854] 500: Undefined variable $entity_num trace: [tmp/3hn69l4qoa804.1zo7dt0fljr4w.php:196]
Sat, 18 Jan 2025 00:26:33 -0500 [2603:9000:f801:55e2:85c3:bde3:fbb3:8854] [tmp/3hn69l4qoa804.1zo7dt0fljr4w.php:196] Base->{closure}()
Sat, 18 Jan 2025 00:26:33 -0500 [2603:9000:f801:55e2:85c3:bde3:fbb3:8854] [lib/base.php:3036] require('/home/u991737198/domains/tas2023.online/public_html/tmp/3hn69l4qoa804.1zo7dt0fljr4w.php')
Sat, 18 Jan 2025 00:26:33 -0500 [2603:9000:f801:55e2:85c3:bde3:fbb3:8854] [lib/base.php:3281] View->sandbox()
Sat, 18 Jan 2025 00:26:33 -0500 [2603:9000:f801:55e2:85c3:bde3:fbb3:8854] [tmp/3hn69l4qoa804.3h31n1yj254w8.php:7] Preview->render()
Sat, 18 Jan 2025 00:26:33 -0500 [2603:9000:f801:55e2:85c3:bde3:fbb3:8854] [lib/base.php:3036] require('/home/u991737198/domains/tas2023.online/public_html/tmp/3hn69l4qoa804.3h31n1yj254w8.php')
Sat, 18 Jan 2025 00:26:33 -0500 [2603:9000:f801:55e2:85c3:bde3:fbb3:8854] [lib/base.php:3281] View->sandbox()
Sat, 18 Jan 2025 00:26:33 -0500 [2603:9000:f801:55e2:85c3:bde3:fbb3:8854] [app/controllers/Controller.php:87] Preview->render()
Sat, 18 Jan 2025 00:26:33 -0500 [2603:9000:f801:55e2:85c3:bde3:fbb3:8854] [lib/base.php:2078] Controller->afterroute()
Sat, 18 Jan 2025 00:26:33 -0500 [2603:9000:f801:55e2:85c3:bde3:fbb3:8854] [lib/base.php:1871] Base->call()
Sat, 18 Jan 2025 00:26:33 -0500 [2603:9000:f801:55e2:85c3:bde3:fbb3:8854] [index.php:19] Base->run()
Sat, 18 Jan 2025 00:26:35 -0500 [2603:9000:f801:55e2:85c3:bde3:fbb3:8854] 500: Undefined variable $token trace: [tmp/3hn69l4qoa804.2r4f9cgm96ecs.php:191]
Sat, 18 Jan 2025 00:26:35 -0500 [2603:9000:f801:55e2:85c3:bde3:fbb3:8854] [tmp/3hn69l4qoa804.2r4f9cgm96ecs.php:191] Base->{closure}()
Sat, 18 Jan 2025 00:26:35 -0500 [2603:9000:f801:55e2:85c3:bde3:fbb3:8854] [lib/base.php:3036] require('/home/u991737198/domains/tas2023.online/public_html/tmp/3hn69l4qoa804.2r4f9cgm96ecs.php')
Sat, 18 Jan 2025 00:26:35 -0500 [2603:9000:f801:55e2:85c3:bde3:fbb3:8854] [lib/base.php:3281] View->sandbox()
Sat, 18 Jan 2025 00:26:35 -0500 [2603:9000:f801:55e2:85c3:bde3:fbb3:8854] [tmp/3hn69l4qoa804.3h31n1yj254w8.php:7] Preview->render()
Sat, 18 Jan 2025 00:26:35 -0500 [2603:9000:f801:55e2:85c3:bde3:fbb3:8854] [lib/base.php:3036] require('/home/u991737198/domains/tas2023.online/public_html/tmp/3hn69l4qoa804.3h31n1yj254w8.php')
Sat, 18 Jan 2025 00:26:35 -0500 [2603:9000:f801:55e2:85c3:bde3:fbb3:8854] [lib/base.php:3281] View->sandbox()
Sat, 18 Jan 2025 00:26:35 -0500 [2603:9000:f801:55e2:85c3:bde3:fbb3:8854] [app/controllers/Controller.php:87] Preview->render()
Sat, 18 Jan 2025 00:26:35 -0500 [2603:9000:f801:55e2:85c3:bde3:fbb3:8854] [lib/base.php:2078] Controller->afterroute()
Sat, 18 Jan 2025 00:26:35 -0500 [2603:9000:f801:55e2:85c3:bde3:fbb3:8854] [lib/base.php:1871] Base->call()
Sat, 18 Jan 2025 00:26:35 -0500 [2603:9000:f801:55e2:85c3:bde3:fbb3:8854] [index.php:19] Base->run()
Sat, 18 Jan 2025 00:26:41 -0500 [2603:9000:f801:55e2:85c3:bde3:fbb3:8854] 500: Undefined variable $token trace: [tmp/3hn69l4qoa804.2r4f9cgm96ecs.php:191]
Sat, 18 Jan 2025 00:26:41 -0500 [2603:9000:f801:55e2:85c3:bde3:fbb3:8854] [tmp/3hn69l4qoa804.2r4f9cgm96ecs.php:191] Base->{closure}()
Sat, 18 Jan 2025 00:26:41 -0500 [2603:9000:f801:55e2:85c3:bde3:fbb3:8854] [lib/base.php:3036] require('/home/u991737198/domains/tas2023.online/public_html/tmp/3hn69l4qoa804.2r4f9cgm96ecs.php')
Sat, 18 Jan 2025 00:26:41 -0500 [2603:9000:f801:55e2:85c3:bde3:fbb3:8854] [lib/base.php:3281] View->sandbox()
Sat, 18 Jan 2025 00:26:41 -0500 [2603:9000:f801:55e2:85c3:bde3:fbb3:8854] [tmp/3hn69l4qoa804.3h31n1yj254w8.php:7] Preview->render()
Sat, 18 Jan 2025 00:26:41 -0500 [2603:9000:f801:55e2:85c3:bde3:fbb3:8854] [lib/base.php:3036] require('/home/u991737198/domains/tas2023.online/public_html/tmp/3hn69l4qoa804.3h31n1yj254w8.php')
Sat, 18 Jan 2025 00:26:41 -0500 [2603:9000:f801:55e2:85c3:bde3:fbb3:8854] [lib/base.php:3281] View->sandbox()
Sat, 18 Jan 2025 00:26:41 -0500 [2603:9000:f801:55e2:85c3:bde3:fbb3:8854] [app/controllers/Controller.php:87] Preview->render()
Sat, 18 Jan 2025 00:26:41 -0500 [2603:9000:f801:55e2:85c3:bde3:fbb3:8854] [lib/base.php:2078] Controller->afterroute()
Sat, 18 Jan 2025 00:26:41 -0500 [2603:9000:f801:55e2:85c3:bde3:fbb3:8854] [lib/base.php:1871] Base->call()
Sat, 18 Jan 2025 00:26:41 -0500 [2603:9000:f801:55e2:85c3:bde3:fbb3:8854] [index.php:19] Base->run()
Sat, 18 Jan 2025 00:27:10 -0500 [2603:9000:f801:55e2:85c3:bde3:fbb3:8854] 500: Undefined variable $entity_num trace: [tmp/3hn69l4qoa804.man4oes5p0l2.php:169]
Sat, 18 Jan 2025 00:27:10 -0500 [2603:9000:f801:55e2:85c3:bde3:fbb3:8854] [tmp/3hn69l4qoa804.man4oes5p0l2.php:169] Base->{closure}()
Sat, 18 Jan 2025 00:27:10 -0500 [2603:9000:f801:55e2:85c3:bde3:fbb3:8854] [lib/base.php:3036] require('/home/u991737198/domains/tas2023.online/public_html/tmp/3hn69l4qoa804.man4oes5p0l2.php')
Sat, 18 Jan 2025 00:27:10 -0500 [2603:9000:f801:55e2:85c3:bde3:fbb3:8854] [lib/base.php:3281] View->sandbox()
Sat, 18 Jan 2025 00:27:10 -0500 [2603:9000:f801:55e2:85c3:bde3:fbb3:8854] [tmp/3hn69l4qoa804.3h31n1yj254w8.php:7] Preview->render()
Sat, 18 Jan 2025 00:27:10 -0500 [2603:9000:f801:55e2:85c3:bde3:fbb3:8854] [lib/base.php:3036] require('/home/u991737198/domains/tas2023.online/public_html/tmp/3hn69l4qoa804.3h31n1yj254w8.php')
Sat, 18 Jan 2025 00:27:10 -0500 [2603:9000:f801:55e2:85c3:bde3:fbb3:8854] [lib/base.php:3281] View->sandbox()
Sat, 18 Jan 2025 00:27:10 -0500 [2603:9000:f801:55e2:85c3:bde3:fbb3:8854] [app/controllers/Controller.php:87] Preview->render()
Sat, 18 Jan 2025 00:27:10 -0500 [2603:9000:f801:55e2:85c3:bde3:fbb3:8854] [lib/base.php:2078] Controller->afterroute()
Sat, 18 Jan 2025 00:27:10 -0500 [2603:9000:f801:55e2:85c3:bde3:fbb3:8854] [lib/base.php:1871] Base->call()
Sat, 18 Jan 2025 00:27:10 -0500 [2603:9000:f801:55e2:85c3:bde3:fbb3:8854] [index.php:19] Base->run()
Sat, 18 Jan 2025 00:28:24 -0500 [2603:9000:f801:55e2:85c3:bde3:fbb3:8854] 500: Undefined variable $entity_num trace: [tmp/3hn69l4qoa804.man4oes5p0l2.php:179]
Sat, 18 Jan 2025 00:28:24 -0500 [2603:9000:f801:55e2:85c3:bde3:fbb3:8854] [tmp/3hn69l4qoa804.man4oes5p0l2.php:179] Base->{closure}()
Sat, 18 Jan 2025 00:28:24 -0500 [2603:9000:f801:55e2:85c3:bde3:fbb3:8854] [lib/base.php:3036] require('/home/u991737198/domains/tas2023.online/public_html/tmp/3hn69l4qoa804.man4oes5p0l2.php')
Sat, 18 Jan 2025 00:28:24 -0500 [2603:9000:f801:55e2:85c3:bde3:fbb3:8854] [lib/base.php:3281] View->sandbox()
Sat, 18 Jan 2025 00:28:24 -0500 [2603:9000:f801:55e2:85c3:bde3:fbb3:8854] [tmp/3hn69l4qoa804.3h31n1yj254w8.php:7] Preview->render()
Sat, 18 Jan 2025 00:28:24 -0500 [2603:9000:f801:55e2:85c3:bde3:fbb3:8854] [lib/base.php:3036] require('/home/u991737198/domains/tas2023.online/public_html/tmp/3hn69l4qoa804.3h31n1yj254w8.php')
Sat, 18 Jan 2025 00:28:24 -0500 [2603:9000:f801:55e2:85c3:bde3:fbb3:8854] [lib/base.php:3281] View->sandbox()
Sat, 18 Jan 2025 00:28:24 -0500 [2603:9000:f801:55e2:85c3:bde3:fbb3:8854] [app/controllers/Controller.php:87] Preview->render()
Sat, 18 Jan 2025 00:28:24 -0500 [2603:9000:f801:55e2:85c3:bde3:fbb3:8854] [lib/base.php:2078] Controller->afterroute()
Sat, 18 Jan 2025 00:28:24 -0500 [2603:9000:f801:55e2:85c3:bde3:fbb3:8854] [lib/base.php:1871] Base->call()
Sat, 18 Jan 2025 00:28:24 -0500 [2603:9000:f801:55e2:85c3:bde3:fbb3:8854] [index.php:19] Base->run()
Sat, 18 Jan 2025 00:28:42 -0500 [2603:9000:f801:55e2:85c3:bde3:fbb3:8854] 500: Undefined field getByProjectpersonNum trace: [/home/u991737198/domains/tas2023.online/public_html/lib/db/sql/mapper.php:132]
Sat, 18 Jan 2025 00:28:42 -0500 [2603:9000:f801:55e2:85c3:bde3:fbb3:8854] [/home/u991737198/domains/tas2023.online/public_html/lib/db/sql/mapper.php:132] user_error()
Sat, 18 Jan 2025 00:28:42 -0500 [2603:9000:f801:55e2:85c3:bde3:fbb3:8854] [/home/u991737198/domains/tas2023.online/public_html/lib/magic.php:89] DB\SQL\Mapper->get()
Sat, 18 Jan 2025 00:28:42 -0500 [2603:9000:f801:55e2:85c3:bde3:fbb3:8854] [/home/u991737198/domains/tas2023.online/public_html/lib/magic.php:131] Magic->offsetget()
Sat, 18 Jan 2025 00:28:42 -0500 [2603:9000:f801:55e2:85c3:bde3:fbb3:8854] [/home/u991737198/domains/tas2023.online/public_html/lib/db/sql/mapper.php:155] Magic->__get()
Sat, 18 Jan 2025 00:28:42 -0500 [2603:9000:f801:55e2:85c3:bde3:fbb3:8854] [/home/u991737198/domains/tas2023.online/public_html/app/controllers/TaskController.php:615] DB\SQL\Mapper->__call()
Sat, 18 Jan 2025 00:28:42 -0500 [2603:9000:f801:55e2:85c3:bde3:fbb3:8854] [/home/u991737198/domains/tas2023.online/public_html/lib/base.php:2072] TaskController->viewtask()
Sat, 18 Jan 2025 00:28:42 -0500 [2603:9000:f801:55e2:85c3:bde3:fbb3:8854] [/home/u991737198/domains/tas2023.online/public_html/lib/base.php:1871] Base->call()
Sat, 18 Jan 2025 00:28:42 -0500 [2603:9000:f801:55e2:85c3:bde3:fbb3:8854] [/home/u991737198/domains/tas2023.online/public_html/index.php:19] Base->run()
Sat, 18 Jan 2025 00:29:43 -0500 [2603:9000:f801:55e2:85c3:bde3:fbb3:8854] 500: Undefined variable $entity_num trace: [tmp/3hn69l4qoa804.1zo7dt0fljr4w.php:196]
Sat, 18 Jan 2025 00:29:43 -0500 [2603:9000:f801:55e2:85c3:bde3:fbb3:8854] [tmp/3hn69l4qoa804.1zo7dt0fljr4w.php:196] Base->{closure}()
Sat, 18 Jan 2025 00:29:43 -0500 [2603:9000:f801:55e2:85c3:bde3:fbb3:8854] [lib/base.php:3036] require('/home/u991737198/domains/tas2023.online/public_html/tmp/3hn69l4qoa804.1zo7dt0fljr4w.php')
Sat, 18 Jan 2025 00:29:43 -0500 [2603:9000:f801:55e2:85c3:bde3:fbb3:8854] [lib/base.php:3281] View->sandbox()
Sat, 18 Jan 2025 00:29:43 -0500 [2603:9000:f801:55e2:85c3:bde3:fbb3:8854] [tmp/3hn69l4qoa804.3h31n1yj254w8.php:7] Preview->render()
Sat, 18 Jan 2025 00:29:43 -0500 [2603:9000:f801:55e2:85c3:bde3:fbb3:8854] [lib/base.php:3036] require('/home/u991737198/domains/tas2023.online/public_html/tmp/3hn69l4qoa804.3h31n1yj254w8.php')
Sat, 18 Jan 2025 00:29:43 -0500 [2603:9000:f801:55e2:85c3:bde3:fbb3:8854] [lib/base.php:3281] View->sandbox()
Sat, 18 Jan 2025 00:29:43 -0500 [2603:9000:f801:55e2:85c3:bde3:fbb3:8854] [app/controllers/Controller.php:87] Preview->render()
Sat, 18 Jan 2025 00:29:43 -0500 [2603:9000:f801:55e2:85c3:bde3:fbb3:8854] [lib/base.php:2078] Controller->afterroute()
Sat, 18 Jan 2025 00:29:43 -0500 [2603:9000:f801:55e2:85c3:bde3:fbb3:8854] [lib/base.php:1871] Base->call()
Sat, 18 Jan 2025 00:29:43 -0500 [2603:9000:f801:55e2:85c3:bde3:fbb3:8854] [index.php:19] Base->run()
Sat, 18 Jan 2025 00:29:44 -0500 [2603:9000:f801:55e2:85c3:bde3:fbb3:8854] 500: Undefined variable $token trace: [tmp/3hn69l4qoa804.2r4f9cgm96ecs.php:191]
Sat, 18 Jan 2025 00:29:44 -0500 [2603:9000:f801:55e2:85c3:bde3:fbb3:8854] [tmp/3hn69l4qoa804.2r4f9cgm96ecs.php:191] Base->{closure}()
Sat, 18 Jan 2025 00:29:44 -0500 [2603:9000:f801:55e2:85c3:bde3:fbb3:8854] [lib/base.php:3036] require('/home/u991737198/domains/tas2023.online/public_html/tmp/3hn69l4qoa804.2r4f9cgm96ecs.php')
Sat, 18 Jan 2025 00:29:44 -0500 [2603:9000:f801:55e2:85c3:bde3:fbb3:8854] [lib/base.php:3281] View->sandbox()
Sat, 18 Jan 2025 00:29:44 -0500 [2603:9000:f801:55e2:85c3:bde3:fbb3:8854] [tmp/3hn69l4qoa804.3h31n1yj254w8.php:7] Preview->render()
Sat, 18 Jan 2025 00:29:44 -0500 [2603:9000:f801:55e2:85c3:bde3:fbb3:8854] [lib/base.php:3036] require('/home/u991737198/domains/tas2023.online/public_html/tmp/3hn69l4qoa804.3h31n1yj254w8.php')
Sat, 18 Jan 2025 00:29:44 -0500 [2603:9000:f801:55e2:85c3:bde3:fbb3:8854] [lib/base.php:3281] View->sandbox()
Sat, 18 Jan 2025 00:29:44 -0500 [2603:9000:f801:55e2:85c3:bde3:fbb3:8854] [app/controllers/Controller.php:87] Preview->render()
Sat, 18 Jan 2025 00:29:44 -0500 [2603:9000:f801:55e2:85c3:bde3:fbb3:8854] [lib/base.php:2078] Controller->afterroute()
Sat, 18 Jan 2025 00:29:44 -0500 [2603:9000:f801:55e2:85c3:bde3:fbb3:8854] [lib/base.php:1871] Base->call()
Sat, 18 Jan 2025 00:29:44 -0500 [2603:9000:f801:55e2:85c3:bde3:fbb3:8854] [index.php:19] Base->run()
Sat, 18 Jan 2025 00:29:51 -0500 [2603:9000:f801:55e2:85c3:bde3:fbb3:8854] 500: Undefined variable $token trace: [tmp/3hn69l4qoa804.2r4f9cgm96ecs.php:191]
Sat, 18 Jan 2025 00:29:51 -0500 [2603:9000:f801:55e2:85c3:bde3:fbb3:8854] [tmp/3hn69l4qoa804.2r4f9cgm96ecs.php:191] Base->{closure}()
Sat, 18 Jan 2025 00:29:51 -0500 [2603:9000:f801:55e2:85c3:bde3:fbb3:8854] [lib/base.php:3036] require('/home/u991737198/domains/tas2023.online/public_html/tmp/3hn69l4qoa804.2r4f9cgm96ecs.php')
Sat, 18 Jan 2025 00:29:51 -0500 [2603:9000:f801:55e2:85c3:bde3:fbb3:8854] [lib/base.php:3281] View->sandbox()
Sat, 18 Jan 2025 00:29:51 -0500 [2603:9000:f801:55e2:85c3:bde3:fbb3:8854] [tmp/3hn69l4qoa804.3h31n1yj254w8.php:7] Preview->render()
Sat, 18 Jan 2025 00:29:51 -0500 [2603:9000:f801:55e2:85c3:bde3:fbb3:8854] [lib/base.php:3036] require('/home/u991737198/domains/tas2023.online/public_html/tmp/3hn69l4qoa804.3h31n1yj254w8.php')
Sat, 18 Jan 2025 00:29:51 -0500 [2603:9000:f801:55e2:85c3:bde3:fbb3:8854] [lib/base.php:3281] View->sandbox()
Sat, 18 Jan 2025 00:29:51 -0500 [2603:9000:f801:55e2:85c3:bde3:fbb3:8854] [app/controllers/Controller.php:87] Preview->render()
Sat, 18 Jan 2025 00:29:51 -0500 [2603:9000:f801:55e2:85c3:bde3:fbb3:8854] [lib/base.php:2078] Controller->afterroute()
Sat, 18 Jan 2025 00:29:51 -0500 [2603:9000:f801:55e2:85c3:bde3:fbb3:8854] [lib/base.php:1871] Base->call()
Sat, 18 Jan 2025 00:29:51 -0500 [2603:9000:f801:55e2:85c3:bde3:fbb3:8854] [index.php:19] Base->run()
Sat, 18 Jan 2025 00:30:18 -0500 [2603:9000:f801:55e2:85c3:bde3:fbb3:8854] 500: Undefined variable $selected_note trace: [/home/u991737198/domains/tas2023.online/public_html/tmp/3hn69l4qoa804.3g8shy2588w00.php:354]
Sat, 18 Jan 2025 00:30:18 -0500 [2603:9000:f801:55e2:85c3:bde3:fbb3:8854] [/home/u991737198/domains/tas2023.online/public_html/tmp/3hn69l4qoa804.3g8shy2588w00.php:354] Base->{closure}()
Sat, 18 Jan 2025 00:30:18 -0500 [2603:9000:f801:55e2:85c3:bde3:fbb3:8854] [/home/u991737198/domains/tas2023.online/public_html/lib/base.php:3036] require('/home/u991737198/domains/tas2023.online/public_html/tmp/3hn69l4qoa804.3g8shy2588w00.php')
Sat, 18 Jan 2025 00:30:18 -0500 [2603:9000:f801:55e2:85c3:bde3:fbb3:8854] [/home/u991737198/domains/tas2023.online/public_html/lib/base.php:3281] View->sandbox()
Sat, 18 Jan 2025 00:30:18 -0500 [2603:9000:f801:55e2:85c3:bde3:fbb3:8854] [/home/u991737198/domains/tas2023.online/public_html/tmp/3hn69l4qoa804.3h31n1yj254w8.php:7] Preview->render()
Sat, 18 Jan 2025 00:30:18 -0500 [2603:9000:f801:55e2:85c3:bde3:fbb3:8854] [/home/u991737198/domains/tas2023.online/public_html/lib/base.php:3036] require('/home/u991737198/domains/tas2023.online/public_html/tmp/3hn69l4qoa804.3h31n1yj254w8.php')
Sat, 18 Jan 2025 00:30:18 -0500 [2603:9000:f801:55e2:85c3:bde3:fbb3:8854] [/home/u991737198/domains/tas2023.online/public_html/lib/base.php:3281] View->sandbox()
Sat, 18 Jan 2025 00:30:18 -0500 [2603:9000:f801:55e2:85c3:bde3:fbb3:8854] [/home/u991737198/domains/tas2023.online/public_html/app/controllers/Controller.php:87] Preview->render()
Sat, 18 Jan 2025 00:30:18 -0500 [2603:9000:f801:55e2:85c3:bde3:fbb3:8854] [/home/u991737198/domains/tas2023.online/public_html/lib/base.php:2078] Controller->afterroute()
Sat, 18 Jan 2025 00:30:18 -0500 [2603:9000:f801:55e2:85c3:bde3:fbb3:8854] [/home/u991737198/domains/tas2023.online/public_html/lib/base.php:1871] Base->call()
Sat, 18 Jan 2025 00:30:18 -0500 [2603:9000:f801:55e2:85c3:bde3:fbb3:8854] [/home/u991737198/domains/tas2023.online/public_html/index.php:19] Base->run()
Sat, 18 Jan 2025 00:30:28 -0500 [2603:9000:f801:55e2:85c3:bde3:fbb3:8854] 500: Undefined variable $selected_note trace: [/home/u991737198/domains/tas2023.online/public_html/tmp/3hn69l4qoa804.3g8shy2588w00.php:354]
Sat, 18 Jan 2025 00:30:28 -0500 [2603:9000:f801:55e2:85c3:bde3:fbb3:8854] [/home/u991737198/domains/tas2023.online/public_html/tmp/3hn69l4qoa804.3g8shy2588w00.php:354] Base->{closure}()
Sat, 18 Jan 2025 00:30:28 -0500 [2603:9000:f801:55e2:85c3:bde3:fbb3:8854] [/home/u991737198/domains/tas2023.online/public_html/lib/base.php:3036] require('/home/u991737198/domains/tas2023.online/public_html/tmp/3hn69l4qoa804.3g8shy2588w00.php')
Sat, 18 Jan 2025 00:30:28 -0500 [2603:9000:f801:55e2:85c3:bde3:fbb3:8854] [/home/u991737198/domains/tas2023.online/public_html/lib/base.php:3281] View->sandbox()
Sat, 18 Jan 2025 00:30:28 -0500 [2603:9000:f801:55e2:85c3:bde3:fbb3:8854] [/home/u991737198/domains/tas2023.online/public_html/tmp/3hn69l4qoa804.3h31n1yj254w8.php:7] Preview->render()
Sat, 18 Jan 2025 00:30:28 -0500 [2603:9000:f801:55e2:85c3:bde3:fbb3:8854] [/home/u991737198/domains/tas2023.online/public_html/lib/base.php:3036] require('/home/u991737198/domains/tas2023.online/public_html/tmp/3hn69l4qoa804.3h31n1yj254w8.php')
Sat, 18 Jan 2025 00:30:28 -0500 [2603:9000:f801:55e2:85c3:bde3:fbb3:8854] [/home/u991737198/domains/tas2023.online/public_html/lib/base.php:3281] View->sandbox()
Sat, 18 Jan 2025 00:30:28 -0500 [2603:9000:f801:55e2:85c3:bde3:fbb3:8854] [/home/u991737198/domains/tas2023.online/public_html/app/controllers/Controller.php:87] Preview->render()
Sat, 18 Jan 2025 00:30:28 -0500 [2603:9000:f801:55e2:85c3:bde3:fbb3:8854] [/home/u991737198/domains/tas2023.online/public_html/lib/base.php:2078] Controller->afterroute()
Sat, 18 Jan 2025 00:30:28 -0500 [2603:9000:f801:55e2:85c3:bde3:fbb3:8854] [/home/u991737198/domains/tas2023.online/public_html/lib/base.php:1871] Base->call()
Sat, 18 Jan 2025 00:30:28 -0500 [2603:9000:f801:55e2:85c3:bde3:fbb3:8854] [/home/u991737198/domains/tas2023.online/public_html/index.php:19] Base->run()
Sat, 18 Jan 2025 00:30:39 -0500 [2603:9000:f801:55e2:85c3:bde3:fbb3:8854] 500: Undefined variable $entity_num trace: [tmp/3hn69l4qoa804.man4oes5p0l2.php:179]
Sat, 18 Jan 2025 00:30:39 -0500 [2603:9000:f801:55e2:85c3:bde3:fbb3:8854] [tmp/3hn69l4qoa804.man4oes5p0l2.php:179] Base->{closure}()
Sat, 18 Jan 2025 00:30:39 -0500 [2603:9000:f801:55e2:85c3:bde3:fbb3:8854] [lib/base.php:3036] require('/home/u991737198/domains/tas2023.online/public_html/tmp/3hn69l4qoa804.man4oes5p0l2.php')
Sat, 18 Jan 2025 00:30:39 -0500 [2603:9000:f801:55e2:85c3:bde3:fbb3:8854] [lib/base.php:3281] View->sandbox()
Sat, 18 Jan 2025 00:30:39 -0500 [2603:9000:f801:55e2:85c3:bde3:fbb3:8854] [tmp/3hn69l4qoa804.3h31n1yj254w8.php:7] Preview->render()
Sat, 18 Jan 2025 00:30:39 -0500 [2603:9000:f801:55e2:85c3:bde3:fbb3:8854] [lib/base.php:3036] require('/home/u991737198/domains/tas2023.online/public_html/tmp/3hn69l4qoa804.3h31n1yj254w8.php')
Sat, 18 Jan 2025 00:30:39 -0500 [2603:9000:f801:55e2:85c3:bde3:fbb3:8854] [lib/base.php:3281] View->sandbox()
Sat, 18 Jan 2025 00:30:39 -0500 [2603:9000:f801:55e2:85c3:bde3:fbb3:8854] [app/controllers/Controller.php:87] Preview->render()
Sat, 18 Jan 2025 00:30:39 -0500 [2603:9000:f801:55e2:85c3:bde3:fbb3:8854] [lib/base.php:2078] Controller->afterroute()
Sat, 18 Jan 2025 00:30:39 -0500 [2603:9000:f801:55e2:85c3:bde3:fbb3:8854] [lib/base.php:1871] Base->call()
Sat, 18 Jan 2025 00:30:39 -0500 [2603:9000:f801:55e2:85c3:bde3:fbb3:8854] [index.php:19] Base->run()
Sat, 18 Jan 2025 00:31:49 -0500 [2603:9000:f801:55e2:85c3:bde3:fbb3:8854] 500: Undefined variable $ptask trace: [tmp/3hn69l4qoa804.man4oes5p0l2.php:109]
Sat, 18 Jan 2025 00:31:49 -0500 [2603:9000:f801:55e2:85c3:bde3:fbb3:8854] [tmp/3hn69l4qoa804.man4oes5p0l2.php:109] Base->{closure}()
Sat, 18 Jan 2025 00:31:49 -0500 [2603:9000:f801:55e2:85c3:bde3:fbb3:8854] [lib/base.php:3036] require('/home/u991737198/domains/tas2023.online/public_html/tmp/3hn69l4qoa804.man4oes5p0l2.php')
Sat, 18 Jan 2025 00:31:49 -0500 [2603:9000:f801:55e2:85c3:bde3:fbb3:8854] [lib/base.php:3281] View->sandbox()
Sat, 18 Jan 2025 00:31:49 -0500 [2603:9000:f801:55e2:85c3:bde3:fbb3:8854] [tmp/3hn69l4qoa804.3h31n1yj254w8.php:7] Preview->render()
Sat, 18 Jan 2025 00:31:49 -0500 [2603:9000:f801:55e2:85c3:bde3:fbb3:8854] [lib/base.php:3036] require('/home/u991737198/domains/tas2023.online/public_html/tmp/3hn69l4qoa804.3h31n1yj254w8.php')
Sat, 18 Jan 2025 00:31:49 -0500 [2603:9000:f801:55e2:85c3:bde3:fbb3:8854] [lib/base.php:3281] View->sandbox()
Sat, 18 Jan 2025 00:31:49 -0500 [2603:9000:f801:55e2:85c3:bde3:fbb3:8854] [app/controllers/Controller.php:87] Preview->render()
Sat, 18 Jan 2025 00:31:49 -0500 [2603:9000:f801:55e2:85c3:bde3:fbb3:8854] [lib/base.php:2078] Controller->afterroute()
Sat, 18 Jan 2025 00:31:49 -0500 [2603:9000:f801:55e2:85c3:bde3:fbb3:8854] [lib/base.php:1871] Base->call()
Sat, 18 Jan 2025 00:31:49 -0500 [2603:9000:f801:55e2:85c3:bde3:fbb3:8854] [index.php:19] Base->run()
Sat, 18 Jan 2025 00:32:16 -0500 [2603:9000:f801:55e2:85c3:bde3:fbb3:8854] 500: Undefined variable $entity_num trace: [tmp/3hn69l4qoa804.man4oes5p0l2.php:179]
Sat, 18 Jan 2025 00:32:16 -0500 [2603:9000:f801:55e2:85c3:bde3:fbb3:8854] [tmp/3hn69l4qoa804.man4oes5p0l2.php:179] Base->{closure}()
Sat, 18 Jan 2025 00:32:16 -0500 [2603:9000:f801:55e2:85c3:bde3:fbb3:8854] [lib/base.php:3036] require('/home/u991737198/domains/tas2023.online/public_html/tmp/3hn69l4qoa804.man4oes5p0l2.php')
Sat, 18 Jan 2025 00:32:16 -0500 [2603:9000:f801:55e2:85c3:bde3:fbb3:8854] [lib/base.php:3281] View->sandbox()
Sat, 18 Jan 2025 00:32:16 -0500 [2603:9000:f801:55e2:85c3:bde3:fbb3:8854] [tmp/3hn69l4qoa804.3h31n1yj254w8.php:7] Preview->render()
Sat, 18 Jan 2025 00:32:16 -0500 [2603:9000:f801:55e2:85c3:bde3:fbb3:8854] [lib/base.php:3036] require('/home/u991737198/domains/tas2023.online/public_html/tmp/3hn69l4qoa804.3h31n1yj254w8.php')
Sat, 18 Jan 2025 00:32:16 -0500 [2603:9000:f801:55e2:85c3:bde3:fbb3:8854] [lib/base.php:3281] View->sandbox()
Sat, 18 Jan 2025 00:32:16 -0500 [2603:9000:f801:55e2:85c3:bde3:fbb3:8854] [app/controllers/Controller.php:87] Preview->render()
Sat, 18 Jan 2025 00:32:16 -0500 [2603:9000:f801:55e2:85c3:bde3:fbb3:8854] [lib/base.php:2078] Controller->afterroute()
Sat, 18 Jan 2025 00:32:16 -0500 [2603:9000:f801:55e2:85c3:bde3:fbb3:8854] [lib/base.php:1871] Base->call()
Sat, 18 Jan 2025 00:32:16 -0500 [2603:9000:f801:55e2:85c3:bde3:fbb3:8854] [index.php:19] Base->run()
Sat, 18 Jan 2025 00:32:28 -0500 [2603:9000:f801:55e2:85c3:bde3:fbb3:8854] 500: Undefined variable $selected_note trace: [/home/u991737198/domains/tas2023.online/public_html/tmp/3hn69l4qoa804.3g8shy2588w00.php:354]
Sat, 18 Jan 2025 00:32:28 -0500 [2603:9000:f801:55e2:85c3:bde3:fbb3:8854] [/home/u991737198/domains/tas2023.online/public_html/tmp/3hn69l4qoa804.3g8shy2588w00.php:354] Base->{closure}()
Sat, 18 Jan 2025 00:32:28 -0500 [2603:9000:f801:55e2:85c3:bde3:fbb3:8854] [/home/u991737198/domains/tas2023.online/public_html/lib/base.php:3036] require('/home/u991737198/domains/tas2023.online/public_html/tmp/3hn69l4qoa804.3g8shy2588w00.php')
Sat, 18 Jan 2025 00:32:28 -0500 [2603:9000:f801:55e2:85c3:bde3:fbb3:8854] [/home/u991737198/domains/tas2023.online/public_html/lib/base.php:3281] View->sandbox()
Sat, 18 Jan 2025 00:32:28 -0500 [2603:9000:f801:55e2:85c3:bde3:fbb3:8854] [/home/u991737198/domains/tas2023.online/public_html/tmp/3hn69l4qoa804.3h31n1yj254w8.php:7] Preview->render()
Sat, 18 Jan 2025 00:32:28 -0500 [2603:9000:f801:55e2:85c3:bde3:fbb3:8854] [/home/u991737198/domains/tas2023.online/public_html/lib/base.php:3036] require('/home/u991737198/domains/tas2023.online/public_html/tmp/3hn69l4qoa804.3h31n1yj254w8.php')
Sat, 18 Jan 2025 00:32:28 -0500 [2603:9000:f801:55e2:85c3:bde3:fbb3:8854] [/home/u991737198/domains/tas2023.online/public_html/lib/base.php:3281] View->sandbox()
Sat, 18 Jan 2025 00:32:28 -0500 [2603:9000:f801:55e2:85c3:bde3:fbb3:8854] [/home/u991737198/domains/tas2023.online/public_html/app/controllers/Controller.php:87] Preview->render()
Sat, 18 Jan 2025 00:32:28 -0500 [2603:9000:f801:55e2:85c3:bde3:fbb3:8854] [/home/u991737198/domains/tas2023.online/public_html/lib/base.php:2078] Controller->afterroute()
Sat, 18 Jan 2025 00:32:28 -0500 [2603:9000:f801:55e2:85c3:bde3:fbb3:8854] [/home/u991737198/domains/tas2023.online/public_html/lib/base.php:1871] Base->call()
Sat, 18 Jan 2025 00:32:28 -0500 [2603:9000:f801:55e2:85c3:bde3:fbb3:8854] [/home/u991737198/domains/tas2023.online/public_html/index.php:19] Base->run()
Sat, 18 Jan 2025 00:33:18 -0500 [2603:9000:f801:55e2:85c3:bde3:fbb3:8854] 500: Undefined variable $entity_num trace: [tmp/3hn69l4qoa804.1zo7dt0fljr4w.php:196]
Sat, 18 Jan 2025 00:33:18 -0500 [2603:9000:f801:55e2:85c3:bde3:fbb3:8854] [tmp/3hn69l4qoa804.1zo7dt0fljr4w.php:196] Base->{closure}()
Sat, 18 Jan 2025 00:33:18 -0500 [2603:9000:f801:55e2:85c3:bde3:fbb3:8854] [lib/base.php:3036] require('/home/u991737198/domains/tas2023.online/public_html/tmp/3hn69l4qoa804.1zo7dt0fljr4w.php')
Sat, 18 Jan 2025 00:33:18 -0500 [2603:9000:f801:55e2:85c3:bde3:fbb3:8854] [lib/base.php:3281] View->sandbox()
Sat, 18 Jan 2025 00:33:18 -0500 [2603:9000:f801:55e2:85c3:bde3:fbb3:8854] [tmp/3hn69l4qoa804.3h31n1yj254w8.php:7] Preview->render()
Sat, 18 Jan 2025 00:33:18 -0500 [2603:9000:f801:55e2:85c3:bde3:fbb3:8854] [lib/base.php:3036] require('/home/u991737198/domains/tas2023.online/public_html/tmp/3hn69l4qoa804.3h31n1yj254w8.php')
Sat, 18 Jan 2025 00:33:18 -0500 [2603:9000:f801:55e2:85c3:bde3:fbb3:8854] [lib/base.php:3281] View->sandbox()
Sat, 18 Jan 2025 00:33:18 -0500 [2603:9000:f801:55e2:85c3:bde3:fbb3:8854] [app/controllers/Controller.php:87] Preview->render()
Sat, 18 Jan 2025 00:33:18 -0500 [2603:9000:f801:55e2:85c3:bde3:fbb3:8854] [lib/base.php:2078] Controller->afterroute()
Sat, 18 Jan 2025 00:33:18 -0500 [2603:9000:f801:55e2:85c3:bde3:fbb3:8854] [lib/base.php:1871] Base->call()
Sat, 18 Jan 2025 00:33:18 -0500 [2603:9000:f801:55e2:85c3:bde3:fbb3:8854] [index.php:19] Base->run()
Sat, 18 Jan 2025 00:33:23 -0500 [2603:9000:f801:55e2:85c3:bde3:fbb3:8854] 500: Undefined variable $entity_num trace: [tmp/3hn69l4qoa804.1zo7dt0fljr4w.php:196]
Sat, 18 Jan 2025 00:33:23 -0500 [2603:9000:f801:55e2:85c3:bde3:fbb3:8854] [tmp/3hn69l4qoa804.1zo7dt0fljr4w.php:196] Base->{closure}()
Sat, 18 Jan 2025 00:33:23 -0500 [2603:9000:f801:55e2:85c3:bde3:fbb3:8854] [lib/base.php:3036] require('/home/u991737198/domains/tas2023.online/public_html/tmp/3hn69l4qoa804.1zo7dt0fljr4w.php')
Sat, 18 Jan 2025 00:33:23 -0500 [2603:9000:f801:55e2:85c3:bde3:fbb3:8854] [lib/base.php:3281] View->sandbox()
Sat, 18 Jan 2025 00:33:23 -0500 [2603:9000:f801:55e2:85c3:bde3:fbb3:8854] [tmp/3hn69l4qoa804.3h31n1yj254w8.php:7] Preview->render()
Sat, 18 Jan 2025 00:33:23 -0500 [2603:9000:f801:55e2:85c3:bde3:fbb3:8854] [lib/base.php:3036] require('/home/u991737198/domains/tas2023.online/public_html/tmp/3hn69l4qoa804.3h31n1yj254w8.php')
Sat, 18 Jan 2025 00:33:23 -0500 [2603:9000:f801:55e2:85c3:bde3:fbb3:8854] [lib/base.php:3281] View->sandbox()
Sat, 18 Jan 2025 00:33:23 -0500 [2603:9000:f801:55e2:85c3:bde3:fbb3:8854] [app/controllers/Controller.php:87] Preview->render()
Sat, 18 Jan 2025 00:33:23 -0500 [2603:9000:f801:55e2:85c3:bde3:fbb3:8854] [lib/base.php:2078] Controller->afterroute()
Sat, 18 Jan 2025 00:33:23 -0500 [2603:9000:f801:55e2:85c3:bde3:fbb3:8854] [lib/base.php:1871] Base->call()
Sat, 18 Jan 2025 00:33:23 -0500 [2603:9000:f801:55e2:85c3:bde3:fbb3:8854] [index.php:19] Base->run()
Sat, 18 Jan 2025 00:33:28 -0500 [2603:9000:f801:55e2:85c3:bde3:fbb3:8854] 500: Undefined variable $selected_note trace: [/home/u991737198/domains/tas2023.online/public_html/tmp/3hn69l4qoa804.3g8shy2588w00.php:354]
Sat, 18 Jan 2025 00:33:28 -0500 [2603:9000:f801:55e2:85c3:bde3:fbb3:8854] [/home/u991737198/domains/tas2023.online/public_html/tmp/3hn69l4qoa804.3g8shy2588w00.php:354] Base->{closure}()
Sat, 18 Jan 2025 00:33:28 -0500 [2603:9000:f801:55e2:85c3:bde3:fbb3:8854] [/home/u991737198/domains/tas2023.online/public_html/lib/base.php:3036] require('/home/u991737198/domains/tas2023.online/public_html/tmp/3hn69l4qoa804.3g8shy2588w00.php')
Sat, 18 Jan 2025 00:33:28 -0500 [2603:9000:f801:55e2:85c3:bde3:fbb3:8854] [/home/u991737198/domains/tas2023.online/public_html/lib/base.php:3281] View->sandbox()
Sat, 18 Jan 2025 00:33:28 -0500 [2603:9000:f801:55e2:85c3:bde3:fbb3:8854] [/home/u991737198/domains/tas2023.online/public_html/tmp/3hn69l4qoa804.3h31n1yj254w8.php:7] Preview->render()
Sat, 18 Jan 2025 00:33:28 -0500 [2603:9000:f801:55e2:85c3:bde3:fbb3:8854] [/home/u991737198/domains/tas2023.online/public_html/lib/base.php:3036] require('/home/u991737198/domains/tas2023.online/public_html/tmp/3hn69l4qoa804.3h31n1yj254w8.php')
Sat, 18 Jan 2025 00:33:28 -0500 [2603:9000:f801:55e2:85c3:bde3:fbb3:8854] [/home/u991737198/domains/tas2023.online/public_html/lib/base.php:3281] View->sandbox()
Sat, 18 Jan 2025 00:33:28 -0500 [2603:9000:f801:55e2:85c3:bde3:fbb3:8854] [/home/u991737198/domains/tas2023.online/public_html/app/controllers/Controller.php:87] Preview->render()
Sat, 18 Jan 2025 00:33:28 -0500 [2603:9000:f801:55e2:85c3:bde3:fbb3:8854] [/home/u991737198/domains/tas2023.online/public_html/lib/base.php:2078] Controller->afterroute()
Sat, 18 Jan 2025 00:33:28 -0500 [2603:9000:f801:55e2:85c3:bde3:fbb3:8854] [/home/u991737198/domains/tas2023.online/public_html/lib/base.php:1871] Base->call()
Sat, 18 Jan 2025 00:33:28 -0500 [2603:9000:f801:55e2:85c3:bde3:fbb3:8854] [/home/u991737198/domains/tas2023.online/public_html/index.php:19] Base->run()
Sat, 18 Jan 2025 00:35:29 -0500 [2603:9000:f801:55e2:85c3:bde3:fbb3:8854] 500: Undefined variable $selected_note trace: [/home/u991737198/domains/tas2023.online/public_html/tmp/3hn69l4qoa804.3g8shy2588w00.php:354]
Sat, 18 Jan 2025 00:35:29 -0500 [2603:9000:f801:55e2:85c3:bde3:fbb3:8854] [/home/u991737198/domains/tas2023.online/public_html/tmp/3hn69l4qoa804.3g8shy2588w00.php:354] Base->{closure}()
Sat, 18 Jan 2025 00:35:29 -0500 [2603:9000:f801:55e2:85c3:bde3:fbb3:8854] [/home/u991737198/domains/tas2023.online/public_html/lib/base.php:3036] require('/home/u991737198/domains/tas2023.online/public_html/tmp/3hn69l4qoa804.3g8shy2588w00.php')
Sat, 18 Jan 2025 00:35:29 -0500 [2603:9000:f801:55e2:85c3:bde3:fbb3:8854] [/home/u991737198/domains/tas2023.online/public_html/lib/base.php:3281] View->sandbox()
Sat, 18 Jan 2025 00:35:29 -0500 [2603:9000:f801:55e2:85c3:bde3:fbb3:8854] [/home/u991737198/domains/tas2023.online/public_html/tmp/3hn69l4qoa804.3h31n1yj254w8.php:7] Preview->render()
Sat, 18 Jan 2025 00:35:29 -0500 [2603:9000:f801:55e2:85c3:bde3:fbb3:8854] [/home/u991737198/domains/tas2023.online/public_html/lib/base.php:3036] require('/home/u991737198/domains/tas2023.online/public_html/tmp/3hn69l4qoa804.3h31n1yj254w8.php')
Sat, 18 Jan 2025 00:35:29 -0500 [2603:9000:f801:55e2:85c3:bde3:fbb3:8854] [/home/u991737198/domains/tas2023.online/public_html/lib/base.php:3281] View->sandbox()
Sat, 18 Jan 2025 00:35:29 -0500 [2603:9000:f801:55e2:85c3:bde3:fbb3:8854] [/home/u991737198/domains/tas2023.online/public_html/app/controllers/Controller.php:87] Preview->render()
Sat, 18 Jan 2025 00:35:29 -0500 [2603:9000:f801:55e2:85c3:bde3:fbb3:8854] [/home/u991737198/domains/tas2023.online/public_html/lib/base.php:2078] Controller->afterroute()
Sat, 18 Jan 2025 00:35:29 -0500 [2603:9000:f801:55e2:85c3:bde3:fbb3:8854] [/home/u991737198/domains/tas2023.online/public_html/lib/base.php:1871] Base->call()
Sat, 18 Jan 2025 00:35:29 -0500 [2603:9000:f801:55e2:85c3:bde3:fbb3:8854] [/home/u991737198/domains/tas2023.online/public_html/index.php:19] Base->run()
Sat, 18 Jan 2025 07:33:52 -0500 [2603:9000:f801:55e2:31a8:8197:930e:c75f] 500: Undefined variable $entity_num trace: [tmp/3hn69l4qoa804.man4oes5p0l2.php:179]
Sat, 18 Jan 2025 07:33:52 -0500 [2603:9000:f801:55e2:31a8:8197:930e:c75f] [tmp/3hn69l4qoa804.man4oes5p0l2.php:179] Base->{closure}()
Sat, 18 Jan 2025 07:33:52 -0500 [2603:9000:f801:55e2:31a8:8197:930e:c75f] [lib/base.php:3036] require('/home/u991737198/domains/tas2023.online/public_html/tmp/3hn69l4qoa804.man4oes5p0l2.php')
Sat, 18 Jan 2025 07:33:52 -0500 [2603:9000:f801:55e2:31a8:8197:930e:c75f] [lib/base.php:3281] View->sandbox()
Sat, 18 Jan 2025 07:33:52 -0500 [2603:9000:f801:55e2:31a8:8197:930e:c75f] [tmp/3hn69l4qoa804.3h31n1yj254w8.php:7] Preview->render()
Sat, 18 Jan 2025 07:33:52 -0500 [2603:9000:f801:55e2:31a8:8197:930e:c75f] [lib/base.php:3036] require('/home/u991737198/domains/tas2023.online/public_html/tmp/3hn69l4qoa804.3h31n1yj254w8.php')
Sat, 18 Jan 2025 07:33:52 -0500 [2603:9000:f801:55e2:31a8:8197:930e:c75f] [lib/base.php:3281] View->sandbox()
Sat, 18 Jan 2025 07:33:52 -0500 [2603:9000:f801:55e2:31a8:8197:930e:c75f] [app/controllers/Controller.php:87] Preview->render()
Sat, 18 Jan 2025 07:33:52 -0500 [2603:9000:f801:55e2:31a8:8197:930e:c75f] [lib/base.php:2078] Controller->afterroute()
Sat, 18 Jan 2025 07:33:52 -0500 [2603:9000:f801:55e2:31a8:8197:930e:c75f] [lib/base.php:1871] Base->call()
Sat, 18 Jan 2025 07:33:52 -0500 [2603:9000:f801:55e2:31a8:8197:930e:c75f] [index.php:19] Base->run()
Sat, 18 Jan 2025 07:34:13 -0500 [2603:9000:f801:55e2:31a8:8197:930e:c75f] 500: Undefined variable $selected_note trace: [/home/u991737198/domains/tas2023.online/public_html/tmp/3hn69l4qoa804.3g8shy2588w00.php:354]
Sat, 18 Jan 2025 07:34:13 -0500 [2603:9000:f801:55e2:31a8:8197:930e:c75f] [/home/u991737198/domains/tas2023.online/public_html/tmp/3hn69l4qoa804.3g8shy2588w00.php:354] Base->{closure}()
Sat, 18 Jan 2025 07:34:13 -0500 [2603:9000:f801:55e2:31a8:8197:930e:c75f] [/home/u991737198/domains/tas2023.online/public_html/lib/base.php:3036] require('/home/u991737198/domains/tas2023.online/public_html/tmp/3hn69l4qoa804.3g8shy2588w00.php')
Sat, 18 Jan 2025 07:34:13 -0500 [2603:9000:f801:55e2:31a8:8197:930e:c75f] [/home/u991737198/domains/tas2023.online/public_html/lib/base.php:3281] View->sandbox()
Sat, 18 Jan 2025 07:34:13 -0500 [2603:9000:f801:55e2:31a8:8197:930e:c75f] [/home/u991737198/domains/tas2023.online/public_html/tmp/3hn69l4qoa804.3h31n1yj254w8.php:7] Preview->render()
Sat, 18 Jan 2025 07:34:13 -0500 [2603:9000:f801:55e2:31a8:8197:930e:c75f] [/home/u991737198/domains/tas2023.online/public_html/lib/base.php:3036] require('/home/u991737198/domains/tas2023.online/public_html/tmp/3hn69l4qoa804.3h31n1yj254w8.php')
Sat, 18 Jan 2025 07:34:13 -0500 [2603:9000:f801:55e2:31a8:8197:930e:c75f] [/home/u991737198/domains/tas2023.online/public_html/lib/base.php:3281] View->sandbox()
Sat, 18 Jan 2025 07:34:13 -0500 [2603:9000:f801:55e2:31a8:8197:930e:c75f] [/home/u991737198/domains/tas2023.online/public_html/app/controllers/Controller.php:87] Preview->render()
Sat, 18 Jan 2025 07:34:13 -0500 [2603:9000:f801:55e2:31a8:8197:930e:c75f] [/home/u991737198/domains/tas2023.online/public_html/lib/base.php:2078] Controller->afterroute()
Sat, 18 Jan 2025 07:34:13 -0500 [2603:9000:f801:55e2:31a8:8197:930e:c75f] [/home/u991737198/domains/tas2023.online/public_html/lib/base.php:1871] Base->call()
Sat, 18 Jan 2025 07:34:13 -0500 [2603:9000:f801:55e2:31a8:8197:930e:c75f] [/home/u991737198/domains/tas2023.online/public_html/index.php:19] Base->run()
Sat, 18 Jan 2025 09:54:47 -0500 [2600:1006:b069:e578:a8c7:4c43:4fb0:8e83] 500: Undefined variable $entity_num trace: [tmp/3hn69l4qoa804.1zo7dt0fljr4w.php:196]
Sat, 18 Jan 2025 09:54:47 -0500 [2600:1006:b069:e578:a8c7:4c43:4fb0:8e83] [tmp/3hn69l4qoa804.1zo7dt0fljr4w.php:196] Base->{closure}()
Sat, 18 Jan 2025 09:54:47 -0500 [2600:1006:b069:e578:a8c7:4c43:4fb0:8e83] [lib/base.php:3036] require('/home/u991737198/domains/tas2023.online/public_html/tmp/3hn69l4qoa804.1zo7dt0fljr4w.php')
Sat, 18 Jan 2025 09:54:47 -0500 [2600:1006:b069:e578:a8c7:4c43:4fb0:8e83] [lib/base.php:3281] View->sandbox()
Sat, 18 Jan 2025 09:54:47 -0500 [2600:1006:b069:e578:a8c7:4c43:4fb0:8e83] [tmp/3hn69l4qoa804.3h31n1yj254w8.php:7] Preview->render()
Sat, 18 Jan 2025 09:54:47 -0500 [2600:1006:b069:e578:a8c7:4c43:4fb0:8e83] [lib/base.php:3036] require('/home/u991737198/domains/tas2023.online/public_html/tmp/3hn69l4qoa804.3h31n1yj254w8.php')
Sat, 18 Jan 2025 09:54:47 -0500 [2600:1006:b069:e578:a8c7:4c43:4fb0:8e83] [lib/base.php:3281] View->sandbox()
Sat, 18 Jan 2025 09:54:47 -0500 [2600:1006:b069:e578:a8c7:4c43:4fb0:8e83] [app/controllers/Controller.php:87] Preview->render()
Sat, 18 Jan 2025 09:54:47 -0500 [2600:1006:b069:e578:a8c7:4c43:4fb0:8e83] [lib/base.php:2078] Controller->afterroute()
Sat, 18 Jan 2025 09:54:47 -0500 [2600:1006:b069:e578:a8c7:4c43:4fb0:8e83] [lib/base.php:1871] Base->call()
Sat, 18 Jan 2025 09:54:47 -0500 [2600:1006:b069:e578:a8c7:4c43:4fb0:8e83] [index.php:19] Base->run()
Sat, 18 Jan 2025 09:54:56 -0500 [2600:1006:b069:e578:a8c7:4c43:4fb0:8e83] 500: Undefined variable $entity_num trace: [tmp/3hn69l4qoa804.1zo7dt0fljr4w.php:196]
Sat, 18 Jan 2025 09:54:56 -0500 [2600:1006:b069:e578:a8c7:4c43:4fb0:8e83] [tmp/3hn69l4qoa804.1zo7dt0fljr4w.php:196] Base->{closure}()
Sat, 18 Jan 2025 09:54:56 -0500 [2600:1006:b069:e578:a8c7:4c43:4fb0:8e83] [lib/base.php:3036] require('/home/u991737198/domains/tas2023.online/public_html/tmp/3hn69l4qoa804.1zo7dt0fljr4w.php')
Sat, 18 Jan 2025 09:54:56 -0500 [2600:1006:b069:e578:a8c7:4c43:4fb0:8e83] [lib/base.php:3281] View->sandbox()
Sat, 18 Jan 2025 09:54:56 -0500 [2600:1006:b069:e578:a8c7:4c43:4fb0:8e83] [tmp/3hn69l4qoa804.3h31n1yj254w8.php:7] Preview->render()
Sat, 18 Jan 2025 09:54:56 -0500 [2600:1006:b069:e578:a8c7:4c43:4fb0:8e83] [lib/base.php:3036] require('/home/u991737198/domains/tas2023.online/public_html/tmp/3hn69l4qoa804.3h31n1yj254w8.php')
Sat, 18 Jan 2025 09:54:56 -0500 [2600:1006:b069:e578:a8c7:4c43:4fb0:8e83] [lib/base.php:3281] View->sandbox()
Sat, 18 Jan 2025 09:54:56 -0500 [2600:1006:b069:e578:a8c7:4c43:4fb0:8e83] [app/controllers/Controller.php:87] Preview->render()
Sat, 18 Jan 2025 09:54:56 -0500 [2600:1006:b069:e578:a8c7:4c43:4fb0:8e83] [lib/base.php:2078] Controller->afterroute()
Sat, 18 Jan 2025 09:54:56 -0500 [2600:1006:b069:e578:a8c7:4c43:4fb0:8e83] [lib/base.php:1871] Base->call()
Sat, 18 Jan 2025 09:54:56 -0500 [2600:1006:b069:e578:a8c7:4c43:4fb0:8e83] [index.php:19] Base->run()
Sat, 18 Jan 2025 09:54:59 -0500 [2600:1006:b064:9c1d:b080:77ff:fe54:2b5d] 500: Undefined variable $entity_num trace: [tmp/3hn69l4qoa804.1zo7dt0fljr4w.php:196]
Sat, 18 Jan 2025 09:54:59 -0500 [2600:1006:b064:9c1d:b080:77ff:fe54:2b5d] [tmp/3hn69l4qoa804.1zo7dt0fljr4w.php:196] Base->{closure}()
Sat, 18 Jan 2025 09:54:59 -0500 [2600:1006:b064:9c1d:b080:77ff:fe54:2b5d] [lib/base.php:3036] require('/home/u991737198/domains/tas2023.online/public_html/tmp/3hn69l4qoa804.1zo7dt0fljr4w.php')
Sat, 18 Jan 2025 09:54:59 -0500 [2600:1006:b064:9c1d:b080:77ff:fe54:2b5d] [lib/base.php:3281] View->sandbox()
Sat, 18 Jan 2025 09:54:59 -0500 [2600:1006:b064:9c1d:b080:77ff:fe54:2b5d] [tmp/3hn69l4qoa804.3h31n1yj254w8.php:7] Preview->render()
Sat, 18 Jan 2025 09:54:59 -0500 [2600:1006:b064:9c1d:b080:77ff:fe54:2b5d] [lib/base.php:3036] require('/home/u991737198/domains/tas2023.online/public_html/tmp/3hn69l4qoa804.3h31n1yj254w8.php')
Sat, 18 Jan 2025 09:54:59 -0500 [2600:1006:b064:9c1d:b080:77ff:fe54:2b5d] [lib/base.php:3281] View->sandbox()
Sat, 18 Jan 2025 09:54:59 -0500 [2600:1006:b064:9c1d:b080:77ff:fe54:2b5d] [app/controllers/Controller.php:87] Preview->render()
Sat, 18 Jan 2025 09:54:59 -0500 [2600:1006:b064:9c1d:b080:77ff:fe54:2b5d] [lib/base.php:2078] Controller->afterroute()
Sat, 18 Jan 2025 09:54:59 -0500 [2600:1006:b064:9c1d:b080:77ff:fe54:2b5d] [lib/base.php:1871] Base->call()
Sat, 18 Jan 2025 09:54:59 -0500 [2600:1006:b064:9c1d:b080:77ff:fe54:2b5d] [index.php:19] Base->run()
Sat, 18 Jan 2025 09:55:07 -0500 [2600:1006:b064:9c1d:b080:77ff:fe54:2b5d] 500: Undefined variable $entity_num trace: [tmp/3hn69l4qoa804.1zo7dt0fljr4w.php:196]
Sat, 18 Jan 2025 09:55:07 -0500 [2600:1006:b064:9c1d:b080:77ff:fe54:2b5d] [tmp/3hn69l4qoa804.1zo7dt0fljr4w.php:196] Base->{closure}()
Sat, 18 Jan 2025 09:55:07 -0500 [2600:1006:b064:9c1d:b080:77ff:fe54:2b5d] [lib/base.php:3036] require('/home/u991737198/domains/tas2023.online/public_html/tmp/3hn69l4qoa804.1zo7dt0fljr4w.php')
Sat, 18 Jan 2025 09:55:07 -0500 [2600:1006:b064:9c1d:b080:77ff:fe54:2b5d] [lib/base.php:3281] View->sandbox()
Sat, 18 Jan 2025 09:55:07 -0500 [2600:1006:b064:9c1d:b080:77ff:fe54:2b5d] [tmp/3hn69l4qoa804.3h31n1yj254w8.php:7] Preview->render()
Sat, 18 Jan 2025 09:55:07 -0500 [2600:1006:b064:9c1d:b080:77ff:fe54:2b5d] [lib/base.php:3036] require('/home/u991737198/domains/tas2023.online/public_html/tmp/3hn69l4qoa804.3h31n1yj254w8.php')
Sat, 18 Jan 2025 09:55:07 -0500 [2600:1006:b064:9c1d:b080:77ff:fe54:2b5d] [lib/base.php:3281] View->sandbox()
Sat, 18 Jan 2025 09:55:07 -0500 [2600:1006:b064:9c1d:b080:77ff:fe54:2b5d] [app/controllers/Controller.php:87] Preview->render()
Sat, 18 Jan 2025 09:55:07 -0500 [2600:1006:b064:9c1d:b080:77ff:fe54:2b5d] [lib/base.php:2078] Controller->afterroute()
Sat, 18 Jan 2025 09:55:07 -0500 [2600:1006:b064:9c1d:b080:77ff:fe54:2b5d] [lib/base.php:1871] Base->call()
Sat, 18 Jan 2025 09:55:07 -0500 [2600:1006:b064:9c1d:b080:77ff:fe54:2b5d] [index.php:19] Base->run()
Sat, 18 Jan 2025 09:55:33 -0500 [2600:1006:b064:9c1d:b080:77ff:fe54:2b5d] 500: Undefined variable $token trace: [tmp/3hn69l4qoa804.2r4f9cgm96ecs.php:191]
Sat, 18 Jan 2025 09:55:33 -0500 [2600:1006:b064:9c1d:b080:77ff:fe54:2b5d] [tmp/3hn69l4qoa804.2r4f9cgm96ecs.php:191] Base->{closure}()
Sat, 18 Jan 2025 09:55:33 -0500 [2600:1006:b064:9c1d:b080:77ff:fe54:2b5d] [lib/base.php:3036] require('/home/u991737198/domains/tas2023.online/public_html/tmp/3hn69l4qoa804.2r4f9cgm96ecs.php')
Sat, 18 Jan 2025 09:55:33 -0500 [2600:1006:b064:9c1d:b080:77ff:fe54:2b5d] [lib/base.php:3281] View->sandbox()
Sat, 18 Jan 2025 09:55:33 -0500 [2600:1006:b064:9c1d:b080:77ff:fe54:2b5d] [tmp/3hn69l4qoa804.3h31n1yj254w8.php:7] Preview->render()
Sat, 18 Jan 2025 09:55:33 -0500 [2600:1006:b064:9c1d:b080:77ff:fe54:2b5d] [lib/base.php:3036] require('/home/u991737198/domains/tas2023.online/public_html/tmp/3hn69l4qoa804.3h31n1yj254w8.php')
Sat, 18 Jan 2025 09:55:33 -0500 [2600:1006:b064:9c1d:b080:77ff:fe54:2b5d] [lib/base.php:3281] View->sandbox()
Sat, 18 Jan 2025 09:55:33 -0500 [2600:1006:b064:9c1d:b080:77ff:fe54:2b5d] [app/controllers/Controller.php:87] Preview->render()
Sat, 18 Jan 2025 09:55:33 -0500 [2600:1006:b064:9c1d:b080:77ff:fe54:2b5d] [lib/base.php:2078] Controller->afterroute()
Sat, 18 Jan 2025 09:55:33 -0500 [2600:1006:b064:9c1d:b080:77ff:fe54:2b5d] [lib/base.php:1871] Base->call()
Sat, 18 Jan 2025 09:55:33 -0500 [2600:1006:b064:9c1d:b080:77ff:fe54:2b5d] [index.php:19] Base->run()
Sat, 18 Jan 2025 09:55:46 -0500 [2600:1006:b064:9c1d:b080:77ff:fe54:2b5d] 500: Undefined variable $token trace: [tmp/3hn69l4qoa804.2r4f9cgm96ecs.php:191]
Sat, 18 Jan 2025 09:55:46 -0500 [2600:1006:b064:9c1d:b080:77ff:fe54:2b5d] [tmp/3hn69l4qoa804.2r4f9cgm96ecs.php:191] Base->{closure}()
Sat, 18 Jan 2025 09:55:46 -0500 [2600:1006:b064:9c1d:b080:77ff:fe54:2b5d] [lib/base.php:3036] require('/home/u991737198/domains/tas2023.online/public_html/tmp/3hn69l4qoa804.2r4f9cgm96ecs.php')
Sat, 18 Jan 2025 09:55:46 -0500 [2600:1006:b064:9c1d:b080:77ff:fe54:2b5d] [lib/base.php:3281] View->sandbox()
Sat, 18 Jan 2025 09:55:46 -0500 [2600:1006:b064:9c1d:b080:77ff:fe54:2b5d] [tmp/3hn69l4qoa804.3h31n1yj254w8.php:7] Preview->render()
Sat, 18 Jan 2025 09:55:46 -0500 [2600:1006:b064:9c1d:b080:77ff:fe54:2b5d] [lib/base.php:3036] require('/home/u991737198/domains/tas2023.online/public_html/tmp/3hn69l4qoa804.3h31n1yj254w8.php')
Sat, 18 Jan 2025 09:55:46 -0500 [2600:1006:b064:9c1d:b080:77ff:fe54:2b5d] [lib/base.php:3281] View->sandbox()
Sat, 18 Jan 2025 09:55:46 -0500 [2600:1006:b064:9c1d:b080:77ff:fe54:2b5d] [app/controllers/Controller.php:87] Preview->render()
Sat, 18 Jan 2025 09:55:46 -0500 [2600:1006:b064:9c1d:b080:77ff:fe54:2b5d] [lib/base.php:2078] Controller->afterroute()
Sat, 18 Jan 2025 09:55:46 -0500 [2600:1006:b064:9c1d:b080:77ff:fe54:2b5d] [lib/base.php:1871] Base->call()
Sat, 18 Jan 2025 09:55:46 -0500 [2600:1006:b064:9c1d:b080:77ff:fe54:2b5d] [index.php:19] Base->run()
Sat, 18 Jan 2025 09:55:48 -0500 [2600:1006:b064:9c1d:b080:77ff:fe54:2b5d] 500: Undefined variable $token trace: [tmp/3hn69l4qoa804.2r4f9cgm96ecs.php:191]
Sat, 18 Jan 2025 09:55:48 -0500 [2600:1006:b064:9c1d:b080:77ff:fe54:2b5d] [tmp/3hn69l4qoa804.2r4f9cgm96ecs.php:191] Base->{closure}()
Sat, 18 Jan 2025 09:55:48 -0500 [2600:1006:b064:9c1d:b080:77ff:fe54:2b5d] [lib/base.php:3036] require('/home/u991737198/domains/tas2023.online/public_html/tmp/3hn69l4qoa804.2r4f9cgm96ecs.php')
Sat, 18 Jan 2025 09:55:48 -0500 [2600:1006:b064:9c1d:b080:77ff:fe54:2b5d] [lib/base.php:3281] View->sandbox()
Sat, 18 Jan 2025 09:55:48 -0500 [2600:1006:b064:9c1d:b080:77ff:fe54:2b5d] [tmp/3hn69l4qoa804.3h31n1yj254w8.php:7] Preview->render()
Sat, 18 Jan 2025 09:55:48 -0500 [2600:1006:b064:9c1d:b080:77ff:fe54:2b5d] [lib/base.php:3036] require('/home/u991737198/domains/tas2023.online/public_html/tmp/3hn69l4qoa804.3h31n1yj254w8.php')
Sat, 18 Jan 2025 09:55:48 -0500 [2600:1006:b064:9c1d:b080:77ff:fe54:2b5d] [lib/base.php:3281] View->sandbox()
Sat, 18 Jan 2025 09:55:48 -0500 [2600:1006:b064:9c1d:b080:77ff:fe54:2b5d] [app/controllers/Controller.php:87] Preview->render()
Sat, 18 Jan 2025 09:55:48 -0500 [2600:1006:b064:9c1d:b080:77ff:fe54:2b5d] [lib/base.php:2078] Controller->afterroute()
Sat, 18 Jan 2025 09:55:48 -0500 [2600:1006:b064:9c1d:b080:77ff:fe54:2b5d] [lib/base.php:1871] Base->call()
Sat, 18 Jan 2025 09:55:48 -0500 [2600:1006:b064:9c1d:b080:77ff:fe54:2b5d] [index.php:19] Base->run()
Sat, 18 Jan 2025 09:56:12 -0500 [2600:1006:b064:9c1d:b080:77ff:fe54:2b5d] 500: Undefined variable $selected_note trace: [/home/u991737198/domains/tas2023.online/public_html/tmp/3hn69l4qoa804.3g8shy2588w00.php:354]
Sat, 18 Jan 2025 09:56:12 -0500 [2600:1006:b064:9c1d:b080:77ff:fe54:2b5d] [/home/u991737198/domains/tas2023.online/public_html/tmp/3hn69l4qoa804.3g8shy2588w00.php:354] Base->{closure}()
Sat, 18 Jan 2025 09:56:12 -0500 [2600:1006:b064:9c1d:b080:77ff:fe54:2b5d] [/home/u991737198/domains/tas2023.online/public_html/lib/base.php:3036] require('/home/u991737198/domains/tas2023.online/public_html/tmp/3hn69l4qoa804.3g8shy2588w00.php')
Sat, 18 Jan 2025 09:56:12 -0500 [2600:1006:b064:9c1d:b080:77ff:fe54:2b5d] [/home/u991737198/domains/tas2023.online/public_html/lib/base.php:3281] View->sandbox()
Sat, 18 Jan 2025 09:56:12 -0500 [2600:1006:b064:9c1d:b080:77ff:fe54:2b5d] [/home/u991737198/domains/tas2023.online/public_html/tmp/3hn69l4qoa804.3h31n1yj254w8.php:7] Preview->render()
Sat, 18 Jan 2025 09:56:12 -0500 [2600:1006:b064:9c1d:b080:77ff:fe54:2b5d] [/home/u991737198/domains/tas2023.online/public_html/lib/base.php:3036] require('/home/u991737198/domains/tas2023.online/public_html/tmp/3hn69l4qoa804.3h31n1yj254w8.php')
Sat, 18 Jan 2025 09:56:12 -0500 [2600:1006:b064:9c1d:b080:77ff:fe54:2b5d] [/home/u991737198/domains/tas2023.online/public_html/lib/base.php:3281] View->sandbox()
Sat, 18 Jan 2025 09:56:12 -0500 [2600:1006:b064:9c1d:b080:77ff:fe54:2b5d] [/home/u991737198/domains/tas2023.online/public_html/app/controllers/Controller.php:87] Preview->render()
Sat, 18 Jan 2025 09:56:12 -0500 [2600:1006:b064:9c1d:b080:77ff:fe54:2b5d] [/home/u991737198/domains/tas2023.online/public_html/lib/base.php:2078] Controller->afterroute()
Sat, 18 Jan 2025 09:56:12 -0500 [2600:1006:b064:9c1d:b080:77ff:fe54:2b5d] [/home/u991737198/domains/tas2023.online/public_html/lib/base.php:1871] Base->call()
Sat, 18 Jan 2025 09:56:12 -0500 [2600:1006:b064:9c1d:b080:77ff:fe54:2b5d] [/home/u991737198/domains/tas2023.online/public_html/index.php:19] Base->run()
Sat, 18 Jan 2025 09:56:15 -0500 [2600:1006:b069:e578:a8c7:4c43:4fb0:8e83] 500: Undefined variable $entity_num trace: [tmp/3hn69l4qoa804.1zo7dt0fljr4w.php:196]
Sat, 18 Jan 2025 09:56:15 -0500 [2600:1006:b069:e578:a8c7:4c43:4fb0:8e83] [tmp/3hn69l4qoa804.1zo7dt0fljr4w.php:196] Base->{closure}()
Sat, 18 Jan 2025 09:56:15 -0500 [2600:1006:b069:e578:a8c7:4c43:4fb0:8e83] [lib/base.php:3036] require('/home/u991737198/domains/tas2023.online/public_html/tmp/3hn69l4qoa804.1zo7dt0fljr4w.php')
Sat, 18 Jan 2025 09:56:15 -0500 [2600:1006:b069:e578:a8c7:4c43:4fb0:8e83] [lib/base.php:3281] View->sandbox()
Sat, 18 Jan 2025 09:56:15 -0500 [2600:1006:b069:e578:a8c7:4c43:4fb0:8e83] [tmp/3hn69l4qoa804.3h31n1yj254w8.php:7] Preview->render()
Sat, 18 Jan 2025 09:56:15 -0500 [2600:1006:b069:e578:a8c7:4c43:4fb0:8e83] [lib/base.php:3036] require('/home/u991737198/domains/tas2023.online/public_html/tmp/3hn69l4qoa804.3h31n1yj254w8.php')
Sat, 18 Jan 2025 09:56:15 -0500 [2600:1006:b069:e578:a8c7:4c43:4fb0:8e83] [lib/base.php:3281] View->sandbox()
Sat, 18 Jan 2025 09:56:15 -0500 [2600:1006:b069:e578:a8c7:4c43:4fb0:8e83] [app/controllers/Controller.php:87] Preview->render()
Sat, 18 Jan 2025 09:56:15 -0500 [2600:1006:b069:e578:a8c7:4c43:4fb0:8e83] [lib/base.php:2078] Controller->afterroute()
Sat, 18 Jan 2025 09:56:15 -0500 [2600:1006:b069:e578:a8c7:4c43:4fb0:8e83] [lib/base.php:1871] Base->call()
Sat, 18 Jan 2025 09:56:15 -0500 [2600:1006:b069:e578:a8c7:4c43:4fb0:8e83] [index.php:19] Base->run()
Sat, 18 Jan 2025 09:56:30 -0500 [2600:1006:b069:e578:a8c7:4c43:4fb0:8e83] 500: Undefined variable $selected_note trace: [/home/u991737198/domains/tas2023.online/public_html/tmp/3hn69l4qoa804.3g8shy2588w00.php:354]
Sat, 18 Jan 2025 09:56:30 -0500 [2600:1006:b069:e578:a8c7:4c43:4fb0:8e83] [/home/u991737198/domains/tas2023.online/public_html/tmp/3hn69l4qoa804.3g8shy2588w00.php:354] Base->{closure}()
Sat, 18 Jan 2025 09:56:30 -0500 [2600:1006:b069:e578:a8c7:4c43:4fb0:8e83] [/home/u991737198/domains/tas2023.online/public_html/lib/base.php:3036] require('/home/u991737198/domains/tas2023.online/public_html/tmp/3hn69l4qoa804.3g8shy2588w00.php')
Sat, 18 Jan 2025 09:56:30 -0500 [2600:1006:b069:e578:a8c7:4c43:4fb0:8e83] [/home/u991737198/domains/tas2023.online/public_html/lib/base.php:3281] View->sandbox()
Sat, 18 Jan 2025 09:56:30 -0500 [2600:1006:b069:e578:a8c7:4c43:4fb0:8e83] [/home/u991737198/domains/tas2023.online/public_html/tmp/3hn69l4qoa804.3h31n1yj254w8.php:7] Preview->render()
Sat, 18 Jan 2025 09:56:30 -0500 [2600:1006:b069:e578:a8c7:4c43:4fb0:8e83] [/home/u991737198/domains/tas2023.online/public_html/lib/base.php:3036] require('/home/u991737198/domains/tas2023.online/public_html/tmp/3hn69l4qoa804.3h31n1yj254w8.php')
Sat, 18 Jan 2025 09:56:30 -0500 [2600:1006:b069:e578:a8c7:4c43:4fb0:8e83] [/home/u991737198/domains/tas2023.online/public_html/lib/base.php:3281] View->sandbox()
Sat, 18 Jan 2025 09:56:30 -0500 [2600:1006:b069:e578:a8c7:4c43:4fb0:8e83] [/home/u991737198/domains/tas2023.online/public_html/app/controllers/Controller.php:87] Preview->render()
Sat, 18 Jan 2025 09:56:30 -0500 [2600:1006:b069:e578:a8c7:4c43:4fb0:8e83] [/home/u991737198/domains/tas2023.online/public_html/lib/base.php:2078] Controller->afterroute()
Sat, 18 Jan 2025 09:56:30 -0500 [2600:1006:b069:e578:a8c7:4c43:4fb0:8e83] [/home/u991737198/domains/tas2023.online/public_html/lib/base.php:1871] Base->call()
Sat, 18 Jan 2025 09:56:30 -0500 [2600:1006:b069:e578:a8c7:4c43:4fb0:8e83] [/home/u991737198/domains/tas2023.online/public_html/index.php:19] Base->run()
Sat, 18 Jan 2025 09:58:05 -0500 [2600:1006:b064:9c1d:b080:77ff:fe54:2b5d] 500: Undefined variable $selected_note trace: [/home/u991737198/domains/tas2023.online/public_html/tmp/3hn69l4qoa804.3g8shy2588w00.php:354]
Sat, 18 Jan 2025 09:58:05 -0500 [2600:1006:b064:9c1d:b080:77ff:fe54:2b5d] [/home/u991737198/domains/tas2023.online/public_html/tmp/3hn69l4qoa804.3g8shy2588w00.php:354] Base->{closure}()
Sat, 18 Jan 2025 09:58:05 -0500 [2600:1006:b064:9c1d:b080:77ff:fe54:2b5d] [/home/u991737198/domains/tas2023.online/public_html/lib/base.php:3036] require('/home/u991737198/domains/tas2023.online/public_html/tmp/3hn69l4qoa804.3g8shy2588w00.php')
Sat, 18 Jan 2025 09:58:05 -0500 [2600:1006:b064:9c1d:b080:77ff:fe54:2b5d] [/home/u991737198/domains/tas2023.online/public_html/lib/base.php:3281] View->sandbox()
Sat, 18 Jan 2025 09:58:05 -0500 [2600:1006:b064:9c1d:b080:77ff:fe54:2b5d] [/home/u991737198/domains/tas2023.online/public_html/tmp/3hn69l4qoa804.3h31n1yj254w8.php:7] Preview->render()
Sat, 18 Jan 2025 09:58:05 -0500 [2600:1006:b064:9c1d:b080:77ff:fe54:2b5d] [/home/u991737198/domains/tas2023.online/public_html/lib/base.php:3036] require('/home/u991737198/domains/tas2023.online/public_html/tmp/3hn69l4qoa804.3h31n1yj254w8.php')
Sat, 18 Jan 2025 09:58:05 -0500 [2600:1006:b064:9c1d:b080:77ff:fe54:2b5d] [/home/u991737198/domains/tas2023.online/public_html/lib/base.php:3281] View->sandbox()
Sat, 18 Jan 2025 09:58:05 -0500 [2600:1006:b064:9c1d:b080:77ff:fe54:2b5d] [/home/u991737198/domains/tas2023.online/public_html/app/controllers/Controller.php:87] Preview->render()
Sat, 18 Jan 2025 09:58:05 -0500 [2600:1006:b064:9c1d:b080:77ff:fe54:2b5d] [/home/u991737198/domains/tas2023.online/public_html/lib/base.php:2078] Controller->afterroute()
Sat, 18 Jan 2025 09:58:05 -0500 [2600:1006:b064:9c1d:b080:77ff:fe54:2b5d] [/home/u991737198/domains/tas2023.online/public_html/lib/base.php:1871] Base->call()
Sat, 18 Jan 2025 09:58:05 -0500 [2600:1006:b064:9c1d:b080:77ff:fe54:2b5d] [/home/u991737198/domains/tas2023.online/public_html/index.php:19] Base->run()
Sat, 18 Jan 2025 09:58:24 -0500 [2600:1006:b064:9c1d:b080:77ff:fe54:2b5d] 500: Undefined variable $entity_num trace: [tmp/3hn69l4qoa804.1zo7dt0fljr4w.php:196]
Sat, 18 Jan 2025 09:58:24 -0500 [2600:1006:b064:9c1d:b080:77ff:fe54:2b5d] [tmp/3hn69l4qoa804.1zo7dt0fljr4w.php:196] Base->{closure}()
Sat, 18 Jan 2025 09:58:24 -0500 [2600:1006:b064:9c1d:b080:77ff:fe54:2b5d] [lib/base.php:3036] require('/home/u991737198/domains/tas2023.online/public_html/tmp/3hn69l4qoa804.1zo7dt0fljr4w.php')
Sat, 18 Jan 2025 09:58:24 -0500 [2600:1006:b064:9c1d:b080:77ff:fe54:2b5d] [lib/base.php:3281] View->sandbox()
Sat, 18 Jan 2025 09:58:24 -0500 [2600:1006:b064:9c1d:b080:77ff:fe54:2b5d] [tmp/3hn69l4qoa804.3h31n1yj254w8.php:7] Preview->render()
Sat, 18 Jan 2025 09:58:24 -0500 [2600:1006:b064:9c1d:b080:77ff:fe54:2b5d] [lib/base.php:3036] require('/home/u991737198/domains/tas2023.online/public_html/tmp/3hn69l4qoa804.3h31n1yj254w8.php')
Sat, 18 Jan 2025 09:58:24 -0500 [2600:1006:b064:9c1d:b080:77ff:fe54:2b5d] [lib/base.php:3281] View->sandbox()
Sat, 18 Jan 2025 09:58:24 -0500 [2600:1006:b064:9c1d:b080:77ff:fe54:2b5d] [app/controllers/Controller.php:87] Preview->render()
Sat, 18 Jan 2025 09:58:24 -0500 [2600:1006:b064:9c1d:b080:77ff:fe54:2b5d] [lib/base.php:2078] Controller->afterroute()
Sat, 18 Jan 2025 09:58:24 -0500 [2600:1006:b064:9c1d:b080:77ff:fe54:2b5d] [lib/base.php:1871] Base->call()
Sat, 18 Jan 2025 09:58:24 -0500 [2600:1006:b064:9c1d:b080:77ff:fe54:2b5d] [index.php:19] Base->run()
Sat, 18 Jan 2025 09:58:31 -0500 [2600:1006:b064:9c1d:b080:77ff:fe54:2b5d] 500: Undefined variable $entity_num trace: [tmp/3hn69l4qoa804.1zo7dt0fljr4w.php:196]
Sat, 18 Jan 2025 09:58:31 -0500 [2600:1006:b064:9c1d:b080:77ff:fe54:2b5d] [tmp/3hn69l4qoa804.1zo7dt0fljr4w.php:196] Base->{closure}()
Sat, 18 Jan 2025 09:58:31 -0500 [2600:1006:b064:9c1d:b080:77ff:fe54:2b5d] [lib/base.php:3036] require('/home/u991737198/domains/tas2023.online/public_html/tmp/3hn69l4qoa804.1zo7dt0fljr4w.php')
Sat, 18 Jan 2025 09:58:31 -0500 [2600:1006:b064:9c1d:b080:77ff:fe54:2b5d] [lib/base.php:3281] View->sandbox()
Sat, 18 Jan 2025 09:58:31 -0500 [2600:1006:b064:9c1d:b080:77ff:fe54:2b5d] [tmp/3hn69l4qoa804.3h31n1yj254w8.php:7] Preview->render()
Sat, 18 Jan 2025 09:58:31 -0500 [2600:1006:b064:9c1d:b080:77ff:fe54:2b5d] [lib/base.php:3036] require('/home/u991737198/domains/tas2023.online/public_html/tmp/3hn69l4qoa804.3h31n1yj254w8.php')
Sat, 18 Jan 2025 09:58:31 -0500 [2600:1006:b064:9c1d:b080:77ff:fe54:2b5d] [lib/base.php:3281] View->sandbox()
Sat, 18 Jan 2025 09:58:31 -0500 [2600:1006:b064:9c1d:b080:77ff:fe54:2b5d] [app/controllers/Controller.php:87] Preview->render()
Sat, 18 Jan 2025 09:58:31 -0500 [2600:1006:b064:9c1d:b080:77ff:fe54:2b5d] [lib/base.php:2078] Controller->afterroute()
Sat, 18 Jan 2025 09:58:31 -0500 [2600:1006:b064:9c1d:b080:77ff:fe54:2b5d] [lib/base.php:1871] Base->call()
Sat, 18 Jan 2025 09:58:31 -0500 [2600:1006:b064:9c1d:b080:77ff:fe54:2b5d] [index.php:19] Base->run()
Sat, 18 Jan 2025 09:58:35 -0500 [2600:1006:b064:9c1d:b080:77ff:fe54:2b5d] 500: Undefined variable $token trace: [tmp/3hn69l4qoa804.2r4f9cgm96ecs.php:191]
Sat, 18 Jan 2025 09:58:35 -0500 [2600:1006:b064:9c1d:b080:77ff:fe54:2b5d] [tmp/3hn69l4qoa804.2r4f9cgm96ecs.php:191] Base->{closure}()
Sat, 18 Jan 2025 09:58:35 -0500 [2600:1006:b064:9c1d:b080:77ff:fe54:2b5d] [lib/base.php:3036] require('/home/u991737198/domains/tas2023.online/public_html/tmp/3hn69l4qoa804.2r4f9cgm96ecs.php')
Sat, 18 Jan 2025 09:58:35 -0500 [2600:1006:b064:9c1d:b080:77ff:fe54:2b5d] [lib/base.php:3281] View->sandbox()
Sat, 18 Jan 2025 09:58:35 -0500 [2600:1006:b064:9c1d:b080:77ff:fe54:2b5d] [tmp/3hn69l4qoa804.3h31n1yj254w8.php:7] Preview->render()
Sat, 18 Jan 2025 09:58:35 -0500 [2600:1006:b064:9c1d:b080:77ff:fe54:2b5d] [lib/base.php:3036] require('/home/u991737198/domains/tas2023.online/public_html/tmp/3hn69l4qoa804.3h31n1yj254w8.php')
Sat, 18 Jan 2025 09:58:35 -0500 [2600:1006:b064:9c1d:b080:77ff:fe54:2b5d] [lib/base.php:3281] View->sandbox()
Sat, 18 Jan 2025 09:58:35 -0500 [2600:1006:b064:9c1d:b080:77ff:fe54:2b5d] [app/controllers/Controller.php:87] Preview->render()
Sat, 18 Jan 2025 09:58:35 -0500 [2600:1006:b064:9c1d:b080:77ff:fe54:2b5d] [lib/base.php:2078] Controller->afterroute()
Sat, 18 Jan 2025 09:58:35 -0500 [2600:1006:b064:9c1d:b080:77ff:fe54:2b5d] [lib/base.php:1871] Base->call()
Sat, 18 Jan 2025 09:58:35 -0500 [2600:1006:b064:9c1d:b080:77ff:fe54:2b5d] [index.php:19] Base->run()
Sat, 18 Jan 2025 09:59:26 -0500 [2600:1006:b069:e578:a8c7:4c43:4fb0:8e83] 500: Undefined variable $selected_note trace: [/home/u991737198/domains/tas2023.online/public_html/tmp/3hn69l4qoa804.3g8shy2588w00.php:354]
Sat, 18 Jan 2025 09:59:26 -0500 [2600:1006:b069:e578:a8c7:4c43:4fb0:8e83] [/home/u991737198/domains/tas2023.online/public_html/tmp/3hn69l4qoa804.3g8shy2588w00.php:354] Base->{closure}()
Sat, 18 Jan 2025 09:59:26 -0500 [2600:1006:b069:e578:a8c7:4c43:4fb0:8e83] [/home/u991737198/domains/tas2023.online/public_html/lib/base.php:3036] require('/home/u991737198/domains/tas2023.online/public_html/tmp/3hn69l4qoa804.3g8shy2588w00.php')
Sat, 18 Jan 2025 09:59:26 -0500 [2600:1006:b069:e578:a8c7:4c43:4fb0:8e83] [/home/u991737198/domains/tas2023.online/public_html/lib/base.php:3281] View->sandbox()
Sat, 18 Jan 2025 09:59:26 -0500 [2600:1006:b069:e578:a8c7:4c43:4fb0:8e83] [/home/u991737198/domains/tas2023.online/public_html/tmp/3hn69l4qoa804.3h31n1yj254w8.php:7] Preview->render()
Sat, 18 Jan 2025 09:59:26 -0500 [2600:1006:b069:e578:a8c7:4c43:4fb0:8e83] [/home/u991737198/domains/tas2023.online/public_html/lib/base.php:3036] require('/home/u991737198/domains/tas2023.online/public_html/tmp/3hn69l4qoa804.3h31n1yj254w8.php')
Sat, 18 Jan 2025 09:59:26 -0500 [2600:1006:b069:e578:a8c7:4c43:4fb0:8e83] [/home/u991737198/domains/tas2023.online/public_html/lib/base.php:3281] View->sandbox()
Sat, 18 Jan 2025 09:59:26 -0500 [2600:1006:b069:e578:a8c7:4c43:4fb0:8e83] [/home/u991737198/domains/tas2023.online/public_html/app/controllers/Controller.php:87] Preview->render()
Sat, 18 Jan 2025 09:59:26 -0500 [2600:1006:b069:e578:a8c7:4c43:4fb0:8e83] [/home/u991737198/domains/tas2023.online/public_html/lib/base.php:2078] Controller->afterroute()
Sat, 18 Jan 2025 09:59:26 -0500 [2600:1006:b069:e578:a8c7:4c43:4fb0:8e83] [/home/u991737198/domains/tas2023.online/public_html/lib/base.php:1871] Base->call()
Sat, 18 Jan 2025 09:59:26 -0500 [2600:1006:b069:e578:a8c7:4c43:4fb0:8e83] [/home/u991737198/domains/tas2023.online/public_html/index.php:19] Base->run()
Sat, 18 Jan 2025 14:00:11 -0500 [2603:9000:f801:55e2:85c3:bde3:fbb3:8854] 500: Undefined variable $selected_note trace: [/home/u991737198/domains/tas2023.online/public_html/tmp/3hn69l4qoa804.3g8shy2588w00.php:354]
Sat, 18 Jan 2025 14:00:11 -0500 [2603:9000:f801:55e2:85c3:bde3:fbb3:8854] [/home/u991737198/domains/tas2023.online/public_html/tmp/3hn69l4qoa804.3g8shy2588w00.php:354] Base->{closure}()
Sat, 18 Jan 2025 14:00:11 -0500 [2603:9000:f801:55e2:85c3:bde3:fbb3:8854] [/home/u991737198/domains/tas2023.online/public_html/lib/base.php:3036] require('/home/u991737198/domains/tas2023.online/public_html/tmp/3hn69l4qoa804.3g8shy2588w00.php')
Sat, 18 Jan 2025 14:00:11 -0500 [2603:9000:f801:55e2:85c3:bde3:fbb3:8854] [/home/u991737198/domains/tas2023.online/public_html/lib/base.php:3281] View->sandbox()
Sat, 18 Jan 2025 14:00:11 -0500 [2603:9000:f801:55e2:85c3:bde3:fbb3:8854] [/home/u991737198/domains/tas2023.online/public_html/tmp/3hn69l4qoa804.3h31n1yj254w8.php:7] Preview->render()
Sat, 18 Jan 2025 14:00:11 -0500 [2603:9000:f801:55e2:85c3:bde3:fbb3:8854] [/home/u991737198/domains/tas2023.online/public_html/lib/base.php:3036] require('/home/u991737198/domains/tas2023.online/public_html/tmp/3hn69l4qoa804.3h31n1yj254w8.php')
Sat, 18 Jan 2025 14:00:11 -0500 [2603:9000:f801:55e2:85c3:bde3:fbb3:8854] [/home/u991737198/domains/tas2023.online/public_html/lib/base.php:3281] View->sandbox()
Sat, 18 Jan 2025 14:00:11 -0500 [2603:9000:f801:55e2:85c3:bde3:fbb3:8854] [/home/u991737198/domains/tas2023.online/public_html/app/controllers/Controller.php:87] Preview->render()
Sat, 18 Jan 2025 14:00:11 -0500 [2603:9000:f801:55e2:85c3:bde3:fbb3:8854] [/home/u991737198/domains/tas2023.online/public_html/lib/base.php:2078] Controller->afterroute()
Sat, 18 Jan 2025 14:00:11 -0500 [2603:9000:f801:55e2:85c3:bde3:fbb3:8854] [/home/u991737198/domains/tas2023.online/public_html/lib/base.php:1871] Base->call()
Sat, 18 Jan 2025 14:00:11 -0500 [2603:9000:f801:55e2:85c3:bde3:fbb3:8854] [/home/u991737198/domains/tas2023.online/public_html/index.php:19] Base->run()
Sat, 18 Jan 2025 14:00:34 -0500 [2603:9000:f801:55e2:85c3:bde3:fbb3:8854] 500: Undefined variable $fechapicker trace: [/home/u991737198/domains/tas2023.online/public_html/tmp/3hn69l4qoa804.22phmm30e0u84.php:333]
Sat, 18 Jan 2025 14:00:34 -0500 [2603:9000:f801:55e2:85c3:bde3:fbb3:8854] [/home/u991737198/domains/tas2023.online/public_html/tmp/3hn69l4qoa804.22phmm30e0u84.php:333] Base->{closure}()
Sat, 18 Jan 2025 14:00:34 -0500 [2603:9000:f801:55e2:85c3:bde3:fbb3:8854] [/home/u991737198/domains/tas2023.online/public_html/lib/base.php:3036] require('/home/u991737198/domains/tas2023.online/public_html/tmp/3hn69l4qoa804.22phmm30e0u84.php')
Sat, 18 Jan 2025 14:00:34 -0500 [2603:9000:f801:55e2:85c3:bde3:fbb3:8854] [/home/u991737198/domains/tas2023.online/public_html/lib/base.php:3281] View->sandbox()
Sat, 18 Jan 2025 14:00:34 -0500 [2603:9000:f801:55e2:85c3:bde3:fbb3:8854] [/home/u991737198/domains/tas2023.online/public_html/tmp/3hn69l4qoa804.3h31n1yj254w8.php:7] Preview->render()
Sat, 18 Jan 2025 14:00:34 -0500 [2603:9000:f801:55e2:85c3:bde3:fbb3:8854] [/home/u991737198/domains/tas2023.online/public_html/lib/base.php:3036] require('/home/u991737198/domains/tas2023.online/public_html/tmp/3hn69l4qoa804.3h31n1yj254w8.php')
Sat, 18 Jan 2025 14:00:34 -0500 [2603:9000:f801:55e2:85c3:bde3:fbb3:8854] [/home/u991737198/domains/tas2023.online/public_html/lib/base.php:3281] View->sandbox()
Sat, 18 Jan 2025 14:00:34 -0500 [2603:9000:f801:55e2:85c3:bde3:fbb3:8854] [/home/u991737198/domains/tas2023.online/public_html/app/controllers/Controller.php:87] Preview->render()
Sat, 18 Jan 2025 14:00:34 -0500 [2603:9000:f801:55e2:85c3:bde3:fbb3:8854] [/home/u991737198/domains/tas2023.online/public_html/lib/base.php:2078] Controller->afterroute()
Sat, 18 Jan 2025 14:00:34 -0500 [2603:9000:f801:55e2:85c3:bde3:fbb3:8854] [/home/u991737198/domains/tas2023.online/public_html/lib/base.php:1871] Base->call()
Sat, 18 Jan 2025 14:00:34 -0500 [2603:9000:f801:55e2:85c3:bde3:fbb3:8854] [/home/u991737198/domains/tas2023.online/public_html/index.php:19] Base->run()
Sat, 18 Jan 2025 14:00:44 -0500 [2603:9000:f801:55e2:85c3:bde3:fbb3:8854] 500: Undefined variable $fechapicker trace: [/home/u991737198/domains/tas2023.online/public_html/tmp/3hn69l4qoa804.22phmm30e0u84.php:333]
Sat, 18 Jan 2025 14:00:44 -0500 [2603:9000:f801:55e2:85c3:bde3:fbb3:8854] [/home/u991737198/domains/tas2023.online/public_html/tmp/3hn69l4qoa804.22phmm30e0u84.php:333] Base->{closure}()
Sat, 18 Jan 2025 14:00:44 -0500 [2603:9000:f801:55e2:85c3:bde3:fbb3:8854] [/home/u991737198/domains/tas2023.online/public_html/lib/base.php:3036] require('/home/u991737198/domains/tas2023.online/public_html/tmp/3hn69l4qoa804.22phmm30e0u84.php')
Sat, 18 Jan 2025 14:00:44 -0500 [2603:9000:f801:55e2:85c3:bde3:fbb3:8854] [/home/u991737198/domains/tas2023.online/public_html/lib/base.php:3281] View->sandbox()
Sat, 18 Jan 2025 14:00:44 -0500 [2603:9000:f801:55e2:85c3:bde3:fbb3:8854] [/home/u991737198/domains/tas2023.online/public_html/tmp/3hn69l4qoa804.3h31n1yj254w8.php:7] Preview->render()
Sat, 18 Jan 2025 14:00:44 -0500 [2603:9000:f801:55e2:85c3:bde3:fbb3:8854] [/home/u991737198/domains/tas2023.online/public_html/lib/base.php:3036] require('/home/u991737198/domains/tas2023.online/public_html/tmp/3hn69l4qoa804.3h31n1yj254w8.php')
Sat, 18 Jan 2025 14:00:44 -0500 [2603:9000:f801:55e2:85c3:bde3:fbb3:8854] [/home/u991737198/domains/tas2023.online/public_html/lib/base.php:3281] View->sandbox()
Sat, 18 Jan 2025 14:00:44 -0500 [2603:9000:f801:55e2:85c3:bde3:fbb3:8854] [/home/u991737198/domains/tas2023.online/public_html/app/controllers/Controller.php:87] Preview->render()
Sat, 18 Jan 2025 14:00:44 -0500 [2603:9000:f801:55e2:85c3:bde3:fbb3:8854] [/home/u991737198/domains/tas2023.online/public_html/lib/base.php:2078] Controller->afterroute()
Sat, 18 Jan 2025 14:00:44 -0500 [2603:9000:f801:55e2:85c3:bde3:fbb3:8854] [/home/u991737198/domains/tas2023.online/public_html/lib/base.php:1871] Base->call()
Sat, 18 Jan 2025 14:00:44 -0500 [2603:9000:f801:55e2:85c3:bde3:fbb3:8854] [/home/u991737198/domains/tas2023.online/public_html/index.php:19] Base->run()
Sat, 18 Jan 2025 14:00:46 -0500 [2603:9000:f801:55e2:85c3:bde3:fbb3:8854] 500: Undefined variable $fechapicker trace: [/home/u991737198/domains/tas2023.online/public_html/tmp/3hn69l4qoa804.22phmm30e0u84.php:333]
Sat, 18 Jan 2025 14:00:46 -0500 [2603:9000:f801:55e2:85c3:bde3:fbb3:8854] [/home/u991737198/domains/tas2023.online/public_html/tmp/3hn69l4qoa804.22phmm30e0u84.php:333] Base->{closure}()
Sat, 18 Jan 2025 14:00:46 -0500 [2603:9000:f801:55e2:85c3:bde3:fbb3:8854] [/home/u991737198/domains/tas2023.online/public_html/lib/base.php:3036] require('/home/u991737198/domains/tas2023.online/public_html/tmp/3hn69l4qoa804.22phmm30e0u84.php')
Sat, 18 Jan 2025 14:00:46 -0500 [2603:9000:f801:55e2:85c3:bde3:fbb3:8854] [/home/u991737198/domains/tas2023.online/public_html/lib/base.php:3281] View->sandbox()
Sat, 18 Jan 2025 14:00:46 -0500 [2603:9000:f801:55e2:85c3:bde3:fbb3:8854] [/home/u991737198/domains/tas2023.online/public_html/tmp/3hn69l4qoa804.3h31n1yj254w8.php:7] Preview->render()
Sat, 18 Jan 2025 14:00:46 -0500 [2603:9000:f801:55e2:85c3:bde3:fbb3:8854] [/home/u991737198/domains/tas2023.online/public_html/lib/base.php:3036] require('/home/u991737198/domains/tas2023.online/public_html/tmp/3hn69l4qoa804.3h31n1yj254w8.php')
Sat, 18 Jan 2025 14:00:46 -0500 [2603:9000:f801:55e2:85c3:bde3:fbb3:8854] [/home/u991737198/domains/tas2023.online/public_html/lib/base.php:3281] View->sandbox()
Sat, 18 Jan 2025 14:00:46 -0500 [2603:9000:f801:55e2:85c3:bde3:fbb3:8854] [/home/u991737198/domains/tas2023.online/public_html/app/controllers/Controller.php:87] Preview->render()
Sat, 18 Jan 2025 14:00:46 -0500 [2603:9000:f801:55e2:85c3:bde3:fbb3:8854] [/home/u991737198/domains/tas2023.online/public_html/lib/base.php:2078] Controller->afterroute()
Sat, 18 Jan 2025 14:00:46 -0500 [2603:9000:f801:55e2:85c3:bde3:fbb3:8854] [/home/u991737198/domains/tas2023.online/public_html/lib/base.php:1871] Base->call()
Sat, 18 Jan 2025 14:00:46 -0500 [2603:9000:f801:55e2:85c3:bde3:fbb3:8854] [/home/u991737198/domains/tas2023.online/public_html/index.php:19] Base->run()
Sat, 18 Jan 2025 14:00:48 -0500 [2603:9000:f801:55e2:85c3:bde3:fbb3:8854] 500: Undefined variable $fechapicker trace: [/home/u991737198/domains/tas2023.online/public_html/tmp/3hn69l4qoa804.22phmm30e0u84.php:333]
Sat, 18 Jan 2025 14:00:48 -0500 [2603:9000:f801:55e2:85c3:bde3:fbb3:8854] [/home/u991737198/domains/tas2023.online/public_html/tmp/3hn69l4qoa804.22phmm30e0u84.php:333] Base->{closure}()
Sat, 18 Jan 2025 14:00:48 -0500 [2603:9000:f801:55e2:85c3:bde3:fbb3:8854] [/home/u991737198/domains/tas2023.online/public_html/lib/base.php:3036] require('/home/u991737198/domains/tas2023.online/public_html/tmp/3hn69l4qoa804.22phmm30e0u84.php')
Sat, 18 Jan 2025 14:00:48 -0500 [2603:9000:f801:55e2:85c3:bde3:fbb3:8854] [/home/u991737198/domains/tas2023.online/public_html/lib/base.php:3281] View->sandbox()
Sat, 18 Jan 2025 14:00:48 -0500 [2603:9000:f801:55e2:85c3:bde3:fbb3:8854] [/home/u991737198/domains/tas2023.online/public_html/tmp/3hn69l4qoa804.3h31n1yj254w8.php:7] Preview->render()
Sat, 18 Jan 2025 14:00:48 -0500 [2603:9000:f801:55e2:85c3:bde3:fbb3:8854] [/home/u991737198/domains/tas2023.online/public_html/lib/base.php:3036] require('/home/u991737198/domains/tas2023.online/public_html/tmp/3hn69l4qoa804.3h31n1yj254w8.php')
Sat, 18 Jan 2025 14:00:48 -0500 [2603:9000:f801:55e2:85c3:bde3:fbb3:8854] [/home/u991737198/domains/tas2023.online/public_html/lib/base.php:3281] View->sandbox()
Sat, 18 Jan 2025 14:00:48 -0500 [2603:9000:f801:55e2:85c3:bde3:fbb3:8854] [/home/u991737198/domains/tas2023.online/public_html/app/controllers/Controller.php:87] Preview->render()
Sat, 18 Jan 2025 14:00:48 -0500 [2603:9000:f801:55e2:85c3:bde3:fbb3:8854] [/home/u991737198/domains/tas2023.online/public_html/lib/base.php:2078] Controller->afterroute()
Sat, 18 Jan 2025 14:00:48 -0500 [2603:9000:f801:55e2:85c3:bde3:fbb3:8854] [/home/u991737198/domains/tas2023.online/public_html/lib/base.php:1871] Base->call()
Sat, 18 Jan 2025 14:00:48 -0500 [2603:9000:f801:55e2:85c3:bde3:fbb3:8854] [/home/u991737198/domains/tas2023.online/public_html/index.php:19] Base->run()
Sat, 18 Jan 2025 14:00:51 -0500 [2603:9000:f801:55e2:85c3:bde3:fbb3:8854] 500: Undefined variable $fechapicker trace: [/home/u991737198/domains/tas2023.online/public_html/tmp/3hn69l4qoa804.22phmm30e0u84.php:333]
Sat, 18 Jan 2025 14:00:51 -0500 [2603:9000:f801:55e2:85c3:bde3:fbb3:8854] [/home/u991737198/domains/tas2023.online/public_html/tmp/3hn69l4qoa804.22phmm30e0u84.php:333] Base->{closure}()
Sat, 18 Jan 2025 14:00:51 -0500 [2603:9000:f801:55e2:85c3:bde3:fbb3:8854] [/home/u991737198/domains/tas2023.online/public_html/lib/base.php:3036] require('/home/u991737198/domains/tas2023.online/public_html/tmp/3hn69l4qoa804.22phmm30e0u84.php')
Sat, 18 Jan 2025 14:00:51 -0500 [2603:9000:f801:55e2:85c3:bde3:fbb3:8854] [/home/u991737198/domains/tas2023.online/public_html/lib/base.php:3281] View->sandbox()
Sat, 18 Jan 2025 14:00:51 -0500 [2603:9000:f801:55e2:85c3:bde3:fbb3:8854] [/home/u991737198/domains/tas2023.online/public_html/tmp/3hn69l4qoa804.3h31n1yj254w8.php:7] Preview->render()
Sat, 18 Jan 2025 14:00:51 -0500 [2603:9000:f801:55e2:85c3:bde3:fbb3:8854] [/home/u991737198/domains/tas2023.online/public_html/lib/base.php:3036] require('/home/u991737198/domains/tas2023.online/public_html/tmp/3hn69l4qoa804.3h31n1yj254w8.php')
Sat, 18 Jan 2025 14:00:51 -0500 [2603:9000:f801:55e2:85c3:bde3:fbb3:8854] [/home/u991737198/domains/tas2023.online/public_html/lib/base.php:3281] View->sandbox()
Sat, 18 Jan 2025 14:00:51 -0500 [2603:9000:f801:55e2:85c3:bde3:fbb3:8854] [/home/u991737198/domains/tas2023.online/public_html/app/controllers/Controller.php:87] Preview->render()
Sat, 18 Jan 2025 14:00:51 -0500 [2603:9000:f801:55e2:85c3:bde3:fbb3:8854] [/home/u991737198/domains/tas2023.online/public_html/lib/base.php:2078] Controller->afterroute()
Sat, 18 Jan 2025 14:00:51 -0500 [2603:9000:f801:55e2:85c3:bde3:fbb3:8854] [/home/u991737198/domains/tas2023.online/public_html/lib/base.php:1871] Base->call()
Sat, 18 Jan 2025 14:00:51 -0500 [2603:9000:f801:55e2:85c3:bde3:fbb3:8854] [/home/u991737198/domains/tas2023.online/public_html/index.php:19] Base->run()
Sat, 18 Jan 2025 14:01:06 -0500 [2603:9000:f801:55e2:85c3:bde3:fbb3:8854] 500: Undefined variable $entity_num trace: [tmp/3hn69l4qoa804.1zo7dt0fljr4w.php:196]
Sat, 18 Jan 2025 14:01:06 -0500 [2603:9000:f801:55e2:85c3:bde3:fbb3:8854] [tmp/3hn69l4qoa804.1zo7dt0fljr4w.php:196] Base->{closure}()
Sat, 18 Jan 2025 14:01:06 -0500 [2603:9000:f801:55e2:85c3:bde3:fbb3:8854] [lib/base.php:3036] require('/home/u991737198/domains/tas2023.online/public_html/tmp/3hn69l4qoa804.1zo7dt0fljr4w.php')
Sat, 18 Jan 2025 14:01:06 -0500 [2603:9000:f801:55e2:85c3:bde3:fbb3:8854] [lib/base.php:3281] View->sandbox()
Sat, 18 Jan 2025 14:01:06 -0500 [2603:9000:f801:55e2:85c3:bde3:fbb3:8854] [tmp/3hn69l4qoa804.3h31n1yj254w8.php:7] Preview->render()
Sat, 18 Jan 2025 14:01:06 -0500 [2603:9000:f801:55e2:85c3:bde3:fbb3:8854] [lib/base.php:3036] require('/home/u991737198/domains/tas2023.online/public_html/tmp/3hn69l4qoa804.3h31n1yj254w8.php')
Sat, 18 Jan 2025 14:01:06 -0500 [2603:9000:f801:55e2:85c3:bde3:fbb3:8854] [lib/base.php:3281] View->sandbox()
Sat, 18 Jan 2025 14:01:06 -0500 [2603:9000:f801:55e2:85c3:bde3:fbb3:8854] [app/controllers/Controller.php:87] Preview->render()
Sat, 18 Jan 2025 14:01:06 -0500 [2603:9000:f801:55e2:85c3:bde3:fbb3:8854] [lib/base.php:2078] Controller->afterroute()
Sat, 18 Jan 2025 14:01:06 -0500 [2603:9000:f801:55e2:85c3:bde3:fbb3:8854] [lib/base.php:1871] Base->call()
Sat, 18 Jan 2025 14:01:06 -0500 [2603:9000:f801:55e2:85c3:bde3:fbb3:8854] [index.php:19] Base->run()
Sat, 18 Jan 2025 14:01:13 -0500 [2603:9000:f801:55e2:85c3:bde3:fbb3:8854] 500: Undefined variable $entity_num trace: [tmp/3hn69l4qoa804.1zo7dt0fljr4w.php:196]
Sat, 18 Jan 2025 14:01:13 -0500 [2603:9000:f801:55e2:85c3:bde3:fbb3:8854] [tmp/3hn69l4qoa804.1zo7dt0fljr4w.php:196] Base->{closure}()
Sat, 18 Jan 2025 14:01:13 -0500 [2603:9000:f801:55e2:85c3:bde3:fbb3:8854] [lib/base.php:3036] require('/home/u991737198/domains/tas2023.online/public_html/tmp/3hn69l4qoa804.1zo7dt0fljr4w.php')
Sat, 18 Jan 2025 14:01:13 -0500 [2603:9000:f801:55e2:85c3:bde3:fbb3:8854] [lib/base.php:3281] View->sandbox()
Sat, 18 Jan 2025 14:01:13 -0500 [2603:9000:f801:55e2:85c3:bde3:fbb3:8854] [tmp/3hn69l4qoa804.3h31n1yj254w8.php:7] Preview->render()
Sat, 18 Jan 2025 14:01:13 -0500 [2603:9000:f801:55e2:85c3:bde3:fbb3:8854] [lib/base.php:3036] require('/home/u991737198/domains/tas2023.online/public_html/tmp/3hn69l4qoa804.3h31n1yj254w8.php')
Sat, 18 Jan 2025 14:01:13 -0500 [2603:9000:f801:55e2:85c3:bde3:fbb3:8854] [lib/base.php:3281] View->sandbox()
Sat, 18 Jan 2025 14:01:13 -0500 [2603:9000:f801:55e2:85c3:bde3:fbb3:8854] [app/controllers/Controller.php:87] Preview->render()
Sat, 18 Jan 2025 14:01:13 -0500 [2603:9000:f801:55e2:85c3:bde3:fbb3:8854] [lib/base.php:2078] Controller->afterroute()
Sat, 18 Jan 2025 14:01:13 -0500 [2603:9000:f801:55e2:85c3:bde3:fbb3:8854] [lib/base.php:1871] Base->call()
Sat, 18 Jan 2025 14:01:13 -0500 [2603:9000:f801:55e2:85c3:bde3:fbb3:8854] [index.php:19] Base->run()
Sat, 18 Jan 2025 14:02:18 -0500 [2603:9000:f801:55e2:85c3:bde3:fbb3:8854] 401: HTTP 401 (GET /task/listtasks) trace: [/home/u991737198/domains/tas2023.online/public_html/lib/access.php:112] Base->error()
Sat, 18 Jan 2025 14:02:18 -0500 [2603:9000:f801:55e2:85c3:bde3:fbb3:8854] [/home/u991737198/domains/tas2023.online/public_html/app/controllers/Controller.php:78] Access->authorize()
Sat, 18 Jan 2025 14:02:18 -0500 [2603:9000:f801:55e2:85c3:bde3:fbb3:8854] [/home/u991737198/domains/tas2023.online/public_html/lib/base.php:2069] Controller->beforeroute()
Sat, 18 Jan 2025 14:02:18 -0500 [2603:9000:f801:55e2:85c3:bde3:fbb3:8854] [/home/u991737198/domains/tas2023.online/public_html/lib/base.php:1871] Base->call()
Sat, 18 Jan 2025 14:02:18 -0500 [2603:9000:f801:55e2:85c3:bde3:fbb3:8854] [/home/u991737198/domains/tas2023.online/public_html/index.php:19] Base->run()
Sat, 18 Jan 2025 14:06:36 -0500 [2603:9000:f801:55e2:85c3:bde3:fbb3:8854] 500: Undefined variable $entity_num trace: [tmp/3hn69l4qoa804.man4oes5p0l2.php:179]
Sat, 18 Jan 2025 14:06:36 -0500 [2603:9000:f801:55e2:85c3:bde3:fbb3:8854] [tmp/3hn69l4qoa804.man4oes5p0l2.php:179] Base->{closure}()
Sat, 18 Jan 2025 14:06:36 -0500 [2603:9000:f801:55e2:85c3:bde3:fbb3:8854] [lib/base.php:3036] require('/home/u991737198/domains/tas2023.online/public_html/tmp/3hn69l4qoa804.man4oes5p0l2.php')
Sat, 18 Jan 2025 14:06:36 -0500 [2603:9000:f801:55e2:85c3:bde3:fbb3:8854] [lib/base.php:3281] View->sandbox()
Sat, 18 Jan 2025 14:06:36 -0500 [2603:9000:f801:55e2:85c3:bde3:fbb3:8854] [tmp/3hn69l4qoa804.3h31n1yj254w8.php:7] Preview->render()
Sat, 18 Jan 2025 14:06:36 -0500 [2603:9000:f801:55e2:85c3:bde3:fbb3:8854] [lib/base.php:3036] require('/home/u991737198/domains/tas2023.online/public_html/tmp/3hn69l4qoa804.3h31n1yj254w8.php')
Sat, 18 Jan 2025 14:06:36 -0500 [2603:9000:f801:55e2:85c3:bde3:fbb3:8854] [lib/base.php:3281] View->sandbox()
Sat, 18 Jan 2025 14:06:36 -0500 [2603:9000:f801:55e2:85c3:bde3:fbb3:8854] [app/controllers/Controller.php:87] Preview->render()
Sat, 18 Jan 2025 14:06:36 -0500 [2603:9000:f801:55e2:85c3:bde3:fbb3:8854] [lib/base.php:2078] Controller->afterroute()
Sat, 18 Jan 2025 14:06:36 -0500 [2603:9000:f801:55e2:85c3:bde3:fbb3:8854] [lib/base.php:1871] Base->call()
Sat, 18 Jan 2025 14:06:36 -0500 [2603:9000:f801:55e2:85c3:bde3:fbb3:8854] [index.php:19] Base->run()
Sat, 18 Jan 2025 14:32:14 -0500 [2603:9000:f801:55e2:85c3:bde3:fbb3:8854] 500: Undefined variable $selected_note trace: [/home/u991737198/domains/tas2023.online/public_html/tmp/3hn69l4qoa804.3g8shy2588w00.php:354]
Sat, 18 Jan 2025 14:32:14 -0500 [2603:9000:f801:55e2:85c3:bde3:fbb3:8854] [/home/u991737198/domains/tas2023.online/public_html/tmp/3hn69l4qoa804.3g8shy2588w00.php:354] Base->{closure}()
Sat, 18 Jan 2025 14:32:14 -0500 [2603:9000:f801:55e2:85c3:bde3:fbb3:8854] [/home/u991737198/domains/tas2023.online/public_html/lib/base.php:3036] require('/home/u991737198/domains/tas2023.online/public_html/tmp/3hn69l4qoa804.3g8shy2588w00.php')
Sat, 18 Jan 2025 14:32:14 -0500 [2603:9000:f801:55e2:85c3:bde3:fbb3:8854] [/home/u991737198/domains/tas2023.online/public_html/lib/base.php:3281] View->sandbox()
Sat, 18 Jan 2025 14:32:14 -0500 [2603:9000:f801:55e2:85c3:bde3:fbb3:8854] [/home/u991737198/domains/tas2023.online/public_html/tmp/3hn69l4qoa804.3h31n1yj254w8.php:7] Preview->render()
Sat, 18 Jan 2025 14:32:14 -0500 [2603:9000:f801:55e2:85c3:bde3:fbb3:8854] [/home/u991737198/domains/tas2023.online/public_html/lib/base.php:3036] require('/home/u991737198/domains/tas2023.online/public_html/tmp/3hn69l4qoa804.3h31n1yj254w8.php')
Sat, 18 Jan 2025 14:32:14 -0500 [2603:9000:f801:55e2:85c3:bde3:fbb3:8854] [/home/u991737198/domains/tas2023.online/public_html/lib/base.php:3281] View->sandbox()
Sat, 18 Jan 2025 14:32:14 -0500 [2603:9000:f801:55e2:85c3:bde3:fbb3:8854] [/home/u991737198/domains/tas2023.online/public_html/app/controllers/Controller.php:87] Preview->render()
Sat, 18 Jan 2025 14:32:14 -0500 [2603:9000:f801:55e2:85c3:bde3:fbb3:8854] [/home/u991737198/domains/tas2023.online/public_html/lib/base.php:2078] Controller->afterroute()
Sat, 18 Jan 2025 14:32:14 -0500 [2603:9000:f801:55e2:85c3:bde3:fbb3:8854] [/home/u991737198/domains/tas2023.online/public_html/lib/base.php:1871] Base->call()
Sat, 18 Jan 2025 14:32:14 -0500 [2603:9000:f801:55e2:85c3:bde3:fbb3:8854] [/home/u991737198/domains/tas2023.online/public_html/index.php:19] Base->run()
Sat, 18 Jan 2025 14:33:08 -0500 [2603:9000:f801:55e2:85c3:bde3:fbb3:8854] 500: Undefined variable $entity_num trace: [tmp/3hn69l4qoa804.1zo7dt0fljr4w.php:196]
Sat, 18 Jan 2025 14:33:08 -0500 [2603:9000:f801:55e2:85c3:bde3:fbb3:8854] [tmp/3hn69l4qoa804.1zo7dt0fljr4w.php:196] Base->{closure}()
Sat, 18 Jan 2025 14:33:08 -0500 [2603:9000:f801:55e2:85c3:bde3:fbb3:8854] [lib/base.php:3036] require('/home/u991737198/domains/tas2023.online/public_html/tmp/3hn69l4qoa804.1zo7dt0fljr4w.php')
Sat, 18 Jan 2025 14:33:08 -0500 [2603:9000:f801:55e2:85c3:bde3:fbb3:8854] [lib/base.php:3281] View->sandbox()
Sat, 18 Jan 2025 14:33:08 -0500 [2603:9000:f801:55e2:85c3:bde3:fbb3:8854] [tmp/3hn69l4qoa804.3h31n1yj254w8.php:7] Preview->render()
Sat, 18 Jan 2025 14:33:08 -0500 [2603:9000:f801:55e2:85c3:bde3:fbb3:8854] [lib/base.php:3036] require('/home/u991737198/domains/tas2023.online/public_html/tmp/3hn69l4qoa804.3h31n1yj254w8.php')
Sat, 18 Jan 2025 14:33:08 -0500 [2603:9000:f801:55e2:85c3:bde3:fbb3:8854] [lib/base.php:3281] View->sandbox()
Sat, 18 Jan 2025 14:33:08 -0500 [2603:9000:f801:55e2:85c3:bde3:fbb3:8854] [app/controllers/Controller.php:87] Preview->render()
Sat, 18 Jan 2025 14:33:08 -0500 [2603:9000:f801:55e2:85c3:bde3:fbb3:8854] [lib/base.php:2078] Controller->afterroute()
Sat, 18 Jan 2025 14:33:08 -0500 [2603:9000:f801:55e2:85c3:bde3:fbb3:8854] [lib/base.php:1871] Base->call()
Sat, 18 Jan 2025 14:33:08 -0500 [2603:9000:f801:55e2:85c3:bde3:fbb3:8854] [index.php:19] Base->run()
Sat, 18 Jan 2025 14:33:14 -0500 [2603:9000:f801:55e2:85c3:bde3:fbb3:8854] 500: Undefined variable $entity_num trace: [tmp/3hn69l4qoa804.man4oes5p0l2.php:179]
Sat, 18 Jan 2025 14:33:14 -0500 [2603:9000:f801:55e2:85c3:bde3:fbb3:8854] [tmp/3hn69l4qoa804.man4oes5p0l2.php:179] Base->{closure}()
Sat, 18 Jan 2025 14:33:14 -0500 [2603:9000:f801:55e2:85c3:bde3:fbb3:8854] [lib/base.php:3036] require('/home/u991737198/domains/tas2023.online/public_html/tmp/3hn69l4qoa804.man4oes5p0l2.php')
Sat, 18 Jan 2025 14:33:14 -0500 [2603:9000:f801:55e2:85c3:bde3:fbb3:8854] [lib/base.php:3281] View->sandbox()
Sat, 18 Jan 2025 14:33:14 -0500 [2603:9000:f801:55e2:85c3:bde3:fbb3:8854] [tmp/3hn69l4qoa804.3h31n1yj254w8.php:7] Preview->render()
Sat, 18 Jan 2025 14:33:14 -0500 [2603:9000:f801:55e2:85c3:bde3:fbb3:8854] [lib/base.php:3036] require('/home/u991737198/domains/tas2023.online/public_html/tmp/3hn69l4qoa804.3h31n1yj254w8.php')
Sat, 18 Jan 2025 14:33:14 -0500 [2603:9000:f801:55e2:85c3:bde3:fbb3:8854] [lib/base.php:3281] View->sandbox()
Sat, 18 Jan 2025 14:33:14 -0500 [2603:9000:f801:55e2:85c3:bde3:fbb3:8854] [app/controllers/Controller.php:87] Preview->render()
Sat, 18 Jan 2025 14:33:14 -0500 [2603:9000:f801:55e2:85c3:bde3:fbb3:8854] [lib/base.php:2078] Controller->afterroute()
Sat, 18 Jan 2025 14:33:14 -0500 [2603:9000:f801:55e2:85c3:bde3:fbb3:8854] [lib/base.php:1871] Base->call()
Sat, 18 Jan 2025 14:33:14 -0500 [2603:9000:f801:55e2:85c3:bde3:fbb3:8854] [index.php:19] Base->run()
Sat, 18 Jan 2025 17:59:14 -0500 [47.206.231.19] 401: HTTP 401 (GET /task/taskData) trace: [/home/u991737198/domains/tas2023.online/public_html/lib/access.php:112] Base->error()
Sat, 18 Jan 2025 17:59:14 -0500 [47.206.231.19] [/home/u991737198/domains/tas2023.online/public_html/app/controllers/Controller.php:78] Access->authorize()
Sat, 18 Jan 2025 17:59:14 -0500 [47.206.231.19] [/home/u991737198/domains/tas2023.online/public_html/lib/base.php:2069] Controller->beforeroute()
Sat, 18 Jan 2025 17:59:14 -0500 [47.206.231.19] [/home/u991737198/domains/tas2023.online/public_html/lib/base.php:1871] Base->call()
Sat, 18 Jan 2025 17:59:14 -0500 [47.206.231.19] [/home/u991737198/domains/tas2023.online/public_html/index.php:19] Base->run()
Sat, 18 Jan 2025 18:09:47 -0500 [47.206.231.19] 500: Undefined variable $fechapicker trace: [/home/u991737198/domains/tas2023.online/public_html/tmp/3hn69l4qoa804.22phmm30e0u84.php:333]
Sat, 18 Jan 2025 18:09:47 -0500 [47.206.231.19] [/home/u991737198/domains/tas2023.online/public_html/tmp/3hn69l4qoa804.22phmm30e0u84.php:333] Base->{closure}()
Sat, 18 Jan 2025 18:09:47 -0500 [47.206.231.19] [/home/u991737198/domains/tas2023.online/public_html/lib/base.php:3036] require('/home/u991737198/domains/tas2023.online/public_html/tmp/3hn69l4qoa804.22phmm30e0u84.php')
Sat, 18 Jan 2025 18:09:47 -0500 [47.206.231.19] [/home/u991737198/domains/tas2023.online/public_html/lib/base.php:3281] View->sandbox()
Sat, 18 Jan 2025 18:09:47 -0500 [47.206.231.19] [/home/u991737198/domains/tas2023.online/public_html/tmp/3hn69l4qoa804.3h31n1yj254w8.php:7] Preview->render()
Sat, 18 Jan 2025 18:09:47 -0500 [47.206.231.19] [/home/u991737198/domains/tas2023.online/public_html/lib/base.php:3036] require('/home/u991737198/domains/tas2023.online/public_html/tmp/3hn69l4qoa804.3h31n1yj254w8.php')
Sat, 18 Jan 2025 18:09:47 -0500 [47.206.231.19] [/home/u991737198/domains/tas2023.online/public_html/lib/base.php:3281] View->sandbox()
Sat, 18 Jan 2025 18:09:47 -0500 [47.206.231.19] [/home/u991737198/domains/tas2023.online/public_html/app/controllers/Controller.php:87] Preview->render()
Sat, 18 Jan 2025 18:09:47 -0500 [47.206.231.19] [/home/u991737198/domains/tas2023.online/public_html/lib/base.php:2078] Controller->afterroute()
Sat, 18 Jan 2025 18:09:47 -0500 [47.206.231.19] [/home/u991737198/domains/tas2023.online/public_html/lib/base.php:1871] Base->call()
Sat, 18 Jan 2025 18:09:47 -0500 [47.206.231.19] [/home/u991737198/domains/tas2023.online/public_html/index.php:19] Base->run()
Sat, 18 Jan 2025 18:10:03 -0500 [47.206.231.19] 500: Undefined variable $fechapicker trace: [/home/u991737198/domains/tas2023.online/public_html/tmp/3hn69l4qoa804.22phmm30e0u84.php:333]
Sat, 18 Jan 2025 18:10:03 -0500 [47.206.231.19] [/home/u991737198/domains/tas2023.online/public_html/tmp/3hn69l4qoa804.22phmm30e0u84.php:333] Base->{closure}()
Sat, 18 Jan 2025 18:10:03 -0500 [47.206.231.19] [/home/u991737198/domains/tas2023.online/public_html/lib/base.php:3036] require('/home/u991737198/domains/tas2023.online/public_html/tmp/3hn69l4qoa804.22phmm30e0u84.php')
Sat, 18 Jan 2025 18:10:03 -0500 [47.206.231.19] [/home/u991737198/domains/tas2023.online/public_html/lib/base.php:3281] View->sandbox()
Sat, 18 Jan 2025 18:10:03 -0500 [47.206.231.19] [/home/u991737198/domains/tas2023.online/public_html/tmp/3hn69l4qoa804.3h31n1yj254w8.php:7] Preview->render()
Sat, 18 Jan 2025 18:10:03 -0500 [47.206.231.19] [/home/u991737198/domains/tas2023.online/public_html/lib/base.php:3036] require('/home/u991737198/domains/tas2023.online/public_html/tmp/3hn69l4qoa804.3h31n1yj254w8.php')
Sat, 18 Jan 2025 18:10:03 -0500 [47.206.231.19] [/home/u991737198/domains/tas2023.online/public_html/lib/base.php:3281] View->sandbox()
Sat, 18 Jan 2025 18:10:03 -0500 [47.206.231.19] [/home/u991737198/domains/tas2023.online/public_html/app/controllers/Controller.php:87] Preview->render()
Sat, 18 Jan 2025 18:10:03 -0500 [47.206.231.19] [/home/u991737198/domains/tas2023.online/public_html/lib/base.php:2078] Controller->afterroute()
Sat, 18 Jan 2025 18:10:03 -0500 [47.206.231.19] [/home/u991737198/domains/tas2023.online/public_html/lib/base.php:1871] Base->call()
Sat, 18 Jan 2025 18:10:03 -0500 [47.206.231.19] [/home/u991737198/domains/tas2023.online/public_html/index.php:19] Base->run()
Sat, 18 Jan 2025 18:10:06 -0500 [47.206.231.19] 500: Undefined variable $fechapicker trace: [/home/u991737198/domains/tas2023.online/public_html/tmp/3hn69l4qoa804.22phmm30e0u84.php:333]
Sat, 18 Jan 2025 18:10:06 -0500 [47.206.231.19] [/home/u991737198/domains/tas2023.online/public_html/tmp/3hn69l4qoa804.22phmm30e0u84.php:333] Base->{closure}()
Sat, 18 Jan 2025 18:10:06 -0500 [47.206.231.19] [/home/u991737198/domains/tas2023.online/public_html/lib/base.php:3036] require('/home/u991737198/domains/tas2023.online/public_html/tmp/3hn69l4qoa804.22phmm30e0u84.php')
Sat, 18 Jan 2025 18:10:06 -0500 [47.206.231.19] [/home/u991737198/domains/tas2023.online/public_html/lib/base.php:3281] View->sandbox()
Sat, 18 Jan 2025 18:10:06 -0500 [47.206.231.19] [/home/u991737198/domains/tas2023.online/public_html/tmp/3hn69l4qoa804.3h31n1yj254w8.php:7] Preview->render()
Sat, 18 Jan 2025 18:10:06 -0500 [47.206.231.19] [/home/u991737198/domains/tas2023.online/public_html/lib/base.php:3036] require('/home/u991737198/domains/tas2023.online/public_html/tmp/3hn69l4qoa804.3h31n1yj254w8.php')
Sat, 18 Jan 2025 18:10:06 -0500 [47.206.231.19] [/home/u991737198/domains/tas2023.online/public_html/lib/base.php:3281] View->sandbox()
Sat, 18 Jan 2025 18:10:06 -0500 [47.206.231.19] [/home/u991737198/domains/tas2023.online/public_html/app/controllers/Controller.php:87] Preview->render()
Sat, 18 Jan 2025 18:10:06 -0500 [47.206.231.19] [/home/u991737198/domains/tas2023.online/public_html/lib/base.php:2078] Controller->afterroute()
Sat, 18 Jan 2025 18:10:06 -0500 [47.206.231.19] [/home/u991737198/domains/tas2023.online/public_html/lib/base.php:1871] Base->call()
Sat, 18 Jan 2025 18:10:06 -0500 [47.206.231.19] [/home/u991737198/domains/tas2023.online/public_html/index.php:19] Base->run()
Sat, 18 Jan 2025 18:14:19 -0500 [47.206.231.19] 500: Undefined variable $entity_num trace: [tmp/3hn69l4qoa804.1zo7dt0fljr4w.php:196]
Sat, 18 Jan 2025 18:14:19 -0500 [47.206.231.19] [tmp/3hn69l4qoa804.1zo7dt0fljr4w.php:196] Base->{closure}()
Sat, 18 Jan 2025 18:14:19 -0500 [47.206.231.19] [lib/base.php:3036] require('/home/u991737198/domains/tas2023.online/public_html/tmp/3hn69l4qoa804.1zo7dt0fljr4w.php')
Sat, 18 Jan 2025 18:14:19 -0500 [47.206.231.19] [lib/base.php:3281] View->sandbox()
Sat, 18 Jan 2025 18:14:19 -0500 [47.206.231.19] [tmp/3hn69l4qoa804.3h31n1yj254w8.php:7] Preview->render()
Sat, 18 Jan 2025 18:14:19 -0500 [47.206.231.19] [lib/base.php:3036] require('/home/u991737198/domains/tas2023.online/public_html/tmp/3hn69l4qoa804.3h31n1yj254w8.php')
Sat, 18 Jan 2025 18:14:19 -0500 [47.206.231.19] [lib/base.php:3281] View->sandbox()
Sat, 18 Jan 2025 18:14:19 -0500 [47.206.231.19] [app/controllers/Controller.php:87] Preview->render()
Sat, 18 Jan 2025 18:14:19 -0500 [47.206.231.19] [lib/base.php:2078] Controller->afterroute()
Sat, 18 Jan 2025 18:14:19 -0500 [47.206.231.19] [lib/base.php:1871] Base->call()
Sat, 18 Jan 2025 18:14:19 -0500 [47.206.231.19] [index.php:19] Base->run()
Sat, 18 Jan 2025 18:14:42 -0500 [47.206.231.19] 500: Undefined variable $entity_num trace: [tmp/3hn69l4qoa804.man4oes5p0l2.php:179]
Sat, 18 Jan 2025 18:14:42 -0500 [47.206.231.19] [tmp/3hn69l4qoa804.man4oes5p0l2.php:179] Base->{closure}()
Sat, 18 Jan 2025 18:14:42 -0500 [47.206.231.19] [lib/base.php:3036] require('/home/u991737198/domains/tas2023.online/public_html/tmp/3hn69l4qoa804.man4oes5p0l2.php')
Sat, 18 Jan 2025 18:14:42 -0500 [47.206.231.19] [lib/base.php:3281] View->sandbox()
Sat, 18 Jan 2025 18:14:42 -0500 [47.206.231.19] [tmp/3hn69l4qoa804.3h31n1yj254w8.php:7] Preview->render()
Sat, 18 Jan 2025 18:14:42 -0500 [47.206.231.19] [lib/base.php:3036] require('/home/u991737198/domains/tas2023.online/public_html/tmp/3hn69l4qoa804.3h31n1yj254w8.php')
Sat, 18 Jan 2025 18:14:42 -0500 [47.206.231.19] [lib/base.php:3281] View->sandbox()
Sat, 18 Jan 2025 18:14:42 -0500 [47.206.231.19] [app/controllers/Controller.php:87] Preview->render()
Sat, 18 Jan 2025 18:14:42 -0500 [47.206.231.19] [lib/base.php:2078] Controller->afterroute()
Sat, 18 Jan 2025 18:14:42 -0500 [47.206.231.19] [lib/base.php:1871] Base->call()
Sat, 18 Jan 2025 18:14:42 -0500 [47.206.231.19] [index.php:19] Base->run()
Sat, 18 Jan 2025 18:15:05 -0500 [47.206.231.19] 500: Undefined variable $entity_num trace: [tmp/3hn69l4qoa804.man4oes5p0l2.php:179]
Sat, 18 Jan 2025 18:15:05 -0500 [47.206.231.19] [tmp/3hn69l4qoa804.man4oes5p0l2.php:179] Base->{closure}()
Sat, 18 Jan 2025 18:15:05 -0500 [47.206.231.19] [lib/base.php:3036] require('/home/u991737198/domains/tas2023.online/public_html/tmp/3hn69l4qoa804.man4oes5p0l2.php')
Sat, 18 Jan 2025 18:15:05 -0500 [47.206.231.19] [lib/base.php:3281] View->sandbox()
Sat, 18 Jan 2025 18:15:05 -0500 [47.206.231.19] [tmp/3hn69l4qoa804.3h31n1yj254w8.php:7] Preview->render()
Sat, 18 Jan 2025 18:15:05 -0500 [47.206.231.19] [lib/base.php:3036] require('/home/u991737198/domains/tas2023.online/public_html/tmp/3hn69l4qoa804.3h31n1yj254w8.php')
Sat, 18 Jan 2025 18:15:05 -0500 [47.206.231.19] [lib/base.php:3281] View->sandbox()
Sat, 18 Jan 2025 18:15:05 -0500 [47.206.231.19] [app/controllers/Controller.php:87] Preview->render()
Sat, 18 Jan 2025 18:15:05 -0500 [47.206.231.19] [lib/base.php:2078] Controller->afterroute()
Sat, 18 Jan 2025 18:15:05 -0500 [47.206.231.19] [lib/base.php:1871] Base->call()
Sat, 18 Jan 2025 18:15:05 -0500 [47.206.231.19] [index.php:19] Base->run()
Sat, 18 Jan 2025 18:15:44 -0500 [47.206.231.19] 500: Undefined variable $entity_num trace: [tmp/3hn69l4qoa804.1zo7dt0fljr4w.php:196]
Sat, 18 Jan 2025 18:15:44 -0500 [47.206.231.19] [tmp/3hn69l4qoa804.1zo7dt0fljr4w.php:196] Base->{closure}()
Sat, 18 Jan 2025 18:15:44 -0500 [47.206.231.19] [lib/base.php:3036] require('/home/u991737198/domains/tas2023.online/public_html/tmp/3hn69l4qoa804.1zo7dt0fljr4w.php')
Sat, 18 Jan 2025 18:15:44 -0500 [47.206.231.19] [lib/base.php:3281] View->sandbox()
Sat, 18 Jan 2025 18:15:44 -0500 [47.206.231.19] [tmp/3hn69l4qoa804.3h31n1yj254w8.php:7] Preview->render()
Sat, 18 Jan 2025 18:15:44 -0500 [47.206.231.19] [lib/base.php:3036] require('/home/u991737198/domains/tas2023.online/public_html/tmp/3hn69l4qoa804.3h31n1yj254w8.php')
Sat, 18 Jan 2025 18:15:44 -0500 [47.206.231.19] [lib/base.php:3281] View->sandbox()
Sat, 18 Jan 2025 18:15:44 -0500 [47.206.231.19] [app/controllers/Controller.php:87] Preview->render()
Sat, 18 Jan 2025 18:15:44 -0500 [47.206.231.19] [lib/base.php:2078] Controller->afterroute()
Sat, 18 Jan 2025 18:15:44 -0500 [47.206.231.19] [lib/base.php:1871] Base->call()
Sat, 18 Jan 2025 18:15:44 -0500 [47.206.231.19] [index.php:19] Base->run()
Sat, 18 Jan 2025 18:15:47 -0500 [47.206.231.19] 500: Undefined variable $entity_num trace: [tmp/3hn69l4qoa804.man4oes5p0l2.php:179]
Sat, 18 Jan 2025 18:15:47 -0500 [47.206.231.19] [tmp/3hn69l4qoa804.man4oes5p0l2.php:179] Base->{closure}()
Sat, 18 Jan 2025 18:15:47 -0500 [47.206.231.19] [lib/base.php:3036] require('/home/u991737198/domains/tas2023.online/public_html/tmp/3hn69l4qoa804.man4oes5p0l2.php')
Sat, 18 Jan 2025 18:15:47 -0500 [47.206.231.19] [lib/base.php:3281] View->sandbox()
Sat, 18 Jan 2025 18:15:47 -0500 [47.206.231.19] [tmp/3hn69l4qoa804.3h31n1yj254w8.php:7] Preview->render()
Sat, 18 Jan 2025 18:15:47 -0500 [47.206.231.19] [lib/base.php:3036] require('/home/u991737198/domains/tas2023.online/public_html/tmp/3hn69l4qoa804.3h31n1yj254w8.php')
Sat, 18 Jan 2025 18:15:47 -0500 [47.206.231.19] [lib/base.php:3281] View->sandbox()
Sat, 18 Jan 2025 18:15:47 -0500 [47.206.231.19] [app/controllers/Controller.php:87] Preview->render()
Sat, 18 Jan 2025 18:15:47 -0500 [47.206.231.19] [lib/base.php:2078] Controller->afterroute()
Sat, 18 Jan 2025 18:15:47 -0500 [47.206.231.19] [lib/base.php:1871] Base->call()
Sat, 18 Jan 2025 18:15:47 -0500 [47.206.231.19] [index.php:19] Base->run()
Sat, 18 Jan 2025 18:16:09 -0500 [47.206.231.19] 500: Undefined variable $entity_num trace: [tmp/3hn69l4qoa804.man4oes5p0l2.php:179]
Sat, 18 Jan 2025 18:16:09 -0500 [47.206.231.19] [tmp/3hn69l4qoa804.man4oes5p0l2.php:179] Base->{closure}()
Sat, 18 Jan 2025 18:16:09 -0500 [47.206.231.19] [lib/base.php:3036] require('/home/u991737198/domains/tas2023.online/public_html/tmp/3hn69l4qoa804.man4oes5p0l2.php')
Sat, 18 Jan 2025 18:16:09 -0500 [47.206.231.19] [lib/base.php:3281] View->sandbox()
Sat, 18 Jan 2025 18:16:09 -0500 [47.206.231.19] [tmp/3hn69l4qoa804.3h31n1yj254w8.php:7] Preview->render()
Sat, 18 Jan 2025 18:16:09 -0500 [47.206.231.19] [lib/base.php:3036] require('/home/u991737198/domains/tas2023.online/public_html/tmp/3hn69l4qoa804.3h31n1yj254w8.php')
Sat, 18 Jan 2025 18:16:09 -0500 [47.206.231.19] [lib/base.php:3281] View->sandbox()
Sat, 18 Jan 2025 18:16:09 -0500 [47.206.231.19] [app/controllers/Controller.php:87] Preview->render()
Sat, 18 Jan 2025 18:16:09 -0500 [47.206.231.19] [lib/base.php:2078] Controller->afterroute()
Sat, 18 Jan 2025 18:16:09 -0500 [47.206.231.19] [lib/base.php:1871] Base->call()
Sat, 18 Jan 2025 18:16:09 -0500 [47.206.231.19] [index.php:19] Base->run()
Sat, 18 Jan 2025 18:17:57 -0500 [47.206.231.19] 500: Undefined variable $entity_num trace: [tmp/3hn69l4qoa804.man4oes5p0l2.php:179]
Sat, 18 Jan 2025 18:17:57 -0500 [47.206.231.19] [tmp/3hn69l4qoa804.man4oes5p0l2.php:179] Base->{closure}()
Sat, 18 Jan 2025 18:17:57 -0500 [47.206.231.19] [lib/base.php:3036] require('/home/u991737198/domains/tas2023.online/public_html/tmp/3hn69l4qoa804.man4oes5p0l2.php')
Sat, 18 Jan 2025 18:17:57 -0500 [47.206.231.19] [lib/base.php:3281] View->sandbox()
Sat, 18 Jan 2025 18:17:57 -0500 [47.206.231.19] [tmp/3hn69l4qoa804.3h31n1yj254w8.php:7] Preview->render()
Sat, 18 Jan 2025 18:17:57 -0500 [47.206.231.19] [lib/base.php:3036] require('/home/u991737198/domains/tas2023.online/public_html/tmp/3hn69l4qoa804.3h31n1yj254w8.php')
Sat, 18 Jan 2025 18:17:57 -0500 [47.206.231.19] [lib/base.php:3281] View->sandbox()
Sat, 18 Jan 2025 18:17:57 -0500 [47.206.231.19] [app/controllers/Controller.php:87] Preview->render()
Sat, 18 Jan 2025 18:17:57 -0500 [47.206.231.19] [lib/base.php:2078] Controller->afterroute()
Sat, 18 Jan 2025 18:17:57 -0500 [47.206.231.19] [lib/base.php:1871] Base->call()
Sat, 18 Jan 2025 18:17:57 -0500 [47.206.231.19] [index.php:19] Base->run()
Sat, 18 Jan 2025 18:18:08 -0500 [47.206.231.19] 500: Undefined variable $entity_num trace: [tmp/3hn69l4qoa804.man4oes5p0l2.php:179]
Sat, 18 Jan 2025 18:18:08 -0500 [47.206.231.19] [tmp/3hn69l4qoa804.man4oes5p0l2.php:179] Base->{closure}()
Sat, 18 Jan 2025 18:18:08 -0500 [47.206.231.19] [lib/base.php:3036] require('/home/u991737198/domains/tas2023.online/public_html/tmp/3hn69l4qoa804.man4oes5p0l2.php')
Sat, 18 Jan 2025 18:18:08 -0500 [47.206.231.19] [lib/base.php:3281] View->sandbox()
Sat, 18 Jan 2025 18:18:08 -0500 [47.206.231.19] [tmp/3hn69l4qoa804.3h31n1yj254w8.php:7] Preview->render()
Sat, 18 Jan 2025 18:18:08 -0500 [47.206.231.19] [lib/base.php:3036] require('/home/u991737198/domains/tas2023.online/public_html/tmp/3hn69l4qoa804.3h31n1yj254w8.php')
Sat, 18 Jan 2025 18:18:08 -0500 [47.206.231.19] [lib/base.php:3281] View->sandbox()
Sat, 18 Jan 2025 18:18:08 -0500 [47.206.231.19] [app/controllers/Controller.php:87] Preview->render()
Sat, 18 Jan 2025 18:18:08 -0500 [47.206.231.19] [lib/base.php:2078] Controller->afterroute()
Sat, 18 Jan 2025 18:18:08 -0500 [47.206.231.19] [lib/base.php:1871] Base->call()
Sat, 18 Jan 2025 18:18:08 -0500 [47.206.231.19] [index.php:19] Base->run()
Sat, 18 Jan 2025 18:22:35 -0500 [47.206.231.19] 500: Undefined variable $entity_num trace: [tmp/3hn69l4qoa804.man4oes5p0l2.php:176]
Sat, 18 Jan 2025 18:22:35 -0500 [47.206.231.19] [tmp/3hn69l4qoa804.man4oes5p0l2.php:176] Base->{closure}()
Sat, 18 Jan 2025 18:22:35 -0500 [47.206.231.19] [lib/base.php:3036] require('/home/u991737198/domains/tas2023.online/public_html/tmp/3hn69l4qoa804.man4oes5p0l2.php')
Sat, 18 Jan 2025 18:22:35 -0500 [47.206.231.19] [lib/base.php:3281] View->sandbox()
Sat, 18 Jan 2025 18:22:35 -0500 [47.206.231.19] [tmp/3hn69l4qoa804.3h31n1yj254w8.php:7] Preview->render()
Sat, 18 Jan 2025 18:22:35 -0500 [47.206.231.19] [lib/base.php:3036] require('/home/u991737198/domains/tas2023.online/public_html/tmp/3hn69l4qoa804.3h31n1yj254w8.php')
Sat, 18 Jan 2025 18:22:35 -0500 [47.206.231.19] [lib/base.php:3281] View->sandbox()
Sat, 18 Jan 2025 18:22:35 -0500 [47.206.231.19] [app/controllers/Controller.php:87] Preview->render()
Sat, 18 Jan 2025 18:22:35 -0500 [47.206.231.19] [lib/base.php:2078] Controller->afterroute()
Sat, 18 Jan 2025 18:22:35 -0500 [47.206.231.19] [lib/base.php:1871] Base->call()
Sat, 18 Jan 2025 18:22:35 -0500 [47.206.231.19] [index.php:19] Base->run()
Sat, 18 Jan 2025 18:22:43 -0500 [47.206.231.19] 500: Undefined variable $entity_num trace: [tmp/3hn69l4qoa804.1zo7dt0fljr4w.php:196]
Sat, 18 Jan 2025 18:22:43 -0500 [47.206.231.19] [tmp/3hn69l4qoa804.1zo7dt0fljr4w.php:196] Base->{closure}()
Sat, 18 Jan 2025 18:22:43 -0500 [47.206.231.19] [lib/base.php:3036] require('/home/u991737198/domains/tas2023.online/public_html/tmp/3hn69l4qoa804.1zo7dt0fljr4w.php')
Sat, 18 Jan 2025 18:22:43 -0500 [47.206.231.19] [lib/base.php:3281] View->sandbox()
Sat, 18 Jan 2025 18:22:43 -0500 [47.206.231.19] [tmp/3hn69l4qoa804.3h31n1yj254w8.php:7] Preview->render()
Sat, 18 Jan 2025 18:22:43 -0500 [47.206.231.19] [lib/base.php:3036] require('/home/u991737198/domains/tas2023.online/public_html/tmp/3hn69l4qoa804.3h31n1yj254w8.php')
Sat, 18 Jan 2025 18:22:43 -0500 [47.206.231.19] [lib/base.php:3281] View->sandbox()
Sat, 18 Jan 2025 18:22:43 -0500 [47.206.231.19] [app/controllers/Controller.php:87] Preview->render()
Sat, 18 Jan 2025 18:22:43 -0500 [47.206.231.19] [lib/base.php:2078] Controller->afterroute()
Sat, 18 Jan 2025 18:22:43 -0500 [47.206.231.19] [lib/base.php:1871] Base->call()
Sat, 18 Jan 2025 18:22:43 -0500 [47.206.231.19] [index.php:19] Base->run()
Sat, 18 Jan 2025 18:22:47 -0500 [47.206.231.19] 500: Undefined variable $entity_num trace: [tmp/3hn69l4qoa804.man4oes5p0l2.php:176]
Sat, 18 Jan 2025 18:22:47 -0500 [47.206.231.19] [tmp/3hn69l4qoa804.man4oes5p0l2.php:176] Base->{closure}()
Sat, 18 Jan 2025 18:22:47 -0500 [47.206.231.19] [lib/base.php:3036] require('/home/u991737198/domains/tas2023.online/public_html/tmp/3hn69l4qoa804.man4oes5p0l2.php')
Sat, 18 Jan 2025 18:22:47 -0500 [47.206.231.19] [lib/base.php:3281] View->sandbox()
Sat, 18 Jan 2025 18:22:47 -0500 [47.206.231.19] [tmp/3hn69l4qoa804.3h31n1yj254w8.php:7] Preview->render()
Sat, 18 Jan 2025 18:22:47 -0500 [47.206.231.19] [lib/base.php:3036] require('/home/u991737198/domains/tas2023.online/public_html/tmp/3hn69l4qoa804.3h31n1yj254w8.php')
Sat, 18 Jan 2025 18:22:47 -0500 [47.206.231.19] [lib/base.php:3281] View->sandbox()
Sat, 18 Jan 2025 18:22:47 -0500 [47.206.231.19] [app/controllers/Controller.php:87] Preview->render()
Sat, 18 Jan 2025 18:22:47 -0500 [47.206.231.19] [lib/base.php:2078] Controller->afterroute()
Sat, 18 Jan 2025 18:22:47 -0500 [47.206.231.19] [lib/base.php:1871] Base->call()
Sat, 18 Jan 2025 18:22:47 -0500 [47.206.231.19] [index.php:19] Base->run()
Sat, 18 Jan 2025 18:26:22 -0500 [47.206.231.19] 500: Undefined variable $entity_num trace: [tmp/3hn69l4qoa804.1zo7dt0fljr4w.php:196]
Sat, 18 Jan 2025 18:26:22 -0500 [47.206.231.19] [tmp/3hn69l4qoa804.1zo7dt0fljr4w.php:196] Base->{closure}()
Sat, 18 Jan 2025 18:26:22 -0500 [47.206.231.19] [lib/base.php:3036] require('/home/u991737198/domains/tas2023.online/public_html/tmp/3hn69l4qoa804.1zo7dt0fljr4w.php')
Sat, 18 Jan 2025 18:26:22 -0500 [47.206.231.19] [lib/base.php:3281] View->sandbox()
Sat, 18 Jan 2025 18:26:22 -0500 [47.206.231.19] [tmp/3hn69l4qoa804.3h31n1yj254w8.php:7] Preview->render()
Sat, 18 Jan 2025 18:26:22 -0500 [47.206.231.19] [lib/base.php:3036] require('/home/u991737198/domains/tas2023.online/public_html/tmp/3hn69l4qoa804.3h31n1yj254w8.php')
Sat, 18 Jan 2025 18:26:22 -0500 [47.206.231.19] [lib/base.php:3281] View->sandbox()
Sat, 18 Jan 2025 18:26:22 -0500 [47.206.231.19] [app/controllers/Controller.php:87] Preview->render()
Sat, 18 Jan 2025 18:26:22 -0500 [47.206.231.19] [lib/base.php:2078] Controller->afterroute()
Sat, 18 Jan 2025 18:26:22 -0500 [47.206.231.19] [lib/base.php:1871] Base->call()
Sat, 18 Jan 2025 18:26:22 -0500 [47.206.231.19] [index.php:19] Base->run()
Sat, 18 Jan 2025 18:36:36 -0500 [47.206.231.19] 500: Undefined variable $entity_num trace: [tmp/3hn69l4qoa804.1zo7dt0fljr4w.php:196]
Sat, 18 Jan 2025 18:36:36 -0500 [47.206.231.19] [tmp/3hn69l4qoa804.1zo7dt0fljr4w.php:196] Base->{closure}()
Sat, 18 Jan 2025 18:36:36 -0500 [47.206.231.19] [lib/base.php:3036] require('/home/u991737198/domains/tas2023.online/public_html/tmp/3hn69l4qoa804.1zo7dt0fljr4w.php')
Sat, 18 Jan 2025 18:36:36 -0500 [47.206.231.19] [lib/base.php:3281] View->sandbox()
Sat, 18 Jan 2025 18:36:36 -0500 [47.206.231.19] [tmp/3hn69l4qoa804.3h31n1yj254w8.php:7] Preview->render()
Sat, 18 Jan 2025 18:36:36 -0500 [47.206.231.19] [lib/base.php:3036] require('/home/u991737198/domains/tas2023.online/public_html/tmp/3hn69l4qoa804.3h31n1yj254w8.php')
Sat, 18 Jan 2025 18:36:36 -0500 [47.206.231.19] [lib/base.php:3281] View->sandbox()
Sat, 18 Jan 2025 18:36:36 -0500 [47.206.231.19] [app/controllers/Controller.php:87] Preview->render()
Sat, 18 Jan 2025 18:36:36 -0500 [47.206.231.19] [lib/base.php:2078] Controller->afterroute()
Sat, 18 Jan 2025 18:36:36 -0500 [47.206.231.19] [lib/base.php:1871] Base->call()
Sat, 18 Jan 2025 18:36:36 -0500 [47.206.231.19] [index.php:19] Base->run()
Sat, 18 Jan 2025 19:30:07 -0500 [47.206.231.19] 500: Undefined variable $entity_num trace: [tmp/3hn69l4qoa804.man4oes5p0l2.php:176]
Sat, 18 Jan 2025 19:30:07 -0500 [47.206.231.19] [tmp/3hn69l4qoa804.man4oes5p0l2.php:176] Base->{closure}()
Sat, 18 Jan 2025 19:30:07 -0500 [47.206.231.19] [lib/base.php:3036] require('/home/u991737198/domains/tas2023.online/public_html/tmp/3hn69l4qoa804.man4oes5p0l2.php')
Sat, 18 Jan 2025 19:30:07 -0500 [47.206.231.19] [lib/base.php:3281] View->sandbox()
Sat, 18 Jan 2025 19:30:07 -0500 [47.206.231.19] [tmp/3hn69l4qoa804.3h31n1yj254w8.php:7] Preview->render()
Sat, 18 Jan 2025 19:30:07 -0500 [47.206.231.19] [lib/base.php:3036] require('/home/u991737198/domains/tas2023.online/public_html/tmp/3hn69l4qoa804.3h31n1yj254w8.php')
Sat, 18 Jan 2025 19:30:07 -0500 [47.206.231.19] [lib/base.php:3281] View->sandbox()
Sat, 18 Jan 2025 19:30:07 -0500 [47.206.231.19] [app/controllers/Controller.php:87] Preview->render()
Sat, 18 Jan 2025 19:30:07 -0500 [47.206.231.19] [lib/base.php:2078] Controller->afterroute()
Sat, 18 Jan 2025 19:30:07 -0500 [47.206.231.19] [lib/base.php:1871] Base->call()
Sat, 18 Jan 2025 19:30:07 -0500 [47.206.231.19] [index.php:19] Base->run()
