Mon, 10 Mar 2025 01:18:33 +0000 [2603:9000:f801:55e2:f965:650f:6612:7f09] 500: Undefined variable $entity_num trace: [tmp/3hn69l4qoa804.1zo7dt0fljr4w.php:200]
Mon, 10 Mar 2025 01:18:33 +0000 [2603:9000:f801:55e2:f965:650f:6612:7f09] [tmp/3hn69l4qoa804.1zo7dt0fljr4w.php:200] Base->{closure}()
Mon, 10 Mar 2025 01:18:33 +0000 [2603:9000:f801:55e2:f965:650f:6612:7f09] [lib/base.php:3036] require('/home/u991737198/domains/tas2023.online/public_html/tmp/3hn69l4qoa804.1zo7dt0fljr4w.php')
Mon, 10 Mar 2025 01:18:33 +0000 [2603:9000:f801:55e2:f965:650f:6612:7f09] [lib/base.php:3281] View->sandbox()
Mon, 10 Mar 2025 01:18:33 +0000 [2603:9000:f801:55e2:f965:650f:6612:7f09] [tmp/3hn69l4qoa804.3h31n1yj254w8.php:7] Preview->render()
Mon, 10 Mar 2025 01:18:33 +0000 [2603:9000:f801:55e2:f965:650f:6612:7f09] [lib/base.php:3036] require('/home/u991737198/domains/tas2023.online/public_html/tmp/3hn69l4qoa804.3h31n1yj254w8.php')
Mon, 10 Mar 2025 01:18:33 +0000 [2603:9000:f801:55e2:f965:650f:6612:7f09] [lib/base.php:3281] View->sandbox()
Mon, 10 Mar 2025 01:18:33 +0000 [2603:9000:f801:55e2:f965:650f:6612:7f09] [app/controllers/Controller.php:87] Preview->render()
Mon, 10 Mar 2025 01:18:33 +0000 [2603:9000:f801:55e2:f965:650f:6612:7f09] [lib/base.php:2078] Controller->afterroute()
Mon, 10 Mar 2025 01:18:33 +0000 [2603:9000:f801:55e2:f965:650f:6612:7f09] [lib/base.php:1871] Base->call()
Mon, 10 Mar 2025 01:18:33 +0000 [2603:9000:f801:55e2:f965:650f:6612:7f09] [index.php:19] Base->run()
Mon, 10 Mar 2025 01:18:45 +0000 [2603:9000:f801:55e2:f965:650f:6612:7f09] 500: Undefined variable $entity_num trace: [tmp/3hn69l4qoa804.1zo7dt0fljr4w.php:200]
Mon, 10 Mar 2025 01:18:45 +0000 [2603:9000:f801:55e2:f965:650f:6612:7f09] [tmp/3hn69l4qoa804.1zo7dt0fljr4w.php:200] Base->{closure}()
Mon, 10 Mar 2025 01:18:45 +0000 [2603:9000:f801:55e2:f965:650f:6612:7f09] [lib/base.php:3036] require('/home/u991737198/domains/tas2023.online/public_html/tmp/3hn69l4qoa804.1zo7dt0fljr4w.php')
Mon, 10 Mar 2025 01:18:45 +0000 [2603:9000:f801:55e2:f965:650f:6612:7f09] [lib/base.php:3281] View->sandbox()
Mon, 10 Mar 2025 01:18:45 +0000 [2603:9000:f801:55e2:f965:650f:6612:7f09] [tmp/3hn69l4qoa804.3h31n1yj254w8.php:7] Preview->render()
Mon, 10 Mar 2025 01:18:45 +0000 [2603:9000:f801:55e2:f965:650f:6612:7f09] [lib/base.php:3036] require('/home/u991737198/domains/tas2023.online/public_html/tmp/3hn69l4qoa804.3h31n1yj254w8.php')
Mon, 10 Mar 2025 01:18:45 +0000 [2603:9000:f801:55e2:f965:650f:6612:7f09] [lib/base.php:3281] View->sandbox()
Mon, 10 Mar 2025 01:18:45 +0000 [2603:9000:f801:55e2:f965:650f:6612:7f09] [app/controllers/Controller.php:87] Preview->render()
Mon, 10 Mar 2025 01:18:45 +0000 [2603:9000:f801:55e2:f965:650f:6612:7f09] [lib/base.php:2078] Controller->afterroute()
Mon, 10 Mar 2025 01:18:45 +0000 [2603:9000:f801:55e2:f965:650f:6612:7f09] [lib/base.php:1871] Base->call()
Mon, 10 Mar 2025 01:18:45 +0000 [2603:9000:f801:55e2:f965:650f:6612:7f09] [index.php:19] Base->run()
Mon, 10 Mar 2025 01:18:54 +0000 [2603:9000:f801:55e2:f965:650f:6612:7f09] 500: Undefined variable $selected_note trace: [/home/u991737198/domains/tas2023.online/public_html/tmp/3hn69l4qoa804.3g8shy2588w00.php:385]
Mon, 10 Mar 2025 01:18:54 +0000 [2603:9000:f801:55e2:f965:650f:6612:7f09] [/home/u991737198/domains/tas2023.online/public_html/tmp/3hn69l4qoa804.3g8shy2588w00.php:385] Base->{closure}()
Mon, 10 Mar 2025 01:18:54 +0000 [2603:9000:f801:55e2:f965:650f:6612:7f09] [/home/u991737198/domains/tas2023.online/public_html/lib/base.php:3036] require('/home/u991737198/domains/tas2023.online/public_html/tmp/3hn69l4qoa804.3g8shy2588w00.php')
Mon, 10 Mar 2025 01:18:54 +0000 [2603:9000:f801:55e2:f965:650f:6612:7f09] [/home/u991737198/domains/tas2023.online/public_html/lib/base.php:3281] View->sandbox()
Mon, 10 Mar 2025 01:18:54 +0000 [2603:9000:f801:55e2:f965:650f:6612:7f09] [/home/u991737198/domains/tas2023.online/public_html/tmp/3hn69l4qoa804.3h31n1yj254w8.php:7] Preview->render()
Mon, 10 Mar 2025 01:18:54 +0000 [2603:9000:f801:55e2:f965:650f:6612:7f09] [/home/u991737198/domains/tas2023.online/public_html/lib/base.php:3036] require('/home/u991737198/domains/tas2023.online/public_html/tmp/3hn69l4qoa804.3h31n1yj254w8.php')
Mon, 10 Mar 2025 01:18:54 +0000 [2603:9000:f801:55e2:f965:650f:6612:7f09] [/home/u991737198/domains/tas2023.online/public_html/lib/base.php:3281] View->sandbox()
Mon, 10 Mar 2025 01:18:54 +0000 [2603:9000:f801:55e2:f965:650f:6612:7f09] [/home/u991737198/domains/tas2023.online/public_html/app/controllers/Controller.php:87] Preview->render()
Mon, 10 Mar 2025 01:18:54 +0000 [2603:9000:f801:55e2:f965:650f:6612:7f09] [/home/u991737198/domains/tas2023.online/public_html/lib/base.php:2078] Controller->afterroute()
Mon, 10 Mar 2025 01:18:54 +0000 [2603:9000:f801:55e2:f965:650f:6612:7f09] [/home/u991737198/domains/tas2023.online/public_html/lib/base.php:1871] Base->call()
Mon, 10 Mar 2025 01:18:54 +0000 [2603:9000:f801:55e2:f965:650f:6612:7f09] [/home/u991737198/domains/tas2023.online/public_html/index.php:19] Base->run()
Mon, 10 Mar 2025 01:55:16 +0000 [2603:9000:f801:55e2:f965:650f:6612:7f09] 401: HTTP 401 (GET /task/taskData) trace: [/home/u991737198/domains/tas2023.online/public_html/lib/access.php:112] Base->error()
Mon, 10 Mar 2025 01:55:16 +0000 [2603:9000:f801:55e2:f965:650f:6612:7f09] [/home/u991737198/domains/tas2023.online/public_html/app/controllers/Controller.php:78] Access->authorize()
Mon, 10 Mar 2025 01:55:16 +0000 [2603:9000:f801:55e2:f965:650f:6612:7f09] 401: HTTP 401 (GET /task/taskDistribution) trace: [/home/u991737198/domains/tas2023.online/public_html/lib/access.php:112] Base->error()
Mon, 10 Mar 2025 01:55:16 +0000 [2603:9000:f801:55e2:f965:650f:6612:7f09] [/home/u991737198/domains/tas2023.online/public_html/lib/base.php:2069] Controller->beforeroute()
Mon, 10 Mar 2025 01:55:16 +0000 [2603:9000:f801:55e2:f965:650f:6612:7f09] [/home/u991737198/domains/tas2023.online/public_html/lib/base.php:1871] Base->call()
Mon, 10 Mar 2025 01:55:16 +0000 [2603:9000:f801:55e2:f965:650f:6612:7f09] [/home/u991737198/domains/tas2023.online/public_html/app/controllers/Controller.php:78] Access->authorize()
Mon, 10 Mar 2025 01:55:16 +0000 [2603:9000:f801:55e2:f965:650f:6612:7f09] [/home/u991737198/domains/tas2023.online/public_html/index.php:19] Base->run()
Mon, 10 Mar 2025 01:55:16 +0000 [2603:9000:f801:55e2:f965:650f:6612:7f09] [/home/u991737198/domains/tas2023.online/public_html/lib/base.php:2069] Controller->beforeroute()
Mon, 10 Mar 2025 01:55:16 +0000 [2603:9000:f801:55e2:f965:650f:6612:7f09] [/home/u991737198/domains/tas2023.online/public_html/lib/base.php:1871] Base->call()
Mon, 10 Mar 2025 01:55:16 +0000 [2603:9000:f801:55e2:f965:650f:6612:7f09] [/home/u991737198/domains/tas2023.online/public_html/index.php:19] Base->run()
Mon, 10 Mar 2025 01:55:16 +0000 [2603:9000:f801:55e2:f965:650f:6612:7f09] 401: HTTP 401 (GET /task/userNotesCount) trace: [/home/u991737198/domains/tas2023.online/public_html/lib/access.php:112] Base->error()
Mon, 10 Mar 2025 01:55:16 +0000 [2603:9000:f801:55e2:f965:650f:6612:7f09] [/home/u991737198/domains/tas2023.online/public_html/app/controllers/Controller.php:78] Access->authorize()
Mon, 10 Mar 2025 01:55:16 +0000 [2603:9000:f801:55e2:f965:650f:6612:7f09] [/home/u991737198/domains/tas2023.online/public_html/lib/base.php:2069] Controller->beforeroute()
Mon, 10 Mar 2025 01:55:16 +0000 [2603:9000:f801:55e2:f965:650f:6612:7f09] [/home/u991737198/domains/tas2023.online/public_html/lib/base.php:1871] Base->call()
Mon, 10 Mar 2025 01:55:16 +0000 [2603:9000:f801:55e2:f965:650f:6612:7f09] [/home/u991737198/domains/tas2023.online/public_html/index.php:19] Base->run()
Mon, 10 Mar 2025 01:55:16 +0000 [2603:9000:f801:55e2:f965:650f:6612:7f09] 401: HTTP 401 (GET /task/teamProductivity) trace: [/home/u991737198/domains/tas2023.online/public_html/lib/access.php:112] Base->error()
Mon, 10 Mar 2025 01:55:16 +0000 [2603:9000:f801:55e2:f965:650f:6612:7f09] [/home/u991737198/domains/tas2023.online/public_html/app/controllers/Controller.php:78] Access->authorize()
Mon, 10 Mar 2025 01:55:16 +0000 [2603:9000:f801:55e2:f965:650f:6612:7f09] [/home/u991737198/domains/tas2023.online/public_html/lib/base.php:2069] Controller->beforeroute()
Mon, 10 Mar 2025 01:55:16 +0000 [2603:9000:f801:55e2:f965:650f:6612:7f09] [/home/u991737198/domains/tas2023.online/public_html/lib/base.php:1871] Base->call()
Mon, 10 Mar 2025 01:55:16 +0000 [2603:9000:f801:55e2:f965:650f:6612:7f09] [/home/u991737198/domains/tas2023.online/public_html/index.php:19] Base->run()
Mon, 10 Mar 2025 01:55:19 +0000 [2603:9000:f801:55e2:f965:650f:6612:7f09] 500: Undefined variable $q trace: [tmp/3hn69l4qoa804.1zo7dt0fljr4w.php:148]
Mon, 10 Mar 2025 01:55:19 +0000 [2603:9000:f801:55e2:f965:650f:6612:7f09] [tmp/3hn69l4qoa804.1zo7dt0fljr4w.php:148] Base->{closure}()
Mon, 10 Mar 2025 01:55:19 +0000 [2603:9000:f801:55e2:f965:650f:6612:7f09] [lib/base.php:3036] require('/home/u991737198/domains/tas2023.online/public_html/tmp/3hn69l4qoa804.1zo7dt0fljr4w.php')
Mon, 10 Mar 2025 01:55:19 +0000 [2603:9000:f801:55e2:f965:650f:6612:7f09] [lib/base.php:3281] View->sandbox()
Mon, 10 Mar 2025 01:55:19 +0000 [2603:9000:f801:55e2:f965:650f:6612:7f09] [tmp/3hn69l4qoa804.3cndbbhzhn8ko.php:19] Preview->render()
Mon, 10 Mar 2025 01:55:19 +0000 [2603:9000:f801:55e2:f965:650f:6612:7f09] [lib/base.php:3036] require('/home/u991737198/domains/tas2023.online/public_html/tmp/3hn69l4qoa804.3cndbbhzhn8ko.php')
Mon, 10 Mar 2025 01:55:19 +0000 [2603:9000:f801:55e2:f965:650f:6612:7f09] [lib/base.php:3281] View->sandbox()
Mon, 10 Mar 2025 01:55:19 +0000 [2603:9000:f801:55e2:f965:650f:6612:7f09] [app/controllers/Controller.php:90] Preview->render()
Mon, 10 Mar 2025 01:55:19 +0000 [2603:9000:f801:55e2:f965:650f:6612:7f09] [lib/base.php:2078] Controller->afterroute()
Mon, 10 Mar 2025 01:55:19 +0000 [2603:9000:f801:55e2:f965:650f:6612:7f09] [lib/base.php:1871] Base->call()
Mon, 10 Mar 2025 01:55:19 +0000 [2603:9000:f801:55e2:f965:650f:6612:7f09] [index.php:19] Base->run()
Mon, 10 Mar 2025 01:55:20 +0000 [2603:9000:f801:55e2:f965:650f:6612:7f09] 401: HTTP 401 (GET /task/taskData) trace: [/home/u991737198/domains/tas2023.online/public_html/lib/access.php:112] Base->error()
Mon, 10 Mar 2025 01:55:20 +0000 [2603:9000:f801:55e2:f965:650f:6612:7f09] [/home/u991737198/domains/tas2023.online/public_html/app/controllers/Controller.php:78] Access->authorize()
Mon, 10 Mar 2025 01:55:20 +0000 [2603:9000:f801:55e2:f965:650f:6612:7f09] [/home/u991737198/domains/tas2023.online/public_html/lib/base.php:2069] Controller->beforeroute()
Mon, 10 Mar 2025 01:55:20 +0000 [2603:9000:f801:55e2:f965:650f:6612:7f09] [/home/u991737198/domains/tas2023.online/public_html/lib/base.php:1871] Base->call()
Mon, 10 Mar 2025 01:55:20 +0000 [2603:9000:f801:55e2:f965:650f:6612:7f09] [/home/u991737198/domains/tas2023.online/public_html/index.php:19] Base->run()
Mon, 10 Mar 2025 01:55:20 +0000 [2603:9000:f801:55e2:f965:650f:6612:7f09] 401: HTTP 401 (GET /task/taskDistribution) trace: [/home/u991737198/domains/tas2023.online/public_html/lib/access.php:112] Base->error()
Mon, 10 Mar 2025 01:55:20 +0000 [2603:9000:f801:55e2:f965:650f:6612:7f09] [/home/u991737198/domains/tas2023.online/public_html/app/controllers/Controller.php:78] Access->authorize()
Mon, 10 Mar 2025 01:55:20 +0000 [2603:9000:f801:55e2:f965:650f:6612:7f09] [/home/u991737198/domains/tas2023.online/public_html/lib/base.php:2069] Controller->beforeroute()
Mon, 10 Mar 2025 01:55:20 +0000 [2603:9000:f801:55e2:f965:650f:6612:7f09] [/home/u991737198/domains/tas2023.online/public_html/lib/base.php:1871] Base->call()
Mon, 10 Mar 2025 01:55:20 +0000 [2603:9000:f801:55e2:f965:650f:6612:7f09] [/home/u991737198/domains/tas2023.online/public_html/index.php:19] Base->run()
Mon, 10 Mar 2025 01:55:20 +0000 [2603:9000:f801:55e2:f965:650f:6612:7f09] 401: HTTP 401 (GET /task/userNotesCount) trace: [/home/u991737198/domains/tas2023.online/public_html/lib/access.php:112] Base->error()
Mon, 10 Mar 2025 01:55:20 +0000 [2603:9000:f801:55e2:f965:650f:6612:7f09] [/home/u991737198/domains/tas2023.online/public_html/app/controllers/Controller.php:78] Access->authorize()
Mon, 10 Mar 2025 01:55:20 +0000 [2603:9000:f801:55e2:f965:650f:6612:7f09] [/home/u991737198/domains/tas2023.online/public_html/lib/base.php:2069] Controller->beforeroute()
Mon, 10 Mar 2025 01:55:20 +0000 [2603:9000:f801:55e2:f965:650f:6612:7f09] [/home/u991737198/domains/tas2023.online/public_html/lib/base.php:1871] Base->call()
Mon, 10 Mar 2025 01:55:20 +0000 [2603:9000:f801:55e2:f965:650f:6612:7f09] [/home/u991737198/domains/tas2023.online/public_html/index.php:19] Base->run()
Mon, 10 Mar 2025 01:55:20 +0000 [2603:9000:f801:55e2:f965:650f:6612:7f09] 401: HTTP 401 (GET /task/teamProductivity) trace: [/home/u991737198/domains/tas2023.online/public_html/lib/access.php:112] Base->error()
Mon, 10 Mar 2025 01:55:20 +0000 [2603:9000:f801:55e2:f965:650f:6612:7f09] [/home/u991737198/domains/tas2023.online/public_html/app/controllers/Controller.php:78] Access->authorize()
Mon, 10 Mar 2025 01:55:20 +0000 [2603:9000:f801:55e2:f965:650f:6612:7f09] [/home/u991737198/domains/tas2023.online/public_html/lib/base.php:2069] Controller->beforeroute()
Mon, 10 Mar 2025 01:55:20 +0000 [2603:9000:f801:55e2:f965:650f:6612:7f09] [/home/u991737198/domains/tas2023.online/public_html/lib/base.php:1871] Base->call()
Mon, 10 Mar 2025 01:55:20 +0000 [2603:9000:f801:55e2:f965:650f:6612:7f09] [/home/u991737198/domains/tas2023.online/public_html/index.php:19] Base->run()
Mon, 10 Mar 2025 11:16:45 +0000 [2600:1006:b01f:e04e:eca4:15a6:a79a:b9e3] 500: Undefined variable $entity_num trace: [tmp/3hn69l4qoa804.1zo7dt0fljr4w.php:200]
Mon, 10 Mar 2025 11:16:45 +0000 [2600:1006:b01f:e04e:eca4:15a6:a79a:b9e3] [tmp/3hn69l4qoa804.1zo7dt0fljr4w.php:200] Base->{closure}()
Mon, 10 Mar 2025 11:16:45 +0000 [2600:1006:b01f:e04e:eca4:15a6:a79a:b9e3] [lib/base.php:3036] require('/home/u991737198/domains/tas2023.online/public_html/tmp/3hn69l4qoa804.1zo7dt0fljr4w.php')
Mon, 10 Mar 2025 11:16:45 +0000 [2600:1006:b01f:e04e:eca4:15a6:a79a:b9e3] [lib/base.php:3281] View->sandbox()
Mon, 10 Mar 2025 11:16:45 +0000 [2600:1006:b01f:e04e:eca4:15a6:a79a:b9e3] [tmp/3hn69l4qoa804.3h31n1yj254w8.php:7] Preview->render()
Mon, 10 Mar 2025 11:16:45 +0000 [2600:1006:b01f:e04e:eca4:15a6:a79a:b9e3] [lib/base.php:3036] require('/home/u991737198/domains/tas2023.online/public_html/tmp/3hn69l4qoa804.3h31n1yj254w8.php')
Mon, 10 Mar 2025 11:16:45 +0000 [2600:1006:b01f:e04e:eca4:15a6:a79a:b9e3] [lib/base.php:3281] View->sandbox()
Mon, 10 Mar 2025 11:16:45 +0000 [2600:1006:b01f:e04e:eca4:15a6:a79a:b9e3] [app/controllers/Controller.php:87] Preview->render()
Mon, 10 Mar 2025 11:16:45 +0000 [2600:1006:b01f:e04e:eca4:15a6:a79a:b9e3] [lib/base.php:2078] Controller->afterroute()
Mon, 10 Mar 2025 11:16:45 +0000 [2600:1006:b01f:e04e:eca4:15a6:a79a:b9e3] [lib/base.php:1871] Base->call()
Mon, 10 Mar 2025 11:16:45 +0000 [2600:1006:b01f:e04e:eca4:15a6:a79a:b9e3] [index.php:19] Base->run()
Mon, 10 Mar 2025 11:16:50 +0000 [2600:1006:b01f:e04e:eca4:15a6:a79a:b9e3] 500: Undefined variable $entity_num trace: [tmp/3hn69l4qoa804.1zo7dt0fljr4w.php:200]
Mon, 10 Mar 2025 11:16:50 +0000 [2600:1006:b01f:e04e:eca4:15a6:a79a:b9e3] [tmp/3hn69l4qoa804.1zo7dt0fljr4w.php:200] Base->{closure}()
Mon, 10 Mar 2025 11:16:50 +0000 [2600:1006:b01f:e04e:eca4:15a6:a79a:b9e3] [lib/base.php:3036] require('/home/u991737198/domains/tas2023.online/public_html/tmp/3hn69l4qoa804.1zo7dt0fljr4w.php')
Mon, 10 Mar 2025 11:16:50 +0000 [2600:1006:b01f:e04e:eca4:15a6:a79a:b9e3] [lib/base.php:3281] View->sandbox()
Mon, 10 Mar 2025 11:16:50 +0000 [2600:1006:b01f:e04e:eca4:15a6:a79a:b9e3] [tmp/3hn69l4qoa804.3h31n1yj254w8.php:7] Preview->render()
Mon, 10 Mar 2025 11:16:50 +0000 [2600:1006:b01f:e04e:eca4:15a6:a79a:b9e3] [lib/base.php:3036] require('/home/u991737198/domains/tas2023.online/public_html/tmp/3hn69l4qoa804.3h31n1yj254w8.php')
Mon, 10 Mar 2025 11:16:50 +0000 [2600:1006:b01f:e04e:eca4:15a6:a79a:b9e3] [lib/base.php:3281] View->sandbox()
Mon, 10 Mar 2025 11:16:50 +0000 [2600:1006:b01f:e04e:eca4:15a6:a79a:b9e3] [app/controllers/Controller.php:87] Preview->render()
Mon, 10 Mar 2025 11:16:50 +0000 [2600:1006:b01f:e04e:eca4:15a6:a79a:b9e3] [lib/base.php:2078] Controller->afterroute()
Mon, 10 Mar 2025 11:16:50 +0000 [2600:1006:b01f:e04e:eca4:15a6:a79a:b9e3] [lib/base.php:1871] Base->call()
Mon, 10 Mar 2025 11:16:50 +0000 [2600:1006:b01f:e04e:eca4:15a6:a79a:b9e3] [index.php:19] Base->run()
Mon, 10 Mar 2025 11:18:24 +0000 [2600:1006:b01f:e04e:eca4:15a6:a79a:b9e3] 500: Undefined variable $selected_note trace: [/home/u991737198/domains/tas2023.online/public_html/tmp/3hn69l4qoa804.3g8shy2588w00.php:385]
Mon, 10 Mar 2025 11:18:24 +0000 [2600:1006:b01f:e04e:eca4:15a6:a79a:b9e3] [/home/u991737198/domains/tas2023.online/public_html/tmp/3hn69l4qoa804.3g8shy2588w00.php:385] Base->{closure}()
Mon, 10 Mar 2025 11:18:24 +0000 [2600:1006:b01f:e04e:eca4:15a6:a79a:b9e3] [/home/u991737198/domains/tas2023.online/public_html/lib/base.php:3036] require('/home/u991737198/domains/tas2023.online/public_html/tmp/3hn69l4qoa804.3g8shy2588w00.php')
Mon, 10 Mar 2025 11:18:24 +0000 [2600:1006:b01f:e04e:eca4:15a6:a79a:b9e3] [/home/u991737198/domains/tas2023.online/public_html/lib/base.php:3281] View->sandbox()
Mon, 10 Mar 2025 11:18:24 +0000 [2600:1006:b01f:e04e:eca4:15a6:a79a:b9e3] [/home/u991737198/domains/tas2023.online/public_html/tmp/3hn69l4qoa804.3h31n1yj254w8.php:7] Preview->render()
Mon, 10 Mar 2025 11:18:24 +0000 [2600:1006:b01f:e04e:eca4:15a6:a79a:b9e3] [/home/u991737198/domains/tas2023.online/public_html/lib/base.php:3036] require('/home/u991737198/domains/tas2023.online/public_html/tmp/3hn69l4qoa804.3h31n1yj254w8.php')
Mon, 10 Mar 2025 11:18:24 +0000 [2600:1006:b01f:e04e:eca4:15a6:a79a:b9e3] [/home/u991737198/domains/tas2023.online/public_html/lib/base.php:3281] View->sandbox()
Mon, 10 Mar 2025 11:18:24 +0000 [2600:1006:b01f:e04e:eca4:15a6:a79a:b9e3] [/home/u991737198/domains/tas2023.online/public_html/app/controllers/Controller.php:87] Preview->render()
Mon, 10 Mar 2025 11:18:24 +0000 [2600:1006:b01f:e04e:eca4:15a6:a79a:b9e3] [/home/u991737198/domains/tas2023.online/public_html/lib/base.php:2078] Controller->afterroute()
Mon, 10 Mar 2025 11:18:24 +0000 [2600:1006:b01f:e04e:eca4:15a6:a79a:b9e3] [/home/u991737198/domains/tas2023.online/public_html/lib/base.php:1871] Base->call()
Mon, 10 Mar 2025 11:18:24 +0000 [2600:1006:b01f:e04e:eca4:15a6:a79a:b9e3] [/home/u991737198/domains/tas2023.online/public_html/index.php:19] Base->run()
Mon, 10 Mar 2025 11:18:30 +0000 [2600:1006:b01f:e04e:eca4:15a6:a79a:b9e3] 500: Undefined variable $selected_note trace: [/home/u991737198/domains/tas2023.online/public_html/tmp/3hn69l4qoa804.3g8shy2588w00.php:385]
Mon, 10 Mar 2025 11:18:30 +0000 [2600:1006:b01f:e04e:eca4:15a6:a79a:b9e3] [/home/u991737198/domains/tas2023.online/public_html/tmp/3hn69l4qoa804.3g8shy2588w00.php:385] Base->{closure}()
Mon, 10 Mar 2025 11:18:30 +0000 [2600:1006:b01f:e04e:eca4:15a6:a79a:b9e3] [/home/u991737198/domains/tas2023.online/public_html/lib/base.php:3036] require('/home/u991737198/domains/tas2023.online/public_html/tmp/3hn69l4qoa804.3g8shy2588w00.php')
Mon, 10 Mar 2025 11:18:30 +0000 [2600:1006:b01f:e04e:eca4:15a6:a79a:b9e3] [/home/u991737198/domains/tas2023.online/public_html/lib/base.php:3281] View->sandbox()
Mon, 10 Mar 2025 11:18:30 +0000 [2600:1006:b01f:e04e:eca4:15a6:a79a:b9e3] [/home/u991737198/domains/tas2023.online/public_html/tmp/3hn69l4qoa804.3h31n1yj254w8.php:7] Preview->render()
Mon, 10 Mar 2025 11:18:30 +0000 [2600:1006:b01f:e04e:eca4:15a6:a79a:b9e3] [/home/u991737198/domains/tas2023.online/public_html/lib/base.php:3036] require('/home/u991737198/domains/tas2023.online/public_html/tmp/3hn69l4qoa804.3h31n1yj254w8.php')
Mon, 10 Mar 2025 11:18:30 +0000 [2600:1006:b01f:e04e:eca4:15a6:a79a:b9e3] [/home/u991737198/domains/tas2023.online/public_html/lib/base.php:3281] View->sandbox()
Mon, 10 Mar 2025 11:18:30 +0000 [2600:1006:b01f:e04e:eca4:15a6:a79a:b9e3] [/home/u991737198/domains/tas2023.online/public_html/app/controllers/Controller.php:87] Preview->render()
Mon, 10 Mar 2025 11:18:30 +0000 [2600:1006:b01f:e04e:eca4:15a6:a79a:b9e3] [/home/u991737198/domains/tas2023.online/public_html/lib/base.php:2078] Controller->afterroute()
Mon, 10 Mar 2025 11:18:30 +0000 [2600:1006:b01f:e04e:eca4:15a6:a79a:b9e3] [/home/u991737198/domains/tas2023.online/public_html/lib/base.php:1871] Base->call()
Mon, 10 Mar 2025 11:18:30 +0000 [2600:1006:b01f:e04e:eca4:15a6:a79a:b9e3] [/home/u991737198/domains/tas2023.online/public_html/index.php:19] Base->run()
Mon, 10 Mar 2025 11:18:48 +0000 [2600:1006:b01f:e04e:eca4:15a6:a79a:b9e3] 500: Undefined variable $selected_note trace: [/home/u991737198/domains/tas2023.online/public_html/tmp/3hn69l4qoa804.3g8shy2588w00.php:385]
Mon, 10 Mar 2025 11:18:48 +0000 [2600:1006:b01f:e04e:eca4:15a6:a79a:b9e3] [/home/u991737198/domains/tas2023.online/public_html/tmp/3hn69l4qoa804.3g8shy2588w00.php:385] Base->{closure}()
Mon, 10 Mar 2025 11:18:48 +0000 [2600:1006:b01f:e04e:eca4:15a6:a79a:b9e3] [/home/u991737198/domains/tas2023.online/public_html/lib/base.php:3036] require('/home/u991737198/domains/tas2023.online/public_html/tmp/3hn69l4qoa804.3g8shy2588w00.php')
Mon, 10 Mar 2025 11:18:48 +0000 [2600:1006:b01f:e04e:eca4:15a6:a79a:b9e3] [/home/u991737198/domains/tas2023.online/public_html/lib/base.php:3281] View->sandbox()
Mon, 10 Mar 2025 11:18:48 +0000 [2600:1006:b01f:e04e:eca4:15a6:a79a:b9e3] [/home/u991737198/domains/tas2023.online/public_html/tmp/3hn69l4qoa804.3h31n1yj254w8.php:7] Preview->render()
Mon, 10 Mar 2025 11:18:48 +0000 [2600:1006:b01f:e04e:eca4:15a6:a79a:b9e3] [/home/u991737198/domains/tas2023.online/public_html/lib/base.php:3036] require('/home/u991737198/domains/tas2023.online/public_html/tmp/3hn69l4qoa804.3h31n1yj254w8.php')
Mon, 10 Mar 2025 11:18:48 +0000 [2600:1006:b01f:e04e:eca4:15a6:a79a:b9e3] [/home/u991737198/domains/tas2023.online/public_html/lib/base.php:3281] View->sandbox()
Mon, 10 Mar 2025 11:18:48 +0000 [2600:1006:b01f:e04e:eca4:15a6:a79a:b9e3] [/home/u991737198/domains/tas2023.online/public_html/app/controllers/Controller.php:87] Preview->render()
Mon, 10 Mar 2025 11:18:48 +0000 [2600:1006:b01f:e04e:eca4:15a6:a79a:b9e3] [/home/u991737198/domains/tas2023.online/public_html/lib/base.php:2078] Controller->afterroute()
Mon, 10 Mar 2025 11:18:48 +0000 [2600:1006:b01f:e04e:eca4:15a6:a79a:b9e3] [/home/u991737198/domains/tas2023.online/public_html/lib/base.php:1871] Base->call()
Mon, 10 Mar 2025 11:18:48 +0000 [2600:1006:b01f:e04e:eca4:15a6:a79a:b9e3] [/home/u991737198/domains/tas2023.online/public_html/index.php:19] Base->run()
Mon, 10 Mar 2025 11:20:09 +0000 [2600:1006:b01f:e04e:eca4:15a6:a79a:b9e3] 500: Undefined variable $selected_note trace: [/home/u991737198/domains/tas2023.online/public_html/tmp/3hn69l4qoa804.3g8shy2588w00.php:385]
Mon, 10 Mar 2025 11:20:09 +0000 [2600:1006:b01f:e04e:eca4:15a6:a79a:b9e3] [/home/u991737198/domains/tas2023.online/public_html/tmp/3hn69l4qoa804.3g8shy2588w00.php:385] Base->{closure}()
Mon, 10 Mar 2025 11:20:09 +0000 [2600:1006:b01f:e04e:eca4:15a6:a79a:b9e3] [/home/u991737198/domains/tas2023.online/public_html/lib/base.php:3036] require('/home/u991737198/domains/tas2023.online/public_html/tmp/3hn69l4qoa804.3g8shy2588w00.php')
Mon, 10 Mar 2025 11:20:09 +0000 [2600:1006:b01f:e04e:eca4:15a6:a79a:b9e3] [/home/u991737198/domains/tas2023.online/public_html/lib/base.php:3281] View->sandbox()
Mon, 10 Mar 2025 11:20:09 +0000 [2600:1006:b01f:e04e:eca4:15a6:a79a:b9e3] [/home/u991737198/domains/tas2023.online/public_html/tmp/3hn69l4qoa804.3h31n1yj254w8.php:7] Preview->render()
Mon, 10 Mar 2025 11:20:09 +0000 [2600:1006:b01f:e04e:eca4:15a6:a79a:b9e3] [/home/u991737198/domains/tas2023.online/public_html/lib/base.php:3036] require('/home/u991737198/domains/tas2023.online/public_html/tmp/3hn69l4qoa804.3h31n1yj254w8.php')
Mon, 10 Mar 2025 11:20:09 +0000 [2600:1006:b01f:e04e:eca4:15a6:a79a:b9e3] [/home/u991737198/domains/tas2023.online/public_html/lib/base.php:3281] View->sandbox()
Mon, 10 Mar 2025 11:20:09 +0000 [2600:1006:b01f:e04e:eca4:15a6:a79a:b9e3] [/home/u991737198/domains/tas2023.online/public_html/app/controllers/Controller.php:87] Preview->render()
Mon, 10 Mar 2025 11:20:09 +0000 [2600:1006:b01f:e04e:eca4:15a6:a79a:b9e3] [/home/u991737198/domains/tas2023.online/public_html/lib/base.php:2078] Controller->afterroute()
Mon, 10 Mar 2025 11:20:09 +0000 [2600:1006:b01f:e04e:eca4:15a6:a79a:b9e3] [/home/u991737198/domains/tas2023.online/public_html/lib/base.php:1871] Base->call()
Mon, 10 Mar 2025 11:20:09 +0000 [2600:1006:b01f:e04e:eca4:15a6:a79a:b9e3] [/home/u991737198/domains/tas2023.online/public_html/index.php:19] Base->run()
Mon, 10 Mar 2025 11:20:09 +0000 [2600:1006:b01f:e04e:eca4:15a6:a79a:b9e3] 401: HTTP 401 (GET /task/teamProductivity) trace: [/home/u991737198/domains/tas2023.online/public_html/lib/access.php:112] Base->error()
Mon, 10 Mar 2025 11:20:09 +0000 [2600:1006:b01f:e04e:eca4:15a6:a79a:b9e3] [/home/u991737198/domains/tas2023.online/public_html/app/controllers/Controller.php:78] Access->authorize()
Mon, 10 Mar 2025 11:20:09 +0000 [2600:1006:b01f:e04e:eca4:15a6:a79a:b9e3] [/home/u991737198/domains/tas2023.online/public_html/lib/base.php:2069] Controller->beforeroute()
Mon, 10 Mar 2025 11:20:09 +0000 [2600:1006:b01f:e04e:eca4:15a6:a79a:b9e3] [/home/u991737198/domains/tas2023.online/public_html/lib/base.php:1871] Base->call()
Mon, 10 Mar 2025 11:20:09 +0000 [2600:1006:b01f:e04e:eca4:15a6:a79a:b9e3] [/home/u991737198/domains/tas2023.online/public_html/index.php:19] Base->run()
Mon, 10 Mar 2025 11:33:29 +0000 [2600:1006:b01f:e04e:eca4:15a6:a79a:b9e3] 401: HTTP 401 (GET /note/find/249/187/95/project) trace: [/home/u991737198/domains/tas2023.online/public_html/lib/access.php:112] Base->error()
Mon, 10 Mar 2025 11:33:29 +0000 [2600:1006:b01f:e04e:eca4:15a6:a79a:b9e3] [/home/u991737198/domains/tas2023.online/public_html/app/controllers/Controller.php:78] Access->authorize()
Mon, 10 Mar 2025 11:33:29 +0000 [2600:1006:b01f:e04e:eca4:15a6:a79a:b9e3] [/home/u991737198/domains/tas2023.online/public_html/lib/base.php:2069] Controller->beforeroute()
Mon, 10 Mar 2025 11:33:29 +0000 [2600:1006:b01f:e04e:eca4:15a6:a79a:b9e3] [/home/u991737198/domains/tas2023.online/public_html/lib/base.php:1871] Base->call()
Mon, 10 Mar 2025 11:33:29 +0000 [2600:1006:b01f:e04e:eca4:15a6:a79a:b9e3] [/home/u991737198/domains/tas2023.online/public_html/index.php:19] Base->run()
Mon, 10 Mar 2025 11:33:51 +0000 [2600:1006:b01f:e04e:eca4:15a6:a79a:b9e3] 500: Undefined variable $entity_num trace: [tmp/3hn69l4qoa804.1zo7dt0fljr4w.php:200]
Mon, 10 Mar 2025 11:33:51 +0000 [2600:1006:b01f:e04e:eca4:15a6:a79a:b9e3] [tmp/3hn69l4qoa804.1zo7dt0fljr4w.php:200] Base->{closure}()
Mon, 10 Mar 2025 11:33:51 +0000 [2600:1006:b01f:e04e:eca4:15a6:a79a:b9e3] [lib/base.php:3036] require('/home/u991737198/domains/tas2023.online/public_html/tmp/3hn69l4qoa804.1zo7dt0fljr4w.php')
Mon, 10 Mar 2025 11:33:51 +0000 [2600:1006:b01f:e04e:eca4:15a6:a79a:b9e3] [lib/base.php:3281] View->sandbox()
Mon, 10 Mar 2025 11:33:51 +0000 [2600:1006:b01f:e04e:eca4:15a6:a79a:b9e3] [tmp/3hn69l4qoa804.3h31n1yj254w8.php:7] Preview->render()
Mon, 10 Mar 2025 11:33:51 +0000 [2600:1006:b01f:e04e:eca4:15a6:a79a:b9e3] [lib/base.php:3036] require('/home/u991737198/domains/tas2023.online/public_html/tmp/3hn69l4qoa804.3h31n1yj254w8.php')
Mon, 10 Mar 2025 11:33:51 +0000 [2600:1006:b01f:e04e:eca4:15a6:a79a:b9e3] [lib/base.php:3281] View->sandbox()
Mon, 10 Mar 2025 11:33:51 +0000 [2600:1006:b01f:e04e:eca4:15a6:a79a:b9e3] [app/controllers/Controller.php:87] Preview->render()
Mon, 10 Mar 2025 11:33:51 +0000 [2600:1006:b01f:e04e:eca4:15a6:a79a:b9e3] [lib/base.php:2078] Controller->afterroute()
Mon, 10 Mar 2025 11:33:51 +0000 [2600:1006:b01f:e04e:eca4:15a6:a79a:b9e3] [lib/base.php:1871] Base->call()
Mon, 10 Mar 2025 11:33:51 +0000 [2600:1006:b01f:e04e:eca4:15a6:a79a:b9e3] [index.php:19] Base->run()
Mon, 10 Mar 2025 11:33:54 +0000 [2600:1006:b01f:e04e:eca4:15a6:a79a:b9e3] 500: Undefined variable $entity_num trace: [tmp/3hn69l4qoa804.1zo7dt0fljr4w.php:200]
Mon, 10 Mar 2025 11:33:54 +0000 [2600:1006:b01f:e04e:eca4:15a6:a79a:b9e3] [tmp/3hn69l4qoa804.1zo7dt0fljr4w.php:200] Base->{closure}()
Mon, 10 Mar 2025 11:33:54 +0000 [2600:1006:b01f:e04e:eca4:15a6:a79a:b9e3] [lib/base.php:3036] require('/home/u991737198/domains/tas2023.online/public_html/tmp/3hn69l4qoa804.1zo7dt0fljr4w.php')
Mon, 10 Mar 2025 11:33:54 +0000 [2600:1006:b01f:e04e:eca4:15a6:a79a:b9e3] [lib/base.php:3281] View->sandbox()
Mon, 10 Mar 2025 11:33:54 +0000 [2600:1006:b01f:e04e:eca4:15a6:a79a:b9e3] [tmp/3hn69l4qoa804.3h31n1yj254w8.php:7] Preview->render()
Mon, 10 Mar 2025 11:33:54 +0000 [2600:1006:b01f:e04e:eca4:15a6:a79a:b9e3] [lib/base.php:3036] require('/home/u991737198/domains/tas2023.online/public_html/tmp/3hn69l4qoa804.3h31n1yj254w8.php')
Mon, 10 Mar 2025 11:33:54 +0000 [2600:1006:b01f:e04e:eca4:15a6:a79a:b9e3] [lib/base.php:3281] View->sandbox()
Mon, 10 Mar 2025 11:33:54 +0000 [2600:1006:b01f:e04e:eca4:15a6:a79a:b9e3] [app/controllers/Controller.php:87] Preview->render()
Mon, 10 Mar 2025 11:33:54 +0000 [2600:1006:b01f:e04e:eca4:15a6:a79a:b9e3] [lib/base.php:2078] Controller->afterroute()
Mon, 10 Mar 2025 11:33:54 +0000 [2600:1006:b01f:e04e:eca4:15a6:a79a:b9e3] [lib/base.php:1871] Base->call()
Mon, 10 Mar 2025 11:33:54 +0000 [2600:1006:b01f:e04e:eca4:15a6:a79a:b9e3] [index.php:19] Base->run()
Mon, 10 Mar 2025 11:33:58 +0000 [2600:1006:b01f:e04e:eca4:15a6:a79a:b9e3] 500: Undefined variable $selected_note trace: [/home/u991737198/domains/tas2023.online/public_html/tmp/3hn69l4qoa804.3g8shy2588w00.php:385]
Mon, 10 Mar 2025 11:33:58 +0000 [2600:1006:b01f:e04e:eca4:15a6:a79a:b9e3] [/home/u991737198/domains/tas2023.online/public_html/tmp/3hn69l4qoa804.3g8shy2588w00.php:385] Base->{closure}()
Mon, 10 Mar 2025 11:33:58 +0000 [2600:1006:b01f:e04e:eca4:15a6:a79a:b9e3] [/home/u991737198/domains/tas2023.online/public_html/lib/base.php:3036] require('/home/u991737198/domains/tas2023.online/public_html/tmp/3hn69l4qoa804.3g8shy2588w00.php')
Mon, 10 Mar 2025 11:33:58 +0000 [2600:1006:b01f:e04e:eca4:15a6:a79a:b9e3] [/home/u991737198/domains/tas2023.online/public_html/lib/base.php:3281] View->sandbox()
Mon, 10 Mar 2025 11:33:58 +0000 [2600:1006:b01f:e04e:eca4:15a6:a79a:b9e3] [/home/u991737198/domains/tas2023.online/public_html/tmp/3hn69l4qoa804.3h31n1yj254w8.php:7] Preview->render()
Mon, 10 Mar 2025 11:33:58 +0000 [2600:1006:b01f:e04e:eca4:15a6:a79a:b9e3] [/home/u991737198/domains/tas2023.online/public_html/lib/base.php:3036] require('/home/u991737198/domains/tas2023.online/public_html/tmp/3hn69l4qoa804.3h31n1yj254w8.php')
Mon, 10 Mar 2025 11:33:58 +0000 [2600:1006:b01f:e04e:eca4:15a6:a79a:b9e3] [/home/u991737198/domains/tas2023.online/public_html/lib/base.php:3281] View->sandbox()
Mon, 10 Mar 2025 11:33:58 +0000 [2600:1006:b01f:e04e:eca4:15a6:a79a:b9e3] [/home/u991737198/domains/tas2023.online/public_html/app/controllers/Controller.php:87] Preview->render()
Mon, 10 Mar 2025 11:33:58 +0000 [2600:1006:b01f:e04e:eca4:15a6:a79a:b9e3] [/home/u991737198/domains/tas2023.online/public_html/lib/base.php:2078] Controller->afterroute()
Mon, 10 Mar 2025 11:33:58 +0000 [2600:1006:b01f:e04e:eca4:15a6:a79a:b9e3] [/home/u991737198/domains/tas2023.online/public_html/lib/base.php:1871] Base->call()
Mon, 10 Mar 2025 11:33:58 +0000 [2600:1006:b01f:e04e:eca4:15a6:a79a:b9e3] [/home/u991737198/domains/tas2023.online/public_html/index.php:19] Base->run()
Mon, 10 Mar 2025 11:35:29 +0000 [2600:1006:b01f:e04e:eca4:15a6:a79a:b9e3] 500: Undefined variable $selected_note trace: [/home/u991737198/domains/tas2023.online/public_html/tmp/3hn69l4qoa804.3g8shy2588w00.php:385]
Mon, 10 Mar 2025 11:35:29 +0000 [2600:1006:b01f:e04e:eca4:15a6:a79a:b9e3] [/home/u991737198/domains/tas2023.online/public_html/tmp/3hn69l4qoa804.3g8shy2588w00.php:385] Base->{closure}()
Mon, 10 Mar 2025 11:35:29 +0000 [2600:1006:b01f:e04e:eca4:15a6:a79a:b9e3] [/home/u991737198/domains/tas2023.online/public_html/lib/base.php:3036] require('/home/u991737198/domains/tas2023.online/public_html/tmp/3hn69l4qoa804.3g8shy2588w00.php')
Mon, 10 Mar 2025 11:35:29 +0000 [2600:1006:b01f:e04e:eca4:15a6:a79a:b9e3] [/home/u991737198/domains/tas2023.online/public_html/lib/base.php:3281] View->sandbox()
Mon, 10 Mar 2025 11:35:29 +0000 [2600:1006:b01f:e04e:eca4:15a6:a79a:b9e3] [/home/u991737198/domains/tas2023.online/public_html/tmp/3hn69l4qoa804.3h31n1yj254w8.php:7] Preview->render()
Mon, 10 Mar 2025 11:35:29 +0000 [2600:1006:b01f:e04e:eca4:15a6:a79a:b9e3] [/home/u991737198/domains/tas2023.online/public_html/lib/base.php:3036] require('/home/u991737198/domains/tas2023.online/public_html/tmp/3hn69l4qoa804.3h31n1yj254w8.php')
Mon, 10 Mar 2025 11:35:29 +0000 [2600:1006:b01f:e04e:eca4:15a6:a79a:b9e3] [/home/u991737198/domains/tas2023.online/public_html/lib/base.php:3281] View->sandbox()
Mon, 10 Mar 2025 11:35:29 +0000 [2600:1006:b01f:e04e:eca4:15a6:a79a:b9e3] [/home/u991737198/domains/tas2023.online/public_html/app/controllers/Controller.php:87] Preview->render()
Mon, 10 Mar 2025 11:35:29 +0000 [2600:1006:b01f:e04e:eca4:15a6:a79a:b9e3] [/home/u991737198/domains/tas2023.online/public_html/lib/base.php:2078] Controller->afterroute()
Mon, 10 Mar 2025 11:35:29 +0000 [2600:1006:b01f:e04e:eca4:15a6:a79a:b9e3] [/home/u991737198/domains/tas2023.online/public_html/lib/base.php:1871] Base->call()
Mon, 10 Mar 2025 11:35:29 +0000 [2600:1006:b01f:e04e:eca4:15a6:a79a:b9e3] [/home/u991737198/domains/tas2023.online/public_html/index.php:19] Base->run()
Mon, 10 Mar 2025 11:48:13 +0000 [2600:1006:b01f:e04e:eca4:15a6:a79a:b9e3] 500: Undefined variable $selected_note trace: [/home/u991737198/domains/tas2023.online/public_html/tmp/3hn69l4qoa804.3g8shy2588w00.php:385]
Mon, 10 Mar 2025 11:48:13 +0000 [2600:1006:b01f:e04e:eca4:15a6:a79a:b9e3] [/home/u991737198/domains/tas2023.online/public_html/tmp/3hn69l4qoa804.3g8shy2588w00.php:385] Base->{closure}()
Mon, 10 Mar 2025 11:48:13 +0000 [2600:1006:b01f:e04e:eca4:15a6:a79a:b9e3] [/home/u991737198/domains/tas2023.online/public_html/lib/base.php:3036] require('/home/u991737198/domains/tas2023.online/public_html/tmp/3hn69l4qoa804.3g8shy2588w00.php')
Mon, 10 Mar 2025 11:48:13 +0000 [2600:1006:b01f:e04e:eca4:15a6:a79a:b9e3] [/home/u991737198/domains/tas2023.online/public_html/lib/base.php:3281] View->sandbox()
Mon, 10 Mar 2025 11:48:13 +0000 [2600:1006:b01f:e04e:eca4:15a6:a79a:b9e3] [/home/u991737198/domains/tas2023.online/public_html/tmp/3hn69l4qoa804.3h31n1yj254w8.php:7] Preview->render()
Mon, 10 Mar 2025 11:48:13 +0000 [2600:1006:b01f:e04e:eca4:15a6:a79a:b9e3] [/home/u991737198/domains/tas2023.online/public_html/lib/base.php:3036] require('/home/u991737198/domains/tas2023.online/public_html/tmp/3hn69l4qoa804.3h31n1yj254w8.php')
Mon, 10 Mar 2025 11:48:13 +0000 [2600:1006:b01f:e04e:eca4:15a6:a79a:b9e3] [/home/u991737198/domains/tas2023.online/public_html/lib/base.php:3281] View->sandbox()
Mon, 10 Mar 2025 11:48:13 +0000 [2600:1006:b01f:e04e:eca4:15a6:a79a:b9e3] [/home/u991737198/domains/tas2023.online/public_html/app/controllers/Controller.php:87] Preview->render()
Mon, 10 Mar 2025 11:48:13 +0000 [2600:1006:b01f:e04e:eca4:15a6:a79a:b9e3] [/home/u991737198/domains/tas2023.online/public_html/lib/base.php:2078] Controller->afterroute()
Mon, 10 Mar 2025 11:48:13 +0000 [2600:1006:b01f:e04e:eca4:15a6:a79a:b9e3] [/home/u991737198/domains/tas2023.online/public_html/lib/base.php:1871] Base->call()
Mon, 10 Mar 2025 11:48:13 +0000 [2600:1006:b01f:e04e:eca4:15a6:a79a:b9e3] [/home/u991737198/domains/tas2023.online/public_html/index.php:19] Base->run()
Mon, 10 Mar 2025 12:10:20 +0000 [2600:1006:b01f:e04e:eca4:15a6:a79a:b9e3] 500: Undefined variable $selected_note trace: [/home/u991737198/domains/tas2023.online/public_html/tmp/3hn69l4qoa804.3g8shy2588w00.php:385]
Mon, 10 Mar 2025 12:10:20 +0000 [2600:1006:b01f:e04e:eca4:15a6:a79a:b9e3] [/home/u991737198/domains/tas2023.online/public_html/tmp/3hn69l4qoa804.3g8shy2588w00.php:385] Base->{closure}()
Mon, 10 Mar 2025 12:10:20 +0000 [2600:1006:b01f:e04e:eca4:15a6:a79a:b9e3] [/home/u991737198/domains/tas2023.online/public_html/lib/base.php:3036] require('/home/u991737198/domains/tas2023.online/public_html/tmp/3hn69l4qoa804.3g8shy2588w00.php')
Mon, 10 Mar 2025 12:10:20 +0000 [2600:1006:b01f:e04e:eca4:15a6:a79a:b9e3] [/home/u991737198/domains/tas2023.online/public_html/lib/base.php:3281] View->sandbox()
Mon, 10 Mar 2025 12:10:20 +0000 [2600:1006:b01f:e04e:eca4:15a6:a79a:b9e3] [/home/u991737198/domains/tas2023.online/public_html/tmp/3hn69l4qoa804.3h31n1yj254w8.php:7] Preview->render()
Mon, 10 Mar 2025 12:10:20 +0000 [2600:1006:b01f:e04e:eca4:15a6:a79a:b9e3] [/home/u991737198/domains/tas2023.online/public_html/lib/base.php:3036] require('/home/u991737198/domains/tas2023.online/public_html/tmp/3hn69l4qoa804.3h31n1yj254w8.php')
Mon, 10 Mar 2025 12:10:20 +0000 [2600:1006:b01f:e04e:eca4:15a6:a79a:b9e3] [/home/u991737198/domains/tas2023.online/public_html/lib/base.php:3281] View->sandbox()
Mon, 10 Mar 2025 12:10:20 +0000 [2600:1006:b01f:e04e:eca4:15a6:a79a:b9e3] [/home/u991737198/domains/tas2023.online/public_html/app/controllers/Controller.php:87] Preview->render()
Mon, 10 Mar 2025 12:10:20 +0000 [2600:1006:b01f:e04e:eca4:15a6:a79a:b9e3] [/home/u991737198/domains/tas2023.online/public_html/lib/base.php:2078] Controller->afterroute()
Mon, 10 Mar 2025 12:10:20 +0000 [2600:1006:b01f:e04e:eca4:15a6:a79a:b9e3] [/home/u991737198/domains/tas2023.online/public_html/lib/base.php:1871] Base->call()
Mon, 10 Mar 2025 12:10:20 +0000 [2600:1006:b01f:e04e:eca4:15a6:a79a:b9e3] [/home/u991737198/domains/tas2023.online/public_html/index.php:19] Base->run()
Mon, 10 Mar 2025 12:22:08 +0000 [2600:1006:b01f:e04e:eca4:15a6:a79a:b9e3] 500: Undefined variable $selected_note trace: [/home/u991737198/domains/tas2023.online/public_html/tmp/3hn69l4qoa804.3g8shy2588w00.php:385]
Mon, 10 Mar 2025 12:22:08 +0000 [2600:1006:b01f:e04e:eca4:15a6:a79a:b9e3] [/home/u991737198/domains/tas2023.online/public_html/tmp/3hn69l4qoa804.3g8shy2588w00.php:385] Base->{closure}()
Mon, 10 Mar 2025 12:22:08 +0000 [2600:1006:b01f:e04e:eca4:15a6:a79a:b9e3] [/home/u991737198/domains/tas2023.online/public_html/lib/base.php:3036] require('/home/u991737198/domains/tas2023.online/public_html/tmp/3hn69l4qoa804.3g8shy2588w00.php')
Mon, 10 Mar 2025 12:22:08 +0000 [2600:1006:b01f:e04e:eca4:15a6:a79a:b9e3] [/home/u991737198/domains/tas2023.online/public_html/lib/base.php:3281] View->sandbox()
Mon, 10 Mar 2025 12:22:08 +0000 [2600:1006:b01f:e04e:eca4:15a6:a79a:b9e3] [/home/u991737198/domains/tas2023.online/public_html/tmp/3hn69l4qoa804.3h31n1yj254w8.php:7] Preview->render()
Mon, 10 Mar 2025 12:22:08 +0000 [2600:1006:b01f:e04e:eca4:15a6:a79a:b9e3] [/home/u991737198/domains/tas2023.online/public_html/lib/base.php:3036] require('/home/u991737198/domains/tas2023.online/public_html/tmp/3hn69l4qoa804.3h31n1yj254w8.php')
Mon, 10 Mar 2025 12:22:08 +0000 [2600:1006:b01f:e04e:eca4:15a6:a79a:b9e3] [/home/u991737198/domains/tas2023.online/public_html/lib/base.php:3281] View->sandbox()
Mon, 10 Mar 2025 12:22:08 +0000 [2600:1006:b01f:e04e:eca4:15a6:a79a:b9e3] [/home/u991737198/domains/tas2023.online/public_html/app/controllers/Controller.php:87] Preview->render()
Mon, 10 Mar 2025 12:22:08 +0000 [2600:1006:b01f:e04e:eca4:15a6:a79a:b9e3] [/home/u991737198/domains/tas2023.online/public_html/lib/base.php:2078] Controller->afterroute()
Mon, 10 Mar 2025 12:22:08 +0000 [2600:1006:b01f:e04e:eca4:15a6:a79a:b9e3] [/home/u991737198/domains/tas2023.online/public_html/lib/base.php:1871] Base->call()
Mon, 10 Mar 2025 12:22:08 +0000 [2600:1006:b01f:e04e:eca4:15a6:a79a:b9e3] [/home/u991737198/domains/tas2023.online/public_html/index.php:19] Base->run()
Mon, 10 Mar 2025 12:31:05 +0000 [2600:1006:b01f:e04e:eca4:15a6:a79a:b9e3] 500: Undefined variable $selected_note trace: [/home/u991737198/domains/tas2023.online/public_html/tmp/3hn69l4qoa804.3g8shy2588w00.php:385]
Mon, 10 Mar 2025 12:31:05 +0000 [2600:1006:b01f:e04e:eca4:15a6:a79a:b9e3] [/home/u991737198/domains/tas2023.online/public_html/tmp/3hn69l4qoa804.3g8shy2588w00.php:385] Base->{closure}()
Mon, 10 Mar 2025 12:31:05 +0000 [2600:1006:b01f:e04e:eca4:15a6:a79a:b9e3] [/home/u991737198/domains/tas2023.online/public_html/lib/base.php:3036] require('/home/u991737198/domains/tas2023.online/public_html/tmp/3hn69l4qoa804.3g8shy2588w00.php')
Mon, 10 Mar 2025 12:31:05 +0000 [2600:1006:b01f:e04e:eca4:15a6:a79a:b9e3] [/home/u991737198/domains/tas2023.online/public_html/lib/base.php:3281] View->sandbox()
Mon, 10 Mar 2025 12:31:05 +0000 [2600:1006:b01f:e04e:eca4:15a6:a79a:b9e3] [/home/u991737198/domains/tas2023.online/public_html/tmp/3hn69l4qoa804.3h31n1yj254w8.php:7] Preview->render()
Mon, 10 Mar 2025 12:31:05 +0000 [2600:1006:b01f:e04e:eca4:15a6:a79a:b9e3] [/home/u991737198/domains/tas2023.online/public_html/lib/base.php:3036] require('/home/u991737198/domains/tas2023.online/public_html/tmp/3hn69l4qoa804.3h31n1yj254w8.php')
Mon, 10 Mar 2025 12:31:05 +0000 [2600:1006:b01f:e04e:eca4:15a6:a79a:b9e3] [/home/u991737198/domains/tas2023.online/public_html/lib/base.php:3281] View->sandbox()
Mon, 10 Mar 2025 12:31:05 +0000 [2600:1006:b01f:e04e:eca4:15a6:a79a:b9e3] [/home/u991737198/domains/tas2023.online/public_html/app/controllers/Controller.php:87] Preview->render()
Mon, 10 Mar 2025 12:31:05 +0000 [2600:1006:b01f:e04e:eca4:15a6:a79a:b9e3] [/home/u991737198/domains/tas2023.online/public_html/lib/base.php:2078] Controller->afterroute()
Mon, 10 Mar 2025 12:31:05 +0000 [2600:1006:b01f:e04e:eca4:15a6:a79a:b9e3] [/home/u991737198/domains/tas2023.online/public_html/lib/base.php:1871] Base->call()
Mon, 10 Mar 2025 12:31:05 +0000 [2600:1006:b01f:e04e:eca4:15a6:a79a:b9e3] [/home/u991737198/domains/tas2023.online/public_html/index.php:19] Base->run()
Mon, 10 Mar 2025 14:49:17 +0000 [2600:1006:b01f:e04e:eca4:15a6:a79a:b9e3] 500: Undefined variable $selected_note trace: [/home/u991737198/domains/tas2023.online/public_html/tmp/3hn69l4qoa804.3g8shy2588w00.php:385]
Mon, 10 Mar 2025 14:49:17 +0000 [2600:1006:b01f:e04e:eca4:15a6:a79a:b9e3] [/home/u991737198/domains/tas2023.online/public_html/tmp/3hn69l4qoa804.3g8shy2588w00.php:385] Base->{closure}()
Mon, 10 Mar 2025 14:49:17 +0000 [2600:1006:b01f:e04e:eca4:15a6:a79a:b9e3] [/home/u991737198/domains/tas2023.online/public_html/lib/base.php:3036] require('/home/u991737198/domains/tas2023.online/public_html/tmp/3hn69l4qoa804.3g8shy2588w00.php')
Mon, 10 Mar 2025 14:49:17 +0000 [2600:1006:b01f:e04e:eca4:15a6:a79a:b9e3] [/home/u991737198/domains/tas2023.online/public_html/lib/base.php:3281] View->sandbox()
Mon, 10 Mar 2025 14:49:17 +0000 [2600:1006:b01f:e04e:eca4:15a6:a79a:b9e3] [/home/u991737198/domains/tas2023.online/public_html/tmp/3hn69l4qoa804.3h31n1yj254w8.php:7] Preview->render()
Mon, 10 Mar 2025 14:49:17 +0000 [2600:1006:b01f:e04e:eca4:15a6:a79a:b9e3] [/home/u991737198/domains/tas2023.online/public_html/lib/base.php:3036] require('/home/u991737198/domains/tas2023.online/public_html/tmp/3hn69l4qoa804.3h31n1yj254w8.php')
Mon, 10 Mar 2025 14:49:17 +0000 [2600:1006:b01f:e04e:eca4:15a6:a79a:b9e3] [/home/u991737198/domains/tas2023.online/public_html/lib/base.php:3281] View->sandbox()
Mon, 10 Mar 2025 14:49:17 +0000 [2600:1006:b01f:e04e:eca4:15a6:a79a:b9e3] [/home/u991737198/domains/tas2023.online/public_html/app/controllers/Controller.php:87] Preview->render()
Mon, 10 Mar 2025 14:49:17 +0000 [2600:1006:b01f:e04e:eca4:15a6:a79a:b9e3] [/home/u991737198/domains/tas2023.online/public_html/lib/base.php:2078] Controller->afterroute()
Mon, 10 Mar 2025 14:49:17 +0000 [2600:1006:b01f:e04e:eca4:15a6:a79a:b9e3] [/home/u991737198/domains/tas2023.online/public_html/lib/base.php:1871] Base->call()
Mon, 10 Mar 2025 14:49:17 +0000 [2600:1006:b01f:e04e:eca4:15a6:a79a:b9e3] [/home/u991737198/domains/tas2023.online/public_html/index.php:19] Base->run()
Mon, 10 Mar 2025 15:00:11 +0000 [2600:1006:b01f:e04e:eca4:15a6:a79a:b9e3] 500: Undefined variable $count trace: [tmp/3hn69l4qoa804.man4oes5p0l2.php:137]
Mon, 10 Mar 2025 15:00:11 +0000 [2600:1006:b01f:e04e:eca4:15a6:a79a:b9e3] [tmp/3hn69l4qoa804.man4oes5p0l2.php:137] Base->{closure}()
Mon, 10 Mar 2025 15:00:11 +0000 [2600:1006:b01f:e04e:eca4:15a6:a79a:b9e3] [lib/base.php:3036] require('/home/u991737198/domains/tas2023.online/public_html/tmp/3hn69l4qoa804.man4oes5p0l2.php')
Mon, 10 Mar 2025 15:00:11 +0000 [2600:1006:b01f:e04e:eca4:15a6:a79a:b9e3] [lib/base.php:3281] View->sandbox()
Mon, 10 Mar 2025 15:00:11 +0000 [2600:1006:b01f:e04e:eca4:15a6:a79a:b9e3] [tmp/3hn69l4qoa804.3h31n1yj254w8.php:7] Preview->render()
Mon, 10 Mar 2025 15:00:11 +0000 [2600:1006:b01f:e04e:eca4:15a6:a79a:b9e3] [lib/base.php:3036] require('/home/u991737198/domains/tas2023.online/public_html/tmp/3hn69l4qoa804.3h31n1yj254w8.php')
Mon, 10 Mar 2025 15:00:11 +0000 [2600:1006:b01f:e04e:eca4:15a6:a79a:b9e3] [lib/base.php:3281] View->sandbox()
Mon, 10 Mar 2025 15:00:11 +0000 [2600:1006:b01f:e04e:eca4:15a6:a79a:b9e3] [app/controllers/Controller.php:87] Preview->render()
Mon, 10 Mar 2025 15:00:11 +0000 [2600:1006:b01f:e04e:eca4:15a6:a79a:b9e3] [lib/base.php:2078] Controller->afterroute()
Mon, 10 Mar 2025 15:00:11 +0000 [2600:1006:b01f:e04e:eca4:15a6:a79a:b9e3] [lib/base.php:1871] Base->call()
Mon, 10 Mar 2025 15:00:11 +0000 [2600:1006:b01f:e04e:eca4:15a6:a79a:b9e3] [index.php:19] Base->run()
Mon, 10 Mar 2025 15:59:01 +0000 [2600:1006:b01f:e04e:eca4:15a6:a79a:b9e3] 500: Undefined variable $selected_note trace: [/home/u991737198/domains/tas2023.online/public_html/tmp/3hn69l4qoa804.3g8shy2588w00.php:385]
Mon, 10 Mar 2025 15:59:01 +0000 [2600:1006:b01f:e04e:eca4:15a6:a79a:b9e3] [/home/u991737198/domains/tas2023.online/public_html/tmp/3hn69l4qoa804.3g8shy2588w00.php:385] Base->{closure}()
Mon, 10 Mar 2025 15:59:01 +0000 [2600:1006:b01f:e04e:eca4:15a6:a79a:b9e3] [/home/u991737198/domains/tas2023.online/public_html/lib/base.php:3036] require('/home/u991737198/domains/tas2023.online/public_html/tmp/3hn69l4qoa804.3g8shy2588w00.php')
Mon, 10 Mar 2025 15:59:01 +0000 [2600:1006:b01f:e04e:eca4:15a6:a79a:b9e3] [/home/u991737198/domains/tas2023.online/public_html/lib/base.php:3281] View->sandbox()
Mon, 10 Mar 2025 15:59:01 +0000 [2600:1006:b01f:e04e:eca4:15a6:a79a:b9e3] [/home/u991737198/domains/tas2023.online/public_html/tmp/3hn69l4qoa804.3h31n1yj254w8.php:7] Preview->render()
Mon, 10 Mar 2025 15:59:01 +0000 [2600:1006:b01f:e04e:eca4:15a6:a79a:b9e3] [/home/u991737198/domains/tas2023.online/public_html/lib/base.php:3036] require('/home/u991737198/domains/tas2023.online/public_html/tmp/3hn69l4qoa804.3h31n1yj254w8.php')
Mon, 10 Mar 2025 15:59:01 +0000 [2600:1006:b01f:e04e:eca4:15a6:a79a:b9e3] [/home/u991737198/domains/tas2023.online/public_html/lib/base.php:3281] View->sandbox()
Mon, 10 Mar 2025 15:59:01 +0000 [2600:1006:b01f:e04e:eca4:15a6:a79a:b9e3] [/home/u991737198/domains/tas2023.online/public_html/app/controllers/Controller.php:87] Preview->render()
Mon, 10 Mar 2025 15:59:01 +0000 [2600:1006:b01f:e04e:eca4:15a6:a79a:b9e3] [/home/u991737198/domains/tas2023.online/public_html/lib/base.php:2078] Controller->afterroute()
Mon, 10 Mar 2025 15:59:01 +0000 [2600:1006:b01f:e04e:eca4:15a6:a79a:b9e3] [/home/u991737198/domains/tas2023.online/public_html/lib/base.php:1871] Base->call()
Mon, 10 Mar 2025 15:59:01 +0000 [2600:1006:b01f:e04e:eca4:15a6:a79a:b9e3] [/home/u991737198/domains/tas2023.online/public_html/index.php:19] Base->run()
Mon, 10 Mar 2025 15:59:37 +0000 [2600:1006:b01f:e04e:eca4:15a6:a79a:b9e3] 500: Undefined variable $selected_note trace: [/home/u991737198/domains/tas2023.online/public_html/tmp/3hn69l4qoa804.3g8shy2588w00.php:385]
Mon, 10 Mar 2025 15:59:37 +0000 [2600:1006:b01f:e04e:eca4:15a6:a79a:b9e3] [/home/u991737198/domains/tas2023.online/public_html/tmp/3hn69l4qoa804.3g8shy2588w00.php:385] Base->{closure}()
Mon, 10 Mar 2025 15:59:37 +0000 [2600:1006:b01f:e04e:eca4:15a6:a79a:b9e3] [/home/u991737198/domains/tas2023.online/public_html/lib/base.php:3036] require('/home/u991737198/domains/tas2023.online/public_html/tmp/3hn69l4qoa804.3g8shy2588w00.php')
Mon, 10 Mar 2025 15:59:37 +0000 [2600:1006:b01f:e04e:eca4:15a6:a79a:b9e3] [/home/u991737198/domains/tas2023.online/public_html/lib/base.php:3281] View->sandbox()
Mon, 10 Mar 2025 15:59:37 +0000 [2600:1006:b01f:e04e:eca4:15a6:a79a:b9e3] [/home/u991737198/domains/tas2023.online/public_html/tmp/3hn69l4qoa804.3h31n1yj254w8.php:7] Preview->render()
Mon, 10 Mar 2025 15:59:37 +0000 [2600:1006:b01f:e04e:eca4:15a6:a79a:b9e3] [/home/u991737198/domains/tas2023.online/public_html/lib/base.php:3036] require('/home/u991737198/domains/tas2023.online/public_html/tmp/3hn69l4qoa804.3h31n1yj254w8.php')
Mon, 10 Mar 2025 15:59:37 +0000 [2600:1006:b01f:e04e:eca4:15a6:a79a:b9e3] [/home/u991737198/domains/tas2023.online/public_html/lib/base.php:3281] View->sandbox()
Mon, 10 Mar 2025 15:59:37 +0000 [2600:1006:b01f:e04e:eca4:15a6:a79a:b9e3] [/home/u991737198/domains/tas2023.online/public_html/app/controllers/Controller.php:87] Preview->render()
Mon, 10 Mar 2025 15:59:37 +0000 [2600:1006:b01f:e04e:eca4:15a6:a79a:b9e3] [/home/u991737198/domains/tas2023.online/public_html/lib/base.php:2078] Controller->afterroute()
Mon, 10 Mar 2025 15:59:37 +0000 [2600:1006:b01f:e04e:eca4:15a6:a79a:b9e3] [/home/u991737198/domains/tas2023.online/public_html/lib/base.php:1871] Base->call()
Mon, 10 Mar 2025 15:59:37 +0000 [2600:1006:b01f:e04e:eca4:15a6:a79a:b9e3] [/home/u991737198/domains/tas2023.online/public_html/index.php:19] Base->run()
Mon, 10 Mar 2025 16:00:39 +0000 [2600:1006:b01f:e04e:eca4:15a6:a79a:b9e3] 500: Undefined variable $selected_note trace: [/home/u991737198/domains/tas2023.online/public_html/tmp/3hn69l4qoa804.3g8shy2588w00.php:385]
Mon, 10 Mar 2025 16:00:39 +0000 [2600:1006:b01f:e04e:eca4:15a6:a79a:b9e3] [/home/u991737198/domains/tas2023.online/public_html/tmp/3hn69l4qoa804.3g8shy2588w00.php:385] Base->{closure}()
Mon, 10 Mar 2025 16:00:39 +0000 [2600:1006:b01f:e04e:eca4:15a6:a79a:b9e3] [/home/u991737198/domains/tas2023.online/public_html/lib/base.php:3036] require('/home/u991737198/domains/tas2023.online/public_html/tmp/3hn69l4qoa804.3g8shy2588w00.php')
Mon, 10 Mar 2025 16:00:39 +0000 [2600:1006:b01f:e04e:eca4:15a6:a79a:b9e3] [/home/u991737198/domains/tas2023.online/public_html/lib/base.php:3281] View->sandbox()
Mon, 10 Mar 2025 16:00:39 +0000 [2600:1006:b01f:e04e:eca4:15a6:a79a:b9e3] [/home/u991737198/domains/tas2023.online/public_html/tmp/3hn69l4qoa804.3h31n1yj254w8.php:7] Preview->render()
Mon, 10 Mar 2025 16:00:39 +0000 [2600:1006:b01f:e04e:eca4:15a6:a79a:b9e3] [/home/u991737198/domains/tas2023.online/public_html/lib/base.php:3036] require('/home/u991737198/domains/tas2023.online/public_html/tmp/3hn69l4qoa804.3h31n1yj254w8.php')
Mon, 10 Mar 2025 16:00:39 +0000 [2600:1006:b01f:e04e:eca4:15a6:a79a:b9e3] [/home/u991737198/domains/tas2023.online/public_html/lib/base.php:3281] View->sandbox()
Mon, 10 Mar 2025 16:00:39 +0000 [2600:1006:b01f:e04e:eca4:15a6:a79a:b9e3] [/home/u991737198/domains/tas2023.online/public_html/app/controllers/Controller.php:87] Preview->render()
Mon, 10 Mar 2025 16:00:39 +0000 [2600:1006:b01f:e04e:eca4:15a6:a79a:b9e3] [/home/u991737198/domains/tas2023.online/public_html/lib/base.php:2078] Controller->afterroute()
Mon, 10 Mar 2025 16:00:39 +0000 [2600:1006:b01f:e04e:eca4:15a6:a79a:b9e3] [/home/u991737198/domains/tas2023.online/public_html/lib/base.php:1871] Base->call()
Mon, 10 Mar 2025 16:00:39 +0000 [2600:1006:b01f:e04e:eca4:15a6:a79a:b9e3] [/home/u991737198/domains/tas2023.online/public_html/index.php:19] Base->run()
Mon, 10 Mar 2025 18:29:46 +0000 [2600:1006:b01f:e04e:eca4:15a6:a79a:b9e3] 500: Undefined variable $selected_note trace: [/home/u991737198/domains/tas2023.online/public_html/tmp/3hn69l4qoa804.3g8shy2588w00.php:385]
Mon, 10 Mar 2025 18:29:46 +0000 [2600:1006:b01f:e04e:eca4:15a6:a79a:b9e3] [/home/u991737198/domains/tas2023.online/public_html/tmp/3hn69l4qoa804.3g8shy2588w00.php:385] Base->{closure}()
Mon, 10 Mar 2025 18:29:46 +0000 [2600:1006:b01f:e04e:eca4:15a6:a79a:b9e3] [/home/u991737198/domains/tas2023.online/public_html/lib/base.php:3036] require('/home/u991737198/domains/tas2023.online/public_html/tmp/3hn69l4qoa804.3g8shy2588w00.php')
Mon, 10 Mar 2025 18:29:46 +0000 [2600:1006:b01f:e04e:eca4:15a6:a79a:b9e3] [/home/u991737198/domains/tas2023.online/public_html/lib/base.php:3281] View->sandbox()
Mon, 10 Mar 2025 18:29:46 +0000 [2600:1006:b01f:e04e:eca4:15a6:a79a:b9e3] [/home/u991737198/domains/tas2023.online/public_html/tmp/3hn69l4qoa804.3h31n1yj254w8.php:7] Preview->render()
Mon, 10 Mar 2025 18:29:46 +0000 [2600:1006:b01f:e04e:eca4:15a6:a79a:b9e3] [/home/u991737198/domains/tas2023.online/public_html/lib/base.php:3036] require('/home/u991737198/domains/tas2023.online/public_html/tmp/3hn69l4qoa804.3h31n1yj254w8.php')
Mon, 10 Mar 2025 18:29:46 +0000 [2600:1006:b01f:e04e:eca4:15a6:a79a:b9e3] [/home/u991737198/domains/tas2023.online/public_html/lib/base.php:3281] View->sandbox()
Mon, 10 Mar 2025 18:29:46 +0000 [2600:1006:b01f:e04e:eca4:15a6:a79a:b9e3] [/home/u991737198/domains/tas2023.online/public_html/app/controllers/Controller.php:87] Preview->render()
Mon, 10 Mar 2025 18:29:46 +0000 [2600:1006:b01f:e04e:eca4:15a6:a79a:b9e3] [/home/u991737198/domains/tas2023.online/public_html/lib/base.php:2078] Controller->afterroute()
Mon, 10 Mar 2025 18:29:46 +0000 [2600:1006:b01f:e04e:eca4:15a6:a79a:b9e3] [/home/u991737198/domains/tas2023.online/public_html/lib/base.php:1871] Base->call()
Mon, 10 Mar 2025 18:29:46 +0000 [2600:1006:b01f:e04e:eca4:15a6:a79a:b9e3] [/home/u991737198/domains/tas2023.online/public_html/index.php:19] Base->run()
Mon, 10 Mar 2025 18:32:07 +0000 [2600:1006:b01f:e04e:eca4:15a6:a79a:b9e3] 500: Undefined variable $selected_note trace: [/home/u991737198/domains/tas2023.online/public_html/tmp/3hn69l4qoa804.3g8shy2588w00.php:385]
Mon, 10 Mar 2025 18:32:07 +0000 [2600:1006:b01f:e04e:eca4:15a6:a79a:b9e3] [/home/u991737198/domains/tas2023.online/public_html/tmp/3hn69l4qoa804.3g8shy2588w00.php:385] Base->{closure}()
Mon, 10 Mar 2025 18:32:07 +0000 [2600:1006:b01f:e04e:eca4:15a6:a79a:b9e3] [/home/u991737198/domains/tas2023.online/public_html/lib/base.php:3036] require('/home/u991737198/domains/tas2023.online/public_html/tmp/3hn69l4qoa804.3g8shy2588w00.php')
Mon, 10 Mar 2025 18:32:07 +0000 [2600:1006:b01f:e04e:eca4:15a6:a79a:b9e3] [/home/u991737198/domains/tas2023.online/public_html/lib/base.php:3281] View->sandbox()
Mon, 10 Mar 2025 18:32:07 +0000 [2600:1006:b01f:e04e:eca4:15a6:a79a:b9e3] [/home/u991737198/domains/tas2023.online/public_html/tmp/3hn69l4qoa804.3h31n1yj254w8.php:7] Preview->render()
Mon, 10 Mar 2025 18:32:07 +0000 [2600:1006:b01f:e04e:eca4:15a6:a79a:b9e3] [/home/u991737198/domains/tas2023.online/public_html/lib/base.php:3036] require('/home/u991737198/domains/tas2023.online/public_html/tmp/3hn69l4qoa804.3h31n1yj254w8.php')
Mon, 10 Mar 2025 18:32:07 +0000 [2600:1006:b01f:e04e:eca4:15a6:a79a:b9e3] [/home/u991737198/domains/tas2023.online/public_html/lib/base.php:3281] View->sandbox()
Mon, 10 Mar 2025 18:32:07 +0000 [2600:1006:b01f:e04e:eca4:15a6:a79a:b9e3] [/home/u991737198/domains/tas2023.online/public_html/app/controllers/Controller.php:87] Preview->render()
Mon, 10 Mar 2025 18:32:07 +0000 [2600:1006:b01f:e04e:eca4:15a6:a79a:b9e3] [/home/u991737198/domains/tas2023.online/public_html/lib/base.php:2078] Controller->afterroute()
Mon, 10 Mar 2025 18:32:07 +0000 [2600:1006:b01f:e04e:eca4:15a6:a79a:b9e3] [/home/u991737198/domains/tas2023.online/public_html/lib/base.php:1871] Base->call()
Mon, 10 Mar 2025 18:32:07 +0000 [2600:1006:b01f:e04e:eca4:15a6:a79a:b9e3] [/home/u991737198/domains/tas2023.online/public_html/index.php:19] Base->run()
Mon, 10 Mar 2025 21:04:18 +0000 [24.173.132.66] 500: Undefined variable $selected_note trace: [/home/u991737198/domains/tas2023.online/public_html/tmp/3hn69l4qoa804.3g8shy2588w00.php:385]
Mon, 10 Mar 2025 21:04:18 +0000 [24.173.132.66] [/home/u991737198/domains/tas2023.online/public_html/tmp/3hn69l4qoa804.3g8shy2588w00.php:385] Base->{closure}()
Mon, 10 Mar 2025 21:04:18 +0000 [24.173.132.66] [/home/u991737198/domains/tas2023.online/public_html/lib/base.php:3036] require('/home/u991737198/domains/tas2023.online/public_html/tmp/3hn69l4qoa804.3g8shy2588w00.php')
Mon, 10 Mar 2025 21:04:18 +0000 [24.173.132.66] [/home/u991737198/domains/tas2023.online/public_html/lib/base.php:3281] View->sandbox()
Mon, 10 Mar 2025 21:04:18 +0000 [24.173.132.66] [/home/u991737198/domains/tas2023.online/public_html/tmp/3hn69l4qoa804.3h31n1yj254w8.php:7] Preview->render()
Mon, 10 Mar 2025 21:04:18 +0000 [24.173.132.66] [/home/u991737198/domains/tas2023.online/public_html/lib/base.php:3036] require('/home/u991737198/domains/tas2023.online/public_html/tmp/3hn69l4qoa804.3h31n1yj254w8.php')
Mon, 10 Mar 2025 21:04:18 +0000 [24.173.132.66] [/home/u991737198/domains/tas2023.online/public_html/lib/base.php:3281] View->sandbox()
Mon, 10 Mar 2025 21:04:18 +0000 [24.173.132.66] [/home/u991737198/domains/tas2023.online/public_html/app/controllers/Controller.php:87] Preview->render()
Mon, 10 Mar 2025 21:04:18 +0000 [24.173.132.66] [/home/u991737198/domains/tas2023.online/public_html/lib/base.php:2078] Controller->afterroute()
Mon, 10 Mar 2025 21:04:18 +0000 [24.173.132.66] [/home/u991737198/domains/tas2023.online/public_html/lib/base.php:1871] Base->call()
Mon, 10 Mar 2025 21:04:18 +0000 [24.173.132.66] [/home/u991737198/domains/tas2023.online/public_html/index.php:19] Base->run()
Mon, 10 Mar 2025 21:05:53 +0000 [24.173.132.66] 500: Undefined array key "entity_num" trace: [/home/u991737198/domains/tas2023.online/public_html/tmp/3hn69l4qoa804.9b9764piwerh.php:78]
Mon, 10 Mar 2025 21:05:53 +0000 [24.173.132.66] [/home/u991737198/domains/tas2023.online/public_html/tmp/3hn69l4qoa804.9b9764piwerh.php:78] Base->{closure}()
Mon, 10 Mar 2025 21:05:53 +0000 [24.173.132.66] [/home/u991737198/domains/tas2023.online/public_html/lib/base.php:3036] require('/home/u991737198/domains/tas2023.online/public_html/tmp/3hn69l4qoa804.9b9764piwerh.php')
Mon, 10 Mar 2025 21:05:53 +0000 [24.173.132.66] [/home/u991737198/domains/tas2023.online/public_html/lib/base.php:3281] View->sandbox()
Mon, 10 Mar 2025 21:05:53 +0000 [24.173.132.66] [/home/u991737198/domains/tas2023.online/public_html/tmp/3hn69l4qoa804.3h31n1yj254w8.php:7] Preview->render()
Mon, 10 Mar 2025 21:05:53 +0000 [24.173.132.66] [/home/u991737198/domains/tas2023.online/public_html/lib/base.php:3036] require('/home/u991737198/domains/tas2023.online/public_html/tmp/3hn69l4qoa804.3h31n1yj254w8.php')
Mon, 10 Mar 2025 21:05:53 +0000 [24.173.132.66] [/home/u991737198/domains/tas2023.online/public_html/lib/base.php:3281] View->sandbox()
Mon, 10 Mar 2025 21:05:53 +0000 [24.173.132.66] [/home/u991737198/domains/tas2023.online/public_html/app/controllers/Controller.php:87] Preview->render()
Mon, 10 Mar 2025 21:05:53 +0000 [24.173.132.66] [/home/u991737198/domains/tas2023.online/public_html/lib/base.php:2078] Controller->afterroute()
Mon, 10 Mar 2025 21:05:53 +0000 [24.173.132.66] [/home/u991737198/domains/tas2023.online/public_html/lib/base.php:1871] Base->call()
Mon, 10 Mar 2025 21:05:53 +0000 [24.173.132.66] [/home/u991737198/domains/tas2023.online/public_html/index.php:19] Base->run()
Mon, 10 Mar 2025 21:08:23 +0000 [24.173.132.66] 500: Undefined array key "entity_num" trace: [/home/u991737198/domains/tas2023.online/public_html/tmp/3hn69l4qoa804.9b9764piwerh.php:78]
Mon, 10 Mar 2025 21:08:23 +0000 [24.173.132.66] [/home/u991737198/domains/tas2023.online/public_html/tmp/3hn69l4qoa804.9b9764piwerh.php:78] Base->{closure}()
Mon, 10 Mar 2025 21:08:23 +0000 [24.173.132.66] [/home/u991737198/domains/tas2023.online/public_html/lib/base.php:3036] require('/home/u991737198/domains/tas2023.online/public_html/tmp/3hn69l4qoa804.9b9764piwerh.php')
Mon, 10 Mar 2025 21:08:23 +0000 [24.173.132.66] [/home/u991737198/domains/tas2023.online/public_html/lib/base.php:3281] View->sandbox()
Mon, 10 Mar 2025 21:08:23 +0000 [24.173.132.66] [/home/u991737198/domains/tas2023.online/public_html/tmp/3hn69l4qoa804.3h31n1yj254w8.php:7] Preview->render()
Mon, 10 Mar 2025 21:08:23 +0000 [24.173.132.66] [/home/u991737198/domains/tas2023.online/public_html/lib/base.php:3036] require('/home/u991737198/domains/tas2023.online/public_html/tmp/3hn69l4qoa804.3h31n1yj254w8.php')
Mon, 10 Mar 2025 21:08:23 +0000 [24.173.132.66] [/home/u991737198/domains/tas2023.online/public_html/lib/base.php:3281] View->sandbox()
Mon, 10 Mar 2025 21:08:23 +0000 [24.173.132.66] [/home/u991737198/domains/tas2023.online/public_html/app/controllers/Controller.php:87] Preview->render()
Mon, 10 Mar 2025 21:08:23 +0000 [24.173.132.66] [/home/u991737198/domains/tas2023.online/public_html/lib/base.php:2078] Controller->afterroute()
Mon, 10 Mar 2025 21:08:23 +0000 [24.173.132.66] [/home/u991737198/domains/tas2023.online/public_html/lib/base.php:1871] Base->call()
Mon, 10 Mar 2025 21:08:23 +0000 [24.173.132.66] [/home/u991737198/domains/tas2023.online/public_html/index.php:19] Base->run()
Mon, 10 Mar 2025 21:13:38 +0000 [24.173.132.66] 500: Undefined array key "entity_num" trace: [/home/u991737198/domains/tas2023.online/public_html/tmp/3hn69l4qoa804.9b9764piwerh.php:78]
Mon, 10 Mar 2025 21:13:38 +0000 [24.173.132.66] [/home/u991737198/domains/tas2023.online/public_html/tmp/3hn69l4qoa804.9b9764piwerh.php:78] Base->{closure}()
Mon, 10 Mar 2025 21:13:38 +0000 [24.173.132.66] [/home/u991737198/domains/tas2023.online/public_html/lib/base.php:3036] require('/home/u991737198/domains/tas2023.online/public_html/tmp/3hn69l4qoa804.9b9764piwerh.php')
Mon, 10 Mar 2025 21:13:38 +0000 [24.173.132.66] [/home/u991737198/domains/tas2023.online/public_html/lib/base.php:3281] View->sandbox()
Mon, 10 Mar 2025 21:13:38 +0000 [24.173.132.66] [/home/u991737198/domains/tas2023.online/public_html/tmp/3hn69l4qoa804.3h31n1yj254w8.php:7] Preview->render()
Mon, 10 Mar 2025 21:13:38 +0000 [24.173.132.66] [/home/u991737198/domains/tas2023.online/public_html/lib/base.php:3036] require('/home/u991737198/domains/tas2023.online/public_html/tmp/3hn69l4qoa804.3h31n1yj254w8.php')
Mon, 10 Mar 2025 21:13:38 +0000 [24.173.132.66] [/home/u991737198/domains/tas2023.online/public_html/lib/base.php:3281] View->sandbox()
Mon, 10 Mar 2025 21:13:38 +0000 [24.173.132.66] [/home/u991737198/domains/tas2023.online/public_html/app/controllers/Controller.php:87] Preview->render()
Mon, 10 Mar 2025 21:13:38 +0000 [24.173.132.66] [/home/u991737198/domains/tas2023.online/public_html/lib/base.php:2078] Controller->afterroute()
Mon, 10 Mar 2025 21:13:38 +0000 [24.173.132.66] [/home/u991737198/domains/tas2023.online/public_html/lib/base.php:1871] Base->call()
Mon, 10 Mar 2025 21:13:38 +0000 [24.173.132.66] [/home/u991737198/domains/tas2023.online/public_html/index.php:19] Base->run()
Mon, 10 Mar 2025 21:18:37 +0000 [24.173.132.66] 500: Undefined array key "entity_num" trace: [/home/u991737198/domains/tas2023.online/public_html/tmp/3hn69l4qoa804.9b9764piwerh.php:78]
Mon, 10 Mar 2025 21:18:37 +0000 [24.173.132.66] [/home/u991737198/domains/tas2023.online/public_html/tmp/3hn69l4qoa804.9b9764piwerh.php:78] Base->{closure}()
Mon, 10 Mar 2025 21:18:37 +0000 [24.173.132.66] [/home/u991737198/domains/tas2023.online/public_html/lib/base.php:3036] require('/home/u991737198/domains/tas2023.online/public_html/tmp/3hn69l4qoa804.9b9764piwerh.php')
Mon, 10 Mar 2025 21:18:37 +0000 [24.173.132.66] [/home/u991737198/domains/tas2023.online/public_html/lib/base.php:3281] View->sandbox()
Mon, 10 Mar 2025 21:18:37 +0000 [24.173.132.66] [/home/u991737198/domains/tas2023.online/public_html/tmp/3hn69l4qoa804.3h31n1yj254w8.php:7] Preview->render()
Mon, 10 Mar 2025 21:18:37 +0000 [24.173.132.66] [/home/u991737198/domains/tas2023.online/public_html/lib/base.php:3036] require('/home/u991737198/domains/tas2023.online/public_html/tmp/3hn69l4qoa804.3h31n1yj254w8.php')
Mon, 10 Mar 2025 21:18:37 +0000 [24.173.132.66] [/home/u991737198/domains/tas2023.online/public_html/lib/base.php:3281] View->sandbox()
Mon, 10 Mar 2025 21:18:37 +0000 [24.173.132.66] [/home/u991737198/domains/tas2023.online/public_html/app/controllers/Controller.php:87] Preview->render()
Mon, 10 Mar 2025 21:18:37 +0000 [24.173.132.66] [/home/u991737198/domains/tas2023.online/public_html/lib/base.php:2078] Controller->afterroute()
Mon, 10 Mar 2025 21:18:37 +0000 [24.173.132.66] [/home/u991737198/domains/tas2023.online/public_html/lib/base.php:1871] Base->call()
Mon, 10 Mar 2025 21:18:37 +0000 [24.173.132.66] [/home/u991737198/domains/tas2023.online/public_html/index.php:19] Base->run()
Mon, 10 Mar 2025 21:19:18 +0000 [24.173.132.66] 500: Undefined array key "entity_num" trace: [/home/u991737198/domains/tas2023.online/public_html/tmp/3hn69l4qoa804.9b9764piwerh.php:78]
Mon, 10 Mar 2025 21:19:18 +0000 [24.173.132.66] [/home/u991737198/domains/tas2023.online/public_html/tmp/3hn69l4qoa804.9b9764piwerh.php:78] Base->{closure}()
Mon, 10 Mar 2025 21:19:18 +0000 [24.173.132.66] [/home/u991737198/domains/tas2023.online/public_html/lib/base.php:3036] require('/home/u991737198/domains/tas2023.online/public_html/tmp/3hn69l4qoa804.9b9764piwerh.php')
Mon, 10 Mar 2025 21:19:18 +0000 [24.173.132.66] [/home/u991737198/domains/tas2023.online/public_html/lib/base.php:3281] View->sandbox()
Mon, 10 Mar 2025 21:19:18 +0000 [24.173.132.66] [/home/u991737198/domains/tas2023.online/public_html/tmp/3hn69l4qoa804.3h31n1yj254w8.php:7] Preview->render()
Mon, 10 Mar 2025 21:19:18 +0000 [24.173.132.66] [/home/u991737198/domains/tas2023.online/public_html/lib/base.php:3036] require('/home/u991737198/domains/tas2023.online/public_html/tmp/3hn69l4qoa804.3h31n1yj254w8.php')
Mon, 10 Mar 2025 21:19:18 +0000 [24.173.132.66] [/home/u991737198/domains/tas2023.online/public_html/lib/base.php:3281] View->sandbox()
Mon, 10 Mar 2025 21:19:18 +0000 [24.173.132.66] [/home/u991737198/domains/tas2023.online/public_html/app/controllers/Controller.php:87] Preview->render()
Mon, 10 Mar 2025 21:19:18 +0000 [24.173.132.66] [/home/u991737198/domains/tas2023.online/public_html/lib/base.php:2078] Controller->afterroute()
Mon, 10 Mar 2025 21:19:18 +0000 [24.173.132.66] [/home/u991737198/domains/tas2023.online/public_html/lib/base.php:1871] Base->call()
Mon, 10 Mar 2025 21:19:18 +0000 [24.173.132.66] [/home/u991737198/domains/tas2023.online/public_html/index.php:19] Base->run()
Mon, 10 Mar 2025 21:21:48 +0000 [24.173.132.66] 500: Undefined array key "entity_num" trace: [/home/u991737198/domains/tas2023.online/public_html/tmp/3hn69l4qoa804.9b9764piwerh.php:78]
Mon, 10 Mar 2025 21:21:48 +0000 [24.173.132.66] [/home/u991737198/domains/tas2023.online/public_html/tmp/3hn69l4qoa804.9b9764piwerh.php:78] Base->{closure}()
Mon, 10 Mar 2025 21:21:48 +0000 [24.173.132.66] [/home/u991737198/domains/tas2023.online/public_html/lib/base.php:3036] require('/home/u991737198/domains/tas2023.online/public_html/tmp/3hn69l4qoa804.9b9764piwerh.php')
Mon, 10 Mar 2025 21:21:48 +0000 [24.173.132.66] [/home/u991737198/domains/tas2023.online/public_html/lib/base.php:3281] View->sandbox()
Mon, 10 Mar 2025 21:21:48 +0000 [24.173.132.66] [/home/u991737198/domains/tas2023.online/public_html/tmp/3hn69l4qoa804.3h31n1yj254w8.php:7] Preview->render()
Mon, 10 Mar 2025 21:21:48 +0000 [24.173.132.66] [/home/u991737198/domains/tas2023.online/public_html/lib/base.php:3036] require('/home/u991737198/domains/tas2023.online/public_html/tmp/3hn69l4qoa804.3h31n1yj254w8.php')
Mon, 10 Mar 2025 21:21:48 +0000 [24.173.132.66] [/home/u991737198/domains/tas2023.online/public_html/lib/base.php:3281] View->sandbox()
Mon, 10 Mar 2025 21:21:48 +0000 [24.173.132.66] [/home/u991737198/domains/tas2023.online/public_html/app/controllers/Controller.php:87] Preview->render()
Mon, 10 Mar 2025 21:21:48 +0000 [24.173.132.66] [/home/u991737198/domains/tas2023.online/public_html/lib/base.php:2078] Controller->afterroute()
Mon, 10 Mar 2025 21:21:48 +0000 [24.173.132.66] [/home/u991737198/domains/tas2023.online/public_html/lib/base.php:1871] Base->call()
Mon, 10 Mar 2025 21:21:48 +0000 [24.173.132.66] [/home/u991737198/domains/tas2023.online/public_html/index.php:19] Base->run()
Mon, 10 Mar 2025 21:36:46 +0000 [24.173.132.66] 500: Undefined array key "entity_num" trace: [/home/u991737198/domains/tas2023.online/public_html/tmp/3hn69l4qoa804.9b9764piwerh.php:78]
Mon, 10 Mar 2025 21:36:46 +0000 [24.173.132.66] [/home/u991737198/domains/tas2023.online/public_html/tmp/3hn69l4qoa804.9b9764piwerh.php:78] Base->{closure}()
Mon, 10 Mar 2025 21:36:46 +0000 [24.173.132.66] [/home/u991737198/domains/tas2023.online/public_html/lib/base.php:3036] require('/home/u991737198/domains/tas2023.online/public_html/tmp/3hn69l4qoa804.9b9764piwerh.php')
Mon, 10 Mar 2025 21:36:46 +0000 [24.173.132.66] [/home/u991737198/domains/tas2023.online/public_html/lib/base.php:3281] View->sandbox()
Mon, 10 Mar 2025 21:36:46 +0000 [24.173.132.66] [/home/u991737198/domains/tas2023.online/public_html/tmp/3hn69l4qoa804.3h31n1yj254w8.php:7] Preview->render()
Mon, 10 Mar 2025 21:36:46 +0000 [24.173.132.66] [/home/u991737198/domains/tas2023.online/public_html/lib/base.php:3036] require('/home/u991737198/domains/tas2023.online/public_html/tmp/3hn69l4qoa804.3h31n1yj254w8.php')
Mon, 10 Mar 2025 21:36:46 +0000 [24.173.132.66] [/home/u991737198/domains/tas2023.online/public_html/lib/base.php:3281] View->sandbox()
Mon, 10 Mar 2025 21:36:46 +0000 [24.173.132.66] [/home/u991737198/domains/tas2023.online/public_html/app/controllers/Controller.php:87] Preview->render()
Mon, 10 Mar 2025 21:36:46 +0000 [24.173.132.66] [/home/u991737198/domains/tas2023.online/public_html/lib/base.php:2078] Controller->afterroute()
Mon, 10 Mar 2025 21:36:46 +0000 [24.173.132.66] [/home/u991737198/domains/tas2023.online/public_html/lib/base.php:1871] Base->call()
Mon, 10 Mar 2025 21:36:46 +0000 [24.173.132.66] [/home/u991737198/domains/tas2023.online/public_html/index.php:19] Base->run()
Mon, 10 Mar 2025 21:36:46 +0000 [24.173.132.66] 401: HTTP 401 (GET /task/userNotesCount) trace: [/home/u991737198/domains/tas2023.online/public_html/lib/access.php:112] Base->error()
Mon, 10 Mar 2025 21:36:46 +0000 [24.173.132.66] [/home/u991737198/domains/tas2023.online/public_html/app/controllers/Controller.php:78] Access->authorize()
Mon, 10 Mar 2025 21:36:46 +0000 [24.173.132.66] [/home/u991737198/domains/tas2023.online/public_html/lib/base.php:2069] Controller->beforeroute()
Mon, 10 Mar 2025 21:36:46 +0000 [24.173.132.66] [/home/u991737198/domains/tas2023.online/public_html/lib/base.php:1871] Base->call()
Mon, 10 Mar 2025 21:36:46 +0000 [24.173.132.66] [/home/u991737198/domains/tas2023.online/public_html/index.php:19] Base->run()
Mon, 10 Mar 2025 21:36:51 +0000 [24.173.132.66] 500: Undefined variable $q trace: [tmp/3hn69l4qoa804.1zo7dt0fljr4w.php:148]
Mon, 10 Mar 2025 21:36:51 +0000 [24.173.132.66] [tmp/3hn69l4qoa804.1zo7dt0fljr4w.php:148] Base->{closure}()
Mon, 10 Mar 2025 21:36:51 +0000 [24.173.132.66] [lib/base.php:3036] require('/home/u991737198/domains/tas2023.online/public_html/tmp/3hn69l4qoa804.1zo7dt0fljr4w.php')
Mon, 10 Mar 2025 21:36:51 +0000 [24.173.132.66] [lib/base.php:3281] View->sandbox()
Mon, 10 Mar 2025 21:36:51 +0000 [24.173.132.66] [tmp/3hn69l4qoa804.3cndbbhzhn8ko.php:19] Preview->render()
Mon, 10 Mar 2025 21:36:51 +0000 [24.173.132.66] [lib/base.php:3036] require('/home/u991737198/domains/tas2023.online/public_html/tmp/3hn69l4qoa804.3cndbbhzhn8ko.php')
Mon, 10 Mar 2025 21:36:51 +0000 [24.173.132.66] [lib/base.php:3281] View->sandbox()
Mon, 10 Mar 2025 21:36:51 +0000 [24.173.132.66] [app/controllers/Controller.php:90] Preview->render()
Mon, 10 Mar 2025 21:36:51 +0000 [24.173.132.66] [lib/base.php:2078] Controller->afterroute()
Mon, 10 Mar 2025 21:36:51 +0000 [24.173.132.66] [lib/base.php:1871] Base->call()
Mon, 10 Mar 2025 21:36:51 +0000 [24.173.132.66] [index.php:19] Base->run()
Mon, 10 Mar 2025 21:36:51 +0000 [24.173.132.66] 401: HTTP 401 (GET /task/taskDistribution) trace: [/home/u991737198/domains/tas2023.online/public_html/lib/access.php:112] Base->error()
Mon, 10 Mar 2025 21:36:51 +0000 [24.173.132.66] [/home/u991737198/domains/tas2023.online/public_html/app/controllers/Controller.php:78] Access->authorize()
Mon, 10 Mar 2025 21:36:51 +0000 [24.173.132.66] [/home/u991737198/domains/tas2023.online/public_html/lib/base.php:2069] Controller->beforeroute()
Mon, 10 Mar 2025 21:36:51 +0000 [24.173.132.66] [/home/u991737198/domains/tas2023.online/public_html/lib/base.php:1871] Base->call()
Mon, 10 Mar 2025 21:36:51 +0000 [24.173.132.66] [/home/u991737198/domains/tas2023.online/public_html/index.php:19] Base->run()
Mon, 10 Mar 2025 21:36:51 +0000 [24.173.132.66] 401: HTTP 401 (GET /task/taskData) trace: [/home/u991737198/domains/tas2023.online/public_html/lib/access.php:112] Base->error()
Mon, 10 Mar 2025 21:36:51 +0000 [24.173.132.66] [/home/u991737198/domains/tas2023.online/public_html/app/controllers/Controller.php:78] Access->authorize()
Mon, 10 Mar 2025 21:36:51 +0000 [24.173.132.66] [/home/u991737198/domains/tas2023.online/public_html/lib/base.php:2069] Controller->beforeroute()
Mon, 10 Mar 2025 21:36:51 +0000 [24.173.132.66] [/home/u991737198/domains/tas2023.online/public_html/lib/base.php:1871] Base->call()
Mon, 10 Mar 2025 21:36:51 +0000 [24.173.132.66] [/home/u991737198/domains/tas2023.online/public_html/index.php:19] Base->run()
Mon, 10 Mar 2025 21:36:51 +0000 [24.173.132.66] 401: HTTP 401 (GET /task/userNotesCount) trace: [/home/u991737198/domains/tas2023.online/public_html/lib/access.php:112] Base->error()
Mon, 10 Mar 2025 21:36:51 +0000 [24.173.132.66] [/home/u991737198/domains/tas2023.online/public_html/app/controllers/Controller.php:78] Access->authorize()
Mon, 10 Mar 2025 21:36:51 +0000 [24.173.132.66] [/home/u991737198/domains/tas2023.online/public_html/lib/base.php:2069] Controller->beforeroute()
Mon, 10 Mar 2025 21:36:51 +0000 [24.173.132.66] 401: HTTP 401 (GET /task/teamProductivity) trace: [/home/u991737198/domains/tas2023.online/public_html/lib/access.php:112] Base->error()
Mon, 10 Mar 2025 21:36:51 +0000 [24.173.132.66] [/home/u991737198/domains/tas2023.online/public_html/lib/base.php:1871] Base->call()
Mon, 10 Mar 2025 21:36:51 +0000 [24.173.132.66] [/home/u991737198/domains/tas2023.online/public_html/index.php:19] Base->run()
Mon, 10 Mar 2025 21:36:51 +0000 [24.173.132.66] [/home/u991737198/domains/tas2023.online/public_html/app/controllers/Controller.php:78] Access->authorize()
Mon, 10 Mar 2025 21:36:51 +0000 [24.173.132.66] [/home/u991737198/domains/tas2023.online/public_html/lib/base.php:2069] Controller->beforeroute()
Mon, 10 Mar 2025 21:36:51 +0000 [24.173.132.66] [/home/u991737198/domains/tas2023.online/public_html/lib/base.php:1871] Base->call()
Mon, 10 Mar 2025 21:36:51 +0000 [24.173.132.66] [/home/u991737198/domains/tas2023.online/public_html/index.php:19] Base->run()
Mon, 10 Mar 2025 21:36:54 +0000 [24.173.132.66] 401: HTTP 401 (GET /task/taskData) trace: [/home/u991737198/domains/tas2023.online/public_html/lib/access.php:112] Base->error()
Mon, 10 Mar 2025 21:36:54 +0000 [24.173.132.66] [/home/u991737198/domains/tas2023.online/public_html/app/controllers/Controller.php:78] Access->authorize()
Mon, 10 Mar 2025 21:36:54 +0000 [24.173.132.66] [/home/u991737198/domains/tas2023.online/public_html/lib/base.php:2069] Controller->beforeroute()
Mon, 10 Mar 2025 21:36:54 +0000 [24.173.132.66] [/home/u991737198/domains/tas2023.online/public_html/lib/base.php:1871] Base->call()
Mon, 10 Mar 2025 21:36:54 +0000 [24.173.132.66] [/home/u991737198/domains/tas2023.online/public_html/index.php:19] Base->run()
Mon, 10 Mar 2025 21:36:54 +0000 [24.173.132.66] 401: HTTP 401 (GET /task/teamProductivity) trace: [/home/u991737198/domains/tas2023.online/public_html/lib/access.php:112] Base->error()
Mon, 10 Mar 2025 21:36:54 +0000 [24.173.132.66] [/home/u991737198/domains/tas2023.online/public_html/app/controllers/Controller.php:78] Access->authorize()
Mon, 10 Mar 2025 21:36:54 +0000 [24.173.132.66] [/home/u991737198/domains/tas2023.online/public_html/lib/base.php:2069] Controller->beforeroute()
Mon, 10 Mar 2025 21:36:54 +0000 [24.173.132.66] [/home/u991737198/domains/tas2023.online/public_html/lib/base.php:1871] Base->call()
Mon, 10 Mar 2025 21:36:54 +0000 [24.173.132.66] [/home/u991737198/domains/tas2023.online/public_html/index.php:19] Base->run()
Mon, 10 Mar 2025 21:36:54 +0000 [24.173.132.66] 401: HTTP 401 (GET /task/userNotesCount) trace: [/home/u991737198/domains/tas2023.online/public_html/lib/access.php:112] Base->error()
Mon, 10 Mar 2025 21:36:54 +0000 [24.173.132.66] [/home/u991737198/domains/tas2023.online/public_html/app/controllers/Controller.php:78] Access->authorize()
Mon, 10 Mar 2025 21:36:54 +0000 [24.173.132.66] [/home/u991737198/domains/tas2023.online/public_html/lib/base.php:2069] Controller->beforeroute()
Mon, 10 Mar 2025 21:36:54 +0000 [24.173.132.66] [/home/u991737198/domains/tas2023.online/public_html/lib/base.php:1871] Base->call()
Mon, 10 Mar 2025 21:36:54 +0000 [24.173.132.66] [/home/u991737198/domains/tas2023.online/public_html/index.php:19] Base->run()
Mon, 10 Mar 2025 21:36:54 +0000 [24.173.132.66] 401: HTTP 401 (GET /task/taskDistribution) trace: [/home/u991737198/domains/tas2023.online/public_html/lib/access.php:112] Base->error()
Mon, 10 Mar 2025 21:36:54 +0000 [24.173.132.66] [/home/u991737198/domains/tas2023.online/public_html/app/controllers/Controller.php:78] Access->authorize()
Mon, 10 Mar 2025 21:36:54 +0000 [24.173.132.66] [/home/u991737198/domains/tas2023.online/public_html/lib/base.php:2069] Controller->beforeroute()
Mon, 10 Mar 2025 21:36:54 +0000 [24.173.132.66] [/home/u991737198/domains/tas2023.online/public_html/lib/base.php:1871] Base->call()
Mon, 10 Mar 2025 21:36:54 +0000 [24.173.132.66] [/home/u991737198/domains/tas2023.online/public_html/index.php:19] Base->run()
Mon, 10 Mar 2025 21:36:55 +0000 [24.173.132.66] 401: HTTP 401 (GET /task/taskData) trace: [/home/u991737198/domains/tas2023.online/public_html/lib/access.php:112] Base->error()
Mon, 10 Mar 2025 21:36:55 +0000 [24.173.132.66] 401: HTTP 401 (GET /task/taskDistribution) trace: [/home/u991737198/domains/tas2023.online/public_html/lib/access.php:112] Base->error()
Mon, 10 Mar 2025 21:36:55 +0000 [24.173.132.66] [/home/u991737198/domains/tas2023.online/public_html/app/controllers/Controller.php:78] Access->authorize()
Mon, 10 Mar 2025 21:36:55 +0000 [24.173.132.66] [/home/u991737198/domains/tas2023.online/public_html/app/controllers/Controller.php:78] Access->authorize()
Mon, 10 Mar 2025 21:36:55 +0000 [24.173.132.66] [/home/u991737198/domains/tas2023.online/public_html/lib/base.php:2069] Controller->beforeroute()
Mon, 10 Mar 2025 21:36:55 +0000 [24.173.132.66] [/home/u991737198/domains/tas2023.online/public_html/lib/base.php:2069] Controller->beforeroute()
Mon, 10 Mar 2025 21:36:55 +0000 [24.173.132.66] [/home/u991737198/domains/tas2023.online/public_html/lib/base.php:1871] Base->call()
Mon, 10 Mar 2025 21:36:55 +0000 [24.173.132.66] [/home/u991737198/domains/tas2023.online/public_html/index.php:19] Base->run()
Mon, 10 Mar 2025 21:36:55 +0000 [24.173.132.66] [/home/u991737198/domains/tas2023.online/public_html/lib/base.php:1871] Base->call()
Mon, 10 Mar 2025 21:36:55 +0000 [24.173.132.66] [/home/u991737198/domains/tas2023.online/public_html/index.php:19] Base->run()
Mon, 10 Mar 2025 21:36:55 +0000 [24.173.132.66] 401: HTTP 401 (GET /task/userNotesCount) trace: [/home/u991737198/domains/tas2023.online/public_html/lib/access.php:112] Base->error()
Mon, 10 Mar 2025 21:36:55 +0000 [24.173.132.66] [/home/u991737198/domains/tas2023.online/public_html/app/controllers/Controller.php:78] Access->authorize()
Mon, 10 Mar 2025 21:36:55 +0000 [24.173.132.66] [/home/u991737198/domains/tas2023.online/public_html/lib/base.php:2069] Controller->beforeroute()
Mon, 10 Mar 2025 21:36:55 +0000 [24.173.132.66] [/home/u991737198/domains/tas2023.online/public_html/lib/base.php:1871] Base->call()
Mon, 10 Mar 2025 21:36:55 +0000 [24.173.132.66] [/home/u991737198/domains/tas2023.online/public_html/index.php:19] Base->run()
Mon, 10 Mar 2025 21:36:55 +0000 [24.173.132.66] 401: HTTP 401 (GET /task/teamProductivity) trace: [/home/u991737198/domains/tas2023.online/public_html/lib/access.php:112] Base->error()
Mon, 10 Mar 2025 21:36:55 +0000 [24.173.132.66] [/home/u991737198/domains/tas2023.online/public_html/app/controllers/Controller.php:78] Access->authorize()
Mon, 10 Mar 2025 21:36:55 +0000 [24.173.132.66] [/home/u991737198/domains/tas2023.online/public_html/lib/base.php:2069] Controller->beforeroute()
Mon, 10 Mar 2025 21:36:55 +0000 [24.173.132.66] [/home/u991737198/domains/tas2023.online/public_html/lib/base.php:1871] Base->call()
Mon, 10 Mar 2025 21:36:55 +0000 [24.173.132.66] [/home/u991737198/domains/tas2023.online/public_html/index.php:19] Base->run()
Mon, 10 Mar 2025 21:37:22 +0000 [24.173.132.66] 500: Undefined variable $entity_num trace: [tmp/3hn69l4qoa804.1zo7dt0fljr4w.php:200]
Mon, 10 Mar 2025 21:37:22 +0000 [24.173.132.66] [tmp/3hn69l4qoa804.1zo7dt0fljr4w.php:200] Base->{closure}()
Mon, 10 Mar 2025 21:37:22 +0000 [24.173.132.66] [lib/base.php:3036] require('/home/u991737198/domains/tas2023.online/public_html/tmp/3hn69l4qoa804.1zo7dt0fljr4w.php')
Mon, 10 Mar 2025 21:37:22 +0000 [24.173.132.66] [lib/base.php:3281] View->sandbox()
Mon, 10 Mar 2025 21:37:22 +0000 [24.173.132.66] [tmp/3hn69l4qoa804.3h31n1yj254w8.php:7] Preview->render()
Mon, 10 Mar 2025 21:37:22 +0000 [24.173.132.66] [lib/base.php:3036] require('/home/u991737198/domains/tas2023.online/public_html/tmp/3hn69l4qoa804.3h31n1yj254w8.php')
Mon, 10 Mar 2025 21:37:22 +0000 [24.173.132.66] [lib/base.php:3281] View->sandbox()
Mon, 10 Mar 2025 21:37:22 +0000 [24.173.132.66] [app/controllers/Controller.php:87] Preview->render()
Mon, 10 Mar 2025 21:37:22 +0000 [24.173.132.66] [lib/base.php:2078] Controller->afterroute()
Mon, 10 Mar 2025 21:37:22 +0000 [24.173.132.66] [lib/base.php:1871] Base->call()
Mon, 10 Mar 2025 21:37:22 +0000 [24.173.132.66] [index.php:19] Base->run()
Mon, 10 Mar 2025 21:37:26 +0000 [24.173.132.66] 500: Undefined variable $entity_num trace: [tmp/3hn69l4qoa804.man4oes5p0l2.php:177]
Mon, 10 Mar 2025 21:37:26 +0000 [24.173.132.66] [tmp/3hn69l4qoa804.man4oes5p0l2.php:177] Base->{closure}()
Mon, 10 Mar 2025 21:37:26 +0000 [24.173.132.66] [lib/base.php:3036] require('/home/u991737198/domains/tas2023.online/public_html/tmp/3hn69l4qoa804.man4oes5p0l2.php')
Mon, 10 Mar 2025 21:37:26 +0000 [24.173.132.66] [lib/base.php:3281] View->sandbox()
Mon, 10 Mar 2025 21:37:26 +0000 [24.173.132.66] [tmp/3hn69l4qoa804.3h31n1yj254w8.php:7] Preview->render()
Mon, 10 Mar 2025 21:37:26 +0000 [24.173.132.66] [lib/base.php:3036] require('/home/u991737198/domains/tas2023.online/public_html/tmp/3hn69l4qoa804.3h31n1yj254w8.php')
Mon, 10 Mar 2025 21:37:26 +0000 [24.173.132.66] [lib/base.php:3281] View->sandbox()
Mon, 10 Mar 2025 21:37:26 +0000 [24.173.132.66] [app/controllers/Controller.php:87] Preview->render()
Mon, 10 Mar 2025 21:37:26 +0000 [24.173.132.66] [lib/base.php:2078] Controller->afterroute()
Mon, 10 Mar 2025 21:37:26 +0000 [24.173.132.66] [lib/base.php:1871] Base->call()
Mon, 10 Mar 2025 21:37:26 +0000 [24.173.132.66] [index.php:19] Base->run()
Mon, 10 Mar 2025 21:37:30 +0000 [24.173.132.66] 500: Undefined array key "entity_num" trace: [/home/u991737198/domains/tas2023.online/public_html/tmp/3hn69l4qoa804.9b9764piwerh.php:78]
Mon, 10 Mar 2025 21:37:30 +0000 [24.173.132.66] [/home/u991737198/domains/tas2023.online/public_html/tmp/3hn69l4qoa804.9b9764piwerh.php:78] Base->{closure}()
Mon, 10 Mar 2025 21:37:30 +0000 [24.173.132.66] [/home/u991737198/domains/tas2023.online/public_html/lib/base.php:3036] require('/home/u991737198/domains/tas2023.online/public_html/tmp/3hn69l4qoa804.9b9764piwerh.php')
Mon, 10 Mar 2025 21:37:30 +0000 [24.173.132.66] [/home/u991737198/domains/tas2023.online/public_html/lib/base.php:3281] View->sandbox()
Mon, 10 Mar 2025 21:37:30 +0000 [24.173.132.66] [/home/u991737198/domains/tas2023.online/public_html/tmp/3hn69l4qoa804.3h31n1yj254w8.php:7] Preview->render()
Mon, 10 Mar 2025 21:37:30 +0000 [24.173.132.66] [/home/u991737198/domains/tas2023.online/public_html/lib/base.php:3036] require('/home/u991737198/domains/tas2023.online/public_html/tmp/3hn69l4qoa804.3h31n1yj254w8.php')
Mon, 10 Mar 2025 21:37:30 +0000 [24.173.132.66] [/home/u991737198/domains/tas2023.online/public_html/lib/base.php:3281] View->sandbox()
Mon, 10 Mar 2025 21:37:30 +0000 [24.173.132.66] [/home/u991737198/domains/tas2023.online/public_html/app/controllers/Controller.php:87] Preview->render()
Mon, 10 Mar 2025 21:37:30 +0000 [24.173.132.66] [/home/u991737198/domains/tas2023.online/public_html/lib/base.php:2078] Controller->afterroute()
Mon, 10 Mar 2025 21:37:30 +0000 [24.173.132.66] [/home/u991737198/domains/tas2023.online/public_html/lib/base.php:1871] Base->call()
Mon, 10 Mar 2025 21:37:30 +0000 [24.173.132.66] [/home/u991737198/domains/tas2023.online/public_html/index.php:19] Base->run()
Mon, 10 Mar 2025 21:48:23 +0000 [24.173.132.66] 500: Undefined variable $entity_num trace: [tmp/3hn69l4qoa804.1zo7dt0fljr4w.php:200]
Mon, 10 Mar 2025 21:48:23 +0000 [24.173.132.66] [tmp/3hn69l4qoa804.1zo7dt0fljr4w.php:200] Base->{closure}()
Mon, 10 Mar 2025 21:48:23 +0000 [24.173.132.66] [lib/base.php:3036] require('/home/u991737198/domains/tas2023.online/public_html/tmp/3hn69l4qoa804.1zo7dt0fljr4w.php')
Mon, 10 Mar 2025 21:48:23 +0000 [24.173.132.66] [lib/base.php:3281] View->sandbox()
Mon, 10 Mar 2025 21:48:23 +0000 [24.173.132.66] [tmp/3hn69l4qoa804.3h31n1yj254w8.php:7] Preview->render()
Mon, 10 Mar 2025 21:48:23 +0000 [24.173.132.66] [lib/base.php:3036] require('/home/u991737198/domains/tas2023.online/public_html/tmp/3hn69l4qoa804.3h31n1yj254w8.php')
Mon, 10 Mar 2025 21:48:23 +0000 [24.173.132.66] [lib/base.php:3281] View->sandbox()
Mon, 10 Mar 2025 21:48:23 +0000 [24.173.132.66] [app/controllers/Controller.php:87] Preview->render()
Mon, 10 Mar 2025 21:48:23 +0000 [24.173.132.66] [lib/base.php:2078] Controller->afterroute()
Mon, 10 Mar 2025 21:48:23 +0000 [24.173.132.66] [lib/base.php:1871] Base->call()
Mon, 10 Mar 2025 21:48:23 +0000 [24.173.132.66] [index.php:19] Base->run()
Mon, 10 Mar 2025 21:48:29 +0000 [24.173.132.66] 500: Undefined array key "entity_num" trace: [/home/u991737198/domains/tas2023.online/public_html/tmp/3hn69l4qoa804.9b9764piwerh.php:78]
Mon, 10 Mar 2025 21:48:29 +0000 [24.173.132.66] [/home/u991737198/domains/tas2023.online/public_html/tmp/3hn69l4qoa804.9b9764piwerh.php:78] Base->{closure}()
Mon, 10 Mar 2025 21:48:29 +0000 [24.173.132.66] [/home/u991737198/domains/tas2023.online/public_html/lib/base.php:3036] require('/home/u991737198/domains/tas2023.online/public_html/tmp/3hn69l4qoa804.9b9764piwerh.php')
Mon, 10 Mar 2025 21:48:29 +0000 [24.173.132.66] [/home/u991737198/domains/tas2023.online/public_html/lib/base.php:3281] View->sandbox()
Mon, 10 Mar 2025 21:48:29 +0000 [24.173.132.66] [/home/u991737198/domains/tas2023.online/public_html/tmp/3hn69l4qoa804.3h31n1yj254w8.php:7] Preview->render()
Mon, 10 Mar 2025 21:48:29 +0000 [24.173.132.66] [/home/u991737198/domains/tas2023.online/public_html/lib/base.php:3036] require('/home/u991737198/domains/tas2023.online/public_html/tmp/3hn69l4qoa804.3h31n1yj254w8.php')
Mon, 10 Mar 2025 21:48:29 +0000 [24.173.132.66] [/home/u991737198/domains/tas2023.online/public_html/lib/base.php:3281] View->sandbox()
Mon, 10 Mar 2025 21:48:29 +0000 [24.173.132.66] [/home/u991737198/domains/tas2023.online/public_html/app/controllers/Controller.php:87] Preview->render()
Mon, 10 Mar 2025 21:48:29 +0000 [24.173.132.66] [/home/u991737198/domains/tas2023.online/public_html/lib/base.php:2078] Controller->afterroute()
Mon, 10 Mar 2025 21:48:29 +0000 [24.173.132.66] [/home/u991737198/domains/tas2023.online/public_html/lib/base.php:1871] Base->call()
Mon, 10 Mar 2025 21:48:29 +0000 [24.173.132.66] [/home/u991737198/domains/tas2023.online/public_html/index.php:19] Base->run()
Mon, 10 Mar 2025 21:49:16 +0000 [24.173.132.66] 500: Undefined array key "entity_num" trace: [/home/u991737198/domains/tas2023.online/public_html/tmp/3hn69l4qoa804.9b9764piwerh.php:78]
Mon, 10 Mar 2025 21:49:16 +0000 [24.173.132.66] [/home/u991737198/domains/tas2023.online/public_html/tmp/3hn69l4qoa804.9b9764piwerh.php:78] Base->{closure}()
Mon, 10 Mar 2025 21:49:16 +0000 [24.173.132.66] [/home/u991737198/domains/tas2023.online/public_html/lib/base.php:3036] require('/home/u991737198/domains/tas2023.online/public_html/tmp/3hn69l4qoa804.9b9764piwerh.php')
Mon, 10 Mar 2025 21:49:16 +0000 [24.173.132.66] [/home/u991737198/domains/tas2023.online/public_html/lib/base.php:3281] View->sandbox()
Mon, 10 Mar 2025 21:49:16 +0000 [24.173.132.66] [/home/u991737198/domains/tas2023.online/public_html/tmp/3hn69l4qoa804.3h31n1yj254w8.php:7] Preview->render()
Mon, 10 Mar 2025 21:49:16 +0000 [24.173.132.66] [/home/u991737198/domains/tas2023.online/public_html/lib/base.php:3036] require('/home/u991737198/domains/tas2023.online/public_html/tmp/3hn69l4qoa804.3h31n1yj254w8.php')
Mon, 10 Mar 2025 21:49:16 +0000 [24.173.132.66] [/home/u991737198/domains/tas2023.online/public_html/lib/base.php:3281] View->sandbox()
Mon, 10 Mar 2025 21:49:16 +0000 [24.173.132.66] [/home/u991737198/domains/tas2023.online/public_html/app/controllers/Controller.php:87] Preview->render()
Mon, 10 Mar 2025 21:49:16 +0000 [24.173.132.66] [/home/u991737198/domains/tas2023.online/public_html/lib/base.php:2078] Controller->afterroute()
Mon, 10 Mar 2025 21:49:16 +0000 [24.173.132.66] [/home/u991737198/domains/tas2023.online/public_html/lib/base.php:1871] Base->call()
Mon, 10 Mar 2025 21:49:16 +0000 [24.173.132.66] [/home/u991737198/domains/tas2023.online/public_html/index.php:19] Base->run()
Mon, 10 Mar 2025 21:51:28 +0000 [24.173.132.66] 500: Undefined variable $entity_num trace: [tmp/3hn69l4qoa804.man4oes5p0l2.php:177]
Mon, 10 Mar 2025 21:51:28 +0000 [24.173.132.66] [tmp/3hn69l4qoa804.man4oes5p0l2.php:177] Base->{closure}()
Mon, 10 Mar 2025 21:51:28 +0000 [24.173.132.66] [lib/base.php:3036] require('/home/u991737198/domains/tas2023.online/public_html/tmp/3hn69l4qoa804.man4oes5p0l2.php')
Mon, 10 Mar 2025 21:51:28 +0000 [24.173.132.66] [lib/base.php:3281] View->sandbox()
Mon, 10 Mar 2025 21:51:28 +0000 [24.173.132.66] [tmp/3hn69l4qoa804.3h31n1yj254w8.php:7] Preview->render()
Mon, 10 Mar 2025 21:51:28 +0000 [24.173.132.66] [lib/base.php:3036] require('/home/u991737198/domains/tas2023.online/public_html/tmp/3hn69l4qoa804.3h31n1yj254w8.php')
Mon, 10 Mar 2025 21:51:28 +0000 [24.173.132.66] [lib/base.php:3281] View->sandbox()
Mon, 10 Mar 2025 21:51:28 +0000 [24.173.132.66] [app/controllers/Controller.php:87] Preview->render()
Mon, 10 Mar 2025 21:51:28 +0000 [24.173.132.66] [lib/base.php:2078] Controller->afterroute()
Mon, 10 Mar 2025 21:51:28 +0000 [24.173.132.66] [lib/base.php:1871] Base->call()
Mon, 10 Mar 2025 21:51:28 +0000 [24.173.132.66] [index.php:19] Base->run()
Mon, 10 Mar 2025 21:52:37 +0000 [24.173.132.66] 500: Undefined variable $entity_num trace: [tmp/3hn69l4qoa804.1zo7dt0fljr4w.php:200]
Mon, 10 Mar 2025 21:52:37 +0000 [24.173.132.66] [tmp/3hn69l4qoa804.1zo7dt0fljr4w.php:200] Base->{closure}()
Mon, 10 Mar 2025 21:52:37 +0000 [24.173.132.66] [lib/base.php:3036] require('/home/u991737198/domains/tas2023.online/public_html/tmp/3hn69l4qoa804.1zo7dt0fljr4w.php')
Mon, 10 Mar 2025 21:52:37 +0000 [24.173.132.66] [lib/base.php:3281] View->sandbox()
Mon, 10 Mar 2025 21:52:37 +0000 [24.173.132.66] [tmp/3hn69l4qoa804.3h31n1yj254w8.php:7] Preview->render()
Mon, 10 Mar 2025 21:52:37 +0000 [24.173.132.66] [lib/base.php:3036] require('/home/u991737198/domains/tas2023.online/public_html/tmp/3hn69l4qoa804.3h31n1yj254w8.php')
Mon, 10 Mar 2025 21:52:37 +0000 [24.173.132.66] [lib/base.php:3281] View->sandbox()
Mon, 10 Mar 2025 21:52:37 +0000 [24.173.132.66] [app/controllers/Controller.php:87] Preview->render()
Mon, 10 Mar 2025 21:52:37 +0000 [24.173.132.66] [lib/base.php:2078] Controller->afterroute()
Mon, 10 Mar 2025 21:52:37 +0000 [24.173.132.66] [lib/base.php:1871] Base->call()
Mon, 10 Mar 2025 21:52:37 +0000 [24.173.132.66] [index.php:19] Base->run()
Mon, 10 Mar 2025 21:52:39 +0000 [24.173.132.66] 500: Undefined array key "entity_num" trace: [/home/u991737198/domains/tas2023.online/public_html/tmp/3hn69l4qoa804.9b9764piwerh.php:78]
Mon, 10 Mar 2025 21:52:39 +0000 [24.173.132.66] [/home/u991737198/domains/tas2023.online/public_html/tmp/3hn69l4qoa804.9b9764piwerh.php:78] Base->{closure}()
Mon, 10 Mar 2025 21:52:39 +0000 [24.173.132.66] [/home/u991737198/domains/tas2023.online/public_html/lib/base.php:3036] require('/home/u991737198/domains/tas2023.online/public_html/tmp/3hn69l4qoa804.9b9764piwerh.php')
Mon, 10 Mar 2025 21:52:39 +0000 [24.173.132.66] [/home/u991737198/domains/tas2023.online/public_html/lib/base.php:3281] View->sandbox()
Mon, 10 Mar 2025 21:52:39 +0000 [24.173.132.66] [/home/u991737198/domains/tas2023.online/public_html/tmp/3hn69l4qoa804.3h31n1yj254w8.php:7] Preview->render()
Mon, 10 Mar 2025 21:52:39 +0000 [24.173.132.66] [/home/u991737198/domains/tas2023.online/public_html/lib/base.php:3036] require('/home/u991737198/domains/tas2023.online/public_html/tmp/3hn69l4qoa804.3h31n1yj254w8.php')
Mon, 10 Mar 2025 21:52:39 +0000 [24.173.132.66] [/home/u991737198/domains/tas2023.online/public_html/lib/base.php:3281] View->sandbox()
Mon, 10 Mar 2025 21:52:39 +0000 [24.173.132.66] [/home/u991737198/domains/tas2023.online/public_html/app/controllers/Controller.php:87] Preview->render()
Mon, 10 Mar 2025 21:52:39 +0000 [24.173.132.66] [/home/u991737198/domains/tas2023.online/public_html/lib/base.php:2078] Controller->afterroute()
Mon, 10 Mar 2025 21:52:39 +0000 [24.173.132.66] [/home/u991737198/domains/tas2023.online/public_html/lib/base.php:1871] Base->call()
Mon, 10 Mar 2025 21:52:39 +0000 [24.173.132.66] [/home/u991737198/domains/tas2023.online/public_html/index.php:19] Base->run()
Mon, 10 Mar 2025 22:03:16 +0000 [24.173.132.66] 500: Undefined variable $entity_num trace: [tmp/3hn69l4qoa804.1zo7dt0fljr4w.php:200]
Mon, 10 Mar 2025 22:03:16 +0000 [24.173.132.66] [tmp/3hn69l4qoa804.1zo7dt0fljr4w.php:200] Base->{closure}()
Mon, 10 Mar 2025 22:03:16 +0000 [24.173.132.66] [lib/base.php:3036] require('/home/u991737198/domains/tas2023.online/public_html/tmp/3hn69l4qoa804.1zo7dt0fljr4w.php')
Mon, 10 Mar 2025 22:03:16 +0000 [24.173.132.66] [lib/base.php:3281] View->sandbox()
Mon, 10 Mar 2025 22:03:16 +0000 [24.173.132.66] [tmp/3hn69l4qoa804.3h31n1yj254w8.php:7] Preview->render()
Mon, 10 Mar 2025 22:03:16 +0000 [24.173.132.66] [lib/base.php:3036] require('/home/u991737198/domains/tas2023.online/public_html/tmp/3hn69l4qoa804.3h31n1yj254w8.php')
Mon, 10 Mar 2025 22:03:16 +0000 [24.173.132.66] [lib/base.php:3281] View->sandbox()
Mon, 10 Mar 2025 22:03:16 +0000 [24.173.132.66] [app/controllers/Controller.php:87] Preview->render()
Mon, 10 Mar 2025 22:03:16 +0000 [24.173.132.66] [lib/base.php:2078] Controller->afterroute()
Mon, 10 Mar 2025 22:03:16 +0000 [24.173.132.66] [lib/base.php:1871] Base->call()
Mon, 10 Mar 2025 22:03:16 +0000 [24.173.132.66] [index.php:19] Base->run()
Mon, 10 Mar 2025 22:05:32 +0000 [24.173.132.66] 500: Undefined variable $total trace: [/home/u991737198/domains/tas2023.online/public_html/tmp/3hn69l4qoa804.9b9764piwerh.php:90]
Mon, 10 Mar 2025 22:05:32 +0000 [24.173.132.66] [/home/u991737198/domains/tas2023.online/public_html/tmp/3hn69l4qoa804.9b9764piwerh.php:90] Base->{closure}()
Mon, 10 Mar 2025 22:05:32 +0000 [24.173.132.66] [/home/u991737198/domains/tas2023.online/public_html/lib/base.php:3036] require('/home/u991737198/domains/tas2023.online/public_html/tmp/3hn69l4qoa804.9b9764piwerh.php')
Mon, 10 Mar 2025 22:05:32 +0000 [24.173.132.66] [/home/u991737198/domains/tas2023.online/public_html/lib/base.php:3281] View->sandbox()
Mon, 10 Mar 2025 22:05:32 +0000 [24.173.132.66] [/home/u991737198/domains/tas2023.online/public_html/tmp/3hn69l4qoa804.3h31n1yj254w8.php:7] Preview->render()
Mon, 10 Mar 2025 22:05:32 +0000 [24.173.132.66] [/home/u991737198/domains/tas2023.online/public_html/lib/base.php:3036] require('/home/u991737198/domains/tas2023.online/public_html/tmp/3hn69l4qoa804.3h31n1yj254w8.php')
Mon, 10 Mar 2025 22:05:32 +0000 [24.173.132.66] [/home/u991737198/domains/tas2023.online/public_html/lib/base.php:3281] View->sandbox()
Mon, 10 Mar 2025 22:05:32 +0000 [24.173.132.66] [/home/u991737198/domains/tas2023.online/public_html/app/controllers/Controller.php:87] Preview->render()
Mon, 10 Mar 2025 22:05:32 +0000 [24.173.132.66] [/home/u991737198/domains/tas2023.online/public_html/lib/base.php:2078] Controller->afterroute()
Mon, 10 Mar 2025 22:05:32 +0000 [24.173.132.66] [/home/u991737198/domains/tas2023.online/public_html/lib/base.php:1871] Base->call()
Mon, 10 Mar 2025 22:05:32 +0000 [24.173.132.66] [/home/u991737198/domains/tas2023.online/public_html/index.php:19] Base->run()
Mon, 10 Mar 2025 22:05:58 +0000 [24.173.132.66] 500: Undefined variable $total trace: [/home/u991737198/domains/tas2023.online/public_html/tmp/3hn69l4qoa804.9b9764piwerh.php:90]
Mon, 10 Mar 2025 22:05:58 +0000 [24.173.132.66] [/home/u991737198/domains/tas2023.online/public_html/tmp/3hn69l4qoa804.9b9764piwerh.php:90] Base->{closure}()
Mon, 10 Mar 2025 22:05:58 +0000 [24.173.132.66] [/home/u991737198/domains/tas2023.online/public_html/lib/base.php:3036] require('/home/u991737198/domains/tas2023.online/public_html/tmp/3hn69l4qoa804.9b9764piwerh.php')
Mon, 10 Mar 2025 22:05:58 +0000 [24.173.132.66] [/home/u991737198/domains/tas2023.online/public_html/lib/base.php:3281] View->sandbox()
Mon, 10 Mar 2025 22:05:58 +0000 [24.173.132.66] [/home/u991737198/domains/tas2023.online/public_html/tmp/3hn69l4qoa804.3h31n1yj254w8.php:7] Preview->render()
Mon, 10 Mar 2025 22:05:58 +0000 [24.173.132.66] [/home/u991737198/domains/tas2023.online/public_html/lib/base.php:3036] require('/home/u991737198/domains/tas2023.online/public_html/tmp/3hn69l4qoa804.3h31n1yj254w8.php')
Mon, 10 Mar 2025 22:05:58 +0000 [24.173.132.66] [/home/u991737198/domains/tas2023.online/public_html/lib/base.php:3281] View->sandbox()
Mon, 10 Mar 2025 22:05:58 +0000 [24.173.132.66] [/home/u991737198/domains/tas2023.online/public_html/app/controllers/Controller.php:87] Preview->render()
Mon, 10 Mar 2025 22:05:58 +0000 [24.173.132.66] [/home/u991737198/domains/tas2023.online/public_html/lib/base.php:2078] Controller->afterroute()
Mon, 10 Mar 2025 22:05:58 +0000 [24.173.132.66] [/home/u991737198/domains/tas2023.online/public_html/lib/base.php:1871] Base->call()
Mon, 10 Mar 2025 22:05:58 +0000 [24.173.132.66] [/home/u991737198/domains/tas2023.online/public_html/index.php:19] Base->run()
Mon, 10 Mar 2025 22:08:17 +0000 [24.173.132.66] 500: Undefined variable $selected_note trace: [/home/u991737198/domains/tas2023.online/public_html/tmp/3hn69l4qoa804.3g8shy2588w00.php:385]
Mon, 10 Mar 2025 22:08:17 +0000 [24.173.132.66] [/home/u991737198/domains/tas2023.online/public_html/tmp/3hn69l4qoa804.3g8shy2588w00.php:385] Base->{closure}()
Mon, 10 Mar 2025 22:08:17 +0000 [24.173.132.66] [/home/u991737198/domains/tas2023.online/public_html/lib/base.php:3036] require('/home/u991737198/domains/tas2023.online/public_html/tmp/3hn69l4qoa804.3g8shy2588w00.php')
Mon, 10 Mar 2025 22:08:17 +0000 [24.173.132.66] [/home/u991737198/domains/tas2023.online/public_html/lib/base.php:3281] View->sandbox()
Mon, 10 Mar 2025 22:08:17 +0000 [24.173.132.66] [/home/u991737198/domains/tas2023.online/public_html/tmp/3hn69l4qoa804.3h31n1yj254w8.php:7] Preview->render()
Mon, 10 Mar 2025 22:08:17 +0000 [24.173.132.66] [/home/u991737198/domains/tas2023.online/public_html/lib/base.php:3036] require('/home/u991737198/domains/tas2023.online/public_html/tmp/3hn69l4qoa804.3h31n1yj254w8.php')
Mon, 10 Mar 2025 22:08:17 +0000 [24.173.132.66] [/home/u991737198/domains/tas2023.online/public_html/lib/base.php:3281] View->sandbox()
Mon, 10 Mar 2025 22:08:17 +0000 [24.173.132.66] [/home/u991737198/domains/tas2023.online/public_html/app/controllers/Controller.php:87] Preview->render()
Mon, 10 Mar 2025 22:08:17 +0000 [24.173.132.66] [/home/u991737198/domains/tas2023.online/public_html/lib/base.php:2078] Controller->afterroute()
Mon, 10 Mar 2025 22:08:17 +0000 [24.173.132.66] [/home/u991737198/domains/tas2023.online/public_html/lib/base.php:1871] Base->call()
Mon, 10 Mar 2025 22:08:17 +0000 [24.173.132.66] [/home/u991737198/domains/tas2023.online/public_html/index.php:19] Base->run()
Mon, 10 Mar 2025 22:08:28 +0000 [24.173.132.66] 500: Undefined variable $selected_note trace: [/home/u991737198/domains/tas2023.online/public_html/tmp/3hn69l4qoa804.3g8shy2588w00.php:385]
Mon, 10 Mar 2025 22:08:28 +0000 [24.173.132.66] [/home/u991737198/domains/tas2023.online/public_html/tmp/3hn69l4qoa804.3g8shy2588w00.php:385] Base->{closure}()
Mon, 10 Mar 2025 22:08:28 +0000 [24.173.132.66] [/home/u991737198/domains/tas2023.online/public_html/lib/base.php:3036] require('/home/u991737198/domains/tas2023.online/public_html/tmp/3hn69l4qoa804.3g8shy2588w00.php')
Mon, 10 Mar 2025 22:08:28 +0000 [24.173.132.66] [/home/u991737198/domains/tas2023.online/public_html/lib/base.php:3281] View->sandbox()
Mon, 10 Mar 2025 22:08:28 +0000 [24.173.132.66] [/home/u991737198/domains/tas2023.online/public_html/tmp/3hn69l4qoa804.3h31n1yj254w8.php:7] Preview->render()
Mon, 10 Mar 2025 22:08:28 +0000 [24.173.132.66] [/home/u991737198/domains/tas2023.online/public_html/lib/base.php:3036] require('/home/u991737198/domains/tas2023.online/public_html/tmp/3hn69l4qoa804.3h31n1yj254w8.php')
Mon, 10 Mar 2025 22:08:28 +0000 [24.173.132.66] [/home/u991737198/domains/tas2023.online/public_html/lib/base.php:3281] View->sandbox()
Mon, 10 Mar 2025 22:08:28 +0000 [24.173.132.66] [/home/u991737198/domains/tas2023.online/public_html/app/controllers/Controller.php:87] Preview->render()
Mon, 10 Mar 2025 22:08:28 +0000 [24.173.132.66] [/home/u991737198/domains/tas2023.online/public_html/lib/base.php:2078] Controller->afterroute()
Mon, 10 Mar 2025 22:08:28 +0000 [24.173.132.66] [/home/u991737198/domains/tas2023.online/public_html/lib/base.php:1871] Base->call()
Mon, 10 Mar 2025 22:08:28 +0000 [24.173.132.66] [/home/u991737198/domains/tas2023.online/public_html/index.php:19] Base->run()
Mon, 10 Mar 2025 22:09:33 +0000 [2600:1006:b01f:e04e:eca4:15a6:a79a:b9e3] 500: Undefined variable $entity_num trace: [tmp/3hn69l4qoa804.1zo7dt0fljr4w.php:200]
Mon, 10 Mar 2025 22:09:33 +0000 [2600:1006:b01f:e04e:eca4:15a6:a79a:b9e3] [tmp/3hn69l4qoa804.1zo7dt0fljr4w.php:200] Base->{closure}()
Mon, 10 Mar 2025 22:09:33 +0000 [2600:1006:b01f:e04e:eca4:15a6:a79a:b9e3] [lib/base.php:3036] require('/home/u991737198/domains/tas2023.online/public_html/tmp/3hn69l4qoa804.1zo7dt0fljr4w.php')
Mon, 10 Mar 2025 22:09:33 +0000 [2600:1006:b01f:e04e:eca4:15a6:a79a:b9e3] [lib/base.php:3281] View->sandbox()
Mon, 10 Mar 2025 22:09:33 +0000 [2600:1006:b01f:e04e:eca4:15a6:a79a:b9e3] [tmp/3hn69l4qoa804.3h31n1yj254w8.php:7] Preview->render()
Mon, 10 Mar 2025 22:09:33 +0000 [2600:1006:b01f:e04e:eca4:15a6:a79a:b9e3] [lib/base.php:3036] require('/home/u991737198/domains/tas2023.online/public_html/tmp/3hn69l4qoa804.3h31n1yj254w8.php')
Mon, 10 Mar 2025 22:09:33 +0000 [2600:1006:b01f:e04e:eca4:15a6:a79a:b9e3] [lib/base.php:3281] View->sandbox()
Mon, 10 Mar 2025 22:09:33 +0000 [2600:1006:b01f:e04e:eca4:15a6:a79a:b9e3] [app/controllers/Controller.php:87] Preview->render()
Mon, 10 Mar 2025 22:09:33 +0000 [2600:1006:b01f:e04e:eca4:15a6:a79a:b9e3] [lib/base.php:2078] Controller->afterroute()
Mon, 10 Mar 2025 22:09:33 +0000 [2600:1006:b01f:e04e:eca4:15a6:a79a:b9e3] [lib/base.php:1871] Base->call()
Mon, 10 Mar 2025 22:09:33 +0000 [2600:1006:b01f:e04e:eca4:15a6:a79a:b9e3] [index.php:19] Base->run()
Mon, 10 Mar 2025 22:09:44 +0000 [2600:1006:b01f:e04e:eca4:15a6:a79a:b9e3] 500: Undefined variable $entity_num trace: [tmp/3hn69l4qoa804.1zo7dt0fljr4w.php:200]
Mon, 10 Mar 2025 22:09:44 +0000 [2600:1006:b01f:e04e:eca4:15a6:a79a:b9e3] [tmp/3hn69l4qoa804.1zo7dt0fljr4w.php:200] Base->{closure}()
Mon, 10 Mar 2025 22:09:44 +0000 [2600:1006:b01f:e04e:eca4:15a6:a79a:b9e3] [lib/base.php:3036] require('/home/u991737198/domains/tas2023.online/public_html/tmp/3hn69l4qoa804.1zo7dt0fljr4w.php')
Mon, 10 Mar 2025 22:09:44 +0000 [2600:1006:b01f:e04e:eca4:15a6:a79a:b9e3] [lib/base.php:3281] View->sandbox()
Mon, 10 Mar 2025 22:09:44 +0000 [2600:1006:b01f:e04e:eca4:15a6:a79a:b9e3] [tmp/3hn69l4qoa804.3h31n1yj254w8.php:7] Preview->render()
Mon, 10 Mar 2025 22:09:44 +0000 [2600:1006:b01f:e04e:eca4:15a6:a79a:b9e3] [lib/base.php:3036] require('/home/u991737198/domains/tas2023.online/public_html/tmp/3hn69l4qoa804.3h31n1yj254w8.php')
Mon, 10 Mar 2025 22:09:44 +0000 [2600:1006:b01f:e04e:eca4:15a6:a79a:b9e3] [lib/base.php:3281] View->sandbox()
Mon, 10 Mar 2025 22:09:44 +0000 [2600:1006:b01f:e04e:eca4:15a6:a79a:b9e3] [app/controllers/Controller.php:87] Preview->render()
Mon, 10 Mar 2025 22:09:44 +0000 [2600:1006:b01f:e04e:eca4:15a6:a79a:b9e3] [lib/base.php:2078] Controller->afterroute()
Mon, 10 Mar 2025 22:09:44 +0000 [2600:1006:b01f:e04e:eca4:15a6:a79a:b9e3] [lib/base.php:1871] Base->call()
Mon, 10 Mar 2025 22:09:44 +0000 [2600:1006:b01f:e04e:eca4:15a6:a79a:b9e3] [index.php:19] Base->run()
Mon, 10 Mar 2025 22:10:00 +0000 [2600:1006:b01f:e04e:eca4:15a6:a79a:b9e3] 500: Undefined variable $selected_note trace: [/home/u991737198/domains/tas2023.online/public_html/tmp/3hn69l4qoa804.3g8shy2588w00.php:385]
Mon, 10 Mar 2025 22:10:00 +0000 [2600:1006:b01f:e04e:eca4:15a6:a79a:b9e3] [/home/u991737198/domains/tas2023.online/public_html/tmp/3hn69l4qoa804.3g8shy2588w00.php:385] Base->{closure}()
Mon, 10 Mar 2025 22:10:00 +0000 [2600:1006:b01f:e04e:eca4:15a6:a79a:b9e3] [/home/u991737198/domains/tas2023.online/public_html/lib/base.php:3036] require('/home/u991737198/domains/tas2023.online/public_html/tmp/3hn69l4qoa804.3g8shy2588w00.php')
Mon, 10 Mar 2025 22:10:00 +0000 [2600:1006:b01f:e04e:eca4:15a6:a79a:b9e3] [/home/u991737198/domains/tas2023.online/public_html/lib/base.php:3281] View->sandbox()
Mon, 10 Mar 2025 22:10:00 +0000 [2600:1006:b01f:e04e:eca4:15a6:a79a:b9e3] [/home/u991737198/domains/tas2023.online/public_html/tmp/3hn69l4qoa804.3h31n1yj254w8.php:7] Preview->render()
Mon, 10 Mar 2025 22:10:00 +0000 [2600:1006:b01f:e04e:eca4:15a6:a79a:b9e3] [/home/u991737198/domains/tas2023.online/public_html/lib/base.php:3036] require('/home/u991737198/domains/tas2023.online/public_html/tmp/3hn69l4qoa804.3h31n1yj254w8.php')
Mon, 10 Mar 2025 22:10:00 +0000 [2600:1006:b01f:e04e:eca4:15a6:a79a:b9e3] [/home/u991737198/domains/tas2023.online/public_html/lib/base.php:3281] View->sandbox()
Mon, 10 Mar 2025 22:10:00 +0000 [2600:1006:b01f:e04e:eca4:15a6:a79a:b9e3] [/home/u991737198/domains/tas2023.online/public_html/app/controllers/Controller.php:87] Preview->render()
Mon, 10 Mar 2025 22:10:00 +0000 [2600:1006:b01f:e04e:eca4:15a6:a79a:b9e3] [/home/u991737198/domains/tas2023.online/public_html/lib/base.php:2078] Controller->afterroute()
Mon, 10 Mar 2025 22:10:00 +0000 [2600:1006:b01f:e04e:eca4:15a6:a79a:b9e3] [/home/u991737198/domains/tas2023.online/public_html/lib/base.php:1871] Base->call()
Mon, 10 Mar 2025 22:10:00 +0000 [2600:1006:b01f:e04e:eca4:15a6:a79a:b9e3] [/home/u991737198/domains/tas2023.online/public_html/index.php:19] Base->run()
Mon, 10 Mar 2025 22:10:16 +0000 [2600:1006:b01f:e04e:eca4:15a6:a79a:b9e3] 500: Undefined variable $selected_note trace: [/home/u991737198/domains/tas2023.online/public_html/tmp/3hn69l4qoa804.3g8shy2588w00.php:385]
Mon, 10 Mar 2025 22:10:16 +0000 [2600:1006:b01f:e04e:eca4:15a6:a79a:b9e3] [/home/u991737198/domains/tas2023.online/public_html/tmp/3hn69l4qoa804.3g8shy2588w00.php:385] Base->{closure}()
Mon, 10 Mar 2025 22:10:16 +0000 [2600:1006:b01f:e04e:eca4:15a6:a79a:b9e3] [/home/u991737198/domains/tas2023.online/public_html/lib/base.php:3036] require('/home/u991737198/domains/tas2023.online/public_html/tmp/3hn69l4qoa804.3g8shy2588w00.php')
Mon, 10 Mar 2025 22:10:16 +0000 [2600:1006:b01f:e04e:eca4:15a6:a79a:b9e3] [/home/u991737198/domains/tas2023.online/public_html/lib/base.php:3281] View->sandbox()
Mon, 10 Mar 2025 22:10:16 +0000 [2600:1006:b01f:e04e:eca4:15a6:a79a:b9e3] [/home/u991737198/domains/tas2023.online/public_html/tmp/3hn69l4qoa804.3h31n1yj254w8.php:7] Preview->render()
Mon, 10 Mar 2025 22:10:16 +0000 [2600:1006:b01f:e04e:eca4:15a6:a79a:b9e3] [/home/u991737198/domains/tas2023.online/public_html/lib/base.php:3036] require('/home/u991737198/domains/tas2023.online/public_html/tmp/3hn69l4qoa804.3h31n1yj254w8.php')
Mon, 10 Mar 2025 22:10:16 +0000 [2600:1006:b01f:e04e:eca4:15a6:a79a:b9e3] [/home/u991737198/domains/tas2023.online/public_html/lib/base.php:3281] View->sandbox()
Mon, 10 Mar 2025 22:10:16 +0000 [2600:1006:b01f:e04e:eca4:15a6:a79a:b9e3] [/home/u991737198/domains/tas2023.online/public_html/app/controllers/Controller.php:87] Preview->render()
Mon, 10 Mar 2025 22:10:16 +0000 [2600:1006:b01f:e04e:eca4:15a6:a79a:b9e3] [/home/u991737198/domains/tas2023.online/public_html/lib/base.php:2078] Controller->afterroute()
Mon, 10 Mar 2025 22:10:16 +0000 [2600:1006:b01f:e04e:eca4:15a6:a79a:b9e3] [/home/u991737198/domains/tas2023.online/public_html/lib/base.php:1871] Base->call()
Mon, 10 Mar 2025 22:10:16 +0000 [2600:1006:b01f:e04e:eca4:15a6:a79a:b9e3] [/home/u991737198/domains/tas2023.online/public_html/index.php:19] Base->run()
Mon, 10 Mar 2025 22:10:37 +0000 [2600:1006:b01f:e04e:eca4:15a6:a79a:b9e3] 500: Undefined variable $selected_note trace: [/home/u991737198/domains/tas2023.online/public_html/tmp/3hn69l4qoa804.3g8shy2588w00.php:385]
Mon, 10 Mar 2025 22:10:37 +0000 [2600:1006:b01f:e04e:eca4:15a6:a79a:b9e3] [/home/u991737198/domains/tas2023.online/public_html/tmp/3hn69l4qoa804.3g8shy2588w00.php:385] Base->{closure}()
Mon, 10 Mar 2025 22:10:37 +0000 [2600:1006:b01f:e04e:eca4:15a6:a79a:b9e3] [/home/u991737198/domains/tas2023.online/public_html/lib/base.php:3036] require('/home/u991737198/domains/tas2023.online/public_html/tmp/3hn69l4qoa804.3g8shy2588w00.php')
Mon, 10 Mar 2025 22:10:37 +0000 [2600:1006:b01f:e04e:eca4:15a6:a79a:b9e3] [/home/u991737198/domains/tas2023.online/public_html/lib/base.php:3281] View->sandbox()
Mon, 10 Mar 2025 22:10:37 +0000 [2600:1006:b01f:e04e:eca4:15a6:a79a:b9e3] [/home/u991737198/domains/tas2023.online/public_html/tmp/3hn69l4qoa804.3h31n1yj254w8.php:7] Preview->render()
Mon, 10 Mar 2025 22:10:37 +0000 [2600:1006:b01f:e04e:eca4:15a6:a79a:b9e3] [/home/u991737198/domains/tas2023.online/public_html/lib/base.php:3036] require('/home/u991737198/domains/tas2023.online/public_html/tmp/3hn69l4qoa804.3h31n1yj254w8.php')
Mon, 10 Mar 2025 22:10:37 +0000 [2600:1006:b01f:e04e:eca4:15a6:a79a:b9e3] [/home/u991737198/domains/tas2023.online/public_html/lib/base.php:3281] View->sandbox()
Mon, 10 Mar 2025 22:10:37 +0000 [2600:1006:b01f:e04e:eca4:15a6:a79a:b9e3] [/home/u991737198/domains/tas2023.online/public_html/app/controllers/Controller.php:87] Preview->render()
Mon, 10 Mar 2025 22:10:37 +0000 [2600:1006:b01f:e04e:eca4:15a6:a79a:b9e3] [/home/u991737198/domains/tas2023.online/public_html/lib/base.php:2078] Controller->afterroute()
Mon, 10 Mar 2025 22:10:37 +0000 [2600:1006:b01f:e04e:eca4:15a6:a79a:b9e3] [/home/u991737198/domains/tas2023.online/public_html/lib/base.php:1871] Base->call()
Mon, 10 Mar 2025 22:10:37 +0000 [2600:1006:b01f:e04e:eca4:15a6:a79a:b9e3] [/home/u991737198/domains/tas2023.online/public_html/index.php:19] Base->run()
Mon, 10 Mar 2025 22:10:45 +0000 [2600:1006:b01f:e04e:eca4:15a6:a79a:b9e3] 500: Undefined variable $selected_note trace: [/home/u991737198/domains/tas2023.online/public_html/tmp/3hn69l4qoa804.3g8shy2588w00.php:385]
Mon, 10 Mar 2025 22:10:45 +0000 [2600:1006:b01f:e04e:eca4:15a6:a79a:b9e3] [/home/u991737198/domains/tas2023.online/public_html/tmp/3hn69l4qoa804.3g8shy2588w00.php:385] Base->{closure}()
Mon, 10 Mar 2025 22:10:45 +0000 [2600:1006:b01f:e04e:eca4:15a6:a79a:b9e3] [/home/u991737198/domains/tas2023.online/public_html/lib/base.php:3036] require('/home/u991737198/domains/tas2023.online/public_html/tmp/3hn69l4qoa804.3g8shy2588w00.php')
Mon, 10 Mar 2025 22:10:45 +0000 [2600:1006:b01f:e04e:eca4:15a6:a79a:b9e3] [/home/u991737198/domains/tas2023.online/public_html/lib/base.php:3281] View->sandbox()
Mon, 10 Mar 2025 22:10:45 +0000 [2600:1006:b01f:e04e:eca4:15a6:a79a:b9e3] [/home/u991737198/domains/tas2023.online/public_html/tmp/3hn69l4qoa804.3h31n1yj254w8.php:7] Preview->render()
Mon, 10 Mar 2025 22:10:45 +0000 [2600:1006:b01f:e04e:eca4:15a6:a79a:b9e3] [/home/u991737198/domains/tas2023.online/public_html/lib/base.php:3036] require('/home/u991737198/domains/tas2023.online/public_html/tmp/3hn69l4qoa804.3h31n1yj254w8.php')
Mon, 10 Mar 2025 22:10:45 +0000 [2600:1006:b01f:e04e:eca4:15a6:a79a:b9e3] [/home/u991737198/domains/tas2023.online/public_html/lib/base.php:3281] View->sandbox()
Mon, 10 Mar 2025 22:10:45 +0000 [2600:1006:b01f:e04e:eca4:15a6:a79a:b9e3] [/home/u991737198/domains/tas2023.online/public_html/app/controllers/Controller.php:87] Preview->render()
Mon, 10 Mar 2025 22:10:45 +0000 [2600:1006:b01f:e04e:eca4:15a6:a79a:b9e3] [/home/u991737198/domains/tas2023.online/public_html/lib/base.php:2078] Controller->afterroute()
Mon, 10 Mar 2025 22:10:45 +0000 [2600:1006:b01f:e04e:eca4:15a6:a79a:b9e3] [/home/u991737198/domains/tas2023.online/public_html/lib/base.php:1871] Base->call()
Mon, 10 Mar 2025 22:10:45 +0000 [2600:1006:b01f:e04e:eca4:15a6:a79a:b9e3] [/home/u991737198/domains/tas2023.online/public_html/index.php:19] Base->run()
Mon, 10 Mar 2025 22:11:06 +0000 [2600:1006:b01f:e04e:eca4:15a6:a79a:b9e3] 500: Undefined variable $entity_num trace: [tmp/3hn69l4qoa804.man4oes5p0l2.php:177]
Mon, 10 Mar 2025 22:11:06 +0000 [2600:1006:b01f:e04e:eca4:15a6:a79a:b9e3] [tmp/3hn69l4qoa804.man4oes5p0l2.php:177] Base->{closure}()
Mon, 10 Mar 2025 22:11:06 +0000 [2600:1006:b01f:e04e:eca4:15a6:a79a:b9e3] [lib/base.php:3036] require('/home/u991737198/domains/tas2023.online/public_html/tmp/3hn69l4qoa804.man4oes5p0l2.php')
Mon, 10 Mar 2025 22:11:06 +0000 [2600:1006:b01f:e04e:eca4:15a6:a79a:b9e3] [lib/base.php:3281] View->sandbox()
Mon, 10 Mar 2025 22:11:06 +0000 [2600:1006:b01f:e04e:eca4:15a6:a79a:b9e3] [tmp/3hn69l4qoa804.3h31n1yj254w8.php:7] Preview->render()
Mon, 10 Mar 2025 22:11:06 +0000 [2600:1006:b01f:e04e:eca4:15a6:a79a:b9e3] [lib/base.php:3036] require('/home/u991737198/domains/tas2023.online/public_html/tmp/3hn69l4qoa804.3h31n1yj254w8.php')
Mon, 10 Mar 2025 22:11:06 +0000 [2600:1006:b01f:e04e:eca4:15a6:a79a:b9e3] [lib/base.php:3281] View->sandbox()
Mon, 10 Mar 2025 22:11:06 +0000 [2600:1006:b01f:e04e:eca4:15a6:a79a:b9e3] [app/controllers/Controller.php:87] Preview->render()
Mon, 10 Mar 2025 22:11:06 +0000 [2600:1006:b01f:e04e:eca4:15a6:a79a:b9e3] [lib/base.php:2078] Controller->afterroute()
Mon, 10 Mar 2025 22:11:06 +0000 [2600:1006:b01f:e04e:eca4:15a6:a79a:b9e3] [lib/base.php:1871] Base->call()
Mon, 10 Mar 2025 22:11:06 +0000 [2600:1006:b01f:e04e:eca4:15a6:a79a:b9e3] [index.php:19] Base->run()
Mon, 10 Mar 2025 22:11:46 +0000 [2600:1006:b01f:e04e:eca4:15a6:a79a:b9e3] 500: Undefined variable $selected_note trace: [/home/u991737198/domains/tas2023.online/public_html/tmp/3hn69l4qoa804.3g8shy2588w00.php:385]
Mon, 10 Mar 2025 22:11:46 +0000 [2600:1006:b01f:e04e:eca4:15a6:a79a:b9e3] [/home/u991737198/domains/tas2023.online/public_html/tmp/3hn69l4qoa804.3g8shy2588w00.php:385] Base->{closure}()
Mon, 10 Mar 2025 22:11:46 +0000 [2600:1006:b01f:e04e:eca4:15a6:a79a:b9e3] [/home/u991737198/domains/tas2023.online/public_html/lib/base.php:3036] require('/home/u991737198/domains/tas2023.online/public_html/tmp/3hn69l4qoa804.3g8shy2588w00.php')
Mon, 10 Mar 2025 22:11:46 +0000 [2600:1006:b01f:e04e:eca4:15a6:a79a:b9e3] [/home/u991737198/domains/tas2023.online/public_html/lib/base.php:3281] View->sandbox()
Mon, 10 Mar 2025 22:11:46 +0000 [2600:1006:b01f:e04e:eca4:15a6:a79a:b9e3] [/home/u991737198/domains/tas2023.online/public_html/tmp/3hn69l4qoa804.3h31n1yj254w8.php:7] Preview->render()
Mon, 10 Mar 2025 22:11:46 +0000 [2600:1006:b01f:e04e:eca4:15a6:a79a:b9e3] [/home/u991737198/domains/tas2023.online/public_html/lib/base.php:3036] require('/home/u991737198/domains/tas2023.online/public_html/tmp/3hn69l4qoa804.3h31n1yj254w8.php')
Mon, 10 Mar 2025 22:11:46 +0000 [2600:1006:b01f:e04e:eca4:15a6:a79a:b9e3] [/home/u991737198/domains/tas2023.online/public_html/lib/base.php:3281] View->sandbox()
Mon, 10 Mar 2025 22:11:46 +0000 [2600:1006:b01f:e04e:eca4:15a6:a79a:b9e3] [/home/u991737198/domains/tas2023.online/public_html/app/controllers/Controller.php:87] Preview->render()
Mon, 10 Mar 2025 22:11:46 +0000 [2600:1006:b01f:e04e:eca4:15a6:a79a:b9e3] [/home/u991737198/domains/tas2023.online/public_html/lib/base.php:2078] Controller->afterroute()
Mon, 10 Mar 2025 22:11:46 +0000 [2600:1006:b01f:e04e:eca4:15a6:a79a:b9e3] [/home/u991737198/domains/tas2023.online/public_html/lib/base.php:1871] Base->call()
Mon, 10 Mar 2025 22:11:46 +0000 [2600:1006:b01f:e04e:eca4:15a6:a79a:b9e3] [/home/u991737198/domains/tas2023.online/public_html/index.php:19] Base->run()
