Sun, 12 Jan 2025 14:59:30 -0500 [2603:9000:f801:55e2:ccd:cd12:6026:3616] 500: Undefined variable $selected_note trace: [/home/u991737198/domains/tas2023.online/public_html/tmp/3hn69l4qoa804.3g8shy2588w00.php:307]
Sun, 12 Jan 2025 14:59:30 -0500 [2603:9000:f801:55e2:ccd:cd12:6026:3616] [/home/u991737198/domains/tas2023.online/public_html/tmp/3hn69l4qoa804.3g8shy2588w00.php:307] Base->{closure}()
Sun, 12 Jan 2025 14:59:30 -0500 [2603:9000:f801:55e2:ccd:cd12:6026:3616] [/home/u991737198/domains/tas2023.online/public_html/lib/base.php:3036] require('/home/u991737198/domains/tas2023.online/public_html/tmp/3hn69l4qoa804.3g8shy2588w00.php')
Sun, 12 Jan 2025 14:59:30 -0500 [2603:9000:f801:55e2:ccd:cd12:6026:3616] [/home/u991737198/domains/tas2023.online/public_html/lib/base.php:3281] View->sandbox()
Sun, 12 Jan 2025 14:59:30 -0500 [2603:9000:f801:55e2:ccd:cd12:6026:3616] [/home/u991737198/domains/tas2023.online/public_html/tmp/3hn69l4qoa804.3h31n1yj254w8.php:7] Preview->render()
Sun, 12 Jan 2025 14:59:30 -0500 [2603:9000:f801:55e2:ccd:cd12:6026:3616] [/home/u991737198/domains/tas2023.online/public_html/lib/base.php:3036] require('/home/u991737198/domains/tas2023.online/public_html/tmp/3hn69l4qoa804.3h31n1yj254w8.php')
Sun, 12 Jan 2025 14:59:30 -0500 [2603:9000:f801:55e2:ccd:cd12:6026:3616] [/home/u991737198/domains/tas2023.online/public_html/lib/base.php:3281] View->sandbox()
Sun, 12 Jan 2025 14:59:30 -0500 [2603:9000:f801:55e2:ccd:cd12:6026:3616] [/home/u991737198/domains/tas2023.online/public_html/app/controllers/Controller.php:85] Preview->render()
Sun, 12 Jan 2025 14:59:30 -0500 [2603:9000:f801:55e2:ccd:cd12:6026:3616] [/home/u991737198/domains/tas2023.online/public_html/lib/base.php:2078] Controller->afterroute()
Sun, 12 Jan 2025 14:59:30 -0500 [2603:9000:f801:55e2:ccd:cd12:6026:3616] [/home/u991737198/domains/tas2023.online/public_html/lib/base.php:1871] Base->call()
Sun, 12 Jan 2025 14:59:30 -0500 [2603:9000:f801:55e2:ccd:cd12:6026:3616] [/home/u991737198/domains/tas2023.online/public_html/index.php:19] Base->run()
Sun, 12 Jan 2025 15:14:56 -0500 [2603:9000:f801:55e2:ccd:cd12:6026:3616] 500: Undefined variable $i18n trace: [tmp/3hn69l4qoa804.dkos5pfgx4qw.php:35]
Sun, 12 Jan 2025 15:14:56 -0500 [2603:9000:f801:55e2:ccd:cd12:6026:3616] [tmp/3hn69l4qoa804.dkos5pfgx4qw.php:35] Base->{closure}()
Sun, 12 Jan 2025 15:14:56 -0500 [2603:9000:f801:55e2:ccd:cd12:6026:3616] [lib/base.php:3036] require('/home/u991737198/domains/tas2023.online/public_html/tmp/3hn69l4qoa804.dkos5pfgx4qw.php')
Sun, 12 Jan 2025 15:14:56 -0500 [2603:9000:f801:55e2:ccd:cd12:6026:3616] [lib/base.php:3281] View->sandbox()
Sun, 12 Jan 2025 15:14:56 -0500 [2603:9000:f801:55e2:ccd:cd12:6026:3616] [tmp/3hn69l4qoa804.3h31n1yj254w8.php:7] Preview->render()
Sun, 12 Jan 2025 15:14:56 -0500 [2603:9000:f801:55e2:ccd:cd12:6026:3616] [lib/base.php:3036] require('/home/u991737198/domains/tas2023.online/public_html/tmp/3hn69l4qoa804.3h31n1yj254w8.php')
Sun, 12 Jan 2025 15:14:56 -0500 [2603:9000:f801:55e2:ccd:cd12:6026:3616] [lib/base.php:3281] View->sandbox()
Sun, 12 Jan 2025 15:14:56 -0500 [2603:9000:f801:55e2:ccd:cd12:6026:3616] [app/controllers/Controller.php:85] Preview->render()
Sun, 12 Jan 2025 15:14:56 -0500 [2603:9000:f801:55e2:ccd:cd12:6026:3616] [lib/base.php:2078] Controller->afterroute()
Sun, 12 Jan 2025 15:14:56 -0500 [2603:9000:f801:55e2:ccd:cd12:6026:3616] [lib/base.php:1871] Base->call()
Sun, 12 Jan 2025 15:14:56 -0500 [2603:9000:f801:55e2:ccd:cd12:6026:3616] [index.php:19] Base->run()
Sun, 12 Jan 2025 15:16:06 -0500 [2603:9000:f801:55e2:ccd:cd12:6026:3616] 500: Undefined variable $selected_note trace: [/home/u991737198/domains/tas2023.online/public_html/tmp/3hn69l4qoa804.3g8shy2588w00.php:307]
Sun, 12 Jan 2025 15:16:06 -0500 [2603:9000:f801:55e2:ccd:cd12:6026:3616] [/home/u991737198/domains/tas2023.online/public_html/tmp/3hn69l4qoa804.3g8shy2588w00.php:307] Base->{closure}()
Sun, 12 Jan 2025 15:16:06 -0500 [2603:9000:f801:55e2:ccd:cd12:6026:3616] [/home/u991737198/domains/tas2023.online/public_html/lib/base.php:3036] require('/home/u991737198/domains/tas2023.online/public_html/tmp/3hn69l4qoa804.3g8shy2588w00.php')
Sun, 12 Jan 2025 15:16:06 -0500 [2603:9000:f801:55e2:ccd:cd12:6026:3616] [/home/u991737198/domains/tas2023.online/public_html/lib/base.php:3281] View->sandbox()
Sun, 12 Jan 2025 15:16:06 -0500 [2603:9000:f801:55e2:ccd:cd12:6026:3616] [/home/u991737198/domains/tas2023.online/public_html/tmp/3hn69l4qoa804.3h31n1yj254w8.php:7] Preview->render()
Sun, 12 Jan 2025 15:16:06 -0500 [2603:9000:f801:55e2:ccd:cd12:6026:3616] [/home/u991737198/domains/tas2023.online/public_html/lib/base.php:3036] require('/home/u991737198/domains/tas2023.online/public_html/tmp/3hn69l4qoa804.3h31n1yj254w8.php')
Sun, 12 Jan 2025 15:16:06 -0500 [2603:9000:f801:55e2:ccd:cd12:6026:3616] [/home/u991737198/domains/tas2023.online/public_html/lib/base.php:3281] View->sandbox()
Sun, 12 Jan 2025 15:16:06 -0500 [2603:9000:f801:55e2:ccd:cd12:6026:3616] [/home/u991737198/domains/tas2023.online/public_html/app/controllers/Controller.php:85] Preview->render()
Sun, 12 Jan 2025 15:16:06 -0500 [2603:9000:f801:55e2:ccd:cd12:6026:3616] [/home/u991737198/domains/tas2023.online/public_html/lib/base.php:2078] Controller->afterroute()
Sun, 12 Jan 2025 15:16:06 -0500 [2603:9000:f801:55e2:ccd:cd12:6026:3616] [/home/u991737198/domains/tas2023.online/public_html/lib/base.php:1871] Base->call()
Sun, 12 Jan 2025 15:16:06 -0500 [2603:9000:f801:55e2:ccd:cd12:6026:3616] [/home/u991737198/domains/tas2023.online/public_html/index.php:19] Base->run()
Sun, 12 Jan 2025 15:16:23 -0500 [2603:9000:f801:55e2:ccd:cd12:6026:3616] 500: Undefined variable $selected_note trace: [/home/u991737198/domains/tas2023.online/public_html/tmp/3hn69l4qoa804.3g8shy2588w00.php:307]
Sun, 12 Jan 2025 15:16:23 -0500 [2603:9000:f801:55e2:ccd:cd12:6026:3616] [/home/u991737198/domains/tas2023.online/public_html/tmp/3hn69l4qoa804.3g8shy2588w00.php:307] Base->{closure}()
Sun, 12 Jan 2025 15:16:23 -0500 [2603:9000:f801:55e2:ccd:cd12:6026:3616] [/home/u991737198/domains/tas2023.online/public_html/lib/base.php:3036] require('/home/u991737198/domains/tas2023.online/public_html/tmp/3hn69l4qoa804.3g8shy2588w00.php')
Sun, 12 Jan 2025 15:16:23 -0500 [2603:9000:f801:55e2:ccd:cd12:6026:3616] [/home/u991737198/domains/tas2023.online/public_html/lib/base.php:3281] View->sandbox()
Sun, 12 Jan 2025 15:16:23 -0500 [2603:9000:f801:55e2:ccd:cd12:6026:3616] [/home/u991737198/domains/tas2023.online/public_html/tmp/3hn69l4qoa804.3h31n1yj254w8.php:7] Preview->render()
Sun, 12 Jan 2025 15:16:23 -0500 [2603:9000:f801:55e2:ccd:cd12:6026:3616] [/home/u991737198/domains/tas2023.online/public_html/lib/base.php:3036] require('/home/u991737198/domains/tas2023.online/public_html/tmp/3hn69l4qoa804.3h31n1yj254w8.php')
Sun, 12 Jan 2025 15:16:23 -0500 [2603:9000:f801:55e2:ccd:cd12:6026:3616] [/home/u991737198/domains/tas2023.online/public_html/lib/base.php:3281] View->sandbox()
Sun, 12 Jan 2025 15:16:23 -0500 [2603:9000:f801:55e2:ccd:cd12:6026:3616] [/home/u991737198/domains/tas2023.online/public_html/app/controllers/Controller.php:85] Preview->render()
Sun, 12 Jan 2025 15:16:23 -0500 [2603:9000:f801:55e2:ccd:cd12:6026:3616] [/home/u991737198/domains/tas2023.online/public_html/lib/base.php:2078] Controller->afterroute()
Sun, 12 Jan 2025 15:16:23 -0500 [2603:9000:f801:55e2:ccd:cd12:6026:3616] [/home/u991737198/domains/tas2023.online/public_html/lib/base.php:1871] Base->call()
Sun, 12 Jan 2025 15:16:23 -0500 [2603:9000:f801:55e2:ccd:cd12:6026:3616] [/home/u991737198/domains/tas2023.online/public_html/index.php:19] Base->run()
Sun, 12 Jan 2025 15:16:26 -0500 [2603:9000:f801:55e2:ccd:cd12:6026:3616] 500: Undefined variable $entity_num trace: [tmp/3hn69l4qoa804.1zo7dt0fljr4w.php:196]
Sun, 12 Jan 2025 15:16:26 -0500 [2603:9000:f801:55e2:ccd:cd12:6026:3616] [tmp/3hn69l4qoa804.1zo7dt0fljr4w.php:196] Base->{closure}()
Sun, 12 Jan 2025 15:16:26 -0500 [2603:9000:f801:55e2:ccd:cd12:6026:3616] [lib/base.php:3036] require('/home/u991737198/domains/tas2023.online/public_html/tmp/3hn69l4qoa804.1zo7dt0fljr4w.php')
Sun, 12 Jan 2025 15:16:26 -0500 [2603:9000:f801:55e2:ccd:cd12:6026:3616] [lib/base.php:3281] View->sandbox()
Sun, 12 Jan 2025 15:16:26 -0500 [2603:9000:f801:55e2:ccd:cd12:6026:3616] [tmp/3hn69l4qoa804.3h31n1yj254w8.php:7] Preview->render()
Sun, 12 Jan 2025 15:16:26 -0500 [2603:9000:f801:55e2:ccd:cd12:6026:3616] [lib/base.php:3036] require('/home/u991737198/domains/tas2023.online/public_html/tmp/3hn69l4qoa804.3h31n1yj254w8.php')
Sun, 12 Jan 2025 15:16:26 -0500 [2603:9000:f801:55e2:ccd:cd12:6026:3616] [lib/base.php:3281] View->sandbox()
Sun, 12 Jan 2025 15:16:26 -0500 [2603:9000:f801:55e2:ccd:cd12:6026:3616] [app/controllers/Controller.php:85] Preview->render()
Sun, 12 Jan 2025 15:16:26 -0500 [2603:9000:f801:55e2:ccd:cd12:6026:3616] [lib/base.php:2078] Controller->afterroute()
Sun, 12 Jan 2025 15:16:26 -0500 [2603:9000:f801:55e2:ccd:cd12:6026:3616] [lib/base.php:1871] Base->call()
Sun, 12 Jan 2025 15:16:26 -0500 [2603:9000:f801:55e2:ccd:cd12:6026:3616] [index.php:19] Base->run()
Sun, 12 Jan 2025 15:16:30 -0500 [2603:9000:f801:55e2:ccd:cd12:6026:3616] 500: Undefined variable $entity_num trace: [tmp/3hn69l4qoa804.1zo7dt0fljr4w.php:196]
Sun, 12 Jan 2025 15:16:30 -0500 [2603:9000:f801:55e2:ccd:cd12:6026:3616] [tmp/3hn69l4qoa804.1zo7dt0fljr4w.php:196] Base->{closure}()
Sun, 12 Jan 2025 15:16:30 -0500 [2603:9000:f801:55e2:ccd:cd12:6026:3616] [lib/base.php:3036] require('/home/u991737198/domains/tas2023.online/public_html/tmp/3hn69l4qoa804.1zo7dt0fljr4w.php')
Sun, 12 Jan 2025 15:16:30 -0500 [2603:9000:f801:55e2:ccd:cd12:6026:3616] [lib/base.php:3281] View->sandbox()
Sun, 12 Jan 2025 15:16:30 -0500 [2603:9000:f801:55e2:ccd:cd12:6026:3616] [tmp/3hn69l4qoa804.3h31n1yj254w8.php:7] Preview->render()
Sun, 12 Jan 2025 15:16:30 -0500 [2603:9000:f801:55e2:ccd:cd12:6026:3616] [lib/base.php:3036] require('/home/u991737198/domains/tas2023.online/public_html/tmp/3hn69l4qoa804.3h31n1yj254w8.php')
Sun, 12 Jan 2025 15:16:30 -0500 [2603:9000:f801:55e2:ccd:cd12:6026:3616] [lib/base.php:3281] View->sandbox()
Sun, 12 Jan 2025 15:16:30 -0500 [2603:9000:f801:55e2:ccd:cd12:6026:3616] [app/controllers/Controller.php:85] Preview->render()
Sun, 12 Jan 2025 15:16:30 -0500 [2603:9000:f801:55e2:ccd:cd12:6026:3616] [lib/base.php:2078] Controller->afterroute()
Sun, 12 Jan 2025 15:16:30 -0500 [2603:9000:f801:55e2:ccd:cd12:6026:3616] [lib/base.php:1871] Base->call()
Sun, 12 Jan 2025 15:16:30 -0500 [2603:9000:f801:55e2:ccd:cd12:6026:3616] [index.php:19] Base->run()
Sun, 12 Jan 2025 15:16:36 -0500 [2603:9000:f801:55e2:ccd:cd12:6026:3616] 500: Undefined variable $selected_note trace: [/home/u991737198/domains/tas2023.online/public_html/tmp/3hn69l4qoa804.3g8shy2588w00.php:307]
Sun, 12 Jan 2025 15:16:36 -0500 [2603:9000:f801:55e2:ccd:cd12:6026:3616] [/home/u991737198/domains/tas2023.online/public_html/tmp/3hn69l4qoa804.3g8shy2588w00.php:307] Base->{closure}()
Sun, 12 Jan 2025 15:16:36 -0500 [2603:9000:f801:55e2:ccd:cd12:6026:3616] [/home/u991737198/domains/tas2023.online/public_html/lib/base.php:3036] require('/home/u991737198/domains/tas2023.online/public_html/tmp/3hn69l4qoa804.3g8shy2588w00.php')
Sun, 12 Jan 2025 15:16:36 -0500 [2603:9000:f801:55e2:ccd:cd12:6026:3616] [/home/u991737198/domains/tas2023.online/public_html/lib/base.php:3281] View->sandbox()
Sun, 12 Jan 2025 15:16:36 -0500 [2603:9000:f801:55e2:ccd:cd12:6026:3616] [/home/u991737198/domains/tas2023.online/public_html/tmp/3hn69l4qoa804.3h31n1yj254w8.php:7] Preview->render()
Sun, 12 Jan 2025 15:16:36 -0500 [2603:9000:f801:55e2:ccd:cd12:6026:3616] [/home/u991737198/domains/tas2023.online/public_html/lib/base.php:3036] require('/home/u991737198/domains/tas2023.online/public_html/tmp/3hn69l4qoa804.3h31n1yj254w8.php')
Sun, 12 Jan 2025 15:16:36 -0500 [2603:9000:f801:55e2:ccd:cd12:6026:3616] [/home/u991737198/domains/tas2023.online/public_html/lib/base.php:3281] View->sandbox()
Sun, 12 Jan 2025 15:16:36 -0500 [2603:9000:f801:55e2:ccd:cd12:6026:3616] [/home/u991737198/domains/tas2023.online/public_html/app/controllers/Controller.php:85] Preview->render()
Sun, 12 Jan 2025 15:16:36 -0500 [2603:9000:f801:55e2:ccd:cd12:6026:3616] [/home/u991737198/domains/tas2023.online/public_html/lib/base.php:2078] Controller->afterroute()
Sun, 12 Jan 2025 15:16:36 -0500 [2603:9000:f801:55e2:ccd:cd12:6026:3616] [/home/u991737198/domains/tas2023.online/public_html/lib/base.php:1871] Base->call()
Sun, 12 Jan 2025 15:16:36 -0500 [2603:9000:f801:55e2:ccd:cd12:6026:3616] [/home/u991737198/domains/tas2023.online/public_html/index.php:19] Base->run()
Sun, 12 Jan 2025 15:16:45 -0500 [2603:9000:f801:55e2:ccd:cd12:6026:3616] 500: Undefined variable $selected_note trace: [/home/u991737198/domains/tas2023.online/public_html/tmp/3hn69l4qoa804.3g8shy2588w00.php:307]
Sun, 12 Jan 2025 15:16:45 -0500 [2603:9000:f801:55e2:ccd:cd12:6026:3616] [/home/u991737198/domains/tas2023.online/public_html/tmp/3hn69l4qoa804.3g8shy2588w00.php:307] Base->{closure}()
Sun, 12 Jan 2025 15:16:45 -0500 [2603:9000:f801:55e2:ccd:cd12:6026:3616] [/home/u991737198/domains/tas2023.online/public_html/lib/base.php:3036] require('/home/u991737198/domains/tas2023.online/public_html/tmp/3hn69l4qoa804.3g8shy2588w00.php')
Sun, 12 Jan 2025 15:16:45 -0500 [2603:9000:f801:55e2:ccd:cd12:6026:3616] [/home/u991737198/domains/tas2023.online/public_html/lib/base.php:3281] View->sandbox()
Sun, 12 Jan 2025 15:16:45 -0500 [2603:9000:f801:55e2:ccd:cd12:6026:3616] [/home/u991737198/domains/tas2023.online/public_html/tmp/3hn69l4qoa804.3h31n1yj254w8.php:7] Preview->render()
Sun, 12 Jan 2025 15:16:45 -0500 [2603:9000:f801:55e2:ccd:cd12:6026:3616] [/home/u991737198/domains/tas2023.online/public_html/lib/base.php:3036] require('/home/u991737198/domains/tas2023.online/public_html/tmp/3hn69l4qoa804.3h31n1yj254w8.php')
Sun, 12 Jan 2025 15:16:45 -0500 [2603:9000:f801:55e2:ccd:cd12:6026:3616] [/home/u991737198/domains/tas2023.online/public_html/lib/base.php:3281] View->sandbox()
Sun, 12 Jan 2025 15:16:45 -0500 [2603:9000:f801:55e2:ccd:cd12:6026:3616] [/home/u991737198/domains/tas2023.online/public_html/app/controllers/Controller.php:85] Preview->render()
Sun, 12 Jan 2025 15:16:45 -0500 [2603:9000:f801:55e2:ccd:cd12:6026:3616] [/home/u991737198/domains/tas2023.online/public_html/lib/base.php:2078] Controller->afterroute()
Sun, 12 Jan 2025 15:16:45 -0500 [2603:9000:f801:55e2:ccd:cd12:6026:3616] [/home/u991737198/domains/tas2023.online/public_html/lib/base.php:1871] Base->call()
Sun, 12 Jan 2025 15:16:45 -0500 [2603:9000:f801:55e2:ccd:cd12:6026:3616] [/home/u991737198/domains/tas2023.online/public_html/index.php:19] Base->run()
Sun, 12 Jan 2025 15:35:33 -0500 [2603:9000:f801:55e2:ccd:cd12:6026:3616] 500: Undefined variable $i18n trace: [tmp/3hn69l4qoa804.dkos5pfgx4qw.php:35]
Sun, 12 Jan 2025 15:35:33 -0500 [2603:9000:f801:55e2:ccd:cd12:6026:3616] [tmp/3hn69l4qoa804.dkos5pfgx4qw.php:35] Base->{closure}()
Sun, 12 Jan 2025 15:35:33 -0500 [2603:9000:f801:55e2:ccd:cd12:6026:3616] [lib/base.php:3036] require('/home/u991737198/domains/tas2023.online/public_html/tmp/3hn69l4qoa804.dkos5pfgx4qw.php')
Sun, 12 Jan 2025 15:35:33 -0500 [2603:9000:f801:55e2:ccd:cd12:6026:3616] [lib/base.php:3281] View->sandbox()
Sun, 12 Jan 2025 15:35:33 -0500 [2603:9000:f801:55e2:ccd:cd12:6026:3616] [tmp/3hn69l4qoa804.3h31n1yj254w8.php:7] Preview->render()
Sun, 12 Jan 2025 15:35:33 -0500 [2603:9000:f801:55e2:ccd:cd12:6026:3616] [lib/base.php:3036] require('/home/u991737198/domains/tas2023.online/public_html/tmp/3hn69l4qoa804.3h31n1yj254w8.php')
Sun, 12 Jan 2025 15:35:33 -0500 [2603:9000:f801:55e2:ccd:cd12:6026:3616] [lib/base.php:3281] View->sandbox()
Sun, 12 Jan 2025 15:35:33 -0500 [2603:9000:f801:55e2:ccd:cd12:6026:3616] [app/controllers/Controller.php:85] Preview->render()
Sun, 12 Jan 2025 15:35:33 -0500 [2603:9000:f801:55e2:ccd:cd12:6026:3616] [lib/base.php:2078] Controller->afterroute()
Sun, 12 Jan 2025 15:35:33 -0500 [2603:9000:f801:55e2:ccd:cd12:6026:3616] [lib/base.php:1871] Base->call()
Sun, 12 Jan 2025 15:35:33 -0500 [2603:9000:f801:55e2:ccd:cd12:6026:3616] [index.php:19] Base->run()
Sun, 12 Jan 2025 15:36:10 -0500 [2603:9000:f801:55e2:ccd:cd12:6026:3616] 500: Undefined variable $i18n trace: [tmp/3hn69l4qoa804.dkos5pfgx4qw.php:35]
Sun, 12 Jan 2025 15:36:10 -0500 [2603:9000:f801:55e2:ccd:cd12:6026:3616] [tmp/3hn69l4qoa804.dkos5pfgx4qw.php:35] Base->{closure}()
Sun, 12 Jan 2025 15:36:10 -0500 [2603:9000:f801:55e2:ccd:cd12:6026:3616] [lib/base.php:3036] require('/home/u991737198/domains/tas2023.online/public_html/tmp/3hn69l4qoa804.dkos5pfgx4qw.php')
Sun, 12 Jan 2025 15:36:10 -0500 [2603:9000:f801:55e2:ccd:cd12:6026:3616] [lib/base.php:3281] View->sandbox()
Sun, 12 Jan 2025 15:36:10 -0500 [2603:9000:f801:55e2:ccd:cd12:6026:3616] [tmp/3hn69l4qoa804.3h31n1yj254w8.php:7] Preview->render()
Sun, 12 Jan 2025 15:36:10 -0500 [2603:9000:f801:55e2:ccd:cd12:6026:3616] [lib/base.php:3036] require('/home/u991737198/domains/tas2023.online/public_html/tmp/3hn69l4qoa804.3h31n1yj254w8.php')
Sun, 12 Jan 2025 15:36:10 -0500 [2603:9000:f801:55e2:ccd:cd12:6026:3616] [lib/base.php:3281] View->sandbox()
Sun, 12 Jan 2025 15:36:10 -0500 [2603:9000:f801:55e2:ccd:cd12:6026:3616] [app/controllers/Controller.php:85] Preview->render()
Sun, 12 Jan 2025 15:36:10 -0500 [2603:9000:f801:55e2:ccd:cd12:6026:3616] [lib/base.php:2078] Controller->afterroute()
Sun, 12 Jan 2025 15:36:10 -0500 [2603:9000:f801:55e2:ccd:cd12:6026:3616] [lib/base.php:1871] Base->call()
Sun, 12 Jan 2025 15:36:10 -0500 [2603:9000:f801:55e2:ccd:cd12:6026:3616] [index.php:19] Base->run()
Sun, 12 Jan 2025 15:37:38 -0500 [2603:9000:f801:55e2:ccd:cd12:6026:3616] 500: Trying to access array offset on value of type null trace: [app/controllers/UserController.php:573]
Sun, 12 Jan 2025 15:37:38 -0500 [2603:9000:f801:55e2:ccd:cd12:6026:3616] [app/controllers/UserController.php:573] Base->{closure}()
Sun, 12 Jan 2025 15:37:38 -0500 [2603:9000:f801:55e2:ccd:cd12:6026:3616] [lib/base.php:2072] UserController->login()
Sun, 12 Jan 2025 15:37:38 -0500 [2603:9000:f801:55e2:ccd:cd12:6026:3616] [lib/base.php:1871] Base->call()
Sun, 12 Jan 2025 15:37:38 -0500 [2603:9000:f801:55e2:ccd:cd12:6026:3616] [index.php:19] Base->run()
Sun, 12 Jan 2025 15:37:44 -0500 [2603:9000:f801:55e2:ccd:cd12:6026:3616] 500: Undefined array key "project_name" trace: [tmp/3hn69l4qoa804.2ruqocuopbmsk.php:4]
Sun, 12 Jan 2025 15:37:44 -0500 [2603:9000:f801:55e2:ccd:cd12:6026:3616] [tmp/3hn69l4qoa804.2ruqocuopbmsk.php:4] Base->{closure}()
Sun, 12 Jan 2025 15:37:44 -0500 [2603:9000:f801:55e2:ccd:cd12:6026:3616] [lib/base.php:3036] require('/home/u991737198/domains/tas2023.online/public_html/tmp/3hn69l4qoa804.2ruqocuopbmsk.php')
Sun, 12 Jan 2025 15:37:44 -0500 [2603:9000:f801:55e2:ccd:cd12:6026:3616] [lib/base.php:3281] View->sandbox()
Sun, 12 Jan 2025 15:37:44 -0500 [2603:9000:f801:55e2:ccd:cd12:6026:3616] [tmp/3hn69l4qoa804.3gyrojkfdpa8w.php:40] Preview->render()
Sun, 12 Jan 2025 15:37:44 -0500 [2603:9000:f801:55e2:ccd:cd12:6026:3616] [lib/base.php:3036] require('/home/u991737198/domains/tas2023.online/public_html/tmp/3hn69l4qoa804.3gyrojkfdpa8w.php')
Sun, 12 Jan 2025 15:37:44 -0500 [2603:9000:f801:55e2:ccd:cd12:6026:3616] [lib/base.php:3281] View->sandbox()
Sun, 12 Jan 2025 15:37:44 -0500 [2603:9000:f801:55e2:ccd:cd12:6026:3616] [tmp/3hn69l4qoa804.3h31n1yj254w8.php:1] Preview->render()
Sun, 12 Jan 2025 15:37:44 -0500 [2603:9000:f801:55e2:ccd:cd12:6026:3616] [lib/base.php:3036] require('/home/u991737198/domains/tas2023.online/public_html/tmp/3hn69l4qoa804.3h31n1yj254w8.php')
Sun, 12 Jan 2025 15:37:44 -0500 [2603:9000:f801:55e2:ccd:cd12:6026:3616] [lib/base.php:3281] View->sandbox()
Sun, 12 Jan 2025 15:37:44 -0500 [2603:9000:f801:55e2:ccd:cd12:6026:3616] [app/controllers/Controller.php:85] Preview->render()
Sun, 12 Jan 2025 15:37:44 -0500 [2603:9000:f801:55e2:ccd:cd12:6026:3616] [lib/base.php:2078] Controller->afterroute()
Sun, 12 Jan 2025 15:37:44 -0500 [2603:9000:f801:55e2:ccd:cd12:6026:3616] [lib/base.php:1871] Base->call()
Sun, 12 Jan 2025 15:37:44 -0500 [2603:9000:f801:55e2:ccd:cd12:6026:3616] [index.php:19] Base->run()
Sun, 12 Jan 2025 15:37:53 -0500 [2603:9000:f801:55e2:ccd:cd12:6026:3616] 500: Undefined array key "project_name" trace: [tmp/3hn69l4qoa804.2ruqocuopbmsk.php:4]
Sun, 12 Jan 2025 15:37:53 -0500 [2603:9000:f801:55e2:ccd:cd12:6026:3616] [tmp/3hn69l4qoa804.2ruqocuopbmsk.php:4] Base->{closure}()
Sun, 12 Jan 2025 15:37:53 -0500 [2603:9000:f801:55e2:ccd:cd12:6026:3616] [lib/base.php:3036] require('/home/u991737198/domains/tas2023.online/public_html/tmp/3hn69l4qoa804.2ruqocuopbmsk.php')
Sun, 12 Jan 2025 15:37:53 -0500 [2603:9000:f801:55e2:ccd:cd12:6026:3616] [lib/base.php:3281] View->sandbox()
Sun, 12 Jan 2025 15:37:53 -0500 [2603:9000:f801:55e2:ccd:cd12:6026:3616] [tmp/3hn69l4qoa804.3gyrojkfdpa8w.php:40] Preview->render()
Sun, 12 Jan 2025 15:37:53 -0500 [2603:9000:f801:55e2:ccd:cd12:6026:3616] [lib/base.php:3036] require('/home/u991737198/domains/tas2023.online/public_html/tmp/3hn69l4qoa804.3gyrojkfdpa8w.php')
Sun, 12 Jan 2025 15:37:53 -0500 [2603:9000:f801:55e2:ccd:cd12:6026:3616] [lib/base.php:3281] View->sandbox()
Sun, 12 Jan 2025 15:37:53 -0500 [2603:9000:f801:55e2:ccd:cd12:6026:3616] [tmp/3hn69l4qoa804.3h31n1yj254w8.php:1] Preview->render()
Sun, 12 Jan 2025 15:37:53 -0500 [2603:9000:f801:55e2:ccd:cd12:6026:3616] [lib/base.php:3036] require('/home/u991737198/domains/tas2023.online/public_html/tmp/3hn69l4qoa804.3h31n1yj254w8.php')
Sun, 12 Jan 2025 15:37:53 -0500 [2603:9000:f801:55e2:ccd:cd12:6026:3616] [lib/base.php:3281] View->sandbox()
Sun, 12 Jan 2025 15:37:53 -0500 [2603:9000:f801:55e2:ccd:cd12:6026:3616] [app/controllers/Controller.php:85] Preview->render()
Sun, 12 Jan 2025 15:37:53 -0500 [2603:9000:f801:55e2:ccd:cd12:6026:3616] [lib/base.php:2078] Controller->afterroute()
Sun, 12 Jan 2025 15:37:53 -0500 [2603:9000:f801:55e2:ccd:cd12:6026:3616] [lib/base.php:1871] Base->call()
Sun, 12 Jan 2025 15:37:53 -0500 [2603:9000:f801:55e2:ccd:cd12:6026:3616] [index.php:19] Base->run()
Sun, 12 Jan 2025 15:42:23 -0500 [2603:9000:f801:55e2:ccd:cd12:6026:3616] 500: Undefined array key "project_name" trace: [tmp/3hn69l4qoa804.2ruqocuopbmsk.php:4]
Sun, 12 Jan 2025 15:42:23 -0500 [2603:9000:f801:55e2:ccd:cd12:6026:3616] [tmp/3hn69l4qoa804.2ruqocuopbmsk.php:4] Base->{closure}()
Sun, 12 Jan 2025 15:42:23 -0500 [2603:9000:f801:55e2:ccd:cd12:6026:3616] [lib/base.php:3036] require('/home/u991737198/domains/tas2023.online/public_html/tmp/3hn69l4qoa804.2ruqocuopbmsk.php')
Sun, 12 Jan 2025 15:42:23 -0500 [2603:9000:f801:55e2:ccd:cd12:6026:3616] [lib/base.php:3281] View->sandbox()
Sun, 12 Jan 2025 15:42:23 -0500 [2603:9000:f801:55e2:ccd:cd12:6026:3616] [tmp/3hn69l4qoa804.3gyrojkfdpa8w.php:40] Preview->render()
Sun, 12 Jan 2025 15:42:23 -0500 [2603:9000:f801:55e2:ccd:cd12:6026:3616] [lib/base.php:3036] require('/home/u991737198/domains/tas2023.online/public_html/tmp/3hn69l4qoa804.3gyrojkfdpa8w.php')
Sun, 12 Jan 2025 15:42:23 -0500 [2603:9000:f801:55e2:ccd:cd12:6026:3616] [lib/base.php:3281] View->sandbox()
Sun, 12 Jan 2025 15:42:23 -0500 [2603:9000:f801:55e2:ccd:cd12:6026:3616] [tmp/3hn69l4qoa804.3h31n1yj254w8.php:1] Preview->render()
Sun, 12 Jan 2025 15:42:23 -0500 [2603:9000:f801:55e2:ccd:cd12:6026:3616] [lib/base.php:3036] require('/home/u991737198/domains/tas2023.online/public_html/tmp/3hn69l4qoa804.3h31n1yj254w8.php')
Sun, 12 Jan 2025 15:42:23 -0500 [2603:9000:f801:55e2:ccd:cd12:6026:3616] [lib/base.php:3281] View->sandbox()
Sun, 12 Jan 2025 15:42:23 -0500 [2603:9000:f801:55e2:ccd:cd12:6026:3616] [app/controllers/Controller.php:85] Preview->render()
Sun, 12 Jan 2025 15:42:23 -0500 [2603:9000:f801:55e2:ccd:cd12:6026:3616] [lib/base.php:2078] Controller->afterroute()
Sun, 12 Jan 2025 15:42:23 -0500 [2603:9000:f801:55e2:ccd:cd12:6026:3616] [lib/base.php:1871] Base->call()
Sun, 12 Jan 2025 15:42:23 -0500 [2603:9000:f801:55e2:ccd:cd12:6026:3616] [index.php:19] Base->run()
Sun, 12 Jan 2025 15:46:02 -0500 [2603:9000:f801:55e2:ccd:cd12:6026:3616] 500: Undefined variable $entity_num trace: [tmp/3hn69l4qoa804.1zo7dt0fljr4w.php:196]
Sun, 12 Jan 2025 15:46:02 -0500 [2603:9000:f801:55e2:ccd:cd12:6026:3616] [tmp/3hn69l4qoa804.1zo7dt0fljr4w.php:196] Base->{closure}()
Sun, 12 Jan 2025 15:46:02 -0500 [2603:9000:f801:55e2:ccd:cd12:6026:3616] [lib/base.php:3036] require('/home/u991737198/domains/tas2023.online/public_html/tmp/3hn69l4qoa804.1zo7dt0fljr4w.php')
Sun, 12 Jan 2025 15:46:02 -0500 [2603:9000:f801:55e2:ccd:cd12:6026:3616] [lib/base.php:3281] View->sandbox()
Sun, 12 Jan 2025 15:46:02 -0500 [2603:9000:f801:55e2:ccd:cd12:6026:3616] [tmp/3hn69l4qoa804.3h31n1yj254w8.php:7] Preview->render()
Sun, 12 Jan 2025 15:46:02 -0500 [2603:9000:f801:55e2:ccd:cd12:6026:3616] [lib/base.php:3036] require('/home/u991737198/domains/tas2023.online/public_html/tmp/3hn69l4qoa804.3h31n1yj254w8.php')
Sun, 12 Jan 2025 15:46:02 -0500 [2603:9000:f801:55e2:ccd:cd12:6026:3616] [lib/base.php:3281] View->sandbox()
Sun, 12 Jan 2025 15:46:02 -0500 [2603:9000:f801:55e2:ccd:cd12:6026:3616] [app/controllers/Controller.php:85] Preview->render()
Sun, 12 Jan 2025 15:46:02 -0500 [2603:9000:f801:55e2:ccd:cd12:6026:3616] [lib/base.php:2078] Controller->afterroute()
Sun, 12 Jan 2025 15:46:02 -0500 [2603:9000:f801:55e2:ccd:cd12:6026:3616] [lib/base.php:1871] Base->call()
Sun, 12 Jan 2025 15:46:02 -0500 [2603:9000:f801:55e2:ccd:cd12:6026:3616] [index.php:19] Base->run()
Sun, 12 Jan 2025 15:46:21 -0500 [2603:9000:f801:55e2:ccd:cd12:6026:3616] 500: Undefined variable $token trace: [tmp/3hn69l4qoa804.2r4f9cgm96ecs.php:191]
Sun, 12 Jan 2025 15:46:21 -0500 [2603:9000:f801:55e2:ccd:cd12:6026:3616] [tmp/3hn69l4qoa804.2r4f9cgm96ecs.php:191] Base->{closure}()
Sun, 12 Jan 2025 15:46:21 -0500 [2603:9000:f801:55e2:ccd:cd12:6026:3616] [lib/base.php:3036] require('/home/u991737198/domains/tas2023.online/public_html/tmp/3hn69l4qoa804.2r4f9cgm96ecs.php')
Sun, 12 Jan 2025 15:46:21 -0500 [2603:9000:f801:55e2:ccd:cd12:6026:3616] [lib/base.php:3281] View->sandbox()
Sun, 12 Jan 2025 15:46:21 -0500 [2603:9000:f801:55e2:ccd:cd12:6026:3616] [tmp/3hn69l4qoa804.3h31n1yj254w8.php:7] Preview->render()
Sun, 12 Jan 2025 15:46:21 -0500 [2603:9000:f801:55e2:ccd:cd12:6026:3616] [lib/base.php:3036] require('/home/u991737198/domains/tas2023.online/public_html/tmp/3hn69l4qoa804.3h31n1yj254w8.php')
Sun, 12 Jan 2025 15:46:21 -0500 [2603:9000:f801:55e2:ccd:cd12:6026:3616] [lib/base.php:3281] View->sandbox()
Sun, 12 Jan 2025 15:46:21 -0500 [2603:9000:f801:55e2:ccd:cd12:6026:3616] [app/controllers/Controller.php:85] Preview->render()
Sun, 12 Jan 2025 15:46:21 -0500 [2603:9000:f801:55e2:ccd:cd12:6026:3616] [lib/base.php:2078] Controller->afterroute()
Sun, 12 Jan 2025 15:46:21 -0500 [2603:9000:f801:55e2:ccd:cd12:6026:3616] [lib/base.php:1871] Base->call()
Sun, 12 Jan 2025 15:46:21 -0500 [2603:9000:f801:55e2:ccd:cd12:6026:3616] [index.php:19] Base->run()
Sun, 12 Jan 2025 15:46:31 -0500 [2603:9000:f801:55e2:ccd:cd12:6026:3616] 500: Undefined variable $entity_num trace: [tmp/3hn69l4qoa804.1zo7dt0fljr4w.php:196]
Sun, 12 Jan 2025 15:46:31 -0500 [2603:9000:f801:55e2:ccd:cd12:6026:3616] [tmp/3hn69l4qoa804.1zo7dt0fljr4w.php:196] Base->{closure}()
Sun, 12 Jan 2025 15:46:31 -0500 [2603:9000:f801:55e2:ccd:cd12:6026:3616] [lib/base.php:3036] require('/home/u991737198/domains/tas2023.online/public_html/tmp/3hn69l4qoa804.1zo7dt0fljr4w.php')
Sun, 12 Jan 2025 15:46:31 -0500 [2603:9000:f801:55e2:ccd:cd12:6026:3616] [lib/base.php:3281] View->sandbox()
Sun, 12 Jan 2025 15:46:31 -0500 [2603:9000:f801:55e2:ccd:cd12:6026:3616] [tmp/3hn69l4qoa804.3h31n1yj254w8.php:7] Preview->render()
Sun, 12 Jan 2025 15:46:31 -0500 [2603:9000:f801:55e2:ccd:cd12:6026:3616] [lib/base.php:3036] require('/home/u991737198/domains/tas2023.online/public_html/tmp/3hn69l4qoa804.3h31n1yj254w8.php')
Sun, 12 Jan 2025 15:46:31 -0500 [2603:9000:f801:55e2:ccd:cd12:6026:3616] [lib/base.php:3281] View->sandbox()
Sun, 12 Jan 2025 15:46:31 -0500 [2603:9000:f801:55e2:ccd:cd12:6026:3616] [app/controllers/Controller.php:85] Preview->render()
Sun, 12 Jan 2025 15:46:31 -0500 [2603:9000:f801:55e2:ccd:cd12:6026:3616] [lib/base.php:2078] Controller->afterroute()
Sun, 12 Jan 2025 15:46:31 -0500 [2603:9000:f801:55e2:ccd:cd12:6026:3616] [lib/base.php:1871] Base->call()
Sun, 12 Jan 2025 15:46:31 -0500 [2603:9000:f801:55e2:ccd:cd12:6026:3616] [index.php:19] Base->run()
Sun, 12 Jan 2025 15:46:35 -0500 [2603:9000:f801:55e2:ccd:cd12:6026:3616] 500: Undefined variable $selected_note trace: [/home/u991737198/domains/tas2023.online/public_html/tmp/3hn69l4qoa804.3g8shy2588w00.php:307]
Sun, 12 Jan 2025 15:46:35 -0500 [2603:9000:f801:55e2:ccd:cd12:6026:3616] [/home/u991737198/domains/tas2023.online/public_html/tmp/3hn69l4qoa804.3g8shy2588w00.php:307] Base->{closure}()
Sun, 12 Jan 2025 15:46:35 -0500 [2603:9000:f801:55e2:ccd:cd12:6026:3616] [/home/u991737198/domains/tas2023.online/public_html/lib/base.php:3036] require('/home/u991737198/domains/tas2023.online/public_html/tmp/3hn69l4qoa804.3g8shy2588w00.php')
Sun, 12 Jan 2025 15:46:35 -0500 [2603:9000:f801:55e2:ccd:cd12:6026:3616] [/home/u991737198/domains/tas2023.online/public_html/lib/base.php:3281] View->sandbox()
Sun, 12 Jan 2025 15:46:35 -0500 [2603:9000:f801:55e2:ccd:cd12:6026:3616] [/home/u991737198/domains/tas2023.online/public_html/tmp/3hn69l4qoa804.3h31n1yj254w8.php:7] Preview->render()
Sun, 12 Jan 2025 15:46:35 -0500 [2603:9000:f801:55e2:ccd:cd12:6026:3616] [/home/u991737198/domains/tas2023.online/public_html/lib/base.php:3036] require('/home/u991737198/domains/tas2023.online/public_html/tmp/3hn69l4qoa804.3h31n1yj254w8.php')
Sun, 12 Jan 2025 15:46:35 -0500 [2603:9000:f801:55e2:ccd:cd12:6026:3616] [/home/u991737198/domains/tas2023.online/public_html/lib/base.php:3281] View->sandbox()
Sun, 12 Jan 2025 15:46:35 -0500 [2603:9000:f801:55e2:ccd:cd12:6026:3616] [/home/u991737198/domains/tas2023.online/public_html/app/controllers/Controller.php:85] Preview->render()
Sun, 12 Jan 2025 15:46:35 -0500 [2603:9000:f801:55e2:ccd:cd12:6026:3616] [/home/u991737198/domains/tas2023.online/public_html/lib/base.php:2078] Controller->afterroute()
Sun, 12 Jan 2025 15:46:35 -0500 [2603:9000:f801:55e2:ccd:cd12:6026:3616] [/home/u991737198/domains/tas2023.online/public_html/lib/base.php:1871] Base->call()
Sun, 12 Jan 2025 15:46:35 -0500 [2603:9000:f801:55e2:ccd:cd12:6026:3616] [/home/u991737198/domains/tas2023.online/public_html/index.php:19] Base->run()
Sun, 12 Jan 2025 15:49:01 -0500 [2603:9000:f801:55e2:ccd:cd12:6026:3616] 500: Undefined variable $entity_num trace: [tmp/3hn69l4qoa804.1zo7dt0fljr4w.php:196]
Sun, 12 Jan 2025 15:49:01 -0500 [2603:9000:f801:55e2:ccd:cd12:6026:3616] [tmp/3hn69l4qoa804.1zo7dt0fljr4w.php:196] Base->{closure}()
Sun, 12 Jan 2025 15:49:01 -0500 [2603:9000:f801:55e2:ccd:cd12:6026:3616] [lib/base.php:3036] require('/home/u991737198/domains/tas2023.online/public_html/tmp/3hn69l4qoa804.1zo7dt0fljr4w.php')
Sun, 12 Jan 2025 15:49:01 -0500 [2603:9000:f801:55e2:ccd:cd12:6026:3616] [lib/base.php:3281] View->sandbox()
Sun, 12 Jan 2025 15:49:01 -0500 [2603:9000:f801:55e2:ccd:cd12:6026:3616] [tmp/3hn69l4qoa804.3h31n1yj254w8.php:7] Preview->render()
Sun, 12 Jan 2025 15:49:01 -0500 [2603:9000:f801:55e2:ccd:cd12:6026:3616] [lib/base.php:3036] require('/home/u991737198/domains/tas2023.online/public_html/tmp/3hn69l4qoa804.3h31n1yj254w8.php')
Sun, 12 Jan 2025 15:49:01 -0500 [2603:9000:f801:55e2:ccd:cd12:6026:3616] [lib/base.php:3281] View->sandbox()
Sun, 12 Jan 2025 15:49:01 -0500 [2603:9000:f801:55e2:ccd:cd12:6026:3616] [app/controllers/Controller.php:85] Preview->render()
Sun, 12 Jan 2025 15:49:01 -0500 [2603:9000:f801:55e2:ccd:cd12:6026:3616] [lib/base.php:2078] Controller->afterroute()
Sun, 12 Jan 2025 15:49:01 -0500 [2603:9000:f801:55e2:ccd:cd12:6026:3616] [lib/base.php:1871] Base->call()
Sun, 12 Jan 2025 15:49:01 -0500 [2603:9000:f801:55e2:ccd:cd12:6026:3616] [index.php:19] Base->run()
Sun, 12 Jan 2025 15:49:09 -0500 [2603:9000:f801:55e2:ccd:cd12:6026:3616] 500: Undefined variable $token trace: [tmp/3hn69l4qoa804.2r4f9cgm96ecs.php:191]
Sun, 12 Jan 2025 15:49:09 -0500 [2603:9000:f801:55e2:ccd:cd12:6026:3616] [tmp/3hn69l4qoa804.2r4f9cgm96ecs.php:191] Base->{closure}()
Sun, 12 Jan 2025 15:49:09 -0500 [2603:9000:f801:55e2:ccd:cd12:6026:3616] [lib/base.php:3036] require('/home/u991737198/domains/tas2023.online/public_html/tmp/3hn69l4qoa804.2r4f9cgm96ecs.php')
Sun, 12 Jan 2025 15:49:09 -0500 [2603:9000:f801:55e2:ccd:cd12:6026:3616] [lib/base.php:3281] View->sandbox()
Sun, 12 Jan 2025 15:49:09 -0500 [2603:9000:f801:55e2:ccd:cd12:6026:3616] [tmp/3hn69l4qoa804.3h31n1yj254w8.php:7] Preview->render()
Sun, 12 Jan 2025 15:49:09 -0500 [2603:9000:f801:55e2:ccd:cd12:6026:3616] [lib/base.php:3036] require('/home/u991737198/domains/tas2023.online/public_html/tmp/3hn69l4qoa804.3h31n1yj254w8.php')
Sun, 12 Jan 2025 15:49:09 -0500 [2603:9000:f801:55e2:ccd:cd12:6026:3616] [lib/base.php:3281] View->sandbox()
Sun, 12 Jan 2025 15:49:09 -0500 [2603:9000:f801:55e2:ccd:cd12:6026:3616] [app/controllers/Controller.php:85] Preview->render()
Sun, 12 Jan 2025 15:49:09 -0500 [2603:9000:f801:55e2:ccd:cd12:6026:3616] [lib/base.php:2078] Controller->afterroute()
Sun, 12 Jan 2025 15:49:09 -0500 [2603:9000:f801:55e2:ccd:cd12:6026:3616] [lib/base.php:1871] Base->call()
Sun, 12 Jan 2025 15:49:09 -0500 [2603:9000:f801:55e2:ccd:cd12:6026:3616] [index.php:19] Base->run()
Sun, 12 Jan 2025 15:49:19 -0500 [2603:9000:f801:55e2:ccd:cd12:6026:3616] 500: Undefined variable $entity_num trace: [tmp/3hn69l4qoa804.1zo7dt0fljr4w.php:196]
Sun, 12 Jan 2025 15:49:19 -0500 [2603:9000:f801:55e2:ccd:cd12:6026:3616] [tmp/3hn69l4qoa804.1zo7dt0fljr4w.php:196] Base->{closure}()
Sun, 12 Jan 2025 15:49:19 -0500 [2603:9000:f801:55e2:ccd:cd12:6026:3616] [lib/base.php:3036] require('/home/u991737198/domains/tas2023.online/public_html/tmp/3hn69l4qoa804.1zo7dt0fljr4w.php')
Sun, 12 Jan 2025 15:49:19 -0500 [2603:9000:f801:55e2:ccd:cd12:6026:3616] [lib/base.php:3281] View->sandbox()
Sun, 12 Jan 2025 15:49:19 -0500 [2603:9000:f801:55e2:ccd:cd12:6026:3616] [tmp/3hn69l4qoa804.3h31n1yj254w8.php:7] Preview->render()
Sun, 12 Jan 2025 15:49:19 -0500 [2603:9000:f801:55e2:ccd:cd12:6026:3616] [lib/base.php:3036] require('/home/u991737198/domains/tas2023.online/public_html/tmp/3hn69l4qoa804.3h31n1yj254w8.php')
Sun, 12 Jan 2025 15:49:19 -0500 [2603:9000:f801:55e2:ccd:cd12:6026:3616] [lib/base.php:3281] View->sandbox()
Sun, 12 Jan 2025 15:49:19 -0500 [2603:9000:f801:55e2:ccd:cd12:6026:3616] [app/controllers/Controller.php:85] Preview->render()
Sun, 12 Jan 2025 15:49:19 -0500 [2603:9000:f801:55e2:ccd:cd12:6026:3616] [lib/base.php:2078] Controller->afterroute()
Sun, 12 Jan 2025 15:49:19 -0500 [2603:9000:f801:55e2:ccd:cd12:6026:3616] [lib/base.php:1871] Base->call()
Sun, 12 Jan 2025 15:49:19 -0500 [2603:9000:f801:55e2:ccd:cd12:6026:3616] [index.php:19] Base->run()
Sun, 12 Jan 2025 15:54:54 -0500 [2603:9000:f801:55e2:ccd:cd12:6026:3616] 500: Undefined variable $selected_note trace: [/home/u991737198/domains/tas2023.online/public_html/tmp/3hn69l4qoa804.3g8shy2588w00.php:307]
Sun, 12 Jan 2025 15:54:54 -0500 [2603:9000:f801:55e2:ccd:cd12:6026:3616] [/home/u991737198/domains/tas2023.online/public_html/tmp/3hn69l4qoa804.3g8shy2588w00.php:307] Base->{closure}()
Sun, 12 Jan 2025 15:54:54 -0500 [2603:9000:f801:55e2:ccd:cd12:6026:3616] [/home/u991737198/domains/tas2023.online/public_html/lib/base.php:3036] require('/home/u991737198/domains/tas2023.online/public_html/tmp/3hn69l4qoa804.3g8shy2588w00.php')
Sun, 12 Jan 2025 15:54:54 -0500 [2603:9000:f801:55e2:ccd:cd12:6026:3616] [/home/u991737198/domains/tas2023.online/public_html/lib/base.php:3281] View->sandbox()
Sun, 12 Jan 2025 15:54:54 -0500 [2603:9000:f801:55e2:ccd:cd12:6026:3616] [/home/u991737198/domains/tas2023.online/public_html/tmp/3hn69l4qoa804.3h31n1yj254w8.php:7] Preview->render()
Sun, 12 Jan 2025 15:54:54 -0500 [2603:9000:f801:55e2:ccd:cd12:6026:3616] [/home/u991737198/domains/tas2023.online/public_html/lib/base.php:3036] require('/home/u991737198/domains/tas2023.online/public_html/tmp/3hn69l4qoa804.3h31n1yj254w8.php')
Sun, 12 Jan 2025 15:54:54 -0500 [2603:9000:f801:55e2:ccd:cd12:6026:3616] [/home/u991737198/domains/tas2023.online/public_html/lib/base.php:3281] View->sandbox()
Sun, 12 Jan 2025 15:54:54 -0500 [2603:9000:f801:55e2:ccd:cd12:6026:3616] [/home/u991737198/domains/tas2023.online/public_html/app/controllers/Controller.php:85] Preview->render()
Sun, 12 Jan 2025 15:54:54 -0500 [2603:9000:f801:55e2:ccd:cd12:6026:3616] [/home/u991737198/domains/tas2023.online/public_html/lib/base.php:2078] Controller->afterroute()
Sun, 12 Jan 2025 15:54:54 -0500 [2603:9000:f801:55e2:ccd:cd12:6026:3616] [/home/u991737198/domains/tas2023.online/public_html/lib/base.php:1871] Base->call()
Sun, 12 Jan 2025 15:54:54 -0500 [2603:9000:f801:55e2:ccd:cd12:6026:3616] [/home/u991737198/domains/tas2023.online/public_html/index.php:19] Base->run()
Sun, 12 Jan 2025 15:55:10 -0500 [2603:9000:f801:55e2:ccd:cd12:6026:3616] 500: Undefined variable $selected_note trace: [/home/u991737198/domains/tas2023.online/public_html/tmp/3hn69l4qoa804.3g8shy2588w00.php:307]
Sun, 12 Jan 2025 15:55:10 -0500 [2603:9000:f801:55e2:ccd:cd12:6026:3616] [/home/u991737198/domains/tas2023.online/public_html/tmp/3hn69l4qoa804.3g8shy2588w00.php:307] Base->{closure}()
Sun, 12 Jan 2025 15:55:10 -0500 [2603:9000:f801:55e2:ccd:cd12:6026:3616] [/home/u991737198/domains/tas2023.online/public_html/lib/base.php:3036] require('/home/u991737198/domains/tas2023.online/public_html/tmp/3hn69l4qoa804.3g8shy2588w00.php')
Sun, 12 Jan 2025 15:55:10 -0500 [2603:9000:f801:55e2:ccd:cd12:6026:3616] [/home/u991737198/domains/tas2023.online/public_html/lib/base.php:3281] View->sandbox()
Sun, 12 Jan 2025 15:55:10 -0500 [2603:9000:f801:55e2:ccd:cd12:6026:3616] [/home/u991737198/domains/tas2023.online/public_html/tmp/3hn69l4qoa804.3h31n1yj254w8.php:7] Preview->render()
Sun, 12 Jan 2025 15:55:10 -0500 [2603:9000:f801:55e2:ccd:cd12:6026:3616] [/home/u991737198/domains/tas2023.online/public_html/lib/base.php:3036] require('/home/u991737198/domains/tas2023.online/public_html/tmp/3hn69l4qoa804.3h31n1yj254w8.php')
Sun, 12 Jan 2025 15:55:10 -0500 [2603:9000:f801:55e2:ccd:cd12:6026:3616] [/home/u991737198/domains/tas2023.online/public_html/lib/base.php:3281] View->sandbox()
Sun, 12 Jan 2025 15:55:10 -0500 [2603:9000:f801:55e2:ccd:cd12:6026:3616] [/home/u991737198/domains/tas2023.online/public_html/app/controllers/Controller.php:85] Preview->render()
Sun, 12 Jan 2025 15:55:10 -0500 [2603:9000:f801:55e2:ccd:cd12:6026:3616] [/home/u991737198/domains/tas2023.online/public_html/lib/base.php:2078] Controller->afterroute()
Sun, 12 Jan 2025 15:55:10 -0500 [2603:9000:f801:55e2:ccd:cd12:6026:3616] [/home/u991737198/domains/tas2023.online/public_html/lib/base.php:1871] Base->call()
Sun, 12 Jan 2025 15:55:10 -0500 [2603:9000:f801:55e2:ccd:cd12:6026:3616] [/home/u991737198/domains/tas2023.online/public_html/index.php:19] Base->run()
Sun, 12 Jan 2025 15:55:18 -0500 [2603:9000:f801:55e2:ccd:cd12:6026:3616] 500: Undefined variable $entity_num trace: [tmp/3hn69l4qoa804.1zo7dt0fljr4w.php:196]
Sun, 12 Jan 2025 15:55:18 -0500 [2603:9000:f801:55e2:ccd:cd12:6026:3616] [tmp/3hn69l4qoa804.1zo7dt0fljr4w.php:196] Base->{closure}()
Sun, 12 Jan 2025 15:55:18 -0500 [2603:9000:f801:55e2:ccd:cd12:6026:3616] [lib/base.php:3036] require('/home/u991737198/domains/tas2023.online/public_html/tmp/3hn69l4qoa804.1zo7dt0fljr4w.php')
Sun, 12 Jan 2025 15:55:18 -0500 [2603:9000:f801:55e2:ccd:cd12:6026:3616] [lib/base.php:3281] View->sandbox()
Sun, 12 Jan 2025 15:55:18 -0500 [2603:9000:f801:55e2:ccd:cd12:6026:3616] [tmp/3hn69l4qoa804.3h31n1yj254w8.php:7] Preview->render()
Sun, 12 Jan 2025 15:55:18 -0500 [2603:9000:f801:55e2:ccd:cd12:6026:3616] [lib/base.php:3036] require('/home/u991737198/domains/tas2023.online/public_html/tmp/3hn69l4qoa804.3h31n1yj254w8.php')
Sun, 12 Jan 2025 15:55:18 -0500 [2603:9000:f801:55e2:ccd:cd12:6026:3616] [lib/base.php:3281] View->sandbox()
Sun, 12 Jan 2025 15:55:18 -0500 [2603:9000:f801:55e2:ccd:cd12:6026:3616] [app/controllers/Controller.php:85] Preview->render()
Sun, 12 Jan 2025 15:55:18 -0500 [2603:9000:f801:55e2:ccd:cd12:6026:3616] [lib/base.php:2078] Controller->afterroute()
Sun, 12 Jan 2025 15:55:18 -0500 [2603:9000:f801:55e2:ccd:cd12:6026:3616] [lib/base.php:1871] Base->call()
Sun, 12 Jan 2025 15:55:18 -0500 [2603:9000:f801:55e2:ccd:cd12:6026:3616] [index.php:19] Base->run()
Sun, 12 Jan 2025 15:55:22 -0500 [2603:9000:f801:55e2:ccd:cd12:6026:3616] 500: Undefined variable $entity_num trace: [tmp/3hn69l4qoa804.1zo7dt0fljr4w.php:196]
Sun, 12 Jan 2025 15:55:22 -0500 [2603:9000:f801:55e2:ccd:cd12:6026:3616] [tmp/3hn69l4qoa804.1zo7dt0fljr4w.php:196] Base->{closure}()
Sun, 12 Jan 2025 15:55:22 -0500 [2603:9000:f801:55e2:ccd:cd12:6026:3616] [lib/base.php:3036] require('/home/u991737198/domains/tas2023.online/public_html/tmp/3hn69l4qoa804.1zo7dt0fljr4w.php')
Sun, 12 Jan 2025 15:55:22 -0500 [2603:9000:f801:55e2:ccd:cd12:6026:3616] [lib/base.php:3281] View->sandbox()
Sun, 12 Jan 2025 15:55:22 -0500 [2603:9000:f801:55e2:ccd:cd12:6026:3616] [tmp/3hn69l4qoa804.3h31n1yj254w8.php:7] Preview->render()
Sun, 12 Jan 2025 15:55:22 -0500 [2603:9000:f801:55e2:ccd:cd12:6026:3616] [lib/base.php:3036] require('/home/u991737198/domains/tas2023.online/public_html/tmp/3hn69l4qoa804.3h31n1yj254w8.php')
Sun, 12 Jan 2025 15:55:22 -0500 [2603:9000:f801:55e2:ccd:cd12:6026:3616] [lib/base.php:3281] View->sandbox()
Sun, 12 Jan 2025 15:55:22 -0500 [2603:9000:f801:55e2:ccd:cd12:6026:3616] [app/controllers/Controller.php:85] Preview->render()
Sun, 12 Jan 2025 15:55:22 -0500 [2603:9000:f801:55e2:ccd:cd12:6026:3616] [lib/base.php:2078] Controller->afterroute()
Sun, 12 Jan 2025 15:55:22 -0500 [2603:9000:f801:55e2:ccd:cd12:6026:3616] [lib/base.php:1871] Base->call()
Sun, 12 Jan 2025 15:55:22 -0500 [2603:9000:f801:55e2:ccd:cd12:6026:3616] [index.php:19] Base->run()
Sun, 12 Jan 2025 15:56:03 -0500 [2603:9000:f801:55e2:ccd:cd12:6026:3616] 500: Undefined variable $selected_note trace: [/home/u991737198/domains/tas2023.online/public_html/tmp/3hn69l4qoa804.3g8shy2588w00.php:307]
Sun, 12 Jan 2025 15:56:03 -0500 [2603:9000:f801:55e2:ccd:cd12:6026:3616] [/home/u991737198/domains/tas2023.online/public_html/tmp/3hn69l4qoa804.3g8shy2588w00.php:307] Base->{closure}()
Sun, 12 Jan 2025 15:56:03 -0500 [2603:9000:f801:55e2:ccd:cd12:6026:3616] [/home/u991737198/domains/tas2023.online/public_html/lib/base.php:3036] require('/home/u991737198/domains/tas2023.online/public_html/tmp/3hn69l4qoa804.3g8shy2588w00.php')
Sun, 12 Jan 2025 15:56:03 -0500 [2603:9000:f801:55e2:ccd:cd12:6026:3616] [/home/u991737198/domains/tas2023.online/public_html/lib/base.php:3281] View->sandbox()
Sun, 12 Jan 2025 15:56:03 -0500 [2603:9000:f801:55e2:ccd:cd12:6026:3616] [/home/u991737198/domains/tas2023.online/public_html/tmp/3hn69l4qoa804.3h31n1yj254w8.php:7] Preview->render()
Sun, 12 Jan 2025 15:56:03 -0500 [2603:9000:f801:55e2:ccd:cd12:6026:3616] [/home/u991737198/domains/tas2023.online/public_html/lib/base.php:3036] require('/home/u991737198/domains/tas2023.online/public_html/tmp/3hn69l4qoa804.3h31n1yj254w8.php')
Sun, 12 Jan 2025 15:56:03 -0500 [2603:9000:f801:55e2:ccd:cd12:6026:3616] [/home/u991737198/domains/tas2023.online/public_html/lib/base.php:3281] View->sandbox()
Sun, 12 Jan 2025 15:56:03 -0500 [2603:9000:f801:55e2:ccd:cd12:6026:3616] [/home/u991737198/domains/tas2023.online/public_html/app/controllers/Controller.php:85] Preview->render()
Sun, 12 Jan 2025 15:56:03 -0500 [2603:9000:f801:55e2:ccd:cd12:6026:3616] [/home/u991737198/domains/tas2023.online/public_html/lib/base.php:2078] Controller->afterroute()
Sun, 12 Jan 2025 15:56:03 -0500 [2603:9000:f801:55e2:ccd:cd12:6026:3616] [/home/u991737198/domains/tas2023.online/public_html/lib/base.php:1871] Base->call()
Sun, 12 Jan 2025 15:56:03 -0500 [2603:9000:f801:55e2:ccd:cd12:6026:3616] [/home/u991737198/domains/tas2023.online/public_html/index.php:19] Base->run()
Sun, 12 Jan 2025 15:59:12 -0500 [2603:9000:f801:55e2:ccd:cd12:6026:3616] 500: Undefined variable $selected_note trace: [/home/u991737198/domains/tas2023.online/public_html/tmp/3hn69l4qoa804.3g8shy2588w00.php:307]
Sun, 12 Jan 2025 15:59:12 -0500 [2603:9000:f801:55e2:ccd:cd12:6026:3616] [/home/u991737198/domains/tas2023.online/public_html/tmp/3hn69l4qoa804.3g8shy2588w00.php:307] Base->{closure}()
Sun, 12 Jan 2025 15:59:12 -0500 [2603:9000:f801:55e2:ccd:cd12:6026:3616] [/home/u991737198/domains/tas2023.online/public_html/lib/base.php:3036] require('/home/u991737198/domains/tas2023.online/public_html/tmp/3hn69l4qoa804.3g8shy2588w00.php')
Sun, 12 Jan 2025 15:59:12 -0500 [2603:9000:f801:55e2:ccd:cd12:6026:3616] [/home/u991737198/domains/tas2023.online/public_html/lib/base.php:3281] View->sandbox()
Sun, 12 Jan 2025 15:59:12 -0500 [2603:9000:f801:55e2:ccd:cd12:6026:3616] [/home/u991737198/domains/tas2023.online/public_html/tmp/3hn69l4qoa804.3h31n1yj254w8.php:7] Preview->render()
Sun, 12 Jan 2025 15:59:12 -0500 [2603:9000:f801:55e2:ccd:cd12:6026:3616] [/home/u991737198/domains/tas2023.online/public_html/lib/base.php:3036] require('/home/u991737198/domains/tas2023.online/public_html/tmp/3hn69l4qoa804.3h31n1yj254w8.php')
Sun, 12 Jan 2025 15:59:12 -0500 [2603:9000:f801:55e2:ccd:cd12:6026:3616] [/home/u991737198/domains/tas2023.online/public_html/lib/base.php:3281] View->sandbox()
Sun, 12 Jan 2025 15:59:12 -0500 [2603:9000:f801:55e2:ccd:cd12:6026:3616] [/home/u991737198/domains/tas2023.online/public_html/app/controllers/Controller.php:85] Preview->render()
Sun, 12 Jan 2025 15:59:12 -0500 [2603:9000:f801:55e2:ccd:cd12:6026:3616] [/home/u991737198/domains/tas2023.online/public_html/lib/base.php:2078] Controller->afterroute()
Sun, 12 Jan 2025 15:59:12 -0500 [2603:9000:f801:55e2:ccd:cd12:6026:3616] [/home/u991737198/domains/tas2023.online/public_html/lib/base.php:1871] Base->call()
Sun, 12 Jan 2025 15:59:12 -0500 [2603:9000:f801:55e2:ccd:cd12:6026:3616] [/home/u991737198/domains/tas2023.online/public_html/index.php:19] Base->run()
Sun, 12 Jan 2025 15:59:43 -0500 [2603:9000:f801:55e2:ccd:cd12:6026:3616] 500: Undefined variable $selected_note trace: [/home/u991737198/domains/tas2023.online/public_html/tmp/3hn69l4qoa804.3g8shy2588w00.php:307]
Sun, 12 Jan 2025 15:59:43 -0500 [2603:9000:f801:55e2:ccd:cd12:6026:3616] [/home/u991737198/domains/tas2023.online/public_html/tmp/3hn69l4qoa804.3g8shy2588w00.php:307] Base->{closure}()
Sun, 12 Jan 2025 15:59:43 -0500 [2603:9000:f801:55e2:ccd:cd12:6026:3616] [/home/u991737198/domains/tas2023.online/public_html/lib/base.php:3036] require('/home/u991737198/domains/tas2023.online/public_html/tmp/3hn69l4qoa804.3g8shy2588w00.php')
Sun, 12 Jan 2025 15:59:43 -0500 [2603:9000:f801:55e2:ccd:cd12:6026:3616] [/home/u991737198/domains/tas2023.online/public_html/lib/base.php:3281] View->sandbox()
Sun, 12 Jan 2025 15:59:43 -0500 [2603:9000:f801:55e2:ccd:cd12:6026:3616] [/home/u991737198/domains/tas2023.online/public_html/tmp/3hn69l4qoa804.3h31n1yj254w8.php:7] Preview->render()
Sun, 12 Jan 2025 15:59:43 -0500 [2603:9000:f801:55e2:ccd:cd12:6026:3616] [/home/u991737198/domains/tas2023.online/public_html/lib/base.php:3036] require('/home/u991737198/domains/tas2023.online/public_html/tmp/3hn69l4qoa804.3h31n1yj254w8.php')
Sun, 12 Jan 2025 15:59:43 -0500 [2603:9000:f801:55e2:ccd:cd12:6026:3616] [/home/u991737198/domains/tas2023.online/public_html/lib/base.php:3281] View->sandbox()
Sun, 12 Jan 2025 15:59:43 -0500 [2603:9000:f801:55e2:ccd:cd12:6026:3616] [/home/u991737198/domains/tas2023.online/public_html/app/controllers/Controller.php:85] Preview->render()
Sun, 12 Jan 2025 15:59:43 -0500 [2603:9000:f801:55e2:ccd:cd12:6026:3616] [/home/u991737198/domains/tas2023.online/public_html/lib/base.php:2078] Controller->afterroute()
Sun, 12 Jan 2025 15:59:43 -0500 [2603:9000:f801:55e2:ccd:cd12:6026:3616] [/home/u991737198/domains/tas2023.online/public_html/lib/base.php:1871] Base->call()
Sun, 12 Jan 2025 15:59:43 -0500 [2603:9000:f801:55e2:ccd:cd12:6026:3616] [/home/u991737198/domains/tas2023.online/public_html/index.php:19] Base->run()
Sun, 12 Jan 2025 16:19:29 -0500 [2603:9000:f801:55e2:ccd:cd12:6026:3616] 500: Undefined variable $selected_note trace: [/home/u991737198/domains/tas2023.online/public_html/tmp/3hn69l4qoa804.3g8shy2588w00.php:307]
Sun, 12 Jan 2025 16:19:29 -0500 [2603:9000:f801:55e2:ccd:cd12:6026:3616] [/home/u991737198/domains/tas2023.online/public_html/tmp/3hn69l4qoa804.3g8shy2588w00.php:307] Base->{closure}()
Sun, 12 Jan 2025 16:19:29 -0500 [2603:9000:f801:55e2:ccd:cd12:6026:3616] [/home/u991737198/domains/tas2023.online/public_html/lib/base.php:3036] require('/home/u991737198/domains/tas2023.online/public_html/tmp/3hn69l4qoa804.3g8shy2588w00.php')
Sun, 12 Jan 2025 16:19:29 -0500 [2603:9000:f801:55e2:ccd:cd12:6026:3616] [/home/u991737198/domains/tas2023.online/public_html/lib/base.php:3281] View->sandbox()
Sun, 12 Jan 2025 16:19:29 -0500 [2603:9000:f801:55e2:ccd:cd12:6026:3616] [/home/u991737198/domains/tas2023.online/public_html/tmp/3hn69l4qoa804.3h31n1yj254w8.php:7] Preview->render()
Sun, 12 Jan 2025 16:19:29 -0500 [2603:9000:f801:55e2:ccd:cd12:6026:3616] [/home/u991737198/domains/tas2023.online/public_html/lib/base.php:3036] require('/home/u991737198/domains/tas2023.online/public_html/tmp/3hn69l4qoa804.3h31n1yj254w8.php')
Sun, 12 Jan 2025 16:19:29 -0500 [2603:9000:f801:55e2:ccd:cd12:6026:3616] [/home/u991737198/domains/tas2023.online/public_html/lib/base.php:3281] View->sandbox()
Sun, 12 Jan 2025 16:19:29 -0500 [2603:9000:f801:55e2:ccd:cd12:6026:3616] [/home/u991737198/domains/tas2023.online/public_html/app/controllers/Controller.php:85] Preview->render()
Sun, 12 Jan 2025 16:19:29 -0500 [2603:9000:f801:55e2:ccd:cd12:6026:3616] [/home/u991737198/domains/tas2023.online/public_html/lib/base.php:2078] Controller->afterroute()
Sun, 12 Jan 2025 16:19:29 -0500 [2603:9000:f801:55e2:ccd:cd12:6026:3616] [/home/u991737198/domains/tas2023.online/public_html/lib/base.php:1871] Base->call()
Sun, 12 Jan 2025 16:19:29 -0500 [2603:9000:f801:55e2:ccd:cd12:6026:3616] [/home/u991737198/domains/tas2023.online/public_html/index.php:19] Base->run()
Sun, 12 Jan 2025 16:19:47 -0500 [2603:9000:f801:55e2:ccd:cd12:6026:3616] 500: Undefined variable $selected_note trace: [/home/u991737198/domains/tas2023.online/public_html/tmp/3hn69l4qoa804.3g8shy2588w00.php:307]
Sun, 12 Jan 2025 16:19:47 -0500 [2603:9000:f801:55e2:ccd:cd12:6026:3616] [/home/u991737198/domains/tas2023.online/public_html/tmp/3hn69l4qoa804.3g8shy2588w00.php:307] Base->{closure}()
Sun, 12 Jan 2025 16:19:47 -0500 [2603:9000:f801:55e2:ccd:cd12:6026:3616] [/home/u991737198/domains/tas2023.online/public_html/lib/base.php:3036] require('/home/u991737198/domains/tas2023.online/public_html/tmp/3hn69l4qoa804.3g8shy2588w00.php')
Sun, 12 Jan 2025 16:19:47 -0500 [2603:9000:f801:55e2:ccd:cd12:6026:3616] [/home/u991737198/domains/tas2023.online/public_html/lib/base.php:3281] View->sandbox()
Sun, 12 Jan 2025 16:19:47 -0500 [2603:9000:f801:55e2:ccd:cd12:6026:3616] [/home/u991737198/domains/tas2023.online/public_html/tmp/3hn69l4qoa804.3h31n1yj254w8.php:7] Preview->render()
Sun, 12 Jan 2025 16:19:47 -0500 [2603:9000:f801:55e2:ccd:cd12:6026:3616] [/home/u991737198/domains/tas2023.online/public_html/lib/base.php:3036] require('/home/u991737198/domains/tas2023.online/public_html/tmp/3hn69l4qoa804.3h31n1yj254w8.php')
Sun, 12 Jan 2025 16:19:47 -0500 [2603:9000:f801:55e2:ccd:cd12:6026:3616] [/home/u991737198/domains/tas2023.online/public_html/lib/base.php:3281] View->sandbox()
Sun, 12 Jan 2025 16:19:47 -0500 [2603:9000:f801:55e2:ccd:cd12:6026:3616] [/home/u991737198/domains/tas2023.online/public_html/app/controllers/Controller.php:85] Preview->render()
Sun, 12 Jan 2025 16:19:47 -0500 [2603:9000:f801:55e2:ccd:cd12:6026:3616] [/home/u991737198/domains/tas2023.online/public_html/lib/base.php:2078] Controller->afterroute()
Sun, 12 Jan 2025 16:19:47 -0500 [2603:9000:f801:55e2:ccd:cd12:6026:3616] [/home/u991737198/domains/tas2023.online/public_html/lib/base.php:1871] Base->call()
Sun, 12 Jan 2025 16:19:47 -0500 [2603:9000:f801:55e2:ccd:cd12:6026:3616] [/home/u991737198/domains/tas2023.online/public_html/index.php:19] Base->run()
Sun, 12 Jan 2025 16:22:08 -0500 [2603:9000:f801:55e2:ccd:cd12:6026:3616] 500: Undefined variable $selected_note trace: [/home/u991737198/domains/tas2023.online/public_html/tmp/3hn69l4qoa804.3g8shy2588w00.php:307]
Sun, 12 Jan 2025 16:22:08 -0500 [2603:9000:f801:55e2:ccd:cd12:6026:3616] [/home/u991737198/domains/tas2023.online/public_html/tmp/3hn69l4qoa804.3g8shy2588w00.php:307] Base->{closure}()
Sun, 12 Jan 2025 16:22:08 -0500 [2603:9000:f801:55e2:ccd:cd12:6026:3616] [/home/u991737198/domains/tas2023.online/public_html/lib/base.php:3036] require('/home/u991737198/domains/tas2023.online/public_html/tmp/3hn69l4qoa804.3g8shy2588w00.php')
Sun, 12 Jan 2025 16:22:08 -0500 [2603:9000:f801:55e2:ccd:cd12:6026:3616] [/home/u991737198/domains/tas2023.online/public_html/lib/base.php:3281] View->sandbox()
Sun, 12 Jan 2025 16:22:08 -0500 [2603:9000:f801:55e2:ccd:cd12:6026:3616] [/home/u991737198/domains/tas2023.online/public_html/tmp/3hn69l4qoa804.3h31n1yj254w8.php:7] Preview->render()
Sun, 12 Jan 2025 16:22:08 -0500 [2603:9000:f801:55e2:ccd:cd12:6026:3616] [/home/u991737198/domains/tas2023.online/public_html/lib/base.php:3036] require('/home/u991737198/domains/tas2023.online/public_html/tmp/3hn69l4qoa804.3h31n1yj254w8.php')
Sun, 12 Jan 2025 16:22:08 -0500 [2603:9000:f801:55e2:ccd:cd12:6026:3616] [/home/u991737198/domains/tas2023.online/public_html/lib/base.php:3281] View->sandbox()
Sun, 12 Jan 2025 16:22:08 -0500 [2603:9000:f801:55e2:ccd:cd12:6026:3616] [/home/u991737198/domains/tas2023.online/public_html/app/controllers/Controller.php:85] Preview->render()
Sun, 12 Jan 2025 16:22:08 -0500 [2603:9000:f801:55e2:ccd:cd12:6026:3616] [/home/u991737198/domains/tas2023.online/public_html/lib/base.php:2078] Controller->afterroute()
Sun, 12 Jan 2025 16:22:08 -0500 [2603:9000:f801:55e2:ccd:cd12:6026:3616] [/home/u991737198/domains/tas2023.online/public_html/lib/base.php:1871] Base->call()
Sun, 12 Jan 2025 16:22:08 -0500 [2603:9000:f801:55e2:ccd:cd12:6026:3616] [/home/u991737198/domains/tas2023.online/public_html/index.php:19] Base->run()
Sun, 12 Jan 2025 16:22:35 -0500 [2603:9000:f801:55e2:ccd:cd12:6026:3616] 500: Undefined variable $selected_note trace: [/home/u991737198/domains/tas2023.online/public_html/tmp/3hn69l4qoa804.3g8shy2588w00.php:307]
Sun, 12 Jan 2025 16:22:35 -0500 [2603:9000:f801:55e2:ccd:cd12:6026:3616] [/home/u991737198/domains/tas2023.online/public_html/tmp/3hn69l4qoa804.3g8shy2588w00.php:307] Base->{closure}()
Sun, 12 Jan 2025 16:22:35 -0500 [2603:9000:f801:55e2:ccd:cd12:6026:3616] [/home/u991737198/domains/tas2023.online/public_html/lib/base.php:3036] require('/home/u991737198/domains/tas2023.online/public_html/tmp/3hn69l4qoa804.3g8shy2588w00.php')
Sun, 12 Jan 2025 16:22:35 -0500 [2603:9000:f801:55e2:ccd:cd12:6026:3616] [/home/u991737198/domains/tas2023.online/public_html/lib/base.php:3281] View->sandbox()
Sun, 12 Jan 2025 16:22:35 -0500 [2603:9000:f801:55e2:ccd:cd12:6026:3616] [/home/u991737198/domains/tas2023.online/public_html/tmp/3hn69l4qoa804.3h31n1yj254w8.php:7] Preview->render()
Sun, 12 Jan 2025 16:22:35 -0500 [2603:9000:f801:55e2:ccd:cd12:6026:3616] [/home/u991737198/domains/tas2023.online/public_html/lib/base.php:3036] require('/home/u991737198/domains/tas2023.online/public_html/tmp/3hn69l4qoa804.3h31n1yj254w8.php')
Sun, 12 Jan 2025 16:22:35 -0500 [2603:9000:f801:55e2:ccd:cd12:6026:3616] [/home/u991737198/domains/tas2023.online/public_html/lib/base.php:3281] View->sandbox()
Sun, 12 Jan 2025 16:22:35 -0500 [2603:9000:f801:55e2:ccd:cd12:6026:3616] [/home/u991737198/domains/tas2023.online/public_html/app/controllers/Controller.php:85] Preview->render()
Sun, 12 Jan 2025 16:22:35 -0500 [2603:9000:f801:55e2:ccd:cd12:6026:3616] [/home/u991737198/domains/tas2023.online/public_html/lib/base.php:2078] Controller->afterroute()
Sun, 12 Jan 2025 16:22:35 -0500 [2603:9000:f801:55e2:ccd:cd12:6026:3616] [/home/u991737198/domains/tas2023.online/public_html/lib/base.php:1871] Base->call()
Sun, 12 Jan 2025 16:22:35 -0500 [2603:9000:f801:55e2:ccd:cd12:6026:3616] [/home/u991737198/domains/tas2023.online/public_html/index.php:19] Base->run()
Sun, 12 Jan 2025 16:23:25 -0500 [2603:9000:f801:55e2:ccd:cd12:6026:3616] 500: Undefined variable $selected_note trace: [/home/u991737198/domains/tas2023.online/public_html/tmp/3hn69l4qoa804.3g8shy2588w00.php:307]
Sun, 12 Jan 2025 16:23:25 -0500 [2603:9000:f801:55e2:ccd:cd12:6026:3616] [/home/u991737198/domains/tas2023.online/public_html/tmp/3hn69l4qoa804.3g8shy2588w00.php:307] Base->{closure}()
Sun, 12 Jan 2025 16:23:25 -0500 [2603:9000:f801:55e2:ccd:cd12:6026:3616] [/home/u991737198/domains/tas2023.online/public_html/lib/base.php:3036] require('/home/u991737198/domains/tas2023.online/public_html/tmp/3hn69l4qoa804.3g8shy2588w00.php')
Sun, 12 Jan 2025 16:23:25 -0500 [2603:9000:f801:55e2:ccd:cd12:6026:3616] [/home/u991737198/domains/tas2023.online/public_html/lib/base.php:3281] View->sandbox()
Sun, 12 Jan 2025 16:23:25 -0500 [2603:9000:f801:55e2:ccd:cd12:6026:3616] [/home/u991737198/domains/tas2023.online/public_html/tmp/3hn69l4qoa804.3h31n1yj254w8.php:7] Preview->render()
Sun, 12 Jan 2025 16:23:25 -0500 [2603:9000:f801:55e2:ccd:cd12:6026:3616] [/home/u991737198/domains/tas2023.online/public_html/lib/base.php:3036] require('/home/u991737198/domains/tas2023.online/public_html/tmp/3hn69l4qoa804.3h31n1yj254w8.php')
Sun, 12 Jan 2025 16:23:25 -0500 [2603:9000:f801:55e2:ccd:cd12:6026:3616] [/home/u991737198/domains/tas2023.online/public_html/lib/base.php:3281] View->sandbox()
Sun, 12 Jan 2025 16:23:25 -0500 [2603:9000:f801:55e2:ccd:cd12:6026:3616] [/home/u991737198/domains/tas2023.online/public_html/app/controllers/Controller.php:85] Preview->render()
Sun, 12 Jan 2025 16:23:25 -0500 [2603:9000:f801:55e2:ccd:cd12:6026:3616] [/home/u991737198/domains/tas2023.online/public_html/lib/base.php:2078] Controller->afterroute()
Sun, 12 Jan 2025 16:23:25 -0500 [2603:9000:f801:55e2:ccd:cd12:6026:3616] [/home/u991737198/domains/tas2023.online/public_html/lib/base.php:1871] Base->call()
Sun, 12 Jan 2025 16:23:25 -0500 [2603:9000:f801:55e2:ccd:cd12:6026:3616] [/home/u991737198/domains/tas2023.online/public_html/index.php:19] Base->run()
Sun, 12 Jan 2025 16:23:47 -0500 [2603:9000:f801:55e2:ccd:cd12:6026:3616] 500: Undefined variable $selected_note trace: [/home/u991737198/domains/tas2023.online/public_html/tmp/3hn69l4qoa804.3g8shy2588w00.php:307]
Sun, 12 Jan 2025 16:23:47 -0500 [2603:9000:f801:55e2:ccd:cd12:6026:3616] [/home/u991737198/domains/tas2023.online/public_html/tmp/3hn69l4qoa804.3g8shy2588w00.php:307] Base->{closure}()
Sun, 12 Jan 2025 16:23:47 -0500 [2603:9000:f801:55e2:ccd:cd12:6026:3616] [/home/u991737198/domains/tas2023.online/public_html/lib/base.php:3036] require('/home/u991737198/domains/tas2023.online/public_html/tmp/3hn69l4qoa804.3g8shy2588w00.php')
Sun, 12 Jan 2025 16:23:47 -0500 [2603:9000:f801:55e2:ccd:cd12:6026:3616] [/home/u991737198/domains/tas2023.online/public_html/lib/base.php:3281] View->sandbox()
Sun, 12 Jan 2025 16:23:47 -0500 [2603:9000:f801:55e2:ccd:cd12:6026:3616] [/home/u991737198/domains/tas2023.online/public_html/tmp/3hn69l4qoa804.3h31n1yj254w8.php:7] Preview->render()
Sun, 12 Jan 2025 16:23:47 -0500 [2603:9000:f801:55e2:ccd:cd12:6026:3616] [/home/u991737198/domains/tas2023.online/public_html/lib/base.php:3036] require('/home/u991737198/domains/tas2023.online/public_html/tmp/3hn69l4qoa804.3h31n1yj254w8.php')
Sun, 12 Jan 2025 16:23:47 -0500 [2603:9000:f801:55e2:ccd:cd12:6026:3616] [/home/u991737198/domains/tas2023.online/public_html/lib/base.php:3281] View->sandbox()
Sun, 12 Jan 2025 16:23:47 -0500 [2603:9000:f801:55e2:ccd:cd12:6026:3616] [/home/u991737198/domains/tas2023.online/public_html/app/controllers/Controller.php:85] Preview->render()
Sun, 12 Jan 2025 16:23:47 -0500 [2603:9000:f801:55e2:ccd:cd12:6026:3616] [/home/u991737198/domains/tas2023.online/public_html/lib/base.php:2078] Controller->afterroute()
Sun, 12 Jan 2025 16:23:47 -0500 [2603:9000:f801:55e2:ccd:cd12:6026:3616] [/home/u991737198/domains/tas2023.online/public_html/lib/base.php:1871] Base->call()
Sun, 12 Jan 2025 16:23:47 -0500 [2603:9000:f801:55e2:ccd:cd12:6026:3616] [/home/u991737198/domains/tas2023.online/public_html/index.php:19] Base->run()
Sun, 12 Jan 2025 16:24:04 -0500 [2603:9000:f801:55e2:ccd:cd12:6026:3616] 500: Undefined variable $selected_note trace: [/home/u991737198/domains/tas2023.online/public_html/tmp/3hn69l4qoa804.3g8shy2588w00.php:307]
Sun, 12 Jan 2025 16:24:04 -0500 [2603:9000:f801:55e2:ccd:cd12:6026:3616] [/home/u991737198/domains/tas2023.online/public_html/tmp/3hn69l4qoa804.3g8shy2588w00.php:307] Base->{closure}()
Sun, 12 Jan 2025 16:24:04 -0500 [2603:9000:f801:55e2:ccd:cd12:6026:3616] [/home/u991737198/domains/tas2023.online/public_html/lib/base.php:3036] require('/home/u991737198/domains/tas2023.online/public_html/tmp/3hn69l4qoa804.3g8shy2588w00.php')
Sun, 12 Jan 2025 16:24:04 -0500 [2603:9000:f801:55e2:ccd:cd12:6026:3616] [/home/u991737198/domains/tas2023.online/public_html/lib/base.php:3281] View->sandbox()
Sun, 12 Jan 2025 16:24:04 -0500 [2603:9000:f801:55e2:ccd:cd12:6026:3616] [/home/u991737198/domains/tas2023.online/public_html/tmp/3hn69l4qoa804.3h31n1yj254w8.php:7] Preview->render()
Sun, 12 Jan 2025 16:24:04 -0500 [2603:9000:f801:55e2:ccd:cd12:6026:3616] [/home/u991737198/domains/tas2023.online/public_html/lib/base.php:3036] require('/home/u991737198/domains/tas2023.online/public_html/tmp/3hn69l4qoa804.3h31n1yj254w8.php')
Sun, 12 Jan 2025 16:24:04 -0500 [2603:9000:f801:55e2:ccd:cd12:6026:3616] [/home/u991737198/domains/tas2023.online/public_html/lib/base.php:3281] View->sandbox()
Sun, 12 Jan 2025 16:24:04 -0500 [2603:9000:f801:55e2:ccd:cd12:6026:3616] [/home/u991737198/domains/tas2023.online/public_html/app/controllers/Controller.php:85] Preview->render()
Sun, 12 Jan 2025 16:24:04 -0500 [2603:9000:f801:55e2:ccd:cd12:6026:3616] [/home/u991737198/domains/tas2023.online/public_html/lib/base.php:2078] Controller->afterroute()
Sun, 12 Jan 2025 16:24:04 -0500 [2603:9000:f801:55e2:ccd:cd12:6026:3616] [/home/u991737198/domains/tas2023.online/public_html/lib/base.php:1871] Base->call()
Sun, 12 Jan 2025 16:24:04 -0500 [2603:9000:f801:55e2:ccd:cd12:6026:3616] [/home/u991737198/domains/tas2023.online/public_html/index.php:19] Base->run()
Sun, 12 Jan 2025 16:24:29 -0500 [2603:9000:f801:55e2:ccd:cd12:6026:3616] 500: Undefined variable $selected_note trace: [/home/u991737198/domains/tas2023.online/public_html/tmp/3hn69l4qoa804.3g8shy2588w00.php:307]
Sun, 12 Jan 2025 16:24:29 -0500 [2603:9000:f801:55e2:ccd:cd12:6026:3616] [/home/u991737198/domains/tas2023.online/public_html/tmp/3hn69l4qoa804.3g8shy2588w00.php:307] Base->{closure}()
Sun, 12 Jan 2025 16:24:29 -0500 [2603:9000:f801:55e2:ccd:cd12:6026:3616] [/home/u991737198/domains/tas2023.online/public_html/lib/base.php:3036] require('/home/u991737198/domains/tas2023.online/public_html/tmp/3hn69l4qoa804.3g8shy2588w00.php')
Sun, 12 Jan 2025 16:24:29 -0500 [2603:9000:f801:55e2:ccd:cd12:6026:3616] [/home/u991737198/domains/tas2023.online/public_html/lib/base.php:3281] View->sandbox()
Sun, 12 Jan 2025 16:24:29 -0500 [2603:9000:f801:55e2:ccd:cd12:6026:3616] [/home/u991737198/domains/tas2023.online/public_html/tmp/3hn69l4qoa804.3h31n1yj254w8.php:7] Preview->render()
Sun, 12 Jan 2025 16:24:29 -0500 [2603:9000:f801:55e2:ccd:cd12:6026:3616] [/home/u991737198/domains/tas2023.online/public_html/lib/base.php:3036] require('/home/u991737198/domains/tas2023.online/public_html/tmp/3hn69l4qoa804.3h31n1yj254w8.php')
Sun, 12 Jan 2025 16:24:29 -0500 [2603:9000:f801:55e2:ccd:cd12:6026:3616] [/home/u991737198/domains/tas2023.online/public_html/lib/base.php:3281] View->sandbox()
Sun, 12 Jan 2025 16:24:29 -0500 [2603:9000:f801:55e2:ccd:cd12:6026:3616] [/home/u991737198/domains/tas2023.online/public_html/app/controllers/Controller.php:85] Preview->render()
Sun, 12 Jan 2025 16:24:29 -0500 [2603:9000:f801:55e2:ccd:cd12:6026:3616] [/home/u991737198/domains/tas2023.online/public_html/lib/base.php:2078] Controller->afterroute()
Sun, 12 Jan 2025 16:24:29 -0500 [2603:9000:f801:55e2:ccd:cd12:6026:3616] [/home/u991737198/domains/tas2023.online/public_html/lib/base.php:1871] Base->call()
Sun, 12 Jan 2025 16:24:29 -0500 [2603:9000:f801:55e2:ccd:cd12:6026:3616] [/home/u991737198/domains/tas2023.online/public_html/index.php:19] Base->run()
Sun, 12 Jan 2025 16:24:44 -0500 [2603:9000:f801:55e2:ccd:cd12:6026:3616] 500: Undefined variable $selected_note trace: [/home/u991737198/domains/tas2023.online/public_html/tmp/3hn69l4qoa804.3g8shy2588w00.php:307]
Sun, 12 Jan 2025 16:24:44 -0500 [2603:9000:f801:55e2:ccd:cd12:6026:3616] [/home/u991737198/domains/tas2023.online/public_html/tmp/3hn69l4qoa804.3g8shy2588w00.php:307] Base->{closure}()
Sun, 12 Jan 2025 16:24:44 -0500 [2603:9000:f801:55e2:ccd:cd12:6026:3616] [/home/u991737198/domains/tas2023.online/public_html/lib/base.php:3036] require('/home/u991737198/domains/tas2023.online/public_html/tmp/3hn69l4qoa804.3g8shy2588w00.php')
Sun, 12 Jan 2025 16:24:44 -0500 [2603:9000:f801:55e2:ccd:cd12:6026:3616] [/home/u991737198/domains/tas2023.online/public_html/lib/base.php:3281] View->sandbox()
Sun, 12 Jan 2025 16:24:44 -0500 [2603:9000:f801:55e2:ccd:cd12:6026:3616] [/home/u991737198/domains/tas2023.online/public_html/tmp/3hn69l4qoa804.3h31n1yj254w8.php:7] Preview->render()
Sun, 12 Jan 2025 16:24:44 -0500 [2603:9000:f801:55e2:ccd:cd12:6026:3616] [/home/u991737198/domains/tas2023.online/public_html/lib/base.php:3036] require('/home/u991737198/domains/tas2023.online/public_html/tmp/3hn69l4qoa804.3h31n1yj254w8.php')
Sun, 12 Jan 2025 16:24:44 -0500 [2603:9000:f801:55e2:ccd:cd12:6026:3616] [/home/u991737198/domains/tas2023.online/public_html/lib/base.php:3281] View->sandbox()
Sun, 12 Jan 2025 16:24:44 -0500 [2603:9000:f801:55e2:ccd:cd12:6026:3616] [/home/u991737198/domains/tas2023.online/public_html/app/controllers/Controller.php:85] Preview->render()
Sun, 12 Jan 2025 16:24:44 -0500 [2603:9000:f801:55e2:ccd:cd12:6026:3616] [/home/u991737198/domains/tas2023.online/public_html/lib/base.php:2078] Controller->afterroute()
Sun, 12 Jan 2025 16:24:44 -0500 [2603:9000:f801:55e2:ccd:cd12:6026:3616] [/home/u991737198/domains/tas2023.online/public_html/lib/base.php:1871] Base->call()
Sun, 12 Jan 2025 16:24:44 -0500 [2603:9000:f801:55e2:ccd:cd12:6026:3616] [/home/u991737198/domains/tas2023.online/public_html/index.php:19] Base->run()
Sun, 12 Jan 2025 16:26:19 -0500 [2603:9000:f801:55e2:ccd:cd12:6026:3616] 500: Undefined variable $selected_note trace: [/home/u991737198/domains/tas2023.online/public_html/tmp/3hn69l4qoa804.3g8shy2588w00.php:307]
Sun, 12 Jan 2025 16:26:19 -0500 [2603:9000:f801:55e2:ccd:cd12:6026:3616] [/home/u991737198/domains/tas2023.online/public_html/tmp/3hn69l4qoa804.3g8shy2588w00.php:307] Base->{closure}()
Sun, 12 Jan 2025 16:26:19 -0500 [2603:9000:f801:55e2:ccd:cd12:6026:3616] [/home/u991737198/domains/tas2023.online/public_html/lib/base.php:3036] require('/home/u991737198/domains/tas2023.online/public_html/tmp/3hn69l4qoa804.3g8shy2588w00.php')
Sun, 12 Jan 2025 16:26:19 -0500 [2603:9000:f801:55e2:ccd:cd12:6026:3616] [/home/u991737198/domains/tas2023.online/public_html/lib/base.php:3281] View->sandbox()
Sun, 12 Jan 2025 16:26:19 -0500 [2603:9000:f801:55e2:ccd:cd12:6026:3616] [/home/u991737198/domains/tas2023.online/public_html/tmp/3hn69l4qoa804.3h31n1yj254w8.php:7] Preview->render()
Sun, 12 Jan 2025 16:26:19 -0500 [2603:9000:f801:55e2:ccd:cd12:6026:3616] [/home/u991737198/domains/tas2023.online/public_html/lib/base.php:3036] require('/home/u991737198/domains/tas2023.online/public_html/tmp/3hn69l4qoa804.3h31n1yj254w8.php')
Sun, 12 Jan 2025 16:26:19 -0500 [2603:9000:f801:55e2:ccd:cd12:6026:3616] [/home/u991737198/domains/tas2023.online/public_html/lib/base.php:3281] View->sandbox()
Sun, 12 Jan 2025 16:26:19 -0500 [2603:9000:f801:55e2:ccd:cd12:6026:3616] [/home/u991737198/domains/tas2023.online/public_html/app/controllers/Controller.php:85] Preview->render()
Sun, 12 Jan 2025 16:26:19 -0500 [2603:9000:f801:55e2:ccd:cd12:6026:3616] [/home/u991737198/domains/tas2023.online/public_html/lib/base.php:2078] Controller->afterroute()
Sun, 12 Jan 2025 16:26:19 -0500 [2603:9000:f801:55e2:ccd:cd12:6026:3616] [/home/u991737198/domains/tas2023.online/public_html/lib/base.php:1871] Base->call()
Sun, 12 Jan 2025 16:26:19 -0500 [2603:9000:f801:55e2:ccd:cd12:6026:3616] [/home/u991737198/domains/tas2023.online/public_html/index.php:19] Base->run()
Sun, 12 Jan 2025 16:26:37 -0500 [2603:9000:f801:55e2:ccd:cd12:6026:3616] 500: Undefined variable $selected_note trace: [/home/u991737198/domains/tas2023.online/public_html/tmp/3hn69l4qoa804.3g8shy2588w00.php:307]
Sun, 12 Jan 2025 16:26:37 -0500 [2603:9000:f801:55e2:ccd:cd12:6026:3616] [/home/u991737198/domains/tas2023.online/public_html/tmp/3hn69l4qoa804.3g8shy2588w00.php:307] Base->{closure}()
Sun, 12 Jan 2025 16:26:37 -0500 [2603:9000:f801:55e2:ccd:cd12:6026:3616] [/home/u991737198/domains/tas2023.online/public_html/lib/base.php:3036] require('/home/u991737198/domains/tas2023.online/public_html/tmp/3hn69l4qoa804.3g8shy2588w00.php')
Sun, 12 Jan 2025 16:26:37 -0500 [2603:9000:f801:55e2:ccd:cd12:6026:3616] [/home/u991737198/domains/tas2023.online/public_html/lib/base.php:3281] View->sandbox()
Sun, 12 Jan 2025 16:26:37 -0500 [2603:9000:f801:55e2:ccd:cd12:6026:3616] [/home/u991737198/domains/tas2023.online/public_html/tmp/3hn69l4qoa804.3h31n1yj254w8.php:7] Preview->render()
Sun, 12 Jan 2025 16:26:37 -0500 [2603:9000:f801:55e2:ccd:cd12:6026:3616] [/home/u991737198/domains/tas2023.online/public_html/lib/base.php:3036] require('/home/u991737198/domains/tas2023.online/public_html/tmp/3hn69l4qoa804.3h31n1yj254w8.php')
Sun, 12 Jan 2025 16:26:37 -0500 [2603:9000:f801:55e2:ccd:cd12:6026:3616] [/home/u991737198/domains/tas2023.online/public_html/lib/base.php:3281] View->sandbox()
Sun, 12 Jan 2025 16:26:37 -0500 [2603:9000:f801:55e2:ccd:cd12:6026:3616] [/home/u991737198/domains/tas2023.online/public_html/app/controllers/Controller.php:85] Preview->render()
Sun, 12 Jan 2025 16:26:37 -0500 [2603:9000:f801:55e2:ccd:cd12:6026:3616] [/home/u991737198/domains/tas2023.online/public_html/lib/base.php:2078] Controller->afterroute()
Sun, 12 Jan 2025 16:26:37 -0500 [2603:9000:f801:55e2:ccd:cd12:6026:3616] [/home/u991737198/domains/tas2023.online/public_html/lib/base.php:1871] Base->call()
Sun, 12 Jan 2025 16:26:37 -0500 [2603:9000:f801:55e2:ccd:cd12:6026:3616] [/home/u991737198/domains/tas2023.online/public_html/index.php:19] Base->run()
Sun, 12 Jan 2025 16:27:12 -0500 [2603:9000:f801:55e2:ccd:cd12:6026:3616] 500: Undefined variable $selected_note trace: [/home/u991737198/domains/tas2023.online/public_html/tmp/3hn69l4qoa804.3g8shy2588w00.php:307]
Sun, 12 Jan 2025 16:27:12 -0500 [2603:9000:f801:55e2:ccd:cd12:6026:3616] [/home/u991737198/domains/tas2023.online/public_html/tmp/3hn69l4qoa804.3g8shy2588w00.php:307] Base->{closure}()
Sun, 12 Jan 2025 16:27:12 -0500 [2603:9000:f801:55e2:ccd:cd12:6026:3616] [/home/u991737198/domains/tas2023.online/public_html/lib/base.php:3036] require('/home/u991737198/domains/tas2023.online/public_html/tmp/3hn69l4qoa804.3g8shy2588w00.php')
Sun, 12 Jan 2025 16:27:12 -0500 [2603:9000:f801:55e2:ccd:cd12:6026:3616] [/home/u991737198/domains/tas2023.online/public_html/lib/base.php:3281] View->sandbox()
Sun, 12 Jan 2025 16:27:12 -0500 [2603:9000:f801:55e2:ccd:cd12:6026:3616] [/home/u991737198/domains/tas2023.online/public_html/tmp/3hn69l4qoa804.3h31n1yj254w8.php:7] Preview->render()
Sun, 12 Jan 2025 16:27:12 -0500 [2603:9000:f801:55e2:ccd:cd12:6026:3616] [/home/u991737198/domains/tas2023.online/public_html/lib/base.php:3036] require('/home/u991737198/domains/tas2023.online/public_html/tmp/3hn69l4qoa804.3h31n1yj254w8.php')
Sun, 12 Jan 2025 16:27:12 -0500 [2603:9000:f801:55e2:ccd:cd12:6026:3616] [/home/u991737198/domains/tas2023.online/public_html/lib/base.php:3281] View->sandbox()
Sun, 12 Jan 2025 16:27:12 -0500 [2603:9000:f801:55e2:ccd:cd12:6026:3616] [/home/u991737198/domains/tas2023.online/public_html/app/controllers/Controller.php:85] Preview->render()
Sun, 12 Jan 2025 16:27:12 -0500 [2603:9000:f801:55e2:ccd:cd12:6026:3616] [/home/u991737198/domains/tas2023.online/public_html/lib/base.php:2078] Controller->afterroute()
Sun, 12 Jan 2025 16:27:12 -0500 [2603:9000:f801:55e2:ccd:cd12:6026:3616] [/home/u991737198/domains/tas2023.online/public_html/lib/base.php:1871] Base->call()
Sun, 12 Jan 2025 16:27:12 -0500 [2603:9000:f801:55e2:ccd:cd12:6026:3616] [/home/u991737198/domains/tas2023.online/public_html/index.php:19] Base->run()
Sun, 12 Jan 2025 16:27:28 -0500 [2603:9000:f801:55e2:ccd:cd12:6026:3616] 500: Undefined variable $selected_note trace: [/home/u991737198/domains/tas2023.online/public_html/tmp/3hn69l4qoa804.3g8shy2588w00.php:307]
Sun, 12 Jan 2025 16:27:28 -0500 [2603:9000:f801:55e2:ccd:cd12:6026:3616] [/home/u991737198/domains/tas2023.online/public_html/tmp/3hn69l4qoa804.3g8shy2588w00.php:307] Base->{closure}()
Sun, 12 Jan 2025 16:27:28 -0500 [2603:9000:f801:55e2:ccd:cd12:6026:3616] [/home/u991737198/domains/tas2023.online/public_html/lib/base.php:3036] require('/home/u991737198/domains/tas2023.online/public_html/tmp/3hn69l4qoa804.3g8shy2588w00.php')
Sun, 12 Jan 2025 16:27:28 -0500 [2603:9000:f801:55e2:ccd:cd12:6026:3616] [/home/u991737198/domains/tas2023.online/public_html/lib/base.php:3281] View->sandbox()
Sun, 12 Jan 2025 16:27:28 -0500 [2603:9000:f801:55e2:ccd:cd12:6026:3616] [/home/u991737198/domains/tas2023.online/public_html/tmp/3hn69l4qoa804.3h31n1yj254w8.php:7] Preview->render()
Sun, 12 Jan 2025 16:27:28 -0500 [2603:9000:f801:55e2:ccd:cd12:6026:3616] [/home/u991737198/domains/tas2023.online/public_html/lib/base.php:3036] require('/home/u991737198/domains/tas2023.online/public_html/tmp/3hn69l4qoa804.3h31n1yj254w8.php')
Sun, 12 Jan 2025 16:27:28 -0500 [2603:9000:f801:55e2:ccd:cd12:6026:3616] [/home/u991737198/domains/tas2023.online/public_html/lib/base.php:3281] View->sandbox()
Sun, 12 Jan 2025 16:27:28 -0500 [2603:9000:f801:55e2:ccd:cd12:6026:3616] [/home/u991737198/domains/tas2023.online/public_html/app/controllers/Controller.php:85] Preview->render()
Sun, 12 Jan 2025 16:27:28 -0500 [2603:9000:f801:55e2:ccd:cd12:6026:3616] [/home/u991737198/domains/tas2023.online/public_html/lib/base.php:2078] Controller->afterroute()
Sun, 12 Jan 2025 16:27:28 -0500 [2603:9000:f801:55e2:ccd:cd12:6026:3616] [/home/u991737198/domains/tas2023.online/public_html/lib/base.php:1871] Base->call()
Sun, 12 Jan 2025 16:27:28 -0500 [2603:9000:f801:55e2:ccd:cd12:6026:3616] [/home/u991737198/domains/tas2023.online/public_html/index.php:19] Base->run()
Sun, 12 Jan 2025 16:27:33 -0500 [2603:9000:f801:55e2:ccd:cd12:6026:3616] 500: Undefined variable $entity_num trace: [tmp/3hn69l4qoa804.1zo7dt0fljr4w.php:196]
Sun, 12 Jan 2025 16:27:33 -0500 [2603:9000:f801:55e2:ccd:cd12:6026:3616] [tmp/3hn69l4qoa804.1zo7dt0fljr4w.php:196] Base->{closure}()
Sun, 12 Jan 2025 16:27:33 -0500 [2603:9000:f801:55e2:ccd:cd12:6026:3616] [lib/base.php:3036] require('/home/u991737198/domains/tas2023.online/public_html/tmp/3hn69l4qoa804.1zo7dt0fljr4w.php')
Sun, 12 Jan 2025 16:27:33 -0500 [2603:9000:f801:55e2:ccd:cd12:6026:3616] [lib/base.php:3281] View->sandbox()
Sun, 12 Jan 2025 16:27:33 -0500 [2603:9000:f801:55e2:ccd:cd12:6026:3616] [tmp/3hn69l4qoa804.3h31n1yj254w8.php:7] Preview->render()
Sun, 12 Jan 2025 16:27:33 -0500 [2603:9000:f801:55e2:ccd:cd12:6026:3616] [lib/base.php:3036] require('/home/u991737198/domains/tas2023.online/public_html/tmp/3hn69l4qoa804.3h31n1yj254w8.php')
Sun, 12 Jan 2025 16:27:33 -0500 [2603:9000:f801:55e2:ccd:cd12:6026:3616] [lib/base.php:3281] View->sandbox()
Sun, 12 Jan 2025 16:27:33 -0500 [2603:9000:f801:55e2:ccd:cd12:6026:3616] [app/controllers/Controller.php:85] Preview->render()
Sun, 12 Jan 2025 16:27:33 -0500 [2603:9000:f801:55e2:ccd:cd12:6026:3616] [lib/base.php:2078] Controller->afterroute()
Sun, 12 Jan 2025 16:27:33 -0500 [2603:9000:f801:55e2:ccd:cd12:6026:3616] [lib/base.php:1871] Base->call()
Sun, 12 Jan 2025 16:27:33 -0500 [2603:9000:f801:55e2:ccd:cd12:6026:3616] [index.php:19] Base->run()
Sun, 12 Jan 2025 16:27:40 -0500 [2603:9000:f801:55e2:ccd:cd12:6026:3616] 500: Undefined variable $entity_num trace: [tmp/3hn69l4qoa804.1zo7dt0fljr4w.php:196]
Sun, 12 Jan 2025 16:27:40 -0500 [2603:9000:f801:55e2:ccd:cd12:6026:3616] [tmp/3hn69l4qoa804.1zo7dt0fljr4w.php:196] Base->{closure}()
Sun, 12 Jan 2025 16:27:40 -0500 [2603:9000:f801:55e2:ccd:cd12:6026:3616] [lib/base.php:3036] require('/home/u991737198/domains/tas2023.online/public_html/tmp/3hn69l4qoa804.1zo7dt0fljr4w.php')
Sun, 12 Jan 2025 16:27:40 -0500 [2603:9000:f801:55e2:ccd:cd12:6026:3616] [lib/base.php:3281] View->sandbox()
Sun, 12 Jan 2025 16:27:40 -0500 [2603:9000:f801:55e2:ccd:cd12:6026:3616] [tmp/3hn69l4qoa804.3h31n1yj254w8.php:7] Preview->render()
Sun, 12 Jan 2025 16:27:40 -0500 [2603:9000:f801:55e2:ccd:cd12:6026:3616] [lib/base.php:3036] require('/home/u991737198/domains/tas2023.online/public_html/tmp/3hn69l4qoa804.3h31n1yj254w8.php')
Sun, 12 Jan 2025 16:27:40 -0500 [2603:9000:f801:55e2:ccd:cd12:6026:3616] [lib/base.php:3281] View->sandbox()
Sun, 12 Jan 2025 16:27:40 -0500 [2603:9000:f801:55e2:ccd:cd12:6026:3616] [app/controllers/Controller.php:85] Preview->render()
Sun, 12 Jan 2025 16:27:40 -0500 [2603:9000:f801:55e2:ccd:cd12:6026:3616] [lib/base.php:2078] Controller->afterroute()
Sun, 12 Jan 2025 16:27:40 -0500 [2603:9000:f801:55e2:ccd:cd12:6026:3616] [lib/base.php:1871] Base->call()
Sun, 12 Jan 2025 16:27:40 -0500 [2603:9000:f801:55e2:ccd:cd12:6026:3616] [index.php:19] Base->run()
Sun, 12 Jan 2025 16:28:11 -0500 [2603:9000:f801:55e2:ccd:cd12:6026:3616] 500: Undefined variable $selected_note trace: [/home/u991737198/domains/tas2023.online/public_html/tmp/3hn69l4qoa804.3g8shy2588w00.php:307]
Sun, 12 Jan 2025 16:28:11 -0500 [2603:9000:f801:55e2:ccd:cd12:6026:3616] [/home/u991737198/domains/tas2023.online/public_html/tmp/3hn69l4qoa804.3g8shy2588w00.php:307] Base->{closure}()
Sun, 12 Jan 2025 16:28:11 -0500 [2603:9000:f801:55e2:ccd:cd12:6026:3616] [/home/u991737198/domains/tas2023.online/public_html/lib/base.php:3036] require('/home/u991737198/domains/tas2023.online/public_html/tmp/3hn69l4qoa804.3g8shy2588w00.php')
Sun, 12 Jan 2025 16:28:11 -0500 [2603:9000:f801:55e2:ccd:cd12:6026:3616] [/home/u991737198/domains/tas2023.online/public_html/lib/base.php:3281] View->sandbox()
Sun, 12 Jan 2025 16:28:11 -0500 [2603:9000:f801:55e2:ccd:cd12:6026:3616] [/home/u991737198/domains/tas2023.online/public_html/tmp/3hn69l4qoa804.3h31n1yj254w8.php:7] Preview->render()
Sun, 12 Jan 2025 16:28:11 -0500 [2603:9000:f801:55e2:ccd:cd12:6026:3616] [/home/u991737198/domains/tas2023.online/public_html/lib/base.php:3036] require('/home/u991737198/domains/tas2023.online/public_html/tmp/3hn69l4qoa804.3h31n1yj254w8.php')
Sun, 12 Jan 2025 16:28:11 -0500 [2603:9000:f801:55e2:ccd:cd12:6026:3616] [/home/u991737198/domains/tas2023.online/public_html/lib/base.php:3281] View->sandbox()
Sun, 12 Jan 2025 16:28:11 -0500 [2603:9000:f801:55e2:ccd:cd12:6026:3616] [/home/u991737198/domains/tas2023.online/public_html/app/controllers/Controller.php:85] Preview->render()
Sun, 12 Jan 2025 16:28:11 -0500 [2603:9000:f801:55e2:ccd:cd12:6026:3616] [/home/u991737198/domains/tas2023.online/public_html/lib/base.php:2078] Controller->afterroute()
Sun, 12 Jan 2025 16:28:11 -0500 [2603:9000:f801:55e2:ccd:cd12:6026:3616] [/home/u991737198/domains/tas2023.online/public_html/lib/base.php:1871] Base->call()
Sun, 12 Jan 2025 16:28:11 -0500 [2603:9000:f801:55e2:ccd:cd12:6026:3616] [/home/u991737198/domains/tas2023.online/public_html/index.php:19] Base->run()
Sun, 12 Jan 2025 16:29:05 -0500 [2603:9000:f801:55e2:ccd:cd12:6026:3616] 500: Undefined variable $entity_num trace: [tmp/3hn69l4qoa804.1zo7dt0fljr4w.php:196]
Sun, 12 Jan 2025 16:29:05 -0500 [2603:9000:f801:55e2:ccd:cd12:6026:3616] [tmp/3hn69l4qoa804.1zo7dt0fljr4w.php:196] Base->{closure}()
Sun, 12 Jan 2025 16:29:05 -0500 [2603:9000:f801:55e2:ccd:cd12:6026:3616] [lib/base.php:3036] require('/home/u991737198/domains/tas2023.online/public_html/tmp/3hn69l4qoa804.1zo7dt0fljr4w.php')
Sun, 12 Jan 2025 16:29:05 -0500 [2603:9000:f801:55e2:ccd:cd12:6026:3616] [lib/base.php:3281] View->sandbox()
Sun, 12 Jan 2025 16:29:05 -0500 [2603:9000:f801:55e2:ccd:cd12:6026:3616] [tmp/3hn69l4qoa804.3h31n1yj254w8.php:7] Preview->render()
Sun, 12 Jan 2025 16:29:05 -0500 [2603:9000:f801:55e2:ccd:cd12:6026:3616] [lib/base.php:3036] require('/home/u991737198/domains/tas2023.online/public_html/tmp/3hn69l4qoa804.3h31n1yj254w8.php')
Sun, 12 Jan 2025 16:29:05 -0500 [2603:9000:f801:55e2:ccd:cd12:6026:3616] [lib/base.php:3281] View->sandbox()
Sun, 12 Jan 2025 16:29:05 -0500 [2603:9000:f801:55e2:ccd:cd12:6026:3616] [app/controllers/Controller.php:85] Preview->render()
Sun, 12 Jan 2025 16:29:05 -0500 [2603:9000:f801:55e2:ccd:cd12:6026:3616] [lib/base.php:2078] Controller->afterroute()
Sun, 12 Jan 2025 16:29:05 -0500 [2603:9000:f801:55e2:ccd:cd12:6026:3616] [lib/base.php:1871] Base->call()
Sun, 12 Jan 2025 16:29:05 -0500 [2603:9000:f801:55e2:ccd:cd12:6026:3616] [index.php:19] Base->run()
Sun, 12 Jan 2025 16:29:09 -0500 [2603:9000:f801:55e2:ccd:cd12:6026:3616] 500: Undefined variable $entity_num trace: [tmp/3hn69l4qoa804.1zo7dt0fljr4w.php:196]
Sun, 12 Jan 2025 16:29:09 -0500 [2603:9000:f801:55e2:ccd:cd12:6026:3616] [tmp/3hn69l4qoa804.1zo7dt0fljr4w.php:196] Base->{closure}()
Sun, 12 Jan 2025 16:29:09 -0500 [2603:9000:f801:55e2:ccd:cd12:6026:3616] [lib/base.php:3036] require('/home/u991737198/domains/tas2023.online/public_html/tmp/3hn69l4qoa804.1zo7dt0fljr4w.php')
Sun, 12 Jan 2025 16:29:09 -0500 [2603:9000:f801:55e2:ccd:cd12:6026:3616] [lib/base.php:3281] View->sandbox()
Sun, 12 Jan 2025 16:29:09 -0500 [2603:9000:f801:55e2:ccd:cd12:6026:3616] [tmp/3hn69l4qoa804.3h31n1yj254w8.php:7] Preview->render()
Sun, 12 Jan 2025 16:29:09 -0500 [2603:9000:f801:55e2:ccd:cd12:6026:3616] [lib/base.php:3036] require('/home/u991737198/domains/tas2023.online/public_html/tmp/3hn69l4qoa804.3h31n1yj254w8.php')
Sun, 12 Jan 2025 16:29:09 -0500 [2603:9000:f801:55e2:ccd:cd12:6026:3616] [lib/base.php:3281] View->sandbox()
Sun, 12 Jan 2025 16:29:09 -0500 [2603:9000:f801:55e2:ccd:cd12:6026:3616] [app/controllers/Controller.php:85] Preview->render()
Sun, 12 Jan 2025 16:29:09 -0500 [2603:9000:f801:55e2:ccd:cd12:6026:3616] [lib/base.php:2078] Controller->afterroute()
Sun, 12 Jan 2025 16:29:09 -0500 [2603:9000:f801:55e2:ccd:cd12:6026:3616] [lib/base.php:1871] Base->call()
Sun, 12 Jan 2025 16:29:09 -0500 [2603:9000:f801:55e2:ccd:cd12:6026:3616] [index.php:19] Base->run()
Sun, 12 Jan 2025 16:29:15 -0500 [2603:9000:f801:55e2:ccd:cd12:6026:3616] 500: Undefined variable $selected_note trace: [/home/u991737198/domains/tas2023.online/public_html/tmp/3hn69l4qoa804.3g8shy2588w00.php:307]
Sun, 12 Jan 2025 16:29:15 -0500 [2603:9000:f801:55e2:ccd:cd12:6026:3616] [/home/u991737198/domains/tas2023.online/public_html/tmp/3hn69l4qoa804.3g8shy2588w00.php:307] Base->{closure}()
Sun, 12 Jan 2025 16:29:15 -0500 [2603:9000:f801:55e2:ccd:cd12:6026:3616] [/home/u991737198/domains/tas2023.online/public_html/lib/base.php:3036] require('/home/u991737198/domains/tas2023.online/public_html/tmp/3hn69l4qoa804.3g8shy2588w00.php')
Sun, 12 Jan 2025 16:29:15 -0500 [2603:9000:f801:55e2:ccd:cd12:6026:3616] [/home/u991737198/domains/tas2023.online/public_html/lib/base.php:3281] View->sandbox()
Sun, 12 Jan 2025 16:29:15 -0500 [2603:9000:f801:55e2:ccd:cd12:6026:3616] [/home/u991737198/domains/tas2023.online/public_html/tmp/3hn69l4qoa804.3h31n1yj254w8.php:7] Preview->render()
Sun, 12 Jan 2025 16:29:15 -0500 [2603:9000:f801:55e2:ccd:cd12:6026:3616] [/home/u991737198/domains/tas2023.online/public_html/lib/base.php:3036] require('/home/u991737198/domains/tas2023.online/public_html/tmp/3hn69l4qoa804.3h31n1yj254w8.php')
Sun, 12 Jan 2025 16:29:15 -0500 [2603:9000:f801:55e2:ccd:cd12:6026:3616] [/home/u991737198/domains/tas2023.online/public_html/lib/base.php:3281] View->sandbox()
Sun, 12 Jan 2025 16:29:15 -0500 [2603:9000:f801:55e2:ccd:cd12:6026:3616] [/home/u991737198/domains/tas2023.online/public_html/app/controllers/Controller.php:85] Preview->render()
Sun, 12 Jan 2025 16:29:15 -0500 [2603:9000:f801:55e2:ccd:cd12:6026:3616] [/home/u991737198/domains/tas2023.online/public_html/lib/base.php:2078] Controller->afterroute()
Sun, 12 Jan 2025 16:29:15 -0500 [2603:9000:f801:55e2:ccd:cd12:6026:3616] [/home/u991737198/domains/tas2023.online/public_html/lib/base.php:1871] Base->call()
Sun, 12 Jan 2025 16:29:15 -0500 [2603:9000:f801:55e2:ccd:cd12:6026:3616] [/home/u991737198/domains/tas2023.online/public_html/index.php:19] Base->run()
Sun, 12 Jan 2025 16:32:56 -0500 [2603:9000:f801:55e2:ccd:cd12:6026:3616] 500: Undefined variable $selected_note trace: [/home/u991737198/domains/tas2023.online/public_html/tmp/3hn69l4qoa804.3g8shy2588w00.php:307]
Sun, 12 Jan 2025 16:32:56 -0500 [2603:9000:f801:55e2:ccd:cd12:6026:3616] [/home/u991737198/domains/tas2023.online/public_html/tmp/3hn69l4qoa804.3g8shy2588w00.php:307] Base->{closure}()
Sun, 12 Jan 2025 16:32:56 -0500 [2603:9000:f801:55e2:ccd:cd12:6026:3616] [/home/u991737198/domains/tas2023.online/public_html/lib/base.php:3036] require('/home/u991737198/domains/tas2023.online/public_html/tmp/3hn69l4qoa804.3g8shy2588w00.php')
Sun, 12 Jan 2025 16:32:56 -0500 [2603:9000:f801:55e2:ccd:cd12:6026:3616] [/home/u991737198/domains/tas2023.online/public_html/lib/base.php:3281] View->sandbox()
Sun, 12 Jan 2025 16:32:56 -0500 [2603:9000:f801:55e2:ccd:cd12:6026:3616] [/home/u991737198/domains/tas2023.online/public_html/tmp/3hn69l4qoa804.3h31n1yj254w8.php:7] Preview->render()
Sun, 12 Jan 2025 16:32:56 -0500 [2603:9000:f801:55e2:ccd:cd12:6026:3616] [/home/u991737198/domains/tas2023.online/public_html/lib/base.php:3036] require('/home/u991737198/domains/tas2023.online/public_html/tmp/3hn69l4qoa804.3h31n1yj254w8.php')
Sun, 12 Jan 2025 16:32:56 -0500 [2603:9000:f801:55e2:ccd:cd12:6026:3616] [/home/u991737198/domains/tas2023.online/public_html/lib/base.php:3281] View->sandbox()
Sun, 12 Jan 2025 16:32:56 -0500 [2603:9000:f801:55e2:ccd:cd12:6026:3616] [/home/u991737198/domains/tas2023.online/public_html/app/controllers/Controller.php:85] Preview->render()
Sun, 12 Jan 2025 16:32:56 -0500 [2603:9000:f801:55e2:ccd:cd12:6026:3616] [/home/u991737198/domains/tas2023.online/public_html/lib/base.php:2078] Controller->afterroute()
Sun, 12 Jan 2025 16:32:56 -0500 [2603:9000:f801:55e2:ccd:cd12:6026:3616] [/home/u991737198/domains/tas2023.online/public_html/lib/base.php:1871] Base->call()
Sun, 12 Jan 2025 16:32:56 -0500 [2603:9000:f801:55e2:ccd:cd12:6026:3616] [/home/u991737198/domains/tas2023.online/public_html/index.php:19] Base->run()
Sun, 12 Jan 2025 16:34:28 -0500 [2603:9000:f801:55e2:ccd:cd12:6026:3616] 500: Undefined variable $selected_note trace: [/home/u991737198/domains/tas2023.online/public_html/tmp/3hn69l4qoa804.3g8shy2588w00.php:307]
Sun, 12 Jan 2025 16:34:28 -0500 [2603:9000:f801:55e2:ccd:cd12:6026:3616] [/home/u991737198/domains/tas2023.online/public_html/tmp/3hn69l4qoa804.3g8shy2588w00.php:307] Base->{closure}()
Sun, 12 Jan 2025 16:34:28 -0500 [2603:9000:f801:55e2:ccd:cd12:6026:3616] [/home/u991737198/domains/tas2023.online/public_html/lib/base.php:3036] require('/home/u991737198/domains/tas2023.online/public_html/tmp/3hn69l4qoa804.3g8shy2588w00.php')
Sun, 12 Jan 2025 16:34:28 -0500 [2603:9000:f801:55e2:ccd:cd12:6026:3616] [/home/u991737198/domains/tas2023.online/public_html/lib/base.php:3281] View->sandbox()
Sun, 12 Jan 2025 16:34:28 -0500 [2603:9000:f801:55e2:ccd:cd12:6026:3616] [/home/u991737198/domains/tas2023.online/public_html/tmp/3hn69l4qoa804.3h31n1yj254w8.php:7] Preview->render()
Sun, 12 Jan 2025 16:34:28 -0500 [2603:9000:f801:55e2:ccd:cd12:6026:3616] [/home/u991737198/domains/tas2023.online/public_html/lib/base.php:3036] require('/home/u991737198/domains/tas2023.online/public_html/tmp/3hn69l4qoa804.3h31n1yj254w8.php')
Sun, 12 Jan 2025 16:34:28 -0500 [2603:9000:f801:55e2:ccd:cd12:6026:3616] [/home/u991737198/domains/tas2023.online/public_html/lib/base.php:3281] View->sandbox()
Sun, 12 Jan 2025 16:34:28 -0500 [2603:9000:f801:55e2:ccd:cd12:6026:3616] [/home/u991737198/domains/tas2023.online/public_html/app/controllers/Controller.php:85] Preview->render()
Sun, 12 Jan 2025 16:34:28 -0500 [2603:9000:f801:55e2:ccd:cd12:6026:3616] [/home/u991737198/domains/tas2023.online/public_html/lib/base.php:2078] Controller->afterroute()
Sun, 12 Jan 2025 16:34:28 -0500 [2603:9000:f801:55e2:ccd:cd12:6026:3616] [/home/u991737198/domains/tas2023.online/public_html/lib/base.php:1871] Base->call()
Sun, 12 Jan 2025 16:34:28 -0500 [2603:9000:f801:55e2:ccd:cd12:6026:3616] [/home/u991737198/domains/tas2023.online/public_html/index.php:19] Base->run()
Sun, 12 Jan 2025 16:35:00 -0500 [2603:9000:f801:55e2:ccd:cd12:6026:3616] 500: Undefined variable $entity_num trace: [tmp/3hn69l4qoa804.1zo7dt0fljr4w.php:196]
Sun, 12 Jan 2025 16:35:00 -0500 [2603:9000:f801:55e2:ccd:cd12:6026:3616] [tmp/3hn69l4qoa804.1zo7dt0fljr4w.php:196] Base->{closure}()
Sun, 12 Jan 2025 16:35:00 -0500 [2603:9000:f801:55e2:ccd:cd12:6026:3616] [lib/base.php:3036] require('/home/u991737198/domains/tas2023.online/public_html/tmp/3hn69l4qoa804.1zo7dt0fljr4w.php')
Sun, 12 Jan 2025 16:35:00 -0500 [2603:9000:f801:55e2:ccd:cd12:6026:3616] [lib/base.php:3281] View->sandbox()
Sun, 12 Jan 2025 16:35:00 -0500 [2603:9000:f801:55e2:ccd:cd12:6026:3616] [tmp/3hn69l4qoa804.3h31n1yj254w8.php:7] Preview->render()
Sun, 12 Jan 2025 16:35:00 -0500 [2603:9000:f801:55e2:ccd:cd12:6026:3616] [lib/base.php:3036] require('/home/u991737198/domains/tas2023.online/public_html/tmp/3hn69l4qoa804.3h31n1yj254w8.php')
Sun, 12 Jan 2025 16:35:00 -0500 [2603:9000:f801:55e2:ccd:cd12:6026:3616] [lib/base.php:3281] View->sandbox()
Sun, 12 Jan 2025 16:35:00 -0500 [2603:9000:f801:55e2:ccd:cd12:6026:3616] [app/controllers/Controller.php:85] Preview->render()
Sun, 12 Jan 2025 16:35:00 -0500 [2603:9000:f801:55e2:ccd:cd12:6026:3616] [lib/base.php:2078] Controller->afterroute()
Sun, 12 Jan 2025 16:35:00 -0500 [2603:9000:f801:55e2:ccd:cd12:6026:3616] [lib/base.php:1871] Base->call()
Sun, 12 Jan 2025 16:35:00 -0500 [2603:9000:f801:55e2:ccd:cd12:6026:3616] [index.php:19] Base->run()
Sun, 12 Jan 2025 16:35:05 -0500 [2603:9000:f801:55e2:ccd:cd12:6026:3616] 500: Undefined variable $token trace: [tmp/3hn69l4qoa804.2r4f9cgm96ecs.php:191]
Sun, 12 Jan 2025 16:35:05 -0500 [2603:9000:f801:55e2:ccd:cd12:6026:3616] [tmp/3hn69l4qoa804.2r4f9cgm96ecs.php:191] Base->{closure}()
Sun, 12 Jan 2025 16:35:05 -0500 [2603:9000:f801:55e2:ccd:cd12:6026:3616] [lib/base.php:3036] require('/home/u991737198/domains/tas2023.online/public_html/tmp/3hn69l4qoa804.2r4f9cgm96ecs.php')
Sun, 12 Jan 2025 16:35:05 -0500 [2603:9000:f801:55e2:ccd:cd12:6026:3616] [lib/base.php:3281] View->sandbox()
Sun, 12 Jan 2025 16:35:05 -0500 [2603:9000:f801:55e2:ccd:cd12:6026:3616] [tmp/3hn69l4qoa804.3h31n1yj254w8.php:7] Preview->render()
Sun, 12 Jan 2025 16:35:05 -0500 [2603:9000:f801:55e2:ccd:cd12:6026:3616] [lib/base.php:3036] require('/home/u991737198/domains/tas2023.online/public_html/tmp/3hn69l4qoa804.3h31n1yj254w8.php')
Sun, 12 Jan 2025 16:35:05 -0500 [2603:9000:f801:55e2:ccd:cd12:6026:3616] [lib/base.php:3281] View->sandbox()
Sun, 12 Jan 2025 16:35:05 -0500 [2603:9000:f801:55e2:ccd:cd12:6026:3616] [app/controllers/Controller.php:85] Preview->render()
Sun, 12 Jan 2025 16:35:05 -0500 [2603:9000:f801:55e2:ccd:cd12:6026:3616] [lib/base.php:2078] Controller->afterroute()
Sun, 12 Jan 2025 16:35:05 -0500 [2603:9000:f801:55e2:ccd:cd12:6026:3616] [lib/base.php:1871] Base->call()
Sun, 12 Jan 2025 16:35:05 -0500 [2603:9000:f801:55e2:ccd:cd12:6026:3616] [index.php:19] Base->run()
Sun, 12 Jan 2025 16:35:11 -0500 [2603:9000:f801:55e2:ccd:cd12:6026:3616] 500: Undefined variable $entity_num trace: [tmp/3hn69l4qoa804.1zo7dt0fljr4w.php:196]
Sun, 12 Jan 2025 16:35:11 -0500 [2603:9000:f801:55e2:ccd:cd12:6026:3616] [tmp/3hn69l4qoa804.1zo7dt0fljr4w.php:196] Base->{closure}()
Sun, 12 Jan 2025 16:35:11 -0500 [2603:9000:f801:55e2:ccd:cd12:6026:3616] [lib/base.php:3036] require('/home/u991737198/domains/tas2023.online/public_html/tmp/3hn69l4qoa804.1zo7dt0fljr4w.php')
Sun, 12 Jan 2025 16:35:11 -0500 [2603:9000:f801:55e2:ccd:cd12:6026:3616] [lib/base.php:3281] View->sandbox()
Sun, 12 Jan 2025 16:35:11 -0500 [2603:9000:f801:55e2:ccd:cd12:6026:3616] [tmp/3hn69l4qoa804.3h31n1yj254w8.php:7] Preview->render()
Sun, 12 Jan 2025 16:35:11 -0500 [2603:9000:f801:55e2:ccd:cd12:6026:3616] [lib/base.php:3036] require('/home/u991737198/domains/tas2023.online/public_html/tmp/3hn69l4qoa804.3h31n1yj254w8.php')
Sun, 12 Jan 2025 16:35:11 -0500 [2603:9000:f801:55e2:ccd:cd12:6026:3616] [lib/base.php:3281] View->sandbox()
Sun, 12 Jan 2025 16:35:11 -0500 [2603:9000:f801:55e2:ccd:cd12:6026:3616] [app/controllers/Controller.php:85] Preview->render()
Sun, 12 Jan 2025 16:35:11 -0500 [2603:9000:f801:55e2:ccd:cd12:6026:3616] [lib/base.php:2078] Controller->afterroute()
Sun, 12 Jan 2025 16:35:11 -0500 [2603:9000:f801:55e2:ccd:cd12:6026:3616] [lib/base.php:1871] Base->call()
Sun, 12 Jan 2025 16:35:11 -0500 [2603:9000:f801:55e2:ccd:cd12:6026:3616] [index.php:19] Base->run()
Sun, 12 Jan 2025 16:35:20 -0500 [2603:9000:f801:55e2:ccd:cd12:6026:3616] 500: Undefined variable $selected_note trace: [/home/u991737198/domains/tas2023.online/public_html/tmp/3hn69l4qoa804.3g8shy2588w00.php:307]
Sun, 12 Jan 2025 16:35:20 -0500 [2603:9000:f801:55e2:ccd:cd12:6026:3616] [/home/u991737198/domains/tas2023.online/public_html/tmp/3hn69l4qoa804.3g8shy2588w00.php:307] Base->{closure}()
Sun, 12 Jan 2025 16:35:20 -0500 [2603:9000:f801:55e2:ccd:cd12:6026:3616] [/home/u991737198/domains/tas2023.online/public_html/lib/base.php:3036] require('/home/u991737198/domains/tas2023.online/public_html/tmp/3hn69l4qoa804.3g8shy2588w00.php')
Sun, 12 Jan 2025 16:35:20 -0500 [2603:9000:f801:55e2:ccd:cd12:6026:3616] [/home/u991737198/domains/tas2023.online/public_html/lib/base.php:3281] View->sandbox()
Sun, 12 Jan 2025 16:35:20 -0500 [2603:9000:f801:55e2:ccd:cd12:6026:3616] [/home/u991737198/domains/tas2023.online/public_html/tmp/3hn69l4qoa804.3h31n1yj254w8.php:7] Preview->render()
Sun, 12 Jan 2025 16:35:20 -0500 [2603:9000:f801:55e2:ccd:cd12:6026:3616] [/home/u991737198/domains/tas2023.online/public_html/lib/base.php:3036] require('/home/u991737198/domains/tas2023.online/public_html/tmp/3hn69l4qoa804.3h31n1yj254w8.php')
Sun, 12 Jan 2025 16:35:20 -0500 [2603:9000:f801:55e2:ccd:cd12:6026:3616] [/home/u991737198/domains/tas2023.online/public_html/lib/base.php:3281] View->sandbox()
Sun, 12 Jan 2025 16:35:20 -0500 [2603:9000:f801:55e2:ccd:cd12:6026:3616] [/home/u991737198/domains/tas2023.online/public_html/app/controllers/Controller.php:85] Preview->render()
Sun, 12 Jan 2025 16:35:20 -0500 [2603:9000:f801:55e2:ccd:cd12:6026:3616] [/home/u991737198/domains/tas2023.online/public_html/lib/base.php:2078] Controller->afterroute()
Sun, 12 Jan 2025 16:35:20 -0500 [2603:9000:f801:55e2:ccd:cd12:6026:3616] [/home/u991737198/domains/tas2023.online/public_html/lib/base.php:1871] Base->call()
Sun, 12 Jan 2025 16:35:20 -0500 [2603:9000:f801:55e2:ccd:cd12:6026:3616] [/home/u991737198/domains/tas2023.online/public_html/index.php:19] Base->run()
Sun, 12 Jan 2025 16:35:35 -0500 [2603:9000:f801:55e2:ccd:cd12:6026:3616] 500: Undefined variable $selected_note trace: [/home/u991737198/domains/tas2023.online/public_html/tmp/3hn69l4qoa804.3g8shy2588w00.php:307]
Sun, 12 Jan 2025 16:35:35 -0500 [2603:9000:f801:55e2:ccd:cd12:6026:3616] [/home/u991737198/domains/tas2023.online/public_html/tmp/3hn69l4qoa804.3g8shy2588w00.php:307] Base->{closure}()
Sun, 12 Jan 2025 16:35:35 -0500 [2603:9000:f801:55e2:ccd:cd12:6026:3616] [/home/u991737198/domains/tas2023.online/public_html/lib/base.php:3036] require('/home/u991737198/domains/tas2023.online/public_html/tmp/3hn69l4qoa804.3g8shy2588w00.php')
Sun, 12 Jan 2025 16:35:35 -0500 [2603:9000:f801:55e2:ccd:cd12:6026:3616] [/home/u991737198/domains/tas2023.online/public_html/lib/base.php:3281] View->sandbox()
Sun, 12 Jan 2025 16:35:35 -0500 [2603:9000:f801:55e2:ccd:cd12:6026:3616] [/home/u991737198/domains/tas2023.online/public_html/tmp/3hn69l4qoa804.3h31n1yj254w8.php:7] Preview->render()
Sun, 12 Jan 2025 16:35:35 -0500 [2603:9000:f801:55e2:ccd:cd12:6026:3616] [/home/u991737198/domains/tas2023.online/public_html/lib/base.php:3036] require('/home/u991737198/domains/tas2023.online/public_html/tmp/3hn69l4qoa804.3h31n1yj254w8.php')
Sun, 12 Jan 2025 16:35:35 -0500 [2603:9000:f801:55e2:ccd:cd12:6026:3616] [/home/u991737198/domains/tas2023.online/public_html/lib/base.php:3281] View->sandbox()
Sun, 12 Jan 2025 16:35:35 -0500 [2603:9000:f801:55e2:ccd:cd12:6026:3616] [/home/u991737198/domains/tas2023.online/public_html/app/controllers/Controller.php:85] Preview->render()
Sun, 12 Jan 2025 16:35:35 -0500 [2603:9000:f801:55e2:ccd:cd12:6026:3616] [/home/u991737198/domains/tas2023.online/public_html/lib/base.php:2078] Controller->afterroute()
Sun, 12 Jan 2025 16:35:35 -0500 [2603:9000:f801:55e2:ccd:cd12:6026:3616] [/home/u991737198/domains/tas2023.online/public_html/lib/base.php:1871] Base->call()
Sun, 12 Jan 2025 16:35:35 -0500 [2603:9000:f801:55e2:ccd:cd12:6026:3616] [/home/u991737198/domains/tas2023.online/public_html/index.php:19] Base->run()
Sun, 12 Jan 2025 16:57:43 -0500 [2603:9000:f801:55e2:ccd:cd12:6026:3616] 500: Undefined variable $entity_num trace: [tmp/3hn69l4qoa804.1zo7dt0fljr4w.php:196]
Sun, 12 Jan 2025 16:57:43 -0500 [2603:9000:f801:55e2:ccd:cd12:6026:3616] [tmp/3hn69l4qoa804.1zo7dt0fljr4w.php:196] Base->{closure}()
Sun, 12 Jan 2025 16:57:43 -0500 [2603:9000:f801:55e2:ccd:cd12:6026:3616] [lib/base.php:3036] require('/home/u991737198/domains/tas2023.online/public_html/tmp/3hn69l4qoa804.1zo7dt0fljr4w.php')
Sun, 12 Jan 2025 16:57:43 -0500 [2603:9000:f801:55e2:ccd:cd12:6026:3616] [lib/base.php:3281] View->sandbox()
Sun, 12 Jan 2025 16:57:43 -0500 [2603:9000:f801:55e2:ccd:cd12:6026:3616] [tmp/3hn69l4qoa804.3h31n1yj254w8.php:7] Preview->render()
Sun, 12 Jan 2025 16:57:43 -0500 [2603:9000:f801:55e2:ccd:cd12:6026:3616] [lib/base.php:3036] require('/home/u991737198/domains/tas2023.online/public_html/tmp/3hn69l4qoa804.3h31n1yj254w8.php')
Sun, 12 Jan 2025 16:57:43 -0500 [2603:9000:f801:55e2:ccd:cd12:6026:3616] [lib/base.php:3281] View->sandbox()
Sun, 12 Jan 2025 16:57:43 -0500 [2603:9000:f801:55e2:ccd:cd12:6026:3616] [app/controllers/Controller.php:85] Preview->render()
Sun, 12 Jan 2025 16:57:43 -0500 [2603:9000:f801:55e2:ccd:cd12:6026:3616] [lib/base.php:2078] Controller->afterroute()
Sun, 12 Jan 2025 16:57:43 -0500 [2603:9000:f801:55e2:ccd:cd12:6026:3616] [lib/base.php:1871] Base->call()
Sun, 12 Jan 2025 16:57:43 -0500 [2603:9000:f801:55e2:ccd:cd12:6026:3616] [index.php:19] Base->run()
Sun, 12 Jan 2025 16:57:58 -0500 [2603:9000:f801:55e2:ccd:cd12:6026:3616] 500: Undefined variable $fechapicker trace: [/home/u991737198/domains/tas2023.online/public_html/tmp/3hn69l4qoa804.22phmm30e0u84.php:333]
Sun, 12 Jan 2025 16:57:58 -0500 [2603:9000:f801:55e2:ccd:cd12:6026:3616] [/home/u991737198/domains/tas2023.online/public_html/tmp/3hn69l4qoa804.22phmm30e0u84.php:333] Base->{closure}()
Sun, 12 Jan 2025 16:57:58 -0500 [2603:9000:f801:55e2:ccd:cd12:6026:3616] [/home/u991737198/domains/tas2023.online/public_html/lib/base.php:3036] require('/home/u991737198/domains/tas2023.online/public_html/tmp/3hn69l4qoa804.22phmm30e0u84.php')
Sun, 12 Jan 2025 16:57:58 -0500 [2603:9000:f801:55e2:ccd:cd12:6026:3616] [/home/u991737198/domains/tas2023.online/public_html/lib/base.php:3281] View->sandbox()
Sun, 12 Jan 2025 16:57:58 -0500 [2603:9000:f801:55e2:ccd:cd12:6026:3616] [/home/u991737198/domains/tas2023.online/public_html/tmp/3hn69l4qoa804.3h31n1yj254w8.php:7] Preview->render()
Sun, 12 Jan 2025 16:57:58 -0500 [2603:9000:f801:55e2:ccd:cd12:6026:3616] [/home/u991737198/domains/tas2023.online/public_html/lib/base.php:3036] require('/home/u991737198/domains/tas2023.online/public_html/tmp/3hn69l4qoa804.3h31n1yj254w8.php')
Sun, 12 Jan 2025 16:57:58 -0500 [2603:9000:f801:55e2:ccd:cd12:6026:3616] [/home/u991737198/domains/tas2023.online/public_html/lib/base.php:3281] View->sandbox()
Sun, 12 Jan 2025 16:57:58 -0500 [2603:9000:f801:55e2:ccd:cd12:6026:3616] [/home/u991737198/domains/tas2023.online/public_html/app/controllers/Controller.php:85] Preview->render()
Sun, 12 Jan 2025 16:57:58 -0500 [2603:9000:f801:55e2:ccd:cd12:6026:3616] [/home/u991737198/domains/tas2023.online/public_html/lib/base.php:2078] Controller->afterroute()
Sun, 12 Jan 2025 16:57:58 -0500 [2603:9000:f801:55e2:ccd:cd12:6026:3616] [/home/u991737198/domains/tas2023.online/public_html/lib/base.php:1871] Base->call()
Sun, 12 Jan 2025 16:57:58 -0500 [2603:9000:f801:55e2:ccd:cd12:6026:3616] [/home/u991737198/domains/tas2023.online/public_html/index.php:19] Base->run()
Sun, 12 Jan 2025 16:58:13 -0500 [2603:9000:f801:55e2:ccd:cd12:6026:3616] 500: Undefined variable $fechapicker trace: [/home/u991737198/domains/tas2023.online/public_html/tmp/3hn69l4qoa804.22phmm30e0u84.php:333]
Sun, 12 Jan 2025 16:58:13 -0500 [2603:9000:f801:55e2:ccd:cd12:6026:3616] [/home/u991737198/domains/tas2023.online/public_html/tmp/3hn69l4qoa804.22phmm30e0u84.php:333] Base->{closure}()
Sun, 12 Jan 2025 16:58:13 -0500 [2603:9000:f801:55e2:ccd:cd12:6026:3616] [/home/u991737198/domains/tas2023.online/public_html/lib/base.php:3036] require('/home/u991737198/domains/tas2023.online/public_html/tmp/3hn69l4qoa804.22phmm30e0u84.php')
Sun, 12 Jan 2025 16:58:13 -0500 [2603:9000:f801:55e2:ccd:cd12:6026:3616] [/home/u991737198/domains/tas2023.online/public_html/lib/base.php:3281] View->sandbox()
Sun, 12 Jan 2025 16:58:13 -0500 [2603:9000:f801:55e2:ccd:cd12:6026:3616] [/home/u991737198/domains/tas2023.online/public_html/tmp/3hn69l4qoa804.3h31n1yj254w8.php:7] Preview->render()
Sun, 12 Jan 2025 16:58:13 -0500 [2603:9000:f801:55e2:ccd:cd12:6026:3616] [/home/u991737198/domains/tas2023.online/public_html/lib/base.php:3036] require('/home/u991737198/domains/tas2023.online/public_html/tmp/3hn69l4qoa804.3h31n1yj254w8.php')
Sun, 12 Jan 2025 16:58:13 -0500 [2603:9000:f801:55e2:ccd:cd12:6026:3616] [/home/u991737198/domains/tas2023.online/public_html/lib/base.php:3281] View->sandbox()
Sun, 12 Jan 2025 16:58:13 -0500 [2603:9000:f801:55e2:ccd:cd12:6026:3616] [/home/u991737198/domains/tas2023.online/public_html/app/controllers/Controller.php:85] Preview->render()
Sun, 12 Jan 2025 16:58:13 -0500 [2603:9000:f801:55e2:ccd:cd12:6026:3616] [/home/u991737198/domains/tas2023.online/public_html/lib/base.php:2078] Controller->afterroute()
Sun, 12 Jan 2025 16:58:13 -0500 [2603:9000:f801:55e2:ccd:cd12:6026:3616] [/home/u991737198/domains/tas2023.online/public_html/lib/base.php:1871] Base->call()
Sun, 12 Jan 2025 16:58:13 -0500 [2603:9000:f801:55e2:ccd:cd12:6026:3616] [/home/u991737198/domains/tas2023.online/public_html/index.php:19] Base->run()
Sun, 12 Jan 2025 16:58:19 -0500 [2603:9000:f801:55e2:ccd:cd12:6026:3616] 500: Undefined variable $fechapicker trace: [/home/u991737198/domains/tas2023.online/public_html/tmp/3hn69l4qoa804.22phmm30e0u84.php:333]
Sun, 12 Jan 2025 16:58:19 -0500 [2603:9000:f801:55e2:ccd:cd12:6026:3616] [/home/u991737198/domains/tas2023.online/public_html/tmp/3hn69l4qoa804.22phmm30e0u84.php:333] Base->{closure}()
Sun, 12 Jan 2025 16:58:19 -0500 [2603:9000:f801:55e2:ccd:cd12:6026:3616] [/home/u991737198/domains/tas2023.online/public_html/lib/base.php:3036] require('/home/u991737198/domains/tas2023.online/public_html/tmp/3hn69l4qoa804.22phmm30e0u84.php')
Sun, 12 Jan 2025 16:58:19 -0500 [2603:9000:f801:55e2:ccd:cd12:6026:3616] [/home/u991737198/domains/tas2023.online/public_html/lib/base.php:3281] View->sandbox()
Sun, 12 Jan 2025 16:58:19 -0500 [2603:9000:f801:55e2:ccd:cd12:6026:3616] [/home/u991737198/domains/tas2023.online/public_html/tmp/3hn69l4qoa804.3h31n1yj254w8.php:7] Preview->render()
Sun, 12 Jan 2025 16:58:19 -0500 [2603:9000:f801:55e2:ccd:cd12:6026:3616] [/home/u991737198/domains/tas2023.online/public_html/lib/base.php:3036] require('/home/u991737198/domains/tas2023.online/public_html/tmp/3hn69l4qoa804.3h31n1yj254w8.php')
Sun, 12 Jan 2025 16:58:19 -0500 [2603:9000:f801:55e2:ccd:cd12:6026:3616] [/home/u991737198/domains/tas2023.online/public_html/lib/base.php:3281] View->sandbox()
Sun, 12 Jan 2025 16:58:19 -0500 [2603:9000:f801:55e2:ccd:cd12:6026:3616] [/home/u991737198/domains/tas2023.online/public_html/app/controllers/Controller.php:85] Preview->render()
Sun, 12 Jan 2025 16:58:19 -0500 [2603:9000:f801:55e2:ccd:cd12:6026:3616] [/home/u991737198/domains/tas2023.online/public_html/lib/base.php:2078] Controller->afterroute()
Sun, 12 Jan 2025 16:58:19 -0500 [2603:9000:f801:55e2:ccd:cd12:6026:3616] [/home/u991737198/domains/tas2023.online/public_html/lib/base.php:1871] Base->call()
Sun, 12 Jan 2025 16:58:19 -0500 [2603:9000:f801:55e2:ccd:cd12:6026:3616] [/home/u991737198/domains/tas2023.online/public_html/index.php:19] Base->run()
Sun, 12 Jan 2025 16:58:21 -0500 [2603:9000:f801:55e2:ccd:cd12:6026:3616] 500: Undefined variable $fechapicker trace: [/home/u991737198/domains/tas2023.online/public_html/tmp/3hn69l4qoa804.22phmm30e0u84.php:333]
Sun, 12 Jan 2025 16:58:21 -0500 [2603:9000:f801:55e2:ccd:cd12:6026:3616] [/home/u991737198/domains/tas2023.online/public_html/tmp/3hn69l4qoa804.22phmm30e0u84.php:333] Base->{closure}()
Sun, 12 Jan 2025 16:58:21 -0500 [2603:9000:f801:55e2:ccd:cd12:6026:3616] [/home/u991737198/domains/tas2023.online/public_html/lib/base.php:3036] require('/home/u991737198/domains/tas2023.online/public_html/tmp/3hn69l4qoa804.22phmm30e0u84.php')
Sun, 12 Jan 2025 16:58:21 -0500 [2603:9000:f801:55e2:ccd:cd12:6026:3616] [/home/u991737198/domains/tas2023.online/public_html/lib/base.php:3281] View->sandbox()
Sun, 12 Jan 2025 16:58:21 -0500 [2603:9000:f801:55e2:ccd:cd12:6026:3616] [/home/u991737198/domains/tas2023.online/public_html/tmp/3hn69l4qoa804.3h31n1yj254w8.php:7] Preview->render()
Sun, 12 Jan 2025 16:58:21 -0500 [2603:9000:f801:55e2:ccd:cd12:6026:3616] [/home/u991737198/domains/tas2023.online/public_html/lib/base.php:3036] require('/home/u991737198/domains/tas2023.online/public_html/tmp/3hn69l4qoa804.3h31n1yj254w8.php')
Sun, 12 Jan 2025 16:58:21 -0500 [2603:9000:f801:55e2:ccd:cd12:6026:3616] [/home/u991737198/domains/tas2023.online/public_html/lib/base.php:3281] View->sandbox()
Sun, 12 Jan 2025 16:58:21 -0500 [2603:9000:f801:55e2:ccd:cd12:6026:3616] [/home/u991737198/domains/tas2023.online/public_html/app/controllers/Controller.php:85] Preview->render()
Sun, 12 Jan 2025 16:58:21 -0500 [2603:9000:f801:55e2:ccd:cd12:6026:3616] [/home/u991737198/domains/tas2023.online/public_html/lib/base.php:2078] Controller->afterroute()
Sun, 12 Jan 2025 16:58:21 -0500 [2603:9000:f801:55e2:ccd:cd12:6026:3616] [/home/u991737198/domains/tas2023.online/public_html/lib/base.php:1871] Base->call()
Sun, 12 Jan 2025 16:58:21 -0500 [2603:9000:f801:55e2:ccd:cd12:6026:3616] [/home/u991737198/domains/tas2023.online/public_html/index.php:19] Base->run()
Sun, 12 Jan 2025 16:58:27 -0500 [2603:9000:f801:55e2:ccd:cd12:6026:3616] 500: Undefined variable $fechapicker trace: [/home/u991737198/domains/tas2023.online/public_html/tmp/3hn69l4qoa804.22phmm30e0u84.php:333]
Sun, 12 Jan 2025 16:58:27 -0500 [2603:9000:f801:55e2:ccd:cd12:6026:3616] [/home/u991737198/domains/tas2023.online/public_html/tmp/3hn69l4qoa804.22phmm30e0u84.php:333] Base->{closure}()
Sun, 12 Jan 2025 16:58:27 -0500 [2603:9000:f801:55e2:ccd:cd12:6026:3616] [/home/u991737198/domains/tas2023.online/public_html/lib/base.php:3036] require('/home/u991737198/domains/tas2023.online/public_html/tmp/3hn69l4qoa804.22phmm30e0u84.php')
Sun, 12 Jan 2025 16:58:27 -0500 [2603:9000:f801:55e2:ccd:cd12:6026:3616] [/home/u991737198/domains/tas2023.online/public_html/lib/base.php:3281] View->sandbox()
Sun, 12 Jan 2025 16:58:27 -0500 [2603:9000:f801:55e2:ccd:cd12:6026:3616] [/home/u991737198/domains/tas2023.online/public_html/tmp/3hn69l4qoa804.3h31n1yj254w8.php:7] Preview->render()
Sun, 12 Jan 2025 16:58:27 -0500 [2603:9000:f801:55e2:ccd:cd12:6026:3616] [/home/u991737198/domains/tas2023.online/public_html/lib/base.php:3036] require('/home/u991737198/domains/tas2023.online/public_html/tmp/3hn69l4qoa804.3h31n1yj254w8.php')
Sun, 12 Jan 2025 16:58:27 -0500 [2603:9000:f801:55e2:ccd:cd12:6026:3616] [/home/u991737198/domains/tas2023.online/public_html/lib/base.php:3281] View->sandbox()
Sun, 12 Jan 2025 16:58:27 -0500 [2603:9000:f801:55e2:ccd:cd12:6026:3616] [/home/u991737198/domains/tas2023.online/public_html/app/controllers/Controller.php:85] Preview->render()
Sun, 12 Jan 2025 16:58:27 -0500 [2603:9000:f801:55e2:ccd:cd12:6026:3616] [/home/u991737198/domains/tas2023.online/public_html/lib/base.php:2078] Controller->afterroute()
Sun, 12 Jan 2025 16:58:27 -0500 [2603:9000:f801:55e2:ccd:cd12:6026:3616] [/home/u991737198/domains/tas2023.online/public_html/lib/base.php:1871] Base->call()
Sun, 12 Jan 2025 16:58:27 -0500 [2603:9000:f801:55e2:ccd:cd12:6026:3616] [/home/u991737198/domains/tas2023.online/public_html/index.php:19] Base->run()
Sun, 12 Jan 2025 16:58:29 -0500 [2603:9000:f801:55e2:ccd:cd12:6026:3616] 500: Undefined variable $fechapicker trace: [/home/u991737198/domains/tas2023.online/public_html/tmp/3hn69l4qoa804.22phmm30e0u84.php:333]
Sun, 12 Jan 2025 16:58:29 -0500 [2603:9000:f801:55e2:ccd:cd12:6026:3616] [/home/u991737198/domains/tas2023.online/public_html/tmp/3hn69l4qoa804.22phmm30e0u84.php:333] Base->{closure}()
Sun, 12 Jan 2025 16:58:29 -0500 [2603:9000:f801:55e2:ccd:cd12:6026:3616] [/home/u991737198/domains/tas2023.online/public_html/lib/base.php:3036] require('/home/u991737198/domains/tas2023.online/public_html/tmp/3hn69l4qoa804.22phmm30e0u84.php')
Sun, 12 Jan 2025 16:58:29 -0500 [2603:9000:f801:55e2:ccd:cd12:6026:3616] [/home/u991737198/domains/tas2023.online/public_html/lib/base.php:3281] View->sandbox()
Sun, 12 Jan 2025 16:58:29 -0500 [2603:9000:f801:55e2:ccd:cd12:6026:3616] [/home/u991737198/domains/tas2023.online/public_html/tmp/3hn69l4qoa804.3h31n1yj254w8.php:7] Preview->render()
Sun, 12 Jan 2025 16:58:29 -0500 [2603:9000:f801:55e2:ccd:cd12:6026:3616] [/home/u991737198/domains/tas2023.online/public_html/lib/base.php:3036] require('/home/u991737198/domains/tas2023.online/public_html/tmp/3hn69l4qoa804.3h31n1yj254w8.php')
Sun, 12 Jan 2025 16:58:29 -0500 [2603:9000:f801:55e2:ccd:cd12:6026:3616] [/home/u991737198/domains/tas2023.online/public_html/lib/base.php:3281] View->sandbox()
Sun, 12 Jan 2025 16:58:29 -0500 [2603:9000:f801:55e2:ccd:cd12:6026:3616] [/home/u991737198/domains/tas2023.online/public_html/app/controllers/Controller.php:85] Preview->render()
Sun, 12 Jan 2025 16:58:29 -0500 [2603:9000:f801:55e2:ccd:cd12:6026:3616] [/home/u991737198/domains/tas2023.online/public_html/lib/base.php:2078] Controller->afterroute()
Sun, 12 Jan 2025 16:58:29 -0500 [2603:9000:f801:55e2:ccd:cd12:6026:3616] [/home/u991737198/domains/tas2023.online/public_html/lib/base.php:1871] Base->call()
Sun, 12 Jan 2025 16:58:29 -0500 [2603:9000:f801:55e2:ccd:cd12:6026:3616] [/home/u991737198/domains/tas2023.online/public_html/index.php:19] Base->run()
Sun, 12 Jan 2025 16:58:31 -0500 [2603:9000:f801:55e2:ccd:cd12:6026:3616] 500: Undefined variable $fechapicker trace: [/home/u991737198/domains/tas2023.online/public_html/tmp/3hn69l4qoa804.22phmm30e0u84.php:333]
Sun, 12 Jan 2025 16:58:31 -0500 [2603:9000:f801:55e2:ccd:cd12:6026:3616] [/home/u991737198/domains/tas2023.online/public_html/tmp/3hn69l4qoa804.22phmm30e0u84.php:333] Base->{closure}()
Sun, 12 Jan 2025 16:58:31 -0500 [2603:9000:f801:55e2:ccd:cd12:6026:3616] [/home/u991737198/domains/tas2023.online/public_html/lib/base.php:3036] require('/home/u991737198/domains/tas2023.online/public_html/tmp/3hn69l4qoa804.22phmm30e0u84.php')
Sun, 12 Jan 2025 16:58:31 -0500 [2603:9000:f801:55e2:ccd:cd12:6026:3616] [/home/u991737198/domains/tas2023.online/public_html/lib/base.php:3281] View->sandbox()
Sun, 12 Jan 2025 16:58:31 -0500 [2603:9000:f801:55e2:ccd:cd12:6026:3616] [/home/u991737198/domains/tas2023.online/public_html/tmp/3hn69l4qoa804.3h31n1yj254w8.php:7] Preview->render()
Sun, 12 Jan 2025 16:58:31 -0500 [2603:9000:f801:55e2:ccd:cd12:6026:3616] [/home/u991737198/domains/tas2023.online/public_html/lib/base.php:3036] require('/home/u991737198/domains/tas2023.online/public_html/tmp/3hn69l4qoa804.3h31n1yj254w8.php')
Sun, 12 Jan 2025 16:58:31 -0500 [2603:9000:f801:55e2:ccd:cd12:6026:3616] [/home/u991737198/domains/tas2023.online/public_html/lib/base.php:3281] View->sandbox()
Sun, 12 Jan 2025 16:58:31 -0500 [2603:9000:f801:55e2:ccd:cd12:6026:3616] [/home/u991737198/domains/tas2023.online/public_html/app/controllers/Controller.php:85] Preview->render()
Sun, 12 Jan 2025 16:58:31 -0500 [2603:9000:f801:55e2:ccd:cd12:6026:3616] [/home/u991737198/domains/tas2023.online/public_html/lib/base.php:2078] Controller->afterroute()
Sun, 12 Jan 2025 16:58:31 -0500 [2603:9000:f801:55e2:ccd:cd12:6026:3616] [/home/u991737198/domains/tas2023.online/public_html/lib/base.php:1871] Base->call()
Sun, 12 Jan 2025 16:58:31 -0500 [2603:9000:f801:55e2:ccd:cd12:6026:3616] [/home/u991737198/domains/tas2023.online/public_html/index.php:19] Base->run()
Sun, 12 Jan 2025 16:58:32 -0500 [2603:9000:f801:55e2:ccd:cd12:6026:3616] 500: Undefined variable $fechapicker trace: [/home/u991737198/domains/tas2023.online/public_html/tmp/3hn69l4qoa804.22phmm30e0u84.php:333]
Sun, 12 Jan 2025 16:58:32 -0500 [2603:9000:f801:55e2:ccd:cd12:6026:3616] [/home/u991737198/domains/tas2023.online/public_html/tmp/3hn69l4qoa804.22phmm30e0u84.php:333] Base->{closure}()
Sun, 12 Jan 2025 16:58:32 -0500 [2603:9000:f801:55e2:ccd:cd12:6026:3616] [/home/u991737198/domains/tas2023.online/public_html/lib/base.php:3036] require('/home/u991737198/domains/tas2023.online/public_html/tmp/3hn69l4qoa804.22phmm30e0u84.php')
Sun, 12 Jan 2025 16:58:32 -0500 [2603:9000:f801:55e2:ccd:cd12:6026:3616] [/home/u991737198/domains/tas2023.online/public_html/lib/base.php:3281] View->sandbox()
Sun, 12 Jan 2025 16:58:32 -0500 [2603:9000:f801:55e2:ccd:cd12:6026:3616] [/home/u991737198/domains/tas2023.online/public_html/tmp/3hn69l4qoa804.3h31n1yj254w8.php:7] Preview->render()
Sun, 12 Jan 2025 16:58:32 -0500 [2603:9000:f801:55e2:ccd:cd12:6026:3616] [/home/u991737198/domains/tas2023.online/public_html/lib/base.php:3036] require('/home/u991737198/domains/tas2023.online/public_html/tmp/3hn69l4qoa804.3h31n1yj254w8.php')
Sun, 12 Jan 2025 16:58:32 -0500 [2603:9000:f801:55e2:ccd:cd12:6026:3616] [/home/u991737198/domains/tas2023.online/public_html/lib/base.php:3281] View->sandbox()
Sun, 12 Jan 2025 16:58:32 -0500 [2603:9000:f801:55e2:ccd:cd12:6026:3616] [/home/u991737198/domains/tas2023.online/public_html/app/controllers/Controller.php:85] Preview->render()
Sun, 12 Jan 2025 16:58:32 -0500 [2603:9000:f801:55e2:ccd:cd12:6026:3616] [/home/u991737198/domains/tas2023.online/public_html/lib/base.php:2078] Controller->afterroute()
Sun, 12 Jan 2025 16:58:32 -0500 [2603:9000:f801:55e2:ccd:cd12:6026:3616] [/home/u991737198/domains/tas2023.online/public_html/lib/base.php:1871] Base->call()
Sun, 12 Jan 2025 16:58:32 -0500 [2603:9000:f801:55e2:ccd:cd12:6026:3616] [/home/u991737198/domains/tas2023.online/public_html/index.php:19] Base->run()
Sun, 12 Jan 2025 16:58:34 -0500 [2603:9000:f801:55e2:ccd:cd12:6026:3616] 500: Undefined variable $fechapicker trace: [/home/u991737198/domains/tas2023.online/public_html/tmp/3hn69l4qoa804.22phmm30e0u84.php:333]
Sun, 12 Jan 2025 16:58:34 -0500 [2603:9000:f801:55e2:ccd:cd12:6026:3616] [/home/u991737198/domains/tas2023.online/public_html/tmp/3hn69l4qoa804.22phmm30e0u84.php:333] Base->{closure}()
Sun, 12 Jan 2025 16:58:34 -0500 [2603:9000:f801:55e2:ccd:cd12:6026:3616] [/home/u991737198/domains/tas2023.online/public_html/lib/base.php:3036] require('/home/u991737198/domains/tas2023.online/public_html/tmp/3hn69l4qoa804.22phmm30e0u84.php')
Sun, 12 Jan 2025 16:58:34 -0500 [2603:9000:f801:55e2:ccd:cd12:6026:3616] [/home/u991737198/domains/tas2023.online/public_html/lib/base.php:3281] View->sandbox()
Sun, 12 Jan 2025 16:58:34 -0500 [2603:9000:f801:55e2:ccd:cd12:6026:3616] [/home/u991737198/domains/tas2023.online/public_html/tmp/3hn69l4qoa804.3h31n1yj254w8.php:7] Preview->render()
Sun, 12 Jan 2025 16:58:34 -0500 [2603:9000:f801:55e2:ccd:cd12:6026:3616] [/home/u991737198/domains/tas2023.online/public_html/lib/base.php:3036] require('/home/u991737198/domains/tas2023.online/public_html/tmp/3hn69l4qoa804.3h31n1yj254w8.php')
Sun, 12 Jan 2025 16:58:34 -0500 [2603:9000:f801:55e2:ccd:cd12:6026:3616] [/home/u991737198/domains/tas2023.online/public_html/lib/base.php:3281] View->sandbox()
Sun, 12 Jan 2025 16:58:34 -0500 [2603:9000:f801:55e2:ccd:cd12:6026:3616] [/home/u991737198/domains/tas2023.online/public_html/app/controllers/Controller.php:85] Preview->render()
Sun, 12 Jan 2025 16:58:34 -0500 [2603:9000:f801:55e2:ccd:cd12:6026:3616] [/home/u991737198/domains/tas2023.online/public_html/lib/base.php:2078] Controller->afterroute()
Sun, 12 Jan 2025 16:58:34 -0500 [2603:9000:f801:55e2:ccd:cd12:6026:3616] [/home/u991737198/domains/tas2023.online/public_html/lib/base.php:1871] Base->call()
Sun, 12 Jan 2025 16:58:34 -0500 [2603:9000:f801:55e2:ccd:cd12:6026:3616] [/home/u991737198/domains/tas2023.online/public_html/index.php:19] Base->run()
Sun, 12 Jan 2025 16:58:36 -0500 [2603:9000:f801:55e2:ccd:cd12:6026:3616] 500: Undefined variable $fechapicker trace: [/home/u991737198/domains/tas2023.online/public_html/tmp/3hn69l4qoa804.22phmm30e0u84.php:333]
Sun, 12 Jan 2025 16:58:36 -0500 [2603:9000:f801:55e2:ccd:cd12:6026:3616] [/home/u991737198/domains/tas2023.online/public_html/tmp/3hn69l4qoa804.22phmm30e0u84.php:333] Base->{closure}()
Sun, 12 Jan 2025 16:58:36 -0500 [2603:9000:f801:55e2:ccd:cd12:6026:3616] [/home/u991737198/domains/tas2023.online/public_html/lib/base.php:3036] require('/home/u991737198/domains/tas2023.online/public_html/tmp/3hn69l4qoa804.22phmm30e0u84.php')
Sun, 12 Jan 2025 16:58:36 -0500 [2603:9000:f801:55e2:ccd:cd12:6026:3616] [/home/u991737198/domains/tas2023.online/public_html/lib/base.php:3281] View->sandbox()
Sun, 12 Jan 2025 16:58:36 -0500 [2603:9000:f801:55e2:ccd:cd12:6026:3616] [/home/u991737198/domains/tas2023.online/public_html/tmp/3hn69l4qoa804.3h31n1yj254w8.php:7] Preview->render()
Sun, 12 Jan 2025 16:58:36 -0500 [2603:9000:f801:55e2:ccd:cd12:6026:3616] [/home/u991737198/domains/tas2023.online/public_html/lib/base.php:3036] require('/home/u991737198/domains/tas2023.online/public_html/tmp/3hn69l4qoa804.3h31n1yj254w8.php')
Sun, 12 Jan 2025 16:58:36 -0500 [2603:9000:f801:55e2:ccd:cd12:6026:3616] [/home/u991737198/domains/tas2023.online/public_html/lib/base.php:3281] View->sandbox()
Sun, 12 Jan 2025 16:58:36 -0500 [2603:9000:f801:55e2:ccd:cd12:6026:3616] [/home/u991737198/domains/tas2023.online/public_html/app/controllers/Controller.php:85] Preview->render()
Sun, 12 Jan 2025 16:58:36 -0500 [2603:9000:f801:55e2:ccd:cd12:6026:3616] [/home/u991737198/domains/tas2023.online/public_html/lib/base.php:2078] Controller->afterroute()
Sun, 12 Jan 2025 16:58:36 -0500 [2603:9000:f801:55e2:ccd:cd12:6026:3616] [/home/u991737198/domains/tas2023.online/public_html/lib/base.php:1871] Base->call()
Sun, 12 Jan 2025 16:58:36 -0500 [2603:9000:f801:55e2:ccd:cd12:6026:3616] [/home/u991737198/domains/tas2023.online/public_html/index.php:19] Base->run()
Sun, 12 Jan 2025 16:58:37 -0500 [2603:9000:f801:55e2:ccd:cd12:6026:3616] 500: Undefined variable $fechapicker trace: [/home/u991737198/domains/tas2023.online/public_html/tmp/3hn69l4qoa804.22phmm30e0u84.php:333]
Sun, 12 Jan 2025 16:58:37 -0500 [2603:9000:f801:55e2:ccd:cd12:6026:3616] [/home/u991737198/domains/tas2023.online/public_html/tmp/3hn69l4qoa804.22phmm30e0u84.php:333] Base->{closure}()
Sun, 12 Jan 2025 16:58:37 -0500 [2603:9000:f801:55e2:ccd:cd12:6026:3616] [/home/u991737198/domains/tas2023.online/public_html/lib/base.php:3036] require('/home/u991737198/domains/tas2023.online/public_html/tmp/3hn69l4qoa804.22phmm30e0u84.php')
Sun, 12 Jan 2025 16:58:37 -0500 [2603:9000:f801:55e2:ccd:cd12:6026:3616] [/home/u991737198/domains/tas2023.online/public_html/lib/base.php:3281] View->sandbox()
Sun, 12 Jan 2025 16:58:37 -0500 [2603:9000:f801:55e2:ccd:cd12:6026:3616] [/home/u991737198/domains/tas2023.online/public_html/tmp/3hn69l4qoa804.3h31n1yj254w8.php:7] Preview->render()
Sun, 12 Jan 2025 16:58:37 -0500 [2603:9000:f801:55e2:ccd:cd12:6026:3616] [/home/u991737198/domains/tas2023.online/public_html/lib/base.php:3036] require('/home/u991737198/domains/tas2023.online/public_html/tmp/3hn69l4qoa804.3h31n1yj254w8.php')
Sun, 12 Jan 2025 16:58:37 -0500 [2603:9000:f801:55e2:ccd:cd12:6026:3616] [/home/u991737198/domains/tas2023.online/public_html/lib/base.php:3281] View->sandbox()
Sun, 12 Jan 2025 16:58:37 -0500 [2603:9000:f801:55e2:ccd:cd12:6026:3616] [/home/u991737198/domains/tas2023.online/public_html/app/controllers/Controller.php:85] Preview->render()
Sun, 12 Jan 2025 16:58:37 -0500 [2603:9000:f801:55e2:ccd:cd12:6026:3616] [/home/u991737198/domains/tas2023.online/public_html/lib/base.php:2078] Controller->afterroute()
Sun, 12 Jan 2025 16:58:37 -0500 [2603:9000:f801:55e2:ccd:cd12:6026:3616] [/home/u991737198/domains/tas2023.online/public_html/lib/base.php:1871] Base->call()
Sun, 12 Jan 2025 16:58:37 -0500 [2603:9000:f801:55e2:ccd:cd12:6026:3616] [/home/u991737198/domains/tas2023.online/public_html/index.php:19] Base->run()
Sun, 12 Jan 2025 16:58:39 -0500 [2603:9000:f801:55e2:ccd:cd12:6026:3616] 500: Undefined variable $fechapicker trace: [/home/u991737198/domains/tas2023.online/public_html/tmp/3hn69l4qoa804.22phmm30e0u84.php:333]
Sun, 12 Jan 2025 16:58:39 -0500 [2603:9000:f801:55e2:ccd:cd12:6026:3616] [/home/u991737198/domains/tas2023.online/public_html/tmp/3hn69l4qoa804.22phmm30e0u84.php:333] Base->{closure}()
Sun, 12 Jan 2025 16:58:39 -0500 [2603:9000:f801:55e2:ccd:cd12:6026:3616] [/home/u991737198/domains/tas2023.online/public_html/lib/base.php:3036] require('/home/u991737198/domains/tas2023.online/public_html/tmp/3hn69l4qoa804.22phmm30e0u84.php')
Sun, 12 Jan 2025 16:58:39 -0500 [2603:9000:f801:55e2:ccd:cd12:6026:3616] [/home/u991737198/domains/tas2023.online/public_html/lib/base.php:3281] View->sandbox()
Sun, 12 Jan 2025 16:58:39 -0500 [2603:9000:f801:55e2:ccd:cd12:6026:3616] [/home/u991737198/domains/tas2023.online/public_html/tmp/3hn69l4qoa804.3h31n1yj254w8.php:7] Preview->render()
Sun, 12 Jan 2025 16:58:39 -0500 [2603:9000:f801:55e2:ccd:cd12:6026:3616] [/home/u991737198/domains/tas2023.online/public_html/lib/base.php:3036] require('/home/u991737198/domains/tas2023.online/public_html/tmp/3hn69l4qoa804.3h31n1yj254w8.php')
Sun, 12 Jan 2025 16:58:39 -0500 [2603:9000:f801:55e2:ccd:cd12:6026:3616] [/home/u991737198/domains/tas2023.online/public_html/lib/base.php:3281] View->sandbox()
Sun, 12 Jan 2025 16:58:39 -0500 [2603:9000:f801:55e2:ccd:cd12:6026:3616] [/home/u991737198/domains/tas2023.online/public_html/app/controllers/Controller.php:85] Preview->render()
Sun, 12 Jan 2025 16:58:39 -0500 [2603:9000:f801:55e2:ccd:cd12:6026:3616] [/home/u991737198/domains/tas2023.online/public_html/lib/base.php:2078] Controller->afterroute()
Sun, 12 Jan 2025 16:58:39 -0500 [2603:9000:f801:55e2:ccd:cd12:6026:3616] [/home/u991737198/domains/tas2023.online/public_html/lib/base.php:1871] Base->call()
Sun, 12 Jan 2025 16:58:39 -0500 [2603:9000:f801:55e2:ccd:cd12:6026:3616] [/home/u991737198/domains/tas2023.online/public_html/index.php:19] Base->run()
Sun, 12 Jan 2025 16:58:40 -0500 [2603:9000:f801:55e2:ccd:cd12:6026:3616] 500: Undefined variable $fechapicker trace: [/home/u991737198/domains/tas2023.online/public_html/tmp/3hn69l4qoa804.22phmm30e0u84.php:333]
Sun, 12 Jan 2025 16:58:40 -0500 [2603:9000:f801:55e2:ccd:cd12:6026:3616] [/home/u991737198/domains/tas2023.online/public_html/tmp/3hn69l4qoa804.22phmm30e0u84.php:333] Base->{closure}()
Sun, 12 Jan 2025 16:58:40 -0500 [2603:9000:f801:55e2:ccd:cd12:6026:3616] [/home/u991737198/domains/tas2023.online/public_html/lib/base.php:3036] require('/home/u991737198/domains/tas2023.online/public_html/tmp/3hn69l4qoa804.22phmm30e0u84.php')
Sun, 12 Jan 2025 16:58:40 -0500 [2603:9000:f801:55e2:ccd:cd12:6026:3616] [/home/u991737198/domains/tas2023.online/public_html/lib/base.php:3281] View->sandbox()
Sun, 12 Jan 2025 16:58:40 -0500 [2603:9000:f801:55e2:ccd:cd12:6026:3616] [/home/u991737198/domains/tas2023.online/public_html/tmp/3hn69l4qoa804.3h31n1yj254w8.php:7] Preview->render()
Sun, 12 Jan 2025 16:58:40 -0500 [2603:9000:f801:55e2:ccd:cd12:6026:3616] [/home/u991737198/domains/tas2023.online/public_html/lib/base.php:3036] require('/home/u991737198/domains/tas2023.online/public_html/tmp/3hn69l4qoa804.3h31n1yj254w8.php')
Sun, 12 Jan 2025 16:58:40 -0500 [2603:9000:f801:55e2:ccd:cd12:6026:3616] [/home/u991737198/domains/tas2023.online/public_html/lib/base.php:3281] View->sandbox()
Sun, 12 Jan 2025 16:58:40 -0500 [2603:9000:f801:55e2:ccd:cd12:6026:3616] [/home/u991737198/domains/tas2023.online/public_html/app/controllers/Controller.php:85] Preview->render()
Sun, 12 Jan 2025 16:58:40 -0500 [2603:9000:f801:55e2:ccd:cd12:6026:3616] [/home/u991737198/domains/tas2023.online/public_html/lib/base.php:2078] Controller->afterroute()
Sun, 12 Jan 2025 16:58:40 -0500 [2603:9000:f801:55e2:ccd:cd12:6026:3616] [/home/u991737198/domains/tas2023.online/public_html/lib/base.php:1871] Base->call()
Sun, 12 Jan 2025 16:58:40 -0500 [2603:9000:f801:55e2:ccd:cd12:6026:3616] [/home/u991737198/domains/tas2023.online/public_html/index.php:19] Base->run()
Sun, 12 Jan 2025 16:58:42 -0500 [2603:9000:f801:55e2:ccd:cd12:6026:3616] 500: Undefined variable $fechapicker trace: [/home/u991737198/domains/tas2023.online/public_html/tmp/3hn69l4qoa804.22phmm30e0u84.php:333]
Sun, 12 Jan 2025 16:58:42 -0500 [2603:9000:f801:55e2:ccd:cd12:6026:3616] [/home/u991737198/domains/tas2023.online/public_html/tmp/3hn69l4qoa804.22phmm30e0u84.php:333] Base->{closure}()
Sun, 12 Jan 2025 16:58:42 -0500 [2603:9000:f801:55e2:ccd:cd12:6026:3616] [/home/u991737198/domains/tas2023.online/public_html/lib/base.php:3036] require('/home/u991737198/domains/tas2023.online/public_html/tmp/3hn69l4qoa804.22phmm30e0u84.php')
Sun, 12 Jan 2025 16:58:42 -0500 [2603:9000:f801:55e2:ccd:cd12:6026:3616] [/home/u991737198/domains/tas2023.online/public_html/lib/base.php:3281] View->sandbox()
Sun, 12 Jan 2025 16:58:42 -0500 [2603:9000:f801:55e2:ccd:cd12:6026:3616] [/home/u991737198/domains/tas2023.online/public_html/tmp/3hn69l4qoa804.3h31n1yj254w8.php:7] Preview->render()
Sun, 12 Jan 2025 16:58:42 -0500 [2603:9000:f801:55e2:ccd:cd12:6026:3616] [/home/u991737198/domains/tas2023.online/public_html/lib/base.php:3036] require('/home/u991737198/domains/tas2023.online/public_html/tmp/3hn69l4qoa804.3h31n1yj254w8.php')
Sun, 12 Jan 2025 16:58:42 -0500 [2603:9000:f801:55e2:ccd:cd12:6026:3616] [/home/u991737198/domains/tas2023.online/public_html/lib/base.php:3281] View->sandbox()
Sun, 12 Jan 2025 16:58:42 -0500 [2603:9000:f801:55e2:ccd:cd12:6026:3616] [/home/u991737198/domains/tas2023.online/public_html/app/controllers/Controller.php:85] Preview->render()
Sun, 12 Jan 2025 16:58:42 -0500 [2603:9000:f801:55e2:ccd:cd12:6026:3616] [/home/u991737198/domains/tas2023.online/public_html/lib/base.php:2078] Controller->afterroute()
Sun, 12 Jan 2025 16:58:42 -0500 [2603:9000:f801:55e2:ccd:cd12:6026:3616] [/home/u991737198/domains/tas2023.online/public_html/lib/base.php:1871] Base->call()
Sun, 12 Jan 2025 16:58:42 -0500 [2603:9000:f801:55e2:ccd:cd12:6026:3616] [/home/u991737198/domains/tas2023.online/public_html/index.php:19] Base->run()
Sun, 12 Jan 2025 16:58:44 -0500 [2603:9000:f801:55e2:ccd:cd12:6026:3616] 500: Undefined variable $fechapicker trace: [/home/u991737198/domains/tas2023.online/public_html/tmp/3hn69l4qoa804.22phmm30e0u84.php:333]
Sun, 12 Jan 2025 16:58:44 -0500 [2603:9000:f801:55e2:ccd:cd12:6026:3616] [/home/u991737198/domains/tas2023.online/public_html/tmp/3hn69l4qoa804.22phmm30e0u84.php:333] Base->{closure}()
Sun, 12 Jan 2025 16:58:44 -0500 [2603:9000:f801:55e2:ccd:cd12:6026:3616] [/home/u991737198/domains/tas2023.online/public_html/lib/base.php:3036] require('/home/u991737198/domains/tas2023.online/public_html/tmp/3hn69l4qoa804.22phmm30e0u84.php')
Sun, 12 Jan 2025 16:58:44 -0500 [2603:9000:f801:55e2:ccd:cd12:6026:3616] [/home/u991737198/domains/tas2023.online/public_html/lib/base.php:3281] View->sandbox()
Sun, 12 Jan 2025 16:58:44 -0500 [2603:9000:f801:55e2:ccd:cd12:6026:3616] [/home/u991737198/domains/tas2023.online/public_html/tmp/3hn69l4qoa804.3h31n1yj254w8.php:7] Preview->render()
Sun, 12 Jan 2025 16:58:44 -0500 [2603:9000:f801:55e2:ccd:cd12:6026:3616] [/home/u991737198/domains/tas2023.online/public_html/lib/base.php:3036] require('/home/u991737198/domains/tas2023.online/public_html/tmp/3hn69l4qoa804.3h31n1yj254w8.php')
Sun, 12 Jan 2025 16:58:44 -0500 [2603:9000:f801:55e2:ccd:cd12:6026:3616] [/home/u991737198/domains/tas2023.online/public_html/lib/base.php:3281] View->sandbox()
Sun, 12 Jan 2025 16:58:44 -0500 [2603:9000:f801:55e2:ccd:cd12:6026:3616] [/home/u991737198/domains/tas2023.online/public_html/app/controllers/Controller.php:85] Preview->render()
Sun, 12 Jan 2025 16:58:44 -0500 [2603:9000:f801:55e2:ccd:cd12:6026:3616] [/home/u991737198/domains/tas2023.online/public_html/lib/base.php:2078] Controller->afterroute()
Sun, 12 Jan 2025 16:58:44 -0500 [2603:9000:f801:55e2:ccd:cd12:6026:3616] [/home/u991737198/domains/tas2023.online/public_html/lib/base.php:1871] Base->call()
Sun, 12 Jan 2025 16:58:44 -0500 [2603:9000:f801:55e2:ccd:cd12:6026:3616] [/home/u991737198/domains/tas2023.online/public_html/index.php:19] Base->run()
Sun, 12 Jan 2025 16:58:46 -0500 [2603:9000:f801:55e2:ccd:cd12:6026:3616] 500: Undefined variable $fechapicker trace: [/home/u991737198/domains/tas2023.online/public_html/tmp/3hn69l4qoa804.22phmm30e0u84.php:333]
Sun, 12 Jan 2025 16:58:46 -0500 [2603:9000:f801:55e2:ccd:cd12:6026:3616] [/home/u991737198/domains/tas2023.online/public_html/tmp/3hn69l4qoa804.22phmm30e0u84.php:333] Base->{closure}()
Sun, 12 Jan 2025 16:58:46 -0500 [2603:9000:f801:55e2:ccd:cd12:6026:3616] [/home/u991737198/domains/tas2023.online/public_html/lib/base.php:3036] require('/home/u991737198/domains/tas2023.online/public_html/tmp/3hn69l4qoa804.22phmm30e0u84.php')
Sun, 12 Jan 2025 16:58:46 -0500 [2603:9000:f801:55e2:ccd:cd12:6026:3616] [/home/u991737198/domains/tas2023.online/public_html/lib/base.php:3281] View->sandbox()
Sun, 12 Jan 2025 16:58:46 -0500 [2603:9000:f801:55e2:ccd:cd12:6026:3616] [/home/u991737198/domains/tas2023.online/public_html/tmp/3hn69l4qoa804.3h31n1yj254w8.php:7] Preview->render()
Sun, 12 Jan 2025 16:58:46 -0500 [2603:9000:f801:55e2:ccd:cd12:6026:3616] [/home/u991737198/domains/tas2023.online/public_html/lib/base.php:3036] require('/home/u991737198/domains/tas2023.online/public_html/tmp/3hn69l4qoa804.3h31n1yj254w8.php')
Sun, 12 Jan 2025 16:58:46 -0500 [2603:9000:f801:55e2:ccd:cd12:6026:3616] [/home/u991737198/domains/tas2023.online/public_html/lib/base.php:3281] View->sandbox()
Sun, 12 Jan 2025 16:58:46 -0500 [2603:9000:f801:55e2:ccd:cd12:6026:3616] [/home/u991737198/domains/tas2023.online/public_html/app/controllers/Controller.php:85] Preview->render()
Sun, 12 Jan 2025 16:58:46 -0500 [2603:9000:f801:55e2:ccd:cd12:6026:3616] [/home/u991737198/domains/tas2023.online/public_html/lib/base.php:2078] Controller->afterroute()
Sun, 12 Jan 2025 16:58:46 -0500 [2603:9000:f801:55e2:ccd:cd12:6026:3616] [/home/u991737198/domains/tas2023.online/public_html/lib/base.php:1871] Base->call()
Sun, 12 Jan 2025 16:58:46 -0500 [2603:9000:f801:55e2:ccd:cd12:6026:3616] [/home/u991737198/domains/tas2023.online/public_html/index.php:19] Base->run()
Sun, 12 Jan 2025 17:13:21 -0500 [2603:9000:f801:55e2:ccd:cd12:6026:3616] 500: Undefined variable $i18n trace: [tmp/3hn69l4qoa804.dkos5pfgx4qw.php:35]
Sun, 12 Jan 2025 17:13:21 -0500 [2603:9000:f801:55e2:ccd:cd12:6026:3616] [tmp/3hn69l4qoa804.dkos5pfgx4qw.php:35] Base->{closure}()
Sun, 12 Jan 2025 17:13:21 -0500 [2603:9000:f801:55e2:ccd:cd12:6026:3616] [lib/base.php:3036] require('/home/u991737198/domains/tas2023.online/public_html/tmp/3hn69l4qoa804.dkos5pfgx4qw.php')
Sun, 12 Jan 2025 17:13:21 -0500 [2603:9000:f801:55e2:ccd:cd12:6026:3616] [lib/base.php:3281] View->sandbox()
Sun, 12 Jan 2025 17:13:21 -0500 [2603:9000:f801:55e2:ccd:cd12:6026:3616] [tmp/3hn69l4qoa804.3h31n1yj254w8.php:7] Preview->render()
Sun, 12 Jan 2025 17:13:21 -0500 [2603:9000:f801:55e2:ccd:cd12:6026:3616] [lib/base.php:3036] require('/home/u991737198/domains/tas2023.online/public_html/tmp/3hn69l4qoa804.3h31n1yj254w8.php')
Sun, 12 Jan 2025 17:13:21 -0500 [2603:9000:f801:55e2:ccd:cd12:6026:3616] [lib/base.php:3281] View->sandbox()
Sun, 12 Jan 2025 17:13:21 -0500 [2603:9000:f801:55e2:ccd:cd12:6026:3616] [app/controllers/Controller.php:85] Preview->render()
Sun, 12 Jan 2025 17:13:21 -0500 [2603:9000:f801:55e2:ccd:cd12:6026:3616] [lib/base.php:2078] Controller->afterroute()
Sun, 12 Jan 2025 17:13:21 -0500 [2603:9000:f801:55e2:ccd:cd12:6026:3616] [lib/base.php:1871] Base->call()
Sun, 12 Jan 2025 17:13:21 -0500 [2603:9000:f801:55e2:ccd:cd12:6026:3616] [index.php:19] Base->run()
Sun, 12 Jan 2025 17:14:34 -0500 [2603:9000:f801:55e2:ccd:cd12:6026:3616] 500: Undefined variable $entity_num trace: [tmp/3hn69l4qoa804.1zo7dt0fljr4w.php:196]
Sun, 12 Jan 2025 17:14:34 -0500 [2603:9000:f801:55e2:ccd:cd12:6026:3616] [tmp/3hn69l4qoa804.1zo7dt0fljr4w.php:196] Base->{closure}()
Sun, 12 Jan 2025 17:14:34 -0500 [2603:9000:f801:55e2:ccd:cd12:6026:3616] [lib/base.php:3036] require('/home/u991737198/domains/tas2023.online/public_html/tmp/3hn69l4qoa804.1zo7dt0fljr4w.php')
Sun, 12 Jan 2025 17:14:34 -0500 [2603:9000:f801:55e2:ccd:cd12:6026:3616] [lib/base.php:3281] View->sandbox()
Sun, 12 Jan 2025 17:14:34 -0500 [2603:9000:f801:55e2:ccd:cd12:6026:3616] [tmp/3hn69l4qoa804.3h31n1yj254w8.php:7] Preview->render()
Sun, 12 Jan 2025 17:14:34 -0500 [2603:9000:f801:55e2:ccd:cd12:6026:3616] [lib/base.php:3036] require('/home/u991737198/domains/tas2023.online/public_html/tmp/3hn69l4qoa804.3h31n1yj254w8.php')
Sun, 12 Jan 2025 17:14:34 -0500 [2603:9000:f801:55e2:ccd:cd12:6026:3616] [lib/base.php:3281] View->sandbox()
Sun, 12 Jan 2025 17:14:34 -0500 [2603:9000:f801:55e2:ccd:cd12:6026:3616] [app/controllers/Controller.php:85] Preview->render()
Sun, 12 Jan 2025 17:14:34 -0500 [2603:9000:f801:55e2:ccd:cd12:6026:3616] [lib/base.php:2078] Controller->afterroute()
Sun, 12 Jan 2025 17:14:34 -0500 [2603:9000:f801:55e2:ccd:cd12:6026:3616] [lib/base.php:1871] Base->call()
Sun, 12 Jan 2025 17:14:34 -0500 [2603:9000:f801:55e2:ccd:cd12:6026:3616] [index.php:19] Base->run()
Sun, 12 Jan 2025 17:14:39 -0500 [2603:9000:f801:55e2:ccd:cd12:6026:3616] 500: Undefined variable $entity_num trace: [tmp/3hn69l4qoa804.1zo7dt0fljr4w.php:196]
Sun, 12 Jan 2025 17:14:39 -0500 [2603:9000:f801:55e2:ccd:cd12:6026:3616] [tmp/3hn69l4qoa804.1zo7dt0fljr4w.php:196] Base->{closure}()
Sun, 12 Jan 2025 17:14:39 -0500 [2603:9000:f801:55e2:ccd:cd12:6026:3616] [lib/base.php:3036] require('/home/u991737198/domains/tas2023.online/public_html/tmp/3hn69l4qoa804.1zo7dt0fljr4w.php')
Sun, 12 Jan 2025 17:14:39 -0500 [2603:9000:f801:55e2:ccd:cd12:6026:3616] [lib/base.php:3281] View->sandbox()
Sun, 12 Jan 2025 17:14:39 -0500 [2603:9000:f801:55e2:ccd:cd12:6026:3616] [tmp/3hn69l4qoa804.3h31n1yj254w8.php:7] Preview->render()
Sun, 12 Jan 2025 17:14:39 -0500 [2603:9000:f801:55e2:ccd:cd12:6026:3616] [lib/base.php:3036] require('/home/u991737198/domains/tas2023.online/public_html/tmp/3hn69l4qoa804.3h31n1yj254w8.php')
Sun, 12 Jan 2025 17:14:39 -0500 [2603:9000:f801:55e2:ccd:cd12:6026:3616] [lib/base.php:3281] View->sandbox()
Sun, 12 Jan 2025 17:14:39 -0500 [2603:9000:f801:55e2:ccd:cd12:6026:3616] [app/controllers/Controller.php:85] Preview->render()
Sun, 12 Jan 2025 17:14:39 -0500 [2603:9000:f801:55e2:ccd:cd12:6026:3616] [lib/base.php:2078] Controller->afterroute()
Sun, 12 Jan 2025 17:14:39 -0500 [2603:9000:f801:55e2:ccd:cd12:6026:3616] [lib/base.php:1871] Base->call()
Sun, 12 Jan 2025 17:14:39 -0500 [2603:9000:f801:55e2:ccd:cd12:6026:3616] [index.php:19] Base->run()
Sun, 12 Jan 2025 17:14:44 -0500 [2603:9000:f801:55e2:ccd:cd12:6026:3616] 500: Undefined variable $selected_note trace: [/home/u991737198/domains/tas2023.online/public_html/tmp/3hn69l4qoa804.3g8shy2588w00.php:307]
Sun, 12 Jan 2025 17:14:44 -0500 [2603:9000:f801:55e2:ccd:cd12:6026:3616] [/home/u991737198/domains/tas2023.online/public_html/tmp/3hn69l4qoa804.3g8shy2588w00.php:307] Base->{closure}()
Sun, 12 Jan 2025 17:14:44 -0500 [2603:9000:f801:55e2:ccd:cd12:6026:3616] [/home/u991737198/domains/tas2023.online/public_html/lib/base.php:3036] require('/home/u991737198/domains/tas2023.online/public_html/tmp/3hn69l4qoa804.3g8shy2588w00.php')
Sun, 12 Jan 2025 17:14:44 -0500 [2603:9000:f801:55e2:ccd:cd12:6026:3616] [/home/u991737198/domains/tas2023.online/public_html/lib/base.php:3281] View->sandbox()
Sun, 12 Jan 2025 17:14:44 -0500 [2603:9000:f801:55e2:ccd:cd12:6026:3616] [/home/u991737198/domains/tas2023.online/public_html/tmp/3hn69l4qoa804.3h31n1yj254w8.php:7] Preview->render()
Sun, 12 Jan 2025 17:14:44 -0500 [2603:9000:f801:55e2:ccd:cd12:6026:3616] [/home/u991737198/domains/tas2023.online/public_html/lib/base.php:3036] require('/home/u991737198/domains/tas2023.online/public_html/tmp/3hn69l4qoa804.3h31n1yj254w8.php')
Sun, 12 Jan 2025 17:14:44 -0500 [2603:9000:f801:55e2:ccd:cd12:6026:3616] [/home/u991737198/domains/tas2023.online/public_html/lib/base.php:3281] View->sandbox()
Sun, 12 Jan 2025 17:14:44 -0500 [2603:9000:f801:55e2:ccd:cd12:6026:3616] [/home/u991737198/domains/tas2023.online/public_html/app/controllers/Controller.php:85] Preview->render()
Sun, 12 Jan 2025 17:14:44 -0500 [2603:9000:f801:55e2:ccd:cd12:6026:3616] [/home/u991737198/domains/tas2023.online/public_html/lib/base.php:2078] Controller->afterroute()
Sun, 12 Jan 2025 17:14:44 -0500 [2603:9000:f801:55e2:ccd:cd12:6026:3616] [/home/u991737198/domains/tas2023.online/public_html/lib/base.php:1871] Base->call()
Sun, 12 Jan 2025 17:14:44 -0500 [2603:9000:f801:55e2:ccd:cd12:6026:3616] [/home/u991737198/domains/tas2023.online/public_html/index.php:19] Base->run()
Sun, 12 Jan 2025 17:23:52 -0500 [2603:9000:f801:55e2:ccd:cd12:6026:3616] 500: Undefined variable $i18n trace: [tmp/3hn69l4qoa804.dkos5pfgx4qw.php:35]
Sun, 12 Jan 2025 17:23:52 -0500 [2603:9000:f801:55e2:ccd:cd12:6026:3616] [tmp/3hn69l4qoa804.dkos5pfgx4qw.php:35] Base->{closure}()
Sun, 12 Jan 2025 17:23:52 -0500 [2603:9000:f801:55e2:ccd:cd12:6026:3616] [lib/base.php:3036] require('/home/u991737198/domains/tas2023.online/public_html/tmp/3hn69l4qoa804.dkos5pfgx4qw.php')
Sun, 12 Jan 2025 17:23:52 -0500 [2603:9000:f801:55e2:ccd:cd12:6026:3616] [lib/base.php:3281] View->sandbox()
Sun, 12 Jan 2025 17:23:52 -0500 [2603:9000:f801:55e2:ccd:cd12:6026:3616] [tmp/3hn69l4qoa804.3h31n1yj254w8.php:7] Preview->render()
Sun, 12 Jan 2025 17:23:52 -0500 [2603:9000:f801:55e2:ccd:cd12:6026:3616] [lib/base.php:3036] require('/home/u991737198/domains/tas2023.online/public_html/tmp/3hn69l4qoa804.3h31n1yj254w8.php')
Sun, 12 Jan 2025 17:23:52 -0500 [2603:9000:f801:55e2:ccd:cd12:6026:3616] [lib/base.php:3281] View->sandbox()
Sun, 12 Jan 2025 17:23:52 -0500 [2603:9000:f801:55e2:ccd:cd12:6026:3616] [app/controllers/Controller.php:85] Preview->render()
Sun, 12 Jan 2025 17:23:52 -0500 [2603:9000:f801:55e2:ccd:cd12:6026:3616] [lib/base.php:2078] Controller->afterroute()
Sun, 12 Jan 2025 17:23:52 -0500 [2603:9000:f801:55e2:ccd:cd12:6026:3616] [lib/base.php:1871] Base->call()
Sun, 12 Jan 2025 17:23:52 -0500 [2603:9000:f801:55e2:ccd:cd12:6026:3616] [index.php:19] Base->run()
Sun, 12 Jan 2025 17:24:28 -0500 [2603:9000:f801:55e2:ccd:cd12:6026:3616] 500: Undefined variable $entity_num trace: [tmp/3hn69l4qoa804.1zo7dt0fljr4w.php:196]
Sun, 12 Jan 2025 17:24:28 -0500 [2603:9000:f801:55e2:ccd:cd12:6026:3616] [tmp/3hn69l4qoa804.1zo7dt0fljr4w.php:196] Base->{closure}()
Sun, 12 Jan 2025 17:24:28 -0500 [2603:9000:f801:55e2:ccd:cd12:6026:3616] [lib/base.php:3036] require('/home/u991737198/domains/tas2023.online/public_html/tmp/3hn69l4qoa804.1zo7dt0fljr4w.php')
Sun, 12 Jan 2025 17:24:28 -0500 [2603:9000:f801:55e2:ccd:cd12:6026:3616] [lib/base.php:3281] View->sandbox()
Sun, 12 Jan 2025 17:24:28 -0500 [2603:9000:f801:55e2:ccd:cd12:6026:3616] [tmp/3hn69l4qoa804.3h31n1yj254w8.php:7] Preview->render()
Sun, 12 Jan 2025 17:24:28 -0500 [2603:9000:f801:55e2:ccd:cd12:6026:3616] [lib/base.php:3036] require('/home/u991737198/domains/tas2023.online/public_html/tmp/3hn69l4qoa804.3h31n1yj254w8.php')
Sun, 12 Jan 2025 17:24:28 -0500 [2603:9000:f801:55e2:ccd:cd12:6026:3616] [lib/base.php:3281] View->sandbox()
Sun, 12 Jan 2025 17:24:28 -0500 [2603:9000:f801:55e2:ccd:cd12:6026:3616] [app/controllers/Controller.php:85] Preview->render()
Sun, 12 Jan 2025 17:24:28 -0500 [2603:9000:f801:55e2:ccd:cd12:6026:3616] [lib/base.php:2078] Controller->afterroute()
Sun, 12 Jan 2025 17:24:28 -0500 [2603:9000:f801:55e2:ccd:cd12:6026:3616] [lib/base.php:1871] Base->call()
Sun, 12 Jan 2025 17:24:28 -0500 [2603:9000:f801:55e2:ccd:cd12:6026:3616] [index.php:19] Base->run()
Sun, 12 Jan 2025 17:24:32 -0500 [2603:9000:f801:55e2:ccd:cd12:6026:3616] 500: Undefined variable $entity_num trace: [tmp/3hn69l4qoa804.1zo7dt0fljr4w.php:196]
Sun, 12 Jan 2025 17:24:32 -0500 [2603:9000:f801:55e2:ccd:cd12:6026:3616] [tmp/3hn69l4qoa804.1zo7dt0fljr4w.php:196] Base->{closure}()
Sun, 12 Jan 2025 17:24:32 -0500 [2603:9000:f801:55e2:ccd:cd12:6026:3616] [lib/base.php:3036] require('/home/u991737198/domains/tas2023.online/public_html/tmp/3hn69l4qoa804.1zo7dt0fljr4w.php')
Sun, 12 Jan 2025 17:24:32 -0500 [2603:9000:f801:55e2:ccd:cd12:6026:3616] [lib/base.php:3281] View->sandbox()
Sun, 12 Jan 2025 17:24:32 -0500 [2603:9000:f801:55e2:ccd:cd12:6026:3616] [tmp/3hn69l4qoa804.3h31n1yj254w8.php:7] Preview->render()
Sun, 12 Jan 2025 17:24:32 -0500 [2603:9000:f801:55e2:ccd:cd12:6026:3616] [lib/base.php:3036] require('/home/u991737198/domains/tas2023.online/public_html/tmp/3hn69l4qoa804.3h31n1yj254w8.php')
Sun, 12 Jan 2025 17:24:32 -0500 [2603:9000:f801:55e2:ccd:cd12:6026:3616] [lib/base.php:3281] View->sandbox()
Sun, 12 Jan 2025 17:24:32 -0500 [2603:9000:f801:55e2:ccd:cd12:6026:3616] [app/controllers/Controller.php:85] Preview->render()
Sun, 12 Jan 2025 17:24:32 -0500 [2603:9000:f801:55e2:ccd:cd12:6026:3616] [lib/base.php:2078] Controller->afterroute()
Sun, 12 Jan 2025 17:24:32 -0500 [2603:9000:f801:55e2:ccd:cd12:6026:3616] [lib/base.php:1871] Base->call()
Sun, 12 Jan 2025 17:24:32 -0500 [2603:9000:f801:55e2:ccd:cd12:6026:3616] [index.php:19] Base->run()
Sun, 12 Jan 2025 17:24:38 -0500 [2603:9000:f801:55e2:ccd:cd12:6026:3616] 500: Undefined variable $selected_note trace: [/home/u991737198/domains/tas2023.online/public_html/tmp/3hn69l4qoa804.3g8shy2588w00.php:307]
Sun, 12 Jan 2025 17:24:38 -0500 [2603:9000:f801:55e2:ccd:cd12:6026:3616] [/home/u991737198/domains/tas2023.online/public_html/tmp/3hn69l4qoa804.3g8shy2588w00.php:307] Base->{closure}()
Sun, 12 Jan 2025 17:24:38 -0500 [2603:9000:f801:55e2:ccd:cd12:6026:3616] [/home/u991737198/domains/tas2023.online/public_html/lib/base.php:3036] require('/home/u991737198/domains/tas2023.online/public_html/tmp/3hn69l4qoa804.3g8shy2588w00.php')
Sun, 12 Jan 2025 17:24:38 -0500 [2603:9000:f801:55e2:ccd:cd12:6026:3616] [/home/u991737198/domains/tas2023.online/public_html/lib/base.php:3281] View->sandbox()
Sun, 12 Jan 2025 17:24:38 -0500 [2603:9000:f801:55e2:ccd:cd12:6026:3616] [/home/u991737198/domains/tas2023.online/public_html/tmp/3hn69l4qoa804.3h31n1yj254w8.php:7] Preview->render()
Sun, 12 Jan 2025 17:24:38 -0500 [2603:9000:f801:55e2:ccd:cd12:6026:3616] [/home/u991737198/domains/tas2023.online/public_html/lib/base.php:3036] require('/home/u991737198/domains/tas2023.online/public_html/tmp/3hn69l4qoa804.3h31n1yj254w8.php')
Sun, 12 Jan 2025 17:24:38 -0500 [2603:9000:f801:55e2:ccd:cd12:6026:3616] [/home/u991737198/domains/tas2023.online/public_html/lib/base.php:3281] View->sandbox()
Sun, 12 Jan 2025 17:24:38 -0500 [2603:9000:f801:55e2:ccd:cd12:6026:3616] [/home/u991737198/domains/tas2023.online/public_html/app/controllers/Controller.php:85] Preview->render()
Sun, 12 Jan 2025 17:24:38 -0500 [2603:9000:f801:55e2:ccd:cd12:6026:3616] [/home/u991737198/domains/tas2023.online/public_html/lib/base.php:2078] Controller->afterroute()
Sun, 12 Jan 2025 17:24:38 -0500 [2603:9000:f801:55e2:ccd:cd12:6026:3616] [/home/u991737198/domains/tas2023.online/public_html/lib/base.php:1871] Base->call()
Sun, 12 Jan 2025 17:24:38 -0500 [2603:9000:f801:55e2:ccd:cd12:6026:3616] [/home/u991737198/domains/tas2023.online/public_html/index.php:19] Base->run()
Sun, 12 Jan 2025 17:47:40 -0500 [2603:9000:f801:55e2:ccd:cd12:6026:3616] 500: Undefined variable $count trace: [tmp/3hn69l4qoa804.man4oes5p0l2.php:117]
Sun, 12 Jan 2025 17:47:40 -0500 [2603:9000:f801:55e2:ccd:cd12:6026:3616] [tmp/3hn69l4qoa804.man4oes5p0l2.php:117] Base->{closure}()
Sun, 12 Jan 2025 17:47:40 -0500 [2603:9000:f801:55e2:ccd:cd12:6026:3616] [lib/base.php:3036] require('/home/u991737198/domains/tas2023.online/public_html/tmp/3hn69l4qoa804.man4oes5p0l2.php')
Sun, 12 Jan 2025 17:47:40 -0500 [2603:9000:f801:55e2:ccd:cd12:6026:3616] [lib/base.php:3281] View->sandbox()
Sun, 12 Jan 2025 17:47:40 -0500 [2603:9000:f801:55e2:ccd:cd12:6026:3616] [tmp/3hn69l4qoa804.3h31n1yj254w8.php:7] Preview->render()
Sun, 12 Jan 2025 17:47:40 -0500 [2603:9000:f801:55e2:ccd:cd12:6026:3616] [lib/base.php:3036] require('/home/u991737198/domains/tas2023.online/public_html/tmp/3hn69l4qoa804.3h31n1yj254w8.php')
Sun, 12 Jan 2025 17:47:40 -0500 [2603:9000:f801:55e2:ccd:cd12:6026:3616] [lib/base.php:3281] View->sandbox()
Sun, 12 Jan 2025 17:47:40 -0500 [2603:9000:f801:55e2:ccd:cd12:6026:3616] [app/controllers/Controller.php:85] Preview->render()
Sun, 12 Jan 2025 17:47:40 -0500 [2603:9000:f801:55e2:ccd:cd12:6026:3616] [lib/base.php:2078] Controller->afterroute()
Sun, 12 Jan 2025 17:47:40 -0500 [2603:9000:f801:55e2:ccd:cd12:6026:3616] [lib/base.php:1871] Base->call()
Sun, 12 Jan 2025 17:47:40 -0500 [2603:9000:f801:55e2:ccd:cd12:6026:3616] [index.php:19] Base->run()
Sun, 12 Jan 2025 17:47:50 -0500 [2603:9000:f801:55e2:ccd:cd12:6026:3616] 500: Undefined variable $fechapicker trace: [/home/u991737198/domains/tas2023.online/public_html/tmp/3hn69l4qoa804.22phmm30e0u84.php:333]
Sun, 12 Jan 2025 17:47:50 -0500 [2603:9000:f801:55e2:ccd:cd12:6026:3616] [/home/u991737198/domains/tas2023.online/public_html/tmp/3hn69l4qoa804.22phmm30e0u84.php:333] Base->{closure}()
Sun, 12 Jan 2025 17:47:50 -0500 [2603:9000:f801:55e2:ccd:cd12:6026:3616] [/home/u991737198/domains/tas2023.online/public_html/lib/base.php:3036] require('/home/u991737198/domains/tas2023.online/public_html/tmp/3hn69l4qoa804.22phmm30e0u84.php')
Sun, 12 Jan 2025 17:47:50 -0500 [2603:9000:f801:55e2:ccd:cd12:6026:3616] [/home/u991737198/domains/tas2023.online/public_html/lib/base.php:3281] View->sandbox()
Sun, 12 Jan 2025 17:47:50 -0500 [2603:9000:f801:55e2:ccd:cd12:6026:3616] [/home/u991737198/domains/tas2023.online/public_html/tmp/3hn69l4qoa804.3h31n1yj254w8.php:7] Preview->render()
Sun, 12 Jan 2025 17:47:50 -0500 [2603:9000:f801:55e2:ccd:cd12:6026:3616] [/home/u991737198/domains/tas2023.online/public_html/lib/base.php:3036] require('/home/u991737198/domains/tas2023.online/public_html/tmp/3hn69l4qoa804.3h31n1yj254w8.php')
Sun, 12 Jan 2025 17:47:50 -0500 [2603:9000:f801:55e2:ccd:cd12:6026:3616] [/home/u991737198/domains/tas2023.online/public_html/lib/base.php:3281] View->sandbox()
Sun, 12 Jan 2025 17:47:50 -0500 [2603:9000:f801:55e2:ccd:cd12:6026:3616] [/home/u991737198/domains/tas2023.online/public_html/app/controllers/Controller.php:85] Preview->render()
Sun, 12 Jan 2025 17:47:50 -0500 [2603:9000:f801:55e2:ccd:cd12:6026:3616] [/home/u991737198/domains/tas2023.online/public_html/lib/base.php:2078] Controller->afterroute()
Sun, 12 Jan 2025 17:47:50 -0500 [2603:9000:f801:55e2:ccd:cd12:6026:3616] [/home/u991737198/domains/tas2023.online/public_html/lib/base.php:1871] Base->call()
Sun, 12 Jan 2025 17:47:50 -0500 [2603:9000:f801:55e2:ccd:cd12:6026:3616] [/home/u991737198/domains/tas2023.online/public_html/index.php:19] Base->run()
