Sun, 26 Jan 2025 09:04:58 -0500 [2600:1006:b146:9ee4:64db:15ff:fef8:f02f] 500: Undefined variable $entity_num trace: [tmp/3hn69l4qoa804.1zo7dt0fljr4w.php:200]
Sun, 26 Jan 2025 09:04:58 -0500 [2600:1006:b146:9ee4:64db:15ff:fef8:f02f] [tmp/3hn69l4qoa804.1zo7dt0fljr4w.php:200] Base->{closure}()
Sun, 26 Jan 2025 09:04:58 -0500 [2600:1006:b146:9ee4:64db:15ff:fef8:f02f] [lib/base.php:3036] require('/home/u991737198/domains/tas2023.online/public_html/tmp/3hn69l4qoa804.1zo7dt0fljr4w.php')
Sun, 26 Jan 2025 09:04:58 -0500 [2600:1006:b146:9ee4:64db:15ff:fef8:f02f] [lib/base.php:3281] View->sandbox()
Sun, 26 Jan 2025 09:04:58 -0500 [2600:1006:b146:9ee4:64db:15ff:fef8:f02f] [tmp/3hn69l4qoa804.3h31n1yj254w8.php:7] Preview->render()
Sun, 26 Jan 2025 09:04:58 -0500 [2600:1006:b146:9ee4:64db:15ff:fef8:f02f] [lib/base.php:3036] require('/home/u991737198/domains/tas2023.online/public_html/tmp/3hn69l4qoa804.3h31n1yj254w8.php')
Sun, 26 Jan 2025 09:04:58 -0500 [2600:1006:b146:9ee4:64db:15ff:fef8:f02f] [lib/base.php:3281] View->sandbox()
Sun, 26 Jan 2025 09:04:58 -0500 [2600:1006:b146:9ee4:64db:15ff:fef8:f02f] [app/controllers/Controller.php:87] Preview->render()
Sun, 26 Jan 2025 09:04:58 -0500 [2600:1006:b146:9ee4:64db:15ff:fef8:f02f] [lib/base.php:2078] Controller->afterroute()
Sun, 26 Jan 2025 09:04:58 -0500 [2600:1006:b146:9ee4:64db:15ff:fef8:f02f] [lib/base.php:1871] Base->call()
Sun, 26 Jan 2025 09:04:58 -0500 [2600:1006:b146:9ee4:64db:15ff:fef8:f02f] [index.php:19] Base->run()
Sun, 26 Jan 2025 09:06:16 -0500 [2600:1006:b146:9ee4:64db:15ff:fef8:f02f] 500: Undefined variable $entity_num trace: [tmp/3hn69l4qoa804.1zo7dt0fljr4w.php:200]
Sun, 26 Jan 2025 09:06:16 -0500 [2600:1006:b146:9ee4:64db:15ff:fef8:f02f] [tmp/3hn69l4qoa804.1zo7dt0fljr4w.php:200] Base->{closure}()
Sun, 26 Jan 2025 09:06:16 -0500 [2600:1006:b146:9ee4:64db:15ff:fef8:f02f] [lib/base.php:3036] require('/home/u991737198/domains/tas2023.online/public_html/tmp/3hn69l4qoa804.1zo7dt0fljr4w.php')
Sun, 26 Jan 2025 09:06:16 -0500 [2600:1006:b146:9ee4:64db:15ff:fef8:f02f] [lib/base.php:3281] View->sandbox()
Sun, 26 Jan 2025 09:06:16 -0500 [2600:1006:b146:9ee4:64db:15ff:fef8:f02f] [tmp/3hn69l4qoa804.3h31n1yj254w8.php:7] Preview->render()
Sun, 26 Jan 2025 09:06:16 -0500 [2600:1006:b146:9ee4:64db:15ff:fef8:f02f] [lib/base.php:3036] require('/home/u991737198/domains/tas2023.online/public_html/tmp/3hn69l4qoa804.3h31n1yj254w8.php')
Sun, 26 Jan 2025 09:06:16 -0500 [2600:1006:b146:9ee4:64db:15ff:fef8:f02f] [lib/base.php:3281] View->sandbox()
Sun, 26 Jan 2025 09:06:16 -0500 [2600:1006:b146:9ee4:64db:15ff:fef8:f02f] [app/controllers/Controller.php:87] Preview->render()
Sun, 26 Jan 2025 09:06:16 -0500 [2600:1006:b146:9ee4:64db:15ff:fef8:f02f] [lib/base.php:2078] Controller->afterroute()
Sun, 26 Jan 2025 09:06:16 -0500 [2600:1006:b146:9ee4:64db:15ff:fef8:f02f] [lib/base.php:1871] Base->call()
Sun, 26 Jan 2025 09:06:16 -0500 [2600:1006:b146:9ee4:64db:15ff:fef8:f02f] [index.php:19] Base->run()
Sun, 26 Jan 2025 09:06:22 -0500 [2600:1006:b146:9ee4:64db:15ff:fef8:f02f] 500: Undefined variable $token trace: [tmp/3hn69l4qoa804.2r4f9cgm96ecs.php:226]
Sun, 26 Jan 2025 09:06:22 -0500 [2600:1006:b146:9ee4:64db:15ff:fef8:f02f] [tmp/3hn69l4qoa804.2r4f9cgm96ecs.php:226] Base->{closure}()
Sun, 26 Jan 2025 09:06:22 -0500 [2600:1006:b146:9ee4:64db:15ff:fef8:f02f] [lib/base.php:3036] require('/home/u991737198/domains/tas2023.online/public_html/tmp/3hn69l4qoa804.2r4f9cgm96ecs.php')
Sun, 26 Jan 2025 09:06:22 -0500 [2600:1006:b146:9ee4:64db:15ff:fef8:f02f] [lib/base.php:3281] View->sandbox()
Sun, 26 Jan 2025 09:06:22 -0500 [2600:1006:b146:9ee4:64db:15ff:fef8:f02f] [tmp/3hn69l4qoa804.3h31n1yj254w8.php:7] Preview->render()
Sun, 26 Jan 2025 09:06:22 -0500 [2600:1006:b146:9ee4:64db:15ff:fef8:f02f] [lib/base.php:3036] require('/home/u991737198/domains/tas2023.online/public_html/tmp/3hn69l4qoa804.3h31n1yj254w8.php')
Sun, 26 Jan 2025 09:06:22 -0500 [2600:1006:b146:9ee4:64db:15ff:fef8:f02f] [lib/base.php:3281] View->sandbox()
Sun, 26 Jan 2025 09:06:22 -0500 [2600:1006:b146:9ee4:64db:15ff:fef8:f02f] [app/controllers/Controller.php:87] Preview->render()
Sun, 26 Jan 2025 09:06:22 -0500 [2600:1006:b146:9ee4:64db:15ff:fef8:f02f] [lib/base.php:2078] Controller->afterroute()
Sun, 26 Jan 2025 09:06:22 -0500 [2600:1006:b146:9ee4:64db:15ff:fef8:f02f] [lib/base.php:1871] Base->call()
Sun, 26 Jan 2025 09:06:22 -0500 [2600:1006:b146:9ee4:64db:15ff:fef8:f02f] [index.php:19] Base->run()
Sun, 26 Jan 2025 09:06:24 -0500 [2600:1006:b146:9ee4:64db:15ff:fef8:f02f] 500: Undefined variable $modal trace: [tmp/3hn69l4qoa804.s6y49d7myqde.php:84]
Sun, 26 Jan 2025 09:06:24 -0500 [2600:1006:b146:9ee4:64db:15ff:fef8:f02f] [tmp/3hn69l4qoa804.s6y49d7myqde.php:84] Base->{closure}()
Sun, 26 Jan 2025 09:06:24 -0500 [2600:1006:b146:9ee4:64db:15ff:fef8:f02f] [lib/base.php:3036] require('/home/u991737198/domains/tas2023.online/public_html/tmp/3hn69l4qoa804.s6y49d7myqde.php')
Sun, 26 Jan 2025 09:06:24 -0500 [2600:1006:b146:9ee4:64db:15ff:fef8:f02f] [lib/base.php:3281] View->sandbox()
Sun, 26 Jan 2025 09:06:24 -0500 [2600:1006:b146:9ee4:64db:15ff:fef8:f02f] [tmp/3hn69l4qoa804.3h31n1yj254w8.php:7] Preview->render()
Sun, 26 Jan 2025 09:06:24 -0500 [2600:1006:b146:9ee4:64db:15ff:fef8:f02f] [lib/base.php:3036] require('/home/u991737198/domains/tas2023.online/public_html/tmp/3hn69l4qoa804.3h31n1yj254w8.php')
Sun, 26 Jan 2025 09:06:24 -0500 [2600:1006:b146:9ee4:64db:15ff:fef8:f02f] [lib/base.php:3281] View->sandbox()
Sun, 26 Jan 2025 09:06:24 -0500 [2600:1006:b146:9ee4:64db:15ff:fef8:f02f] [app/controllers/Controller.php:87] Preview->render()
Sun, 26 Jan 2025 09:06:24 -0500 [2600:1006:b146:9ee4:64db:15ff:fef8:f02f] [lib/base.php:2078] Controller->afterroute()
Sun, 26 Jan 2025 09:06:24 -0500 [2600:1006:b146:9ee4:64db:15ff:fef8:f02f] [lib/base.php:1871] Base->call()
Sun, 26 Jan 2025 09:06:24 -0500 [2600:1006:b146:9ee4:64db:15ff:fef8:f02f] [index.php:19] Base->run()
Sun, 26 Jan 2025 09:06:50 -0500 [2600:1006:b146:9ee4:64db:15ff:fef8:f02f] 500: Undefined variable $token trace: [tmp/3hn69l4qoa804.2r4f9cgm96ecs.php:226]
Sun, 26 Jan 2025 09:06:50 -0500 [2600:1006:b146:9ee4:64db:15ff:fef8:f02f] [tmp/3hn69l4qoa804.2r4f9cgm96ecs.php:226] Base->{closure}()
Sun, 26 Jan 2025 09:06:50 -0500 [2600:1006:b146:9ee4:64db:15ff:fef8:f02f] [lib/base.php:3036] require('/home/u991737198/domains/tas2023.online/public_html/tmp/3hn69l4qoa804.2r4f9cgm96ecs.php')
Sun, 26 Jan 2025 09:06:50 -0500 [2600:1006:b146:9ee4:64db:15ff:fef8:f02f] [lib/base.php:3281] View->sandbox()
Sun, 26 Jan 2025 09:06:50 -0500 [2600:1006:b146:9ee4:64db:15ff:fef8:f02f] [tmp/3hn69l4qoa804.3h31n1yj254w8.php:7] Preview->render()
Sun, 26 Jan 2025 09:06:50 -0500 [2600:1006:b146:9ee4:64db:15ff:fef8:f02f] [lib/base.php:3036] require('/home/u991737198/domains/tas2023.online/public_html/tmp/3hn69l4qoa804.3h31n1yj254w8.php')
Sun, 26 Jan 2025 09:06:50 -0500 [2600:1006:b146:9ee4:64db:15ff:fef8:f02f] [lib/base.php:3281] View->sandbox()
Sun, 26 Jan 2025 09:06:50 -0500 [2600:1006:b146:9ee4:64db:15ff:fef8:f02f] [app/controllers/Controller.php:87] Preview->render()
Sun, 26 Jan 2025 09:06:50 -0500 [2600:1006:b146:9ee4:64db:15ff:fef8:f02f] [lib/base.php:2078] Controller->afterroute()
Sun, 26 Jan 2025 09:06:50 -0500 [2600:1006:b146:9ee4:64db:15ff:fef8:f02f] [lib/base.php:1871] Base->call()
Sun, 26 Jan 2025 09:06:50 -0500 [2600:1006:b146:9ee4:64db:15ff:fef8:f02f] [index.php:19] Base->run()
Sun, 26 Jan 2025 09:06:54 -0500 [2600:1006:b146:9ee4:64db:15ff:fef8:f02f] 500: Undefined variable $token trace: [tmp/3hn69l4qoa804.2r4f9cgm96ecs.php:226]
Sun, 26 Jan 2025 09:06:54 -0500 [2600:1006:b146:9ee4:64db:15ff:fef8:f02f] [tmp/3hn69l4qoa804.2r4f9cgm96ecs.php:226] Base->{closure}()
Sun, 26 Jan 2025 09:06:54 -0500 [2600:1006:b146:9ee4:64db:15ff:fef8:f02f] [lib/base.php:3036] require('/home/u991737198/domains/tas2023.online/public_html/tmp/3hn69l4qoa804.2r4f9cgm96ecs.php')
Sun, 26 Jan 2025 09:06:54 -0500 [2600:1006:b146:9ee4:64db:15ff:fef8:f02f] [lib/base.php:3281] View->sandbox()
Sun, 26 Jan 2025 09:06:54 -0500 [2600:1006:b146:9ee4:64db:15ff:fef8:f02f] [tmp/3hn69l4qoa804.3h31n1yj254w8.php:7] Preview->render()
Sun, 26 Jan 2025 09:06:54 -0500 [2600:1006:b146:9ee4:64db:15ff:fef8:f02f] [lib/base.php:3036] require('/home/u991737198/domains/tas2023.online/public_html/tmp/3hn69l4qoa804.3h31n1yj254w8.php')
Sun, 26 Jan 2025 09:06:54 -0500 [2600:1006:b146:9ee4:64db:15ff:fef8:f02f] [lib/base.php:3281] View->sandbox()
Sun, 26 Jan 2025 09:06:54 -0500 [2600:1006:b146:9ee4:64db:15ff:fef8:f02f] [app/controllers/Controller.php:87] Preview->render()
Sun, 26 Jan 2025 09:06:54 -0500 [2600:1006:b146:9ee4:64db:15ff:fef8:f02f] [lib/base.php:2078] Controller->afterroute()
Sun, 26 Jan 2025 09:06:54 -0500 [2600:1006:b146:9ee4:64db:15ff:fef8:f02f] [lib/base.php:1871] Base->call()
Sun, 26 Jan 2025 09:06:54 -0500 [2600:1006:b146:9ee4:64db:15ff:fef8:f02f] [index.php:19] Base->run()
Sun, 26 Jan 2025 09:07:06 -0500 [2600:1006:b146:9ee4:64db:15ff:fef8:f02f] 500: Undefined variable $entity_num trace: [tmp/3hn69l4qoa804.1zo7dt0fljr4w.php:200]
Sun, 26 Jan 2025 09:07:06 -0500 [2600:1006:b146:9ee4:64db:15ff:fef8:f02f] [tmp/3hn69l4qoa804.1zo7dt0fljr4w.php:200] Base->{closure}()
Sun, 26 Jan 2025 09:07:06 -0500 [2600:1006:b146:9ee4:64db:15ff:fef8:f02f] [lib/base.php:3036] require('/home/u991737198/domains/tas2023.online/public_html/tmp/3hn69l4qoa804.1zo7dt0fljr4w.php')
Sun, 26 Jan 2025 09:07:06 -0500 [2600:1006:b146:9ee4:64db:15ff:fef8:f02f] [lib/base.php:3281] View->sandbox()
Sun, 26 Jan 2025 09:07:06 -0500 [2600:1006:b146:9ee4:64db:15ff:fef8:f02f] [tmp/3hn69l4qoa804.3h31n1yj254w8.php:7] Preview->render()
Sun, 26 Jan 2025 09:07:06 -0500 [2600:1006:b146:9ee4:64db:15ff:fef8:f02f] [lib/base.php:3036] require('/home/u991737198/domains/tas2023.online/public_html/tmp/3hn69l4qoa804.3h31n1yj254w8.php')
Sun, 26 Jan 2025 09:07:06 -0500 [2600:1006:b146:9ee4:64db:15ff:fef8:f02f] [lib/base.php:3281] View->sandbox()
Sun, 26 Jan 2025 09:07:06 -0500 [2600:1006:b146:9ee4:64db:15ff:fef8:f02f] [app/controllers/Controller.php:87] Preview->render()
Sun, 26 Jan 2025 09:07:06 -0500 [2600:1006:b146:9ee4:64db:15ff:fef8:f02f] [lib/base.php:2078] Controller->afterroute()
Sun, 26 Jan 2025 09:07:06 -0500 [2600:1006:b146:9ee4:64db:15ff:fef8:f02f] [lib/base.php:1871] Base->call()
Sun, 26 Jan 2025 09:07:06 -0500 [2600:1006:b146:9ee4:64db:15ff:fef8:f02f] [index.php:19] Base->run()
Sun, 26 Jan 2025 09:07:13 -0500 [2600:1006:b146:9ee4:64db:15ff:fef8:f02f] 500: Undefined variable $token trace: [tmp/3hn69l4qoa804.2r4f9cgm96ecs.php:226]
Sun, 26 Jan 2025 09:07:13 -0500 [2600:1006:b146:9ee4:64db:15ff:fef8:f02f] [tmp/3hn69l4qoa804.2r4f9cgm96ecs.php:226] Base->{closure}()
Sun, 26 Jan 2025 09:07:13 -0500 [2600:1006:b146:9ee4:64db:15ff:fef8:f02f] [lib/base.php:3036] require('/home/u991737198/domains/tas2023.online/public_html/tmp/3hn69l4qoa804.2r4f9cgm96ecs.php')
Sun, 26 Jan 2025 09:07:13 -0500 [2600:1006:b146:9ee4:64db:15ff:fef8:f02f] [lib/base.php:3281] View->sandbox()
Sun, 26 Jan 2025 09:07:13 -0500 [2600:1006:b146:9ee4:64db:15ff:fef8:f02f] [tmp/3hn69l4qoa804.3h31n1yj254w8.php:7] Preview->render()
Sun, 26 Jan 2025 09:07:13 -0500 [2600:1006:b146:9ee4:64db:15ff:fef8:f02f] [lib/base.php:3036] require('/home/u991737198/domains/tas2023.online/public_html/tmp/3hn69l4qoa804.3h31n1yj254w8.php')
Sun, 26 Jan 2025 09:07:13 -0500 [2600:1006:b146:9ee4:64db:15ff:fef8:f02f] [lib/base.php:3281] View->sandbox()
Sun, 26 Jan 2025 09:07:13 -0500 [2600:1006:b146:9ee4:64db:15ff:fef8:f02f] [app/controllers/Controller.php:87] Preview->render()
Sun, 26 Jan 2025 09:07:13 -0500 [2600:1006:b146:9ee4:64db:15ff:fef8:f02f] [lib/base.php:2078] Controller->afterroute()
Sun, 26 Jan 2025 09:07:13 -0500 [2600:1006:b146:9ee4:64db:15ff:fef8:f02f] [lib/base.php:1871] Base->call()
Sun, 26 Jan 2025 09:07:13 -0500 [2600:1006:b146:9ee4:64db:15ff:fef8:f02f] [index.php:19] Base->run()
Sun, 26 Jan 2025 09:07:17 -0500 [2600:1006:b146:9ee4:64db:15ff:fef8:f02f] 500: Undefined variable $token trace: [tmp/3hn69l4qoa804.2r4f9cgm96ecs.php:226]
Sun, 26 Jan 2025 09:07:17 -0500 [2600:1006:b146:9ee4:64db:15ff:fef8:f02f] [tmp/3hn69l4qoa804.2r4f9cgm96ecs.php:226] Base->{closure}()
Sun, 26 Jan 2025 09:07:17 -0500 [2600:1006:b146:9ee4:64db:15ff:fef8:f02f] [lib/base.php:3036] require('/home/u991737198/domains/tas2023.online/public_html/tmp/3hn69l4qoa804.2r4f9cgm96ecs.php')
Sun, 26 Jan 2025 09:07:17 -0500 [2600:1006:b146:9ee4:64db:15ff:fef8:f02f] [lib/base.php:3281] View->sandbox()
Sun, 26 Jan 2025 09:07:17 -0500 [2600:1006:b146:9ee4:64db:15ff:fef8:f02f] [tmp/3hn69l4qoa804.3h31n1yj254w8.php:7] Preview->render()
Sun, 26 Jan 2025 09:07:17 -0500 [2600:1006:b146:9ee4:64db:15ff:fef8:f02f] [lib/base.php:3036] require('/home/u991737198/domains/tas2023.online/public_html/tmp/3hn69l4qoa804.3h31n1yj254w8.php')
Sun, 26 Jan 2025 09:07:17 -0500 [2600:1006:b146:9ee4:64db:15ff:fef8:f02f] [lib/base.php:3281] View->sandbox()
Sun, 26 Jan 2025 09:07:17 -0500 [2600:1006:b146:9ee4:64db:15ff:fef8:f02f] [app/controllers/Controller.php:87] Preview->render()
Sun, 26 Jan 2025 09:07:17 -0500 [2600:1006:b146:9ee4:64db:15ff:fef8:f02f] [lib/base.php:2078] Controller->afterroute()
Sun, 26 Jan 2025 09:07:17 -0500 [2600:1006:b146:9ee4:64db:15ff:fef8:f02f] [lib/base.php:1871] Base->call()
Sun, 26 Jan 2025 09:07:17 -0500 [2600:1006:b146:9ee4:64db:15ff:fef8:f02f] [index.php:19] Base->run()
Sun, 26 Jan 2025 09:07:19 -0500 [2600:1006:b146:9ee4:64db:15ff:fef8:f02f] 500: Undefined variable $token trace: [tmp/3hn69l4qoa804.2r4f9cgm96ecs.php:226]
Sun, 26 Jan 2025 09:07:19 -0500 [2600:1006:b146:9ee4:64db:15ff:fef8:f02f] [tmp/3hn69l4qoa804.2r4f9cgm96ecs.php:226] Base->{closure}()
Sun, 26 Jan 2025 09:07:19 -0500 [2600:1006:b146:9ee4:64db:15ff:fef8:f02f] [lib/base.php:3036] require('/home/u991737198/domains/tas2023.online/public_html/tmp/3hn69l4qoa804.2r4f9cgm96ecs.php')
Sun, 26 Jan 2025 09:07:19 -0500 [2600:1006:b146:9ee4:64db:15ff:fef8:f02f] [lib/base.php:3281] View->sandbox()
Sun, 26 Jan 2025 09:07:19 -0500 [2600:1006:b146:9ee4:64db:15ff:fef8:f02f] [tmp/3hn69l4qoa804.3h31n1yj254w8.php:7] Preview->render()
Sun, 26 Jan 2025 09:07:19 -0500 [2600:1006:b146:9ee4:64db:15ff:fef8:f02f] [lib/base.php:3036] require('/home/u991737198/domains/tas2023.online/public_html/tmp/3hn69l4qoa804.3h31n1yj254w8.php')
Sun, 26 Jan 2025 09:07:19 -0500 [2600:1006:b146:9ee4:64db:15ff:fef8:f02f] [lib/base.php:3281] View->sandbox()
Sun, 26 Jan 2025 09:07:19 -0500 [2600:1006:b146:9ee4:64db:15ff:fef8:f02f] [app/controllers/Controller.php:87] Preview->render()
Sun, 26 Jan 2025 09:07:19 -0500 [2600:1006:b146:9ee4:64db:15ff:fef8:f02f] [lib/base.php:2078] Controller->afterroute()
Sun, 26 Jan 2025 09:07:19 -0500 [2600:1006:b146:9ee4:64db:15ff:fef8:f02f] [lib/base.php:1871] Base->call()
Sun, 26 Jan 2025 09:07:19 -0500 [2600:1006:b146:9ee4:64db:15ff:fef8:f02f] [index.php:19] Base->run()
Sun, 26 Jan 2025 09:07:28 -0500 [2600:1006:b146:9ee4:64db:15ff:fef8:f02f] 500: Undefined variable $entity_num trace: [tmp/3hn69l4qoa804.1zo7dt0fljr4w.php:200]
Sun, 26 Jan 2025 09:07:28 -0500 [2600:1006:b146:9ee4:64db:15ff:fef8:f02f] [tmp/3hn69l4qoa804.1zo7dt0fljr4w.php:200] Base->{closure}()
Sun, 26 Jan 2025 09:07:28 -0500 [2600:1006:b146:9ee4:64db:15ff:fef8:f02f] [lib/base.php:3036] require('/home/u991737198/domains/tas2023.online/public_html/tmp/3hn69l4qoa804.1zo7dt0fljr4w.php')
Sun, 26 Jan 2025 09:07:28 -0500 [2600:1006:b146:9ee4:64db:15ff:fef8:f02f] [lib/base.php:3281] View->sandbox()
Sun, 26 Jan 2025 09:07:28 -0500 [2600:1006:b146:9ee4:64db:15ff:fef8:f02f] [tmp/3hn69l4qoa804.3h31n1yj254w8.php:7] Preview->render()
Sun, 26 Jan 2025 09:07:28 -0500 [2600:1006:b146:9ee4:64db:15ff:fef8:f02f] [lib/base.php:3036] require('/home/u991737198/domains/tas2023.online/public_html/tmp/3hn69l4qoa804.3h31n1yj254w8.php')
Sun, 26 Jan 2025 09:07:28 -0500 [2600:1006:b146:9ee4:64db:15ff:fef8:f02f] [lib/base.php:3281] View->sandbox()
Sun, 26 Jan 2025 09:07:28 -0500 [2600:1006:b146:9ee4:64db:15ff:fef8:f02f] [app/controllers/Controller.php:87] Preview->render()
Sun, 26 Jan 2025 09:07:28 -0500 [2600:1006:b146:9ee4:64db:15ff:fef8:f02f] [lib/base.php:2078] Controller->afterroute()
Sun, 26 Jan 2025 09:07:28 -0500 [2600:1006:b146:9ee4:64db:15ff:fef8:f02f] [lib/base.php:1871] Base->call()
Sun, 26 Jan 2025 09:07:28 -0500 [2600:1006:b146:9ee4:64db:15ff:fef8:f02f] [index.php:19] Base->run()
Sun, 26 Jan 2025 09:07:49 -0500 [2600:1006:b146:9ee4:64db:15ff:fef8:f02f] 500: Undefined variable $i18n_select_task_type trace: [/home/u991737198/domains/tas2023.online/public_html/tmp/3hn69l4qoa804.9b9764piwerh.php:214]
Sun, 26 Jan 2025 09:07:49 -0500 [2600:1006:b146:9ee4:64db:15ff:fef8:f02f] [/home/u991737198/domains/tas2023.online/public_html/tmp/3hn69l4qoa804.9b9764piwerh.php:214] Base->{closure}()
Sun, 26 Jan 2025 09:07:49 -0500 [2600:1006:b146:9ee4:64db:15ff:fef8:f02f] [/home/u991737198/domains/tas2023.online/public_html/lib/base.php:3036] require('/home/u991737198/domains/tas2023.online/public_html/tmp/3hn69l4qoa804.9b9764piwerh.php')
Sun, 26 Jan 2025 09:07:49 -0500 [2600:1006:b146:9ee4:64db:15ff:fef8:f02f] [/home/u991737198/domains/tas2023.online/public_html/lib/base.php:3281] View->sandbox()
Sun, 26 Jan 2025 09:07:49 -0500 [2600:1006:b146:9ee4:64db:15ff:fef8:f02f] [/home/u991737198/domains/tas2023.online/public_html/tmp/3hn69l4qoa804.3h31n1yj254w8.php:7] Preview->render()
Sun, 26 Jan 2025 09:07:49 -0500 [2600:1006:b146:9ee4:64db:15ff:fef8:f02f] [/home/u991737198/domains/tas2023.online/public_html/lib/base.php:3036] require('/home/u991737198/domains/tas2023.online/public_html/tmp/3hn69l4qoa804.3h31n1yj254w8.php')
Sun, 26 Jan 2025 09:07:49 -0500 [2600:1006:b146:9ee4:64db:15ff:fef8:f02f] [/home/u991737198/domains/tas2023.online/public_html/lib/base.php:3281] View->sandbox()
Sun, 26 Jan 2025 09:07:49 -0500 [2600:1006:b146:9ee4:64db:15ff:fef8:f02f] [/home/u991737198/domains/tas2023.online/public_html/app/controllers/Controller.php:87] Preview->render()
Sun, 26 Jan 2025 09:07:49 -0500 [2600:1006:b146:9ee4:64db:15ff:fef8:f02f] [/home/u991737198/domains/tas2023.online/public_html/lib/base.php:2078] Controller->afterroute()
Sun, 26 Jan 2025 09:07:49 -0500 [2600:1006:b146:9ee4:64db:15ff:fef8:f02f] [/home/u991737198/domains/tas2023.online/public_html/lib/base.php:1871] Base->call()
Sun, 26 Jan 2025 09:07:49 -0500 [2600:1006:b146:9ee4:64db:15ff:fef8:f02f] [/home/u991737198/domains/tas2023.online/public_html/index.php:19] Base->run()
Sun, 26 Jan 2025 09:08:21 -0500 [2600:1006:b146:9ee4:64db:15ff:fef8:f02f] 500: Undefined variable $entity_num trace: [tmp/3hn69l4qoa804.1zo7dt0fljr4w.php:200]
Sun, 26 Jan 2025 09:08:21 -0500 [2600:1006:b146:9ee4:64db:15ff:fef8:f02f] [tmp/3hn69l4qoa804.1zo7dt0fljr4w.php:200] Base->{closure}()
Sun, 26 Jan 2025 09:08:21 -0500 [2600:1006:b146:9ee4:64db:15ff:fef8:f02f] [lib/base.php:3036] require('/home/u991737198/domains/tas2023.online/public_html/tmp/3hn69l4qoa804.1zo7dt0fljr4w.php')
Sun, 26 Jan 2025 09:08:21 -0500 [2600:1006:b146:9ee4:64db:15ff:fef8:f02f] [lib/base.php:3281] View->sandbox()
Sun, 26 Jan 2025 09:08:21 -0500 [2600:1006:b146:9ee4:64db:15ff:fef8:f02f] [tmp/3hn69l4qoa804.3h31n1yj254w8.php:7] Preview->render()
Sun, 26 Jan 2025 09:08:21 -0500 [2600:1006:b146:9ee4:64db:15ff:fef8:f02f] [lib/base.php:3036] require('/home/u991737198/domains/tas2023.online/public_html/tmp/3hn69l4qoa804.3h31n1yj254w8.php')
Sun, 26 Jan 2025 09:08:21 -0500 [2600:1006:b146:9ee4:64db:15ff:fef8:f02f] [lib/base.php:3281] View->sandbox()
Sun, 26 Jan 2025 09:08:21 -0500 [2600:1006:b146:9ee4:64db:15ff:fef8:f02f] [app/controllers/Controller.php:87] Preview->render()
Sun, 26 Jan 2025 09:08:21 -0500 [2600:1006:b146:9ee4:64db:15ff:fef8:f02f] [lib/base.php:2078] Controller->afterroute()
Sun, 26 Jan 2025 09:08:21 -0500 [2600:1006:b146:9ee4:64db:15ff:fef8:f02f] [lib/base.php:1871] Base->call()
Sun, 26 Jan 2025 09:08:21 -0500 [2600:1006:b146:9ee4:64db:15ff:fef8:f02f] [index.php:19] Base->run()
Sun, 26 Jan 2025 09:08:24 -0500 [2600:1006:b146:9ee4:64db:15ff:fef8:f02f] 500: Undefined variable $entity_num trace: [tmp/3hn69l4qoa804.1zo7dt0fljr4w.php:200]
Sun, 26 Jan 2025 09:08:24 -0500 [2600:1006:b146:9ee4:64db:15ff:fef8:f02f] [tmp/3hn69l4qoa804.1zo7dt0fljr4w.php:200] Base->{closure}()
Sun, 26 Jan 2025 09:08:24 -0500 [2600:1006:b146:9ee4:64db:15ff:fef8:f02f] [lib/base.php:3036] require('/home/u991737198/domains/tas2023.online/public_html/tmp/3hn69l4qoa804.1zo7dt0fljr4w.php')
Sun, 26 Jan 2025 09:08:24 -0500 [2600:1006:b146:9ee4:64db:15ff:fef8:f02f] [lib/base.php:3281] View->sandbox()
Sun, 26 Jan 2025 09:08:24 -0500 [2600:1006:b146:9ee4:64db:15ff:fef8:f02f] [tmp/3hn69l4qoa804.3h31n1yj254w8.php:7] Preview->render()
Sun, 26 Jan 2025 09:08:24 -0500 [2600:1006:b146:9ee4:64db:15ff:fef8:f02f] [lib/base.php:3036] require('/home/u991737198/domains/tas2023.online/public_html/tmp/3hn69l4qoa804.3h31n1yj254w8.php')
Sun, 26 Jan 2025 09:08:24 -0500 [2600:1006:b146:9ee4:64db:15ff:fef8:f02f] [lib/base.php:3281] View->sandbox()
Sun, 26 Jan 2025 09:08:24 -0500 [2600:1006:b146:9ee4:64db:15ff:fef8:f02f] [app/controllers/Controller.php:87] Preview->render()
Sun, 26 Jan 2025 09:08:24 -0500 [2600:1006:b146:9ee4:64db:15ff:fef8:f02f] [lib/base.php:2078] Controller->afterroute()
Sun, 26 Jan 2025 09:08:24 -0500 [2600:1006:b146:9ee4:64db:15ff:fef8:f02f] [lib/base.php:1871] Base->call()
Sun, 26 Jan 2025 09:08:24 -0500 [2600:1006:b146:9ee4:64db:15ff:fef8:f02f] [index.php:19] Base->run()
Sun, 26 Jan 2025 09:08:56 -0500 [2600:1006:b146:9ee4:64db:15ff:fef8:f02f] 500: Undefined variable $entity_num trace: [tmp/3hn69l4qoa804.1zo7dt0fljr4w.php:200]
Sun, 26 Jan 2025 09:08:56 -0500 [2600:1006:b146:9ee4:64db:15ff:fef8:f02f] [tmp/3hn69l4qoa804.1zo7dt0fljr4w.php:200] Base->{closure}()
Sun, 26 Jan 2025 09:08:56 -0500 [2600:1006:b146:9ee4:64db:15ff:fef8:f02f] [lib/base.php:3036] require('/home/u991737198/domains/tas2023.online/public_html/tmp/3hn69l4qoa804.1zo7dt0fljr4w.php')
Sun, 26 Jan 2025 09:08:56 -0500 [2600:1006:b146:9ee4:64db:15ff:fef8:f02f] [lib/base.php:3281] View->sandbox()
Sun, 26 Jan 2025 09:08:56 -0500 [2600:1006:b146:9ee4:64db:15ff:fef8:f02f] [tmp/3hn69l4qoa804.3h31n1yj254w8.php:7] Preview->render()
Sun, 26 Jan 2025 09:08:56 -0500 [2600:1006:b146:9ee4:64db:15ff:fef8:f02f] [lib/base.php:3036] require('/home/u991737198/domains/tas2023.online/public_html/tmp/3hn69l4qoa804.3h31n1yj254w8.php')
Sun, 26 Jan 2025 09:08:56 -0500 [2600:1006:b146:9ee4:64db:15ff:fef8:f02f] [lib/base.php:3281] View->sandbox()
Sun, 26 Jan 2025 09:08:56 -0500 [2600:1006:b146:9ee4:64db:15ff:fef8:f02f] [app/controllers/Controller.php:87] Preview->render()
Sun, 26 Jan 2025 09:08:56 -0500 [2600:1006:b146:9ee4:64db:15ff:fef8:f02f] [lib/base.php:2078] Controller->afterroute()
Sun, 26 Jan 2025 09:08:56 -0500 [2600:1006:b146:9ee4:64db:15ff:fef8:f02f] [lib/base.php:1871] Base->call()
Sun, 26 Jan 2025 09:08:56 -0500 [2600:1006:b146:9ee4:64db:15ff:fef8:f02f] [index.php:19] Base->run()
Sun, 26 Jan 2025 09:09:05 -0500 [2600:1006:b146:9ee4:64db:15ff:fef8:f02f] 500: Undefined variable $entity_num trace: [tmp/3hn69l4qoa804.1zo7dt0fljr4w.php:200]
Sun, 26 Jan 2025 09:09:05 -0500 [2600:1006:b146:9ee4:64db:15ff:fef8:f02f] [tmp/3hn69l4qoa804.1zo7dt0fljr4w.php:200] Base->{closure}()
Sun, 26 Jan 2025 09:09:05 -0500 [2600:1006:b146:9ee4:64db:15ff:fef8:f02f] [lib/base.php:3036] require('/home/u991737198/domains/tas2023.online/public_html/tmp/3hn69l4qoa804.1zo7dt0fljr4w.php')
Sun, 26 Jan 2025 09:09:05 -0500 [2600:1006:b146:9ee4:64db:15ff:fef8:f02f] [lib/base.php:3281] View->sandbox()
Sun, 26 Jan 2025 09:09:05 -0500 [2600:1006:b146:9ee4:64db:15ff:fef8:f02f] [tmp/3hn69l4qoa804.3h31n1yj254w8.php:7] Preview->render()
Sun, 26 Jan 2025 09:09:05 -0500 [2600:1006:b146:9ee4:64db:15ff:fef8:f02f] [lib/base.php:3036] require('/home/u991737198/domains/tas2023.online/public_html/tmp/3hn69l4qoa804.3h31n1yj254w8.php')
Sun, 26 Jan 2025 09:09:05 -0500 [2600:1006:b146:9ee4:64db:15ff:fef8:f02f] [lib/base.php:3281] View->sandbox()
Sun, 26 Jan 2025 09:09:05 -0500 [2600:1006:b146:9ee4:64db:15ff:fef8:f02f] [app/controllers/Controller.php:87] Preview->render()
Sun, 26 Jan 2025 09:09:05 -0500 [2600:1006:b146:9ee4:64db:15ff:fef8:f02f] [lib/base.php:2078] Controller->afterroute()
Sun, 26 Jan 2025 09:09:05 -0500 [2600:1006:b146:9ee4:64db:15ff:fef8:f02f] [lib/base.php:1871] Base->call()
Sun, 26 Jan 2025 09:09:05 -0500 [2600:1006:b146:9ee4:64db:15ff:fef8:f02f] [index.php:19] Base->run()
Sun, 26 Jan 2025 09:09:22 -0500 [2600:1006:b146:9ee4:64db:15ff:fef8:f02f] 500: Undefined variable $token trace: [tmp/3hn69l4qoa804.2r4f9cgm96ecs.php:226]
Sun, 26 Jan 2025 09:09:22 -0500 [2600:1006:b146:9ee4:64db:15ff:fef8:f02f] [tmp/3hn69l4qoa804.2r4f9cgm96ecs.php:226] Base->{closure}()
Sun, 26 Jan 2025 09:09:22 -0500 [2600:1006:b146:9ee4:64db:15ff:fef8:f02f] [lib/base.php:3036] require('/home/u991737198/domains/tas2023.online/public_html/tmp/3hn69l4qoa804.2r4f9cgm96ecs.php')
Sun, 26 Jan 2025 09:09:22 -0500 [2600:1006:b146:9ee4:64db:15ff:fef8:f02f] [lib/base.php:3281] View->sandbox()
Sun, 26 Jan 2025 09:09:22 -0500 [2600:1006:b146:9ee4:64db:15ff:fef8:f02f] [tmp/3hn69l4qoa804.3h31n1yj254w8.php:7] Preview->render()
Sun, 26 Jan 2025 09:09:22 -0500 [2600:1006:b146:9ee4:64db:15ff:fef8:f02f] [lib/base.php:3036] require('/home/u991737198/domains/tas2023.online/public_html/tmp/3hn69l4qoa804.3h31n1yj254w8.php')
Sun, 26 Jan 2025 09:09:22 -0500 [2600:1006:b146:9ee4:64db:15ff:fef8:f02f] [lib/base.php:3281] View->sandbox()
Sun, 26 Jan 2025 09:09:22 -0500 [2600:1006:b146:9ee4:64db:15ff:fef8:f02f] [app/controllers/Controller.php:87] Preview->render()
Sun, 26 Jan 2025 09:09:22 -0500 [2600:1006:b146:9ee4:64db:15ff:fef8:f02f] [lib/base.php:2078] Controller->afterroute()
Sun, 26 Jan 2025 09:09:22 -0500 [2600:1006:b146:9ee4:64db:15ff:fef8:f02f] [lib/base.php:1871] Base->call()
Sun, 26 Jan 2025 09:09:22 -0500 [2600:1006:b146:9ee4:64db:15ff:fef8:f02f] [index.php:19] Base->run()
Sun, 26 Jan 2025 09:10:16 -0500 [2600:1006:b146:9ee4:64db:15ff:fef8:f02f] 500: Undefined variable $token trace: [tmp/3hn69l4qoa804.2r4f9cgm96ecs.php:226]
Sun, 26 Jan 2025 09:10:16 -0500 [2600:1006:b146:9ee4:64db:15ff:fef8:f02f] [tmp/3hn69l4qoa804.2r4f9cgm96ecs.php:226] Base->{closure}()
Sun, 26 Jan 2025 09:10:16 -0500 [2600:1006:b146:9ee4:64db:15ff:fef8:f02f] [lib/base.php:3036] require('/home/u991737198/domains/tas2023.online/public_html/tmp/3hn69l4qoa804.2r4f9cgm96ecs.php')
Sun, 26 Jan 2025 09:10:16 -0500 [2600:1006:b146:9ee4:64db:15ff:fef8:f02f] [lib/base.php:3281] View->sandbox()
Sun, 26 Jan 2025 09:10:16 -0500 [2600:1006:b146:9ee4:64db:15ff:fef8:f02f] [tmp/3hn69l4qoa804.3h31n1yj254w8.php:7] Preview->render()
Sun, 26 Jan 2025 09:10:16 -0500 [2600:1006:b146:9ee4:64db:15ff:fef8:f02f] [lib/base.php:3036] require('/home/u991737198/domains/tas2023.online/public_html/tmp/3hn69l4qoa804.3h31n1yj254w8.php')
Sun, 26 Jan 2025 09:10:16 -0500 [2600:1006:b146:9ee4:64db:15ff:fef8:f02f] [lib/base.php:3281] View->sandbox()
Sun, 26 Jan 2025 09:10:16 -0500 [2600:1006:b146:9ee4:64db:15ff:fef8:f02f] [app/controllers/Controller.php:87] Preview->render()
Sun, 26 Jan 2025 09:10:16 -0500 [2600:1006:b146:9ee4:64db:15ff:fef8:f02f] [lib/base.php:2078] Controller->afterroute()
Sun, 26 Jan 2025 09:10:16 -0500 [2600:1006:b146:9ee4:64db:15ff:fef8:f02f] [lib/base.php:1871] Base->call()
Sun, 26 Jan 2025 09:10:16 -0500 [2600:1006:b146:9ee4:64db:15ff:fef8:f02f] [index.php:19] Base->run()
Sun, 26 Jan 2025 11:16:42 -0500 [2600:1006:b146:9ee4:64db:15ff:fef8:f02f] 401: HTTP 401 (GET /task/taskData) trace: [/home/u991737198/domains/tas2023.online/public_html/lib/access.php:112] Base->error()
Sun, 26 Jan 2025 11:16:42 -0500 [2600:1006:b146:9ee4:64db:15ff:fef8:f02f] [/home/u991737198/domains/tas2023.online/public_html/app/controllers/Controller.php:78] Access->authorize()
Sun, 26 Jan 2025 11:16:42 -0500 [2600:1006:b146:9ee4:64db:15ff:fef8:f02f] [/home/u991737198/domains/tas2023.online/public_html/lib/base.php:2069] Controller->beforeroute()
Sun, 26 Jan 2025 11:16:42 -0500 [2600:1006:b146:9ee4:64db:15ff:fef8:f02f] [/home/u991737198/domains/tas2023.online/public_html/lib/base.php:1871] Base->call()
Sun, 26 Jan 2025 11:16:42 -0500 [2600:1006:b146:9ee4:64db:15ff:fef8:f02f] [/home/u991737198/domains/tas2023.online/public_html/index.php:19] Base->run()
Sun, 26 Jan 2025 15:08:37 -0500 [2603:9000:f801:55e2:a55b:e1e8:ec93:cb55] 401: HTTP 401 (GET /person/listperson) trace: [lib/access.php:112] Base->error()
Sun, 26 Jan 2025 15:08:37 -0500 [2603:9000:f801:55e2:a55b:e1e8:ec93:cb55] [app/controllers/Controller.php:78] Access->authorize()
Sun, 26 Jan 2025 15:08:37 -0500 [2603:9000:f801:55e2:a55b:e1e8:ec93:cb55] [lib/base.php:2069] Controller->beforeroute()
Sun, 26 Jan 2025 15:08:37 -0500 [2603:9000:f801:55e2:a55b:e1e8:ec93:cb55] [lib/base.php:1871] Base->call()
Sun, 26 Jan 2025 15:08:37 -0500 [2603:9000:f801:55e2:a55b:e1e8:ec93:cb55] [index.php:19] Base->run()
Sun, 26 Jan 2025 15:39:50 -0500 [2603:9000:f801:55e2:cce9:6122:fed4:1214] 500: Undefined variable $q trace: [tmp/3hn69l4qoa804.1zo7dt0fljr4w.php:148]
Sun, 26 Jan 2025 15:39:50 -0500 [2603:9000:f801:55e2:cce9:6122:fed4:1214] [tmp/3hn69l4qoa804.1zo7dt0fljr4w.php:148] Base->{closure}()
Sun, 26 Jan 2025 15:39:50 -0500 [2603:9000:f801:55e2:cce9:6122:fed4:1214] [lib/base.php:3036] require('/home/u991737198/domains/tas2023.online/public_html/tmp/3hn69l4qoa804.1zo7dt0fljr4w.php')
Sun, 26 Jan 2025 15:39:50 -0500 [2603:9000:f801:55e2:cce9:6122:fed4:1214] [lib/base.php:3281] View->sandbox()
Sun, 26 Jan 2025 15:39:50 -0500 [2603:9000:f801:55e2:cce9:6122:fed4:1214] [tmp/3hn69l4qoa804.3cndbbhzhn8ko.php:19] Preview->render()
Sun, 26 Jan 2025 15:39:50 -0500 [2603:9000:f801:55e2:cce9:6122:fed4:1214] [lib/base.php:3036] require('/home/u991737198/domains/tas2023.online/public_html/tmp/3hn69l4qoa804.3cndbbhzhn8ko.php')
Sun, 26 Jan 2025 15:39:50 -0500 [2603:9000:f801:55e2:cce9:6122:fed4:1214] [lib/base.php:3281] View->sandbox()
Sun, 26 Jan 2025 15:39:50 -0500 [2603:9000:f801:55e2:cce9:6122:fed4:1214] [app/controllers/Controller.php:90] Preview->render()
Sun, 26 Jan 2025 15:39:50 -0500 [2603:9000:f801:55e2:cce9:6122:fed4:1214] [lib/base.php:2078] Controller->afterroute()
Sun, 26 Jan 2025 15:39:50 -0500 [2603:9000:f801:55e2:cce9:6122:fed4:1214] [lib/base.php:1871] Base->call()
Sun, 26 Jan 2025 15:39:50 -0500 [2603:9000:f801:55e2:cce9:6122:fed4:1214] [index.php:19] Base->run()
Sun, 26 Jan 2025 15:39:50 -0500 [2603:9000:f801:55e2:cce9:6122:fed4:1214] 401: HTTP 401 (GET /task/taskData) trace: [/home/u991737198/domains/tas2023.online/public_html/lib/access.php:112] Base->error()
Sun, 26 Jan 2025 15:39:50 -0500 [2603:9000:f801:55e2:cce9:6122:fed4:1214] [/home/u991737198/domains/tas2023.online/public_html/app/controllers/Controller.php:78] Access->authorize()
Sun, 26 Jan 2025 15:39:50 -0500 [2603:9000:f801:55e2:cce9:6122:fed4:1214] [/home/u991737198/domains/tas2023.online/public_html/lib/base.php:2069] Controller->beforeroute()
Sun, 26 Jan 2025 15:39:50 -0500 [2603:9000:f801:55e2:cce9:6122:fed4:1214] [/home/u991737198/domains/tas2023.online/public_html/lib/base.php:1871] Base->call()
Sun, 26 Jan 2025 15:39:50 -0500 [2603:9000:f801:55e2:cce9:6122:fed4:1214] [/home/u991737198/domains/tas2023.online/public_html/index.php:19] Base->run()
Sun, 26 Jan 2025 15:40:27 -0500 [2603:9000:f801:55e2:cce9:6122:fed4:1214] 500: Undefined variable $entity_num trace: [tmp/3hn69l4qoa804.1zo7dt0fljr4w.php:200]
Sun, 26 Jan 2025 15:40:27 -0500 [2603:9000:f801:55e2:cce9:6122:fed4:1214] [tmp/3hn69l4qoa804.1zo7dt0fljr4w.php:200] Base->{closure}()
Sun, 26 Jan 2025 15:40:27 -0500 [2603:9000:f801:55e2:cce9:6122:fed4:1214] [lib/base.php:3036] require('/home/u991737198/domains/tas2023.online/public_html/tmp/3hn69l4qoa804.1zo7dt0fljr4w.php')
Sun, 26 Jan 2025 15:40:27 -0500 [2603:9000:f801:55e2:cce9:6122:fed4:1214] [lib/base.php:3281] View->sandbox()
Sun, 26 Jan 2025 15:40:27 -0500 [2603:9000:f801:55e2:cce9:6122:fed4:1214] [tmp/3hn69l4qoa804.3h31n1yj254w8.php:7] Preview->render()
Sun, 26 Jan 2025 15:40:27 -0500 [2603:9000:f801:55e2:cce9:6122:fed4:1214] [lib/base.php:3036] require('/home/u991737198/domains/tas2023.online/public_html/tmp/3hn69l4qoa804.3h31n1yj254w8.php')
Sun, 26 Jan 2025 15:40:27 -0500 [2603:9000:f801:55e2:cce9:6122:fed4:1214] [lib/base.php:3281] View->sandbox()
Sun, 26 Jan 2025 15:40:27 -0500 [2603:9000:f801:55e2:cce9:6122:fed4:1214] [app/controllers/Controller.php:87] Preview->render()
Sun, 26 Jan 2025 15:40:27 -0500 [2603:9000:f801:55e2:cce9:6122:fed4:1214] [lib/base.php:2078] Controller->afterroute()
Sun, 26 Jan 2025 15:40:27 -0500 [2603:9000:f801:55e2:cce9:6122:fed4:1214] [lib/base.php:1871] Base->call()
Sun, 26 Jan 2025 15:40:27 -0500 [2603:9000:f801:55e2:cce9:6122:fed4:1214] [index.php:19] Base->run()
Sun, 26 Jan 2025 15:40:44 -0500 [2603:9000:f801:55e2:cce9:6122:fed4:1214] 500: Undefined variable $entity_num trace: [tmp/3hn69l4qoa804.1zo7dt0fljr4w.php:200]
Sun, 26 Jan 2025 15:40:44 -0500 [2603:9000:f801:55e2:cce9:6122:fed4:1214] [tmp/3hn69l4qoa804.1zo7dt0fljr4w.php:200] Base->{closure}()
Sun, 26 Jan 2025 15:40:44 -0500 [2603:9000:f801:55e2:cce9:6122:fed4:1214] [lib/base.php:3036] require('/home/u991737198/domains/tas2023.online/public_html/tmp/3hn69l4qoa804.1zo7dt0fljr4w.php')
Sun, 26 Jan 2025 15:40:44 -0500 [2603:9000:f801:55e2:cce9:6122:fed4:1214] [lib/base.php:3281] View->sandbox()
Sun, 26 Jan 2025 15:40:44 -0500 [2603:9000:f801:55e2:cce9:6122:fed4:1214] [tmp/3hn69l4qoa804.3h31n1yj254w8.php:7] Preview->render()
Sun, 26 Jan 2025 15:40:44 -0500 [2603:9000:f801:55e2:cce9:6122:fed4:1214] [lib/base.php:3036] require('/home/u991737198/domains/tas2023.online/public_html/tmp/3hn69l4qoa804.3h31n1yj254w8.php')
Sun, 26 Jan 2025 15:40:44 -0500 [2603:9000:f801:55e2:cce9:6122:fed4:1214] [lib/base.php:3281] View->sandbox()
Sun, 26 Jan 2025 15:40:44 -0500 [2603:9000:f801:55e2:cce9:6122:fed4:1214] [app/controllers/Controller.php:87] Preview->render()
Sun, 26 Jan 2025 15:40:44 -0500 [2603:9000:f801:55e2:cce9:6122:fed4:1214] [lib/base.php:2078] Controller->afterroute()
Sun, 26 Jan 2025 15:40:44 -0500 [2603:9000:f801:55e2:cce9:6122:fed4:1214] [lib/base.php:1871] Base->call()
Sun, 26 Jan 2025 15:40:44 -0500 [2603:9000:f801:55e2:cce9:6122:fed4:1214] [index.php:19] Base->run()
Sun, 26 Jan 2025 15:40:47 -0500 [2603:9000:f801:55e2:cce9:6122:fed4:1214] 500: Undefined variable $q trace: [/home/u991737198/domains/tas2023.online/public_html/tmp/3hn69l4qoa804.9b9764piwerh.php:127]
Sun, 26 Jan 2025 15:40:47 -0500 [2603:9000:f801:55e2:cce9:6122:fed4:1214] [/home/u991737198/domains/tas2023.online/public_html/tmp/3hn69l4qoa804.9b9764piwerh.php:127] Base->{closure}()
Sun, 26 Jan 2025 15:40:47 -0500 [2603:9000:f801:55e2:cce9:6122:fed4:1214] [/home/u991737198/domains/tas2023.online/public_html/lib/base.php:3036] require('/home/u991737198/domains/tas2023.online/public_html/tmp/3hn69l4qoa804.9b9764piwerh.php')
Sun, 26 Jan 2025 15:40:47 -0500 [2603:9000:f801:55e2:cce9:6122:fed4:1214] [/home/u991737198/domains/tas2023.online/public_html/lib/base.php:3281] View->sandbox()
Sun, 26 Jan 2025 15:40:47 -0500 [2603:9000:f801:55e2:cce9:6122:fed4:1214] [/home/u991737198/domains/tas2023.online/public_html/tmp/3hn69l4qoa804.3h31n1yj254w8.php:7] Preview->render()
Sun, 26 Jan 2025 15:40:47 -0500 [2603:9000:f801:55e2:cce9:6122:fed4:1214] [/home/u991737198/domains/tas2023.online/public_html/lib/base.php:3036] require('/home/u991737198/domains/tas2023.online/public_html/tmp/3hn69l4qoa804.3h31n1yj254w8.php')
Sun, 26 Jan 2025 15:40:47 -0500 [2603:9000:f801:55e2:cce9:6122:fed4:1214] [/home/u991737198/domains/tas2023.online/public_html/lib/base.php:3281] View->sandbox()
Sun, 26 Jan 2025 15:40:47 -0500 [2603:9000:f801:55e2:cce9:6122:fed4:1214] [/home/u991737198/domains/tas2023.online/public_html/app/controllers/Controller.php:87] Preview->render()
Sun, 26 Jan 2025 15:40:47 -0500 [2603:9000:f801:55e2:cce9:6122:fed4:1214] [/home/u991737198/domains/tas2023.online/public_html/lib/base.php:2078] Controller->afterroute()
Sun, 26 Jan 2025 15:40:47 -0500 [2603:9000:f801:55e2:cce9:6122:fed4:1214] [/home/u991737198/domains/tas2023.online/public_html/lib/base.php:1871] Base->call()
Sun, 26 Jan 2025 15:40:47 -0500 [2603:9000:f801:55e2:cce9:6122:fed4:1214] [/home/u991737198/domains/tas2023.online/public_html/index.php:19] Base->run()
Sun, 26 Jan 2025 15:41:02 -0500 [2603:9000:f801:55e2:cce9:6122:fed4:1214] 500: Undefined variable $entity_num trace: [tmp/3hn69l4qoa804.1zo7dt0fljr4w.php:200]
Sun, 26 Jan 2025 15:41:02 -0500 [2603:9000:f801:55e2:cce9:6122:fed4:1214] [tmp/3hn69l4qoa804.1zo7dt0fljr4w.php:200] Base->{closure}()
Sun, 26 Jan 2025 15:41:02 -0500 [2603:9000:f801:55e2:cce9:6122:fed4:1214] [lib/base.php:3036] require('/home/u991737198/domains/tas2023.online/public_html/tmp/3hn69l4qoa804.1zo7dt0fljr4w.php')
Sun, 26 Jan 2025 15:41:02 -0500 [2603:9000:f801:55e2:cce9:6122:fed4:1214] [lib/base.php:3281] View->sandbox()
Sun, 26 Jan 2025 15:41:02 -0500 [2603:9000:f801:55e2:cce9:6122:fed4:1214] [tmp/3hn69l4qoa804.3h31n1yj254w8.php:7] Preview->render()
Sun, 26 Jan 2025 15:41:02 -0500 [2603:9000:f801:55e2:cce9:6122:fed4:1214] [lib/base.php:3036] require('/home/u991737198/domains/tas2023.online/public_html/tmp/3hn69l4qoa804.3h31n1yj254w8.php')
Sun, 26 Jan 2025 15:41:02 -0500 [2603:9000:f801:55e2:cce9:6122:fed4:1214] [lib/base.php:3281] View->sandbox()
Sun, 26 Jan 2025 15:41:02 -0500 [2603:9000:f801:55e2:cce9:6122:fed4:1214] [app/controllers/Controller.php:87] Preview->render()
Sun, 26 Jan 2025 15:41:02 -0500 [2603:9000:f801:55e2:cce9:6122:fed4:1214] [lib/base.php:2078] Controller->afterroute()
Sun, 26 Jan 2025 15:41:02 -0500 [2603:9000:f801:55e2:cce9:6122:fed4:1214] [lib/base.php:1871] Base->call()
Sun, 26 Jan 2025 15:41:02 -0500 [2603:9000:f801:55e2:cce9:6122:fed4:1214] [index.php:19] Base->run()
Sun, 26 Jan 2025 15:41:06 -0500 [2603:9000:f801:55e2:cce9:6122:fed4:1214] 500: Undefined variable $entity_num trace: [tmp/3hn69l4qoa804.1zo7dt0fljr4w.php:200]
Sun, 26 Jan 2025 15:41:06 -0500 [2603:9000:f801:55e2:cce9:6122:fed4:1214] [tmp/3hn69l4qoa804.1zo7dt0fljr4w.php:200] Base->{closure}()
Sun, 26 Jan 2025 15:41:06 -0500 [2603:9000:f801:55e2:cce9:6122:fed4:1214] [lib/base.php:3036] require('/home/u991737198/domains/tas2023.online/public_html/tmp/3hn69l4qoa804.1zo7dt0fljr4w.php')
Sun, 26 Jan 2025 15:41:06 -0500 [2603:9000:f801:55e2:cce9:6122:fed4:1214] [lib/base.php:3281] View->sandbox()
Sun, 26 Jan 2025 15:41:06 -0500 [2603:9000:f801:55e2:cce9:6122:fed4:1214] [tmp/3hn69l4qoa804.3h31n1yj254w8.php:7] Preview->render()
Sun, 26 Jan 2025 15:41:06 -0500 [2603:9000:f801:55e2:cce9:6122:fed4:1214] [lib/base.php:3036] require('/home/u991737198/domains/tas2023.online/public_html/tmp/3hn69l4qoa804.3h31n1yj254w8.php')
Sun, 26 Jan 2025 15:41:06 -0500 [2603:9000:f801:55e2:cce9:6122:fed4:1214] [lib/base.php:3281] View->sandbox()
Sun, 26 Jan 2025 15:41:06 -0500 [2603:9000:f801:55e2:cce9:6122:fed4:1214] [app/controllers/Controller.php:87] Preview->render()
Sun, 26 Jan 2025 15:41:06 -0500 [2603:9000:f801:55e2:cce9:6122:fed4:1214] [lib/base.php:2078] Controller->afterroute()
Sun, 26 Jan 2025 15:41:06 -0500 [2603:9000:f801:55e2:cce9:6122:fed4:1214] [lib/base.php:1871] Base->call()
Sun, 26 Jan 2025 15:41:06 -0500 [2603:9000:f801:55e2:cce9:6122:fed4:1214] [index.php:19] Base->run()
Sun, 26 Jan 2025 15:41:09 -0500 [2603:9000:f801:55e2:cce9:6122:fed4:1214] 500: Undefined variable $i18n_select_task_type trace: [/home/u991737198/domains/tas2023.online/public_html/tmp/3hn69l4qoa804.9b9764piwerh.php:214]
Sun, 26 Jan 2025 15:41:09 -0500 [2603:9000:f801:55e2:cce9:6122:fed4:1214] [/home/u991737198/domains/tas2023.online/public_html/tmp/3hn69l4qoa804.9b9764piwerh.php:214] Base->{closure}()
Sun, 26 Jan 2025 15:41:09 -0500 [2603:9000:f801:55e2:cce9:6122:fed4:1214] [/home/u991737198/domains/tas2023.online/public_html/lib/base.php:3036] require('/home/u991737198/domains/tas2023.online/public_html/tmp/3hn69l4qoa804.9b9764piwerh.php')
Sun, 26 Jan 2025 15:41:09 -0500 [2603:9000:f801:55e2:cce9:6122:fed4:1214] [/home/u991737198/domains/tas2023.online/public_html/lib/base.php:3281] View->sandbox()
Sun, 26 Jan 2025 15:41:09 -0500 [2603:9000:f801:55e2:cce9:6122:fed4:1214] [/home/u991737198/domains/tas2023.online/public_html/tmp/3hn69l4qoa804.3h31n1yj254w8.php:7] Preview->render()
Sun, 26 Jan 2025 15:41:09 -0500 [2603:9000:f801:55e2:cce9:6122:fed4:1214] [/home/u991737198/domains/tas2023.online/public_html/lib/base.php:3036] require('/home/u991737198/domains/tas2023.online/public_html/tmp/3hn69l4qoa804.3h31n1yj254w8.php')
Sun, 26 Jan 2025 15:41:09 -0500 [2603:9000:f801:55e2:cce9:6122:fed4:1214] [/home/u991737198/domains/tas2023.online/public_html/lib/base.php:3281] View->sandbox()
Sun, 26 Jan 2025 15:41:09 -0500 [2603:9000:f801:55e2:cce9:6122:fed4:1214] [/home/u991737198/domains/tas2023.online/public_html/app/controllers/Controller.php:87] Preview->render()
Sun, 26 Jan 2025 15:41:09 -0500 [2603:9000:f801:55e2:cce9:6122:fed4:1214] [/home/u991737198/domains/tas2023.online/public_html/lib/base.php:2078] Controller->afterroute()
Sun, 26 Jan 2025 15:41:09 -0500 [2603:9000:f801:55e2:cce9:6122:fed4:1214] [/home/u991737198/domains/tas2023.online/public_html/lib/base.php:1871] Base->call()
Sun, 26 Jan 2025 15:41:09 -0500 [2603:9000:f801:55e2:cce9:6122:fed4:1214] [/home/u991737198/domains/tas2023.online/public_html/index.php:19] Base->run()
Sun, 26 Jan 2025 15:41:15 -0500 [2603:9000:f801:55e2:cce9:6122:fed4:1214] 500: Undefined variable $entity_num trace: [tmp/3hn69l4qoa804.1zo7dt0fljr4w.php:200]
Sun, 26 Jan 2025 15:41:15 -0500 [2603:9000:f801:55e2:cce9:6122:fed4:1214] [tmp/3hn69l4qoa804.1zo7dt0fljr4w.php:200] Base->{closure}()
Sun, 26 Jan 2025 15:41:15 -0500 [2603:9000:f801:55e2:cce9:6122:fed4:1214] [lib/base.php:3036] require('/home/u991737198/domains/tas2023.online/public_html/tmp/3hn69l4qoa804.1zo7dt0fljr4w.php')
Sun, 26 Jan 2025 15:41:15 -0500 [2603:9000:f801:55e2:cce9:6122:fed4:1214] [lib/base.php:3281] View->sandbox()
Sun, 26 Jan 2025 15:41:15 -0500 [2603:9000:f801:55e2:cce9:6122:fed4:1214] [tmp/3hn69l4qoa804.3h31n1yj254w8.php:7] Preview->render()
Sun, 26 Jan 2025 15:41:15 -0500 [2603:9000:f801:55e2:cce9:6122:fed4:1214] [lib/base.php:3036] require('/home/u991737198/domains/tas2023.online/public_html/tmp/3hn69l4qoa804.3h31n1yj254w8.php')
Sun, 26 Jan 2025 15:41:15 -0500 [2603:9000:f801:55e2:cce9:6122:fed4:1214] [lib/base.php:3281] View->sandbox()
Sun, 26 Jan 2025 15:41:15 -0500 [2603:9000:f801:55e2:cce9:6122:fed4:1214] [app/controllers/Controller.php:87] Preview->render()
Sun, 26 Jan 2025 15:41:15 -0500 [2603:9000:f801:55e2:cce9:6122:fed4:1214] [lib/base.php:2078] Controller->afterroute()
Sun, 26 Jan 2025 15:41:15 -0500 [2603:9000:f801:55e2:cce9:6122:fed4:1214] [lib/base.php:1871] Base->call()
Sun, 26 Jan 2025 15:41:15 -0500 [2603:9000:f801:55e2:cce9:6122:fed4:1214] [index.php:19] Base->run()
Sun, 26 Jan 2025 15:41:20 -0500 [2603:9000:f801:55e2:cce9:6122:fed4:1214] 500: Undefined variable $entity_num trace: [tmp/3hn69l4qoa804.1zo7dt0fljr4w.php:200]
Sun, 26 Jan 2025 15:41:20 -0500 [2603:9000:f801:55e2:cce9:6122:fed4:1214] [tmp/3hn69l4qoa804.1zo7dt0fljr4w.php:200] Base->{closure}()
Sun, 26 Jan 2025 15:41:20 -0500 [2603:9000:f801:55e2:cce9:6122:fed4:1214] [lib/base.php:3036] require('/home/u991737198/domains/tas2023.online/public_html/tmp/3hn69l4qoa804.1zo7dt0fljr4w.php')
Sun, 26 Jan 2025 15:41:20 -0500 [2603:9000:f801:55e2:cce9:6122:fed4:1214] [lib/base.php:3281] View->sandbox()
Sun, 26 Jan 2025 15:41:20 -0500 [2603:9000:f801:55e2:cce9:6122:fed4:1214] [tmp/3hn69l4qoa804.3h31n1yj254w8.php:7] Preview->render()
Sun, 26 Jan 2025 15:41:20 -0500 [2603:9000:f801:55e2:cce9:6122:fed4:1214] [lib/base.php:3036] require('/home/u991737198/domains/tas2023.online/public_html/tmp/3hn69l4qoa804.3h31n1yj254w8.php')
Sun, 26 Jan 2025 15:41:20 -0500 [2603:9000:f801:55e2:cce9:6122:fed4:1214] [lib/base.php:3281] View->sandbox()
Sun, 26 Jan 2025 15:41:20 -0500 [2603:9000:f801:55e2:cce9:6122:fed4:1214] [app/controllers/Controller.php:87] Preview->render()
Sun, 26 Jan 2025 15:41:20 -0500 [2603:9000:f801:55e2:cce9:6122:fed4:1214] [lib/base.php:2078] Controller->afterroute()
Sun, 26 Jan 2025 15:41:20 -0500 [2603:9000:f801:55e2:cce9:6122:fed4:1214] [lib/base.php:1871] Base->call()
Sun, 26 Jan 2025 15:41:20 -0500 [2603:9000:f801:55e2:cce9:6122:fed4:1214] [index.php:19] Base->run()
Sun, 26 Jan 2025 15:41:22 -0500 [2603:9000:f801:55e2:cce9:6122:fed4:1214] 500: Undefined variable $i18n_select_task_type trace: [/home/u991737198/domains/tas2023.online/public_html/tmp/3hn69l4qoa804.9b9764piwerh.php:214]
Sun, 26 Jan 2025 15:41:22 -0500 [2603:9000:f801:55e2:cce9:6122:fed4:1214] [/home/u991737198/domains/tas2023.online/public_html/tmp/3hn69l4qoa804.9b9764piwerh.php:214] Base->{closure}()
Sun, 26 Jan 2025 15:41:22 -0500 [2603:9000:f801:55e2:cce9:6122:fed4:1214] [/home/u991737198/domains/tas2023.online/public_html/lib/base.php:3036] require('/home/u991737198/domains/tas2023.online/public_html/tmp/3hn69l4qoa804.9b9764piwerh.php')
Sun, 26 Jan 2025 15:41:22 -0500 [2603:9000:f801:55e2:cce9:6122:fed4:1214] [/home/u991737198/domains/tas2023.online/public_html/lib/base.php:3281] View->sandbox()
Sun, 26 Jan 2025 15:41:22 -0500 [2603:9000:f801:55e2:cce9:6122:fed4:1214] [/home/u991737198/domains/tas2023.online/public_html/tmp/3hn69l4qoa804.3h31n1yj254w8.php:7] Preview->render()
Sun, 26 Jan 2025 15:41:22 -0500 [2603:9000:f801:55e2:cce9:6122:fed4:1214] [/home/u991737198/domains/tas2023.online/public_html/lib/base.php:3036] require('/home/u991737198/domains/tas2023.online/public_html/tmp/3hn69l4qoa804.3h31n1yj254w8.php')
Sun, 26 Jan 2025 15:41:22 -0500 [2603:9000:f801:55e2:cce9:6122:fed4:1214] [/home/u991737198/domains/tas2023.online/public_html/lib/base.php:3281] View->sandbox()
Sun, 26 Jan 2025 15:41:22 -0500 [2603:9000:f801:55e2:cce9:6122:fed4:1214] [/home/u991737198/domains/tas2023.online/public_html/app/controllers/Controller.php:87] Preview->render()
Sun, 26 Jan 2025 15:41:22 -0500 [2603:9000:f801:55e2:cce9:6122:fed4:1214] [/home/u991737198/domains/tas2023.online/public_html/lib/base.php:2078] Controller->afterroute()
Sun, 26 Jan 2025 15:41:22 -0500 [2603:9000:f801:55e2:cce9:6122:fed4:1214] [/home/u991737198/domains/tas2023.online/public_html/lib/base.php:1871] Base->call()
Sun, 26 Jan 2025 15:41:22 -0500 [2603:9000:f801:55e2:cce9:6122:fed4:1214] [/home/u991737198/domains/tas2023.online/public_html/index.php:19] Base->run()
Sun, 26 Jan 2025 15:41:44 -0500 [2603:9000:f801:55e2:cce9:6122:fed4:1214] 500: Undefined variable $entity_num trace: [tmp/3hn69l4qoa804.1zo7dt0fljr4w.php:200]
Sun, 26 Jan 2025 15:41:44 -0500 [2603:9000:f801:55e2:cce9:6122:fed4:1214] [tmp/3hn69l4qoa804.1zo7dt0fljr4w.php:200] Base->{closure}()
Sun, 26 Jan 2025 15:41:44 -0500 [2603:9000:f801:55e2:cce9:6122:fed4:1214] [lib/base.php:3036] require('/home/u991737198/domains/tas2023.online/public_html/tmp/3hn69l4qoa804.1zo7dt0fljr4w.php')
Sun, 26 Jan 2025 15:41:44 -0500 [2603:9000:f801:55e2:cce9:6122:fed4:1214] [lib/base.php:3281] View->sandbox()
Sun, 26 Jan 2025 15:41:44 -0500 [2603:9000:f801:55e2:cce9:6122:fed4:1214] [tmp/3hn69l4qoa804.3h31n1yj254w8.php:7] Preview->render()
Sun, 26 Jan 2025 15:41:44 -0500 [2603:9000:f801:55e2:cce9:6122:fed4:1214] [lib/base.php:3036] require('/home/u991737198/domains/tas2023.online/public_html/tmp/3hn69l4qoa804.3h31n1yj254w8.php')
Sun, 26 Jan 2025 15:41:44 -0500 [2603:9000:f801:55e2:cce9:6122:fed4:1214] [lib/base.php:3281] View->sandbox()
Sun, 26 Jan 2025 15:41:44 -0500 [2603:9000:f801:55e2:cce9:6122:fed4:1214] [app/controllers/Controller.php:87] Preview->render()
Sun, 26 Jan 2025 15:41:44 -0500 [2603:9000:f801:55e2:cce9:6122:fed4:1214] [lib/base.php:2078] Controller->afterroute()
Sun, 26 Jan 2025 15:41:44 -0500 [2603:9000:f801:55e2:cce9:6122:fed4:1214] [lib/base.php:1871] Base->call()
Sun, 26 Jan 2025 15:41:44 -0500 [2603:9000:f801:55e2:cce9:6122:fed4:1214] [index.php:19] Base->run()
Sun, 26 Jan 2025 15:41:53 -0500 [2603:9000:f801:55e2:cce9:6122:fed4:1214] 500: Undefined variable $entity_num trace: [tmp/3hn69l4qoa804.1zo7dt0fljr4w.php:200]
Sun, 26 Jan 2025 15:41:53 -0500 [2603:9000:f801:55e2:cce9:6122:fed4:1214] [tmp/3hn69l4qoa804.1zo7dt0fljr4w.php:200] Base->{closure}()
Sun, 26 Jan 2025 15:41:53 -0500 [2603:9000:f801:55e2:cce9:6122:fed4:1214] [lib/base.php:3036] require('/home/u991737198/domains/tas2023.online/public_html/tmp/3hn69l4qoa804.1zo7dt0fljr4w.php')
Sun, 26 Jan 2025 15:41:53 -0500 [2603:9000:f801:55e2:cce9:6122:fed4:1214] [lib/base.php:3281] View->sandbox()
Sun, 26 Jan 2025 15:41:53 -0500 [2603:9000:f801:55e2:cce9:6122:fed4:1214] [tmp/3hn69l4qoa804.3h31n1yj254w8.php:7] Preview->render()
Sun, 26 Jan 2025 15:41:53 -0500 [2603:9000:f801:55e2:cce9:6122:fed4:1214] [lib/base.php:3036] require('/home/u991737198/domains/tas2023.online/public_html/tmp/3hn69l4qoa804.3h31n1yj254w8.php')
Sun, 26 Jan 2025 15:41:53 -0500 [2603:9000:f801:55e2:cce9:6122:fed4:1214] [lib/base.php:3281] View->sandbox()
Sun, 26 Jan 2025 15:41:53 -0500 [2603:9000:f801:55e2:cce9:6122:fed4:1214] [app/controllers/Controller.php:87] Preview->render()
Sun, 26 Jan 2025 15:41:53 -0500 [2603:9000:f801:55e2:cce9:6122:fed4:1214] [lib/base.php:2078] Controller->afterroute()
Sun, 26 Jan 2025 15:41:53 -0500 [2603:9000:f801:55e2:cce9:6122:fed4:1214] [lib/base.php:1871] Base->call()
Sun, 26 Jan 2025 15:41:53 -0500 [2603:9000:f801:55e2:cce9:6122:fed4:1214] [index.php:19] Base->run()
Sun, 26 Jan 2025 15:41:56 -0500 [2603:9000:f801:55e2:cce9:6122:fed4:1214] 500: Undefined variable $q trace: [/home/u991737198/domains/tas2023.online/public_html/tmp/3hn69l4qoa804.9b9764piwerh.php:127]
Sun, 26 Jan 2025 15:41:56 -0500 [2603:9000:f801:55e2:cce9:6122:fed4:1214] [/home/u991737198/domains/tas2023.online/public_html/tmp/3hn69l4qoa804.9b9764piwerh.php:127] Base->{closure}()
Sun, 26 Jan 2025 15:41:56 -0500 [2603:9000:f801:55e2:cce9:6122:fed4:1214] [/home/u991737198/domains/tas2023.online/public_html/lib/base.php:3036] require('/home/u991737198/domains/tas2023.online/public_html/tmp/3hn69l4qoa804.9b9764piwerh.php')
Sun, 26 Jan 2025 15:41:56 -0500 [2603:9000:f801:55e2:cce9:6122:fed4:1214] [/home/u991737198/domains/tas2023.online/public_html/lib/base.php:3281] View->sandbox()
Sun, 26 Jan 2025 15:41:56 -0500 [2603:9000:f801:55e2:cce9:6122:fed4:1214] [/home/u991737198/domains/tas2023.online/public_html/tmp/3hn69l4qoa804.3h31n1yj254w8.php:7] Preview->render()
Sun, 26 Jan 2025 15:41:56 -0500 [2603:9000:f801:55e2:cce9:6122:fed4:1214] [/home/u991737198/domains/tas2023.online/public_html/lib/base.php:3036] require('/home/u991737198/domains/tas2023.online/public_html/tmp/3hn69l4qoa804.3h31n1yj254w8.php')
Sun, 26 Jan 2025 15:41:56 -0500 [2603:9000:f801:55e2:cce9:6122:fed4:1214] [/home/u991737198/domains/tas2023.online/public_html/lib/base.php:3281] View->sandbox()
Sun, 26 Jan 2025 15:41:56 -0500 [2603:9000:f801:55e2:cce9:6122:fed4:1214] [/home/u991737198/domains/tas2023.online/public_html/app/controllers/Controller.php:87] Preview->render()
Sun, 26 Jan 2025 15:41:56 -0500 [2603:9000:f801:55e2:cce9:6122:fed4:1214] [/home/u991737198/domains/tas2023.online/public_html/lib/base.php:2078] Controller->afterroute()
Sun, 26 Jan 2025 15:41:56 -0500 [2603:9000:f801:55e2:cce9:6122:fed4:1214] [/home/u991737198/domains/tas2023.online/public_html/lib/base.php:1871] Base->call()
Sun, 26 Jan 2025 15:41:56 -0500 [2603:9000:f801:55e2:cce9:6122:fed4:1214] [/home/u991737198/domains/tas2023.online/public_html/index.php:19] Base->run()
Sun, 26 Jan 2025 15:43:05 -0500 [71.44.157.206] 500: Undefined variable $entity_num trace: [tmp/3hn69l4qoa804.1zo7dt0fljr4w.php:200]
Sun, 26 Jan 2025 15:43:05 -0500 [71.44.157.206] [tmp/3hn69l4qoa804.1zo7dt0fljr4w.php:200] Base->{closure}()
Sun, 26 Jan 2025 15:43:05 -0500 [71.44.157.206] [lib/base.php:3036] require('/home/u991737198/domains/tas2023.online/public_html/tmp/3hn69l4qoa804.1zo7dt0fljr4w.php')
Sun, 26 Jan 2025 15:43:05 -0500 [71.44.157.206] [lib/base.php:3281] View->sandbox()
Sun, 26 Jan 2025 15:43:05 -0500 [71.44.157.206] [tmp/3hn69l4qoa804.3h31n1yj254w8.php:7] Preview->render()
Sun, 26 Jan 2025 15:43:05 -0500 [71.44.157.206] [lib/base.php:3036] require('/home/u991737198/domains/tas2023.online/public_html/tmp/3hn69l4qoa804.3h31n1yj254w8.php')
Sun, 26 Jan 2025 15:43:05 -0500 [71.44.157.206] [lib/base.php:3281] View->sandbox()
Sun, 26 Jan 2025 15:43:05 -0500 [71.44.157.206] [app/controllers/Controller.php:87] Preview->render()
Sun, 26 Jan 2025 15:43:05 -0500 [71.44.157.206] [lib/base.php:2078] Controller->afterroute()
Sun, 26 Jan 2025 15:43:05 -0500 [71.44.157.206] [lib/base.php:1871] Base->call()
Sun, 26 Jan 2025 15:43:05 -0500 [71.44.157.206] [index.php:19] Base->run()
Sun, 26 Jan 2025 15:43:12 -0500 [71.44.157.206] 500: Undefined variable $entity_num trace: [tmp/3hn69l4qoa804.1zo7dt0fljr4w.php:200]
Sun, 26 Jan 2025 15:43:12 -0500 [71.44.157.206] [tmp/3hn69l4qoa804.1zo7dt0fljr4w.php:200] Base->{closure}()
Sun, 26 Jan 2025 15:43:12 -0500 [71.44.157.206] [lib/base.php:3036] require('/home/u991737198/domains/tas2023.online/public_html/tmp/3hn69l4qoa804.1zo7dt0fljr4w.php')
Sun, 26 Jan 2025 15:43:12 -0500 [71.44.157.206] [lib/base.php:3281] View->sandbox()
Sun, 26 Jan 2025 15:43:12 -0500 [71.44.157.206] [tmp/3hn69l4qoa804.3h31n1yj254w8.php:7] Preview->render()
Sun, 26 Jan 2025 15:43:12 -0500 [71.44.157.206] [lib/base.php:3036] require('/home/u991737198/domains/tas2023.online/public_html/tmp/3hn69l4qoa804.3h31n1yj254w8.php')
Sun, 26 Jan 2025 15:43:12 -0500 [71.44.157.206] [lib/base.php:3281] View->sandbox()
Sun, 26 Jan 2025 15:43:12 -0500 [71.44.157.206] [app/controllers/Controller.php:87] Preview->render()
Sun, 26 Jan 2025 15:43:12 -0500 [71.44.157.206] [lib/base.php:2078] Controller->afterroute()
Sun, 26 Jan 2025 15:43:12 -0500 [71.44.157.206] [lib/base.php:1871] Base->call()
Sun, 26 Jan 2025 15:43:12 -0500 [71.44.157.206] [index.php:19] Base->run()
Sun, 26 Jan 2025 15:43:17 -0500 [71.44.157.206] 500: Undefined variable $q trace: [/home/u991737198/domains/tas2023.online/public_html/tmp/3hn69l4qoa804.9b9764piwerh.php:127]
Sun, 26 Jan 2025 15:43:17 -0500 [71.44.157.206] [/home/u991737198/domains/tas2023.online/public_html/tmp/3hn69l4qoa804.9b9764piwerh.php:127] Base->{closure}()
Sun, 26 Jan 2025 15:43:17 -0500 [71.44.157.206] [/home/u991737198/domains/tas2023.online/public_html/lib/base.php:3036] require('/home/u991737198/domains/tas2023.online/public_html/tmp/3hn69l4qoa804.9b9764piwerh.php')
Sun, 26 Jan 2025 15:43:17 -0500 [71.44.157.206] [/home/u991737198/domains/tas2023.online/public_html/lib/base.php:3281] View->sandbox()
Sun, 26 Jan 2025 15:43:17 -0500 [71.44.157.206] [/home/u991737198/domains/tas2023.online/public_html/tmp/3hn69l4qoa804.3h31n1yj254w8.php:7] Preview->render()
Sun, 26 Jan 2025 15:43:17 -0500 [71.44.157.206] [/home/u991737198/domains/tas2023.online/public_html/lib/base.php:3036] require('/home/u991737198/domains/tas2023.online/public_html/tmp/3hn69l4qoa804.3h31n1yj254w8.php')
Sun, 26 Jan 2025 15:43:17 -0500 [71.44.157.206] [/home/u991737198/domains/tas2023.online/public_html/lib/base.php:3281] View->sandbox()
Sun, 26 Jan 2025 15:43:17 -0500 [71.44.157.206] [/home/u991737198/domains/tas2023.online/public_html/app/controllers/Controller.php:87] Preview->render()
Sun, 26 Jan 2025 15:43:17 -0500 [71.44.157.206] [/home/u991737198/domains/tas2023.online/public_html/lib/base.php:2078] Controller->afterroute()
Sun, 26 Jan 2025 15:43:17 -0500 [71.44.157.206] [/home/u991737198/domains/tas2023.online/public_html/lib/base.php:1871] Base->call()
Sun, 26 Jan 2025 15:43:17 -0500 [71.44.157.206] [/home/u991737198/domains/tas2023.online/public_html/index.php:19] Base->run()
Sun, 26 Jan 2025 15:47:15 -0500 [2603:9000:f801:55e2:cce9:6122:fed4:1214] 500: Undefined variable $entity_num trace: [tmp/3hn69l4qoa804.1zo7dt0fljr4w.php:200]
Sun, 26 Jan 2025 15:47:15 -0500 [2603:9000:f801:55e2:cce9:6122:fed4:1214] [tmp/3hn69l4qoa804.1zo7dt0fljr4w.php:200] Base->{closure}()
Sun, 26 Jan 2025 15:47:15 -0500 [2603:9000:f801:55e2:cce9:6122:fed4:1214] [lib/base.php:3036] require('/home/u991737198/domains/tas2023.online/public_html/tmp/3hn69l4qoa804.1zo7dt0fljr4w.php')
Sun, 26 Jan 2025 15:47:15 -0500 [2603:9000:f801:55e2:cce9:6122:fed4:1214] [lib/base.php:3281] View->sandbox()
Sun, 26 Jan 2025 15:47:15 -0500 [2603:9000:f801:55e2:cce9:6122:fed4:1214] [tmp/3hn69l4qoa804.3h31n1yj254w8.php:7] Preview->render()
Sun, 26 Jan 2025 15:47:15 -0500 [2603:9000:f801:55e2:cce9:6122:fed4:1214] [lib/base.php:3036] require('/home/u991737198/domains/tas2023.online/public_html/tmp/3hn69l4qoa804.3h31n1yj254w8.php')
Sun, 26 Jan 2025 15:47:15 -0500 [2603:9000:f801:55e2:cce9:6122:fed4:1214] [lib/base.php:3281] View->sandbox()
Sun, 26 Jan 2025 15:47:15 -0500 [2603:9000:f801:55e2:cce9:6122:fed4:1214] [app/controllers/Controller.php:87] Preview->render()
Sun, 26 Jan 2025 15:47:15 -0500 [2603:9000:f801:55e2:cce9:6122:fed4:1214] [lib/base.php:2078] Controller->afterroute()
Sun, 26 Jan 2025 15:47:15 -0500 [2603:9000:f801:55e2:cce9:6122:fed4:1214] [lib/base.php:1871] Base->call()
Sun, 26 Jan 2025 15:47:15 -0500 [2603:9000:f801:55e2:cce9:6122:fed4:1214] [index.php:19] Base->run()
Sun, 26 Jan 2025 15:47:25 -0500 [2603:9000:f801:55e2:cce9:6122:fed4:1214] 500: Undefined variable $entity_num trace: [tmp/3hn69l4qoa804.1zo7dt0fljr4w.php:200]
Sun, 26 Jan 2025 15:47:25 -0500 [2603:9000:f801:55e2:cce9:6122:fed4:1214] [tmp/3hn69l4qoa804.1zo7dt0fljr4w.php:200] Base->{closure}()
Sun, 26 Jan 2025 15:47:25 -0500 [2603:9000:f801:55e2:cce9:6122:fed4:1214] [lib/base.php:3036] require('/home/u991737198/domains/tas2023.online/public_html/tmp/3hn69l4qoa804.1zo7dt0fljr4w.php')
Sun, 26 Jan 2025 15:47:25 -0500 [2603:9000:f801:55e2:cce9:6122:fed4:1214] [lib/base.php:3281] View->sandbox()
Sun, 26 Jan 2025 15:47:25 -0500 [2603:9000:f801:55e2:cce9:6122:fed4:1214] [tmp/3hn69l4qoa804.3h31n1yj254w8.php:7] Preview->render()
Sun, 26 Jan 2025 15:47:25 -0500 [2603:9000:f801:55e2:cce9:6122:fed4:1214] [lib/base.php:3036] require('/home/u991737198/domains/tas2023.online/public_html/tmp/3hn69l4qoa804.3h31n1yj254w8.php')
Sun, 26 Jan 2025 15:47:25 -0500 [2603:9000:f801:55e2:cce9:6122:fed4:1214] [lib/base.php:3281] View->sandbox()
Sun, 26 Jan 2025 15:47:25 -0500 [2603:9000:f801:55e2:cce9:6122:fed4:1214] [app/controllers/Controller.php:87] Preview->render()
Sun, 26 Jan 2025 15:47:25 -0500 [2603:9000:f801:55e2:cce9:6122:fed4:1214] [lib/base.php:2078] Controller->afterroute()
Sun, 26 Jan 2025 15:47:25 -0500 [2603:9000:f801:55e2:cce9:6122:fed4:1214] [lib/base.php:1871] Base->call()
Sun, 26 Jan 2025 15:47:25 -0500 [2603:9000:f801:55e2:cce9:6122:fed4:1214] [index.php:19] Base->run()
Sun, 26 Jan 2025 15:50:18 -0500 [2603:9000:f801:55e2:cce9:6122:fed4:1214] 500: Undefined variable $token trace: [tmp/3hn69l4qoa804.2r4f9cgm96ecs.php:226]
Sun, 26 Jan 2025 15:50:18 -0500 [2603:9000:f801:55e2:cce9:6122:fed4:1214] [tmp/3hn69l4qoa804.2r4f9cgm96ecs.php:226] Base->{closure}()
Sun, 26 Jan 2025 15:50:18 -0500 [2603:9000:f801:55e2:cce9:6122:fed4:1214] [lib/base.php:3036] require('/home/u991737198/domains/tas2023.online/public_html/tmp/3hn69l4qoa804.2r4f9cgm96ecs.php')
Sun, 26 Jan 2025 15:50:18 -0500 [2603:9000:f801:55e2:cce9:6122:fed4:1214] [lib/base.php:3281] View->sandbox()
Sun, 26 Jan 2025 15:50:18 -0500 [2603:9000:f801:55e2:cce9:6122:fed4:1214] [tmp/3hn69l4qoa804.3h31n1yj254w8.php:7] Preview->render()
Sun, 26 Jan 2025 15:50:18 -0500 [2603:9000:f801:55e2:cce9:6122:fed4:1214] [lib/base.php:3036] require('/home/u991737198/domains/tas2023.online/public_html/tmp/3hn69l4qoa804.3h31n1yj254w8.php')
Sun, 26 Jan 2025 15:50:18 -0500 [2603:9000:f801:55e2:cce9:6122:fed4:1214] [lib/base.php:3281] View->sandbox()
Sun, 26 Jan 2025 15:50:18 -0500 [2603:9000:f801:55e2:cce9:6122:fed4:1214] [app/controllers/Controller.php:87] Preview->render()
Sun, 26 Jan 2025 15:50:18 -0500 [2603:9000:f801:55e2:cce9:6122:fed4:1214] [lib/base.php:2078] Controller->afterroute()
Sun, 26 Jan 2025 15:50:18 -0500 [2603:9000:f801:55e2:cce9:6122:fed4:1214] [lib/base.php:1871] Base->call()
Sun, 26 Jan 2025 15:50:18 -0500 [2603:9000:f801:55e2:cce9:6122:fed4:1214] [index.php:19] Base->run()
Sun, 26 Jan 2025 15:53:33 -0500 [2603:9000:f801:55e2:cce9:6122:fed4:1214] 500: Undefined variable $i18n_select_task_type trace: [/home/u991737198/domains/tas2023.online/public_html/tmp/3hn69l4qoa804.9b9764piwerh.php:214]
Sun, 26 Jan 2025 15:53:33 -0500 [2603:9000:f801:55e2:cce9:6122:fed4:1214] [/home/u991737198/domains/tas2023.online/public_html/tmp/3hn69l4qoa804.9b9764piwerh.php:214] Base->{closure}()
Sun, 26 Jan 2025 15:53:33 -0500 [2603:9000:f801:55e2:cce9:6122:fed4:1214] [/home/u991737198/domains/tas2023.online/public_html/lib/base.php:3036] require('/home/u991737198/domains/tas2023.online/public_html/tmp/3hn69l4qoa804.9b9764piwerh.php')
Sun, 26 Jan 2025 15:53:33 -0500 [2603:9000:f801:55e2:cce9:6122:fed4:1214] [/home/u991737198/domains/tas2023.online/public_html/lib/base.php:3281] View->sandbox()
Sun, 26 Jan 2025 15:53:33 -0500 [2603:9000:f801:55e2:cce9:6122:fed4:1214] [/home/u991737198/domains/tas2023.online/public_html/tmp/3hn69l4qoa804.3h31n1yj254w8.php:7] Preview->render()
Sun, 26 Jan 2025 15:53:33 -0500 [2603:9000:f801:55e2:cce9:6122:fed4:1214] [/home/u991737198/domains/tas2023.online/public_html/lib/base.php:3036] require('/home/u991737198/domains/tas2023.online/public_html/tmp/3hn69l4qoa804.3h31n1yj254w8.php')
Sun, 26 Jan 2025 15:53:33 -0500 [2603:9000:f801:55e2:cce9:6122:fed4:1214] [/home/u991737198/domains/tas2023.online/public_html/lib/base.php:3281] View->sandbox()
Sun, 26 Jan 2025 15:53:33 -0500 [2603:9000:f801:55e2:cce9:6122:fed4:1214] [/home/u991737198/domains/tas2023.online/public_html/app/controllers/Controller.php:87] Preview->render()
Sun, 26 Jan 2025 15:53:33 -0500 [2603:9000:f801:55e2:cce9:6122:fed4:1214] [/home/u991737198/domains/tas2023.online/public_html/lib/base.php:2078] Controller->afterroute()
Sun, 26 Jan 2025 15:53:33 -0500 [2603:9000:f801:55e2:cce9:6122:fed4:1214] [/home/u991737198/domains/tas2023.online/public_html/lib/base.php:1871] Base->call()
Sun, 26 Jan 2025 15:53:33 -0500 [2603:9000:f801:55e2:cce9:6122:fed4:1214] [/home/u991737198/domains/tas2023.online/public_html/index.php:19] Base->run()
Sun, 26 Jan 2025 16:40:13 -0500 [2603:9000:f801:55e2:cce9:6122:fed4:1214] 500: Undefined variable $entity_num trace: [tmp/3hn69l4qoa804.1zo7dt0fljr4w.php:200]
Sun, 26 Jan 2025 16:40:13 -0500 [2603:9000:f801:55e2:cce9:6122:fed4:1214] [tmp/3hn69l4qoa804.1zo7dt0fljr4w.php:200] Base->{closure}()
Sun, 26 Jan 2025 16:40:13 -0500 [2603:9000:f801:55e2:cce9:6122:fed4:1214] [lib/base.php:3036] require('/home/u991737198/domains/tas2023.online/public_html/tmp/3hn69l4qoa804.1zo7dt0fljr4w.php')
Sun, 26 Jan 2025 16:40:13 -0500 [2603:9000:f801:55e2:cce9:6122:fed4:1214] [lib/base.php:3281] View->sandbox()
Sun, 26 Jan 2025 16:40:13 -0500 [2603:9000:f801:55e2:cce9:6122:fed4:1214] [tmp/3hn69l4qoa804.3h31n1yj254w8.php:7] Preview->render()
Sun, 26 Jan 2025 16:40:13 -0500 [2603:9000:f801:55e2:cce9:6122:fed4:1214] [lib/base.php:3036] require('/home/u991737198/domains/tas2023.online/public_html/tmp/3hn69l4qoa804.3h31n1yj254w8.php')
Sun, 26 Jan 2025 16:40:13 -0500 [2603:9000:f801:55e2:cce9:6122:fed4:1214] [lib/base.php:3281] View->sandbox()
Sun, 26 Jan 2025 16:40:13 -0500 [2603:9000:f801:55e2:cce9:6122:fed4:1214] [app/controllers/Controller.php:87] Preview->render()
Sun, 26 Jan 2025 16:40:13 -0500 [2603:9000:f801:55e2:cce9:6122:fed4:1214] [lib/base.php:2078] Controller->afterroute()
Sun, 26 Jan 2025 16:40:13 -0500 [2603:9000:f801:55e2:cce9:6122:fed4:1214] [lib/base.php:1871] Base->call()
Sun, 26 Jan 2025 16:40:13 -0500 [2603:9000:f801:55e2:cce9:6122:fed4:1214] [index.php:19] Base->run()
Sun, 26 Jan 2025 16:40:16 -0500 [2603:9000:f801:55e2:cce9:6122:fed4:1214] 500: Undefined variable $token trace: [tmp/3hn69l4qoa804.2r4f9cgm96ecs.php:226]
Sun, 26 Jan 2025 16:40:16 -0500 [2603:9000:f801:55e2:cce9:6122:fed4:1214] [tmp/3hn69l4qoa804.2r4f9cgm96ecs.php:226] Base->{closure}()
Sun, 26 Jan 2025 16:40:16 -0500 [2603:9000:f801:55e2:cce9:6122:fed4:1214] [lib/base.php:3036] require('/home/u991737198/domains/tas2023.online/public_html/tmp/3hn69l4qoa804.2r4f9cgm96ecs.php')
Sun, 26 Jan 2025 16:40:16 -0500 [2603:9000:f801:55e2:cce9:6122:fed4:1214] [lib/base.php:3281] View->sandbox()
Sun, 26 Jan 2025 16:40:16 -0500 [2603:9000:f801:55e2:cce9:6122:fed4:1214] [tmp/3hn69l4qoa804.3h31n1yj254w8.php:7] Preview->render()
Sun, 26 Jan 2025 16:40:16 -0500 [2603:9000:f801:55e2:cce9:6122:fed4:1214] [lib/base.php:3036] require('/home/u991737198/domains/tas2023.online/public_html/tmp/3hn69l4qoa804.3h31n1yj254w8.php')
Sun, 26 Jan 2025 16:40:16 -0500 [2603:9000:f801:55e2:cce9:6122:fed4:1214] [lib/base.php:3281] View->sandbox()
Sun, 26 Jan 2025 16:40:16 -0500 [2603:9000:f801:55e2:cce9:6122:fed4:1214] [app/controllers/Controller.php:87] Preview->render()
Sun, 26 Jan 2025 16:40:16 -0500 [2603:9000:f801:55e2:cce9:6122:fed4:1214] [lib/base.php:2078] Controller->afterroute()
Sun, 26 Jan 2025 16:40:16 -0500 [2603:9000:f801:55e2:cce9:6122:fed4:1214] [lib/base.php:1871] Base->call()
Sun, 26 Jan 2025 16:40:16 -0500 [2603:9000:f801:55e2:cce9:6122:fed4:1214] [index.php:19] Base->run()
Sun, 26 Jan 2025 16:40:18 -0500 [2603:9000:f801:55e2:cce9:6122:fed4:1214] 500: Undefined variable $modal trace: [tmp/3hn69l4qoa804.s6y49d7myqde.php:84]
Sun, 26 Jan 2025 16:40:18 -0500 [2603:9000:f801:55e2:cce9:6122:fed4:1214] [tmp/3hn69l4qoa804.s6y49d7myqde.php:84] Base->{closure}()
Sun, 26 Jan 2025 16:40:18 -0500 [2603:9000:f801:55e2:cce9:6122:fed4:1214] [lib/base.php:3036] require('/home/u991737198/domains/tas2023.online/public_html/tmp/3hn69l4qoa804.s6y49d7myqde.php')
Sun, 26 Jan 2025 16:40:18 -0500 [2603:9000:f801:55e2:cce9:6122:fed4:1214] [lib/base.php:3281] View->sandbox()
Sun, 26 Jan 2025 16:40:18 -0500 [2603:9000:f801:55e2:cce9:6122:fed4:1214] [tmp/3hn69l4qoa804.3h31n1yj254w8.php:7] Preview->render()
Sun, 26 Jan 2025 16:40:18 -0500 [2603:9000:f801:55e2:cce9:6122:fed4:1214] [lib/base.php:3036] require('/home/u991737198/domains/tas2023.online/public_html/tmp/3hn69l4qoa804.3h31n1yj254w8.php')
Sun, 26 Jan 2025 16:40:18 -0500 [2603:9000:f801:55e2:cce9:6122:fed4:1214] [lib/base.php:3281] View->sandbox()
Sun, 26 Jan 2025 16:40:18 -0500 [2603:9000:f801:55e2:cce9:6122:fed4:1214] [app/controllers/Controller.php:87] Preview->render()
Sun, 26 Jan 2025 16:40:18 -0500 [2603:9000:f801:55e2:cce9:6122:fed4:1214] [lib/base.php:2078] Controller->afterroute()
Sun, 26 Jan 2025 16:40:18 -0500 [2603:9000:f801:55e2:cce9:6122:fed4:1214] [lib/base.php:1871] Base->call()
Sun, 26 Jan 2025 16:40:18 -0500 [2603:9000:f801:55e2:cce9:6122:fed4:1214] [index.php:19] Base->run()
Sun, 26 Jan 2025 16:54:27 -0500 [2603:9000:f801:55e2:cce9:6122:fed4:1214] 500: Undefined variable $entity_num trace: [tmp/3hn69l4qoa804.1zo7dt0fljr4w.php:200]
Sun, 26 Jan 2025 16:54:27 -0500 [2603:9000:f801:55e2:cce9:6122:fed4:1214] [tmp/3hn69l4qoa804.1zo7dt0fljr4w.php:200] Base->{closure}()
Sun, 26 Jan 2025 16:54:27 -0500 [2603:9000:f801:55e2:cce9:6122:fed4:1214] [lib/base.php:3036] require('/home/u991737198/domains/tas2023.online/public_html/tmp/3hn69l4qoa804.1zo7dt0fljr4w.php')
Sun, 26 Jan 2025 16:54:27 -0500 [2603:9000:f801:55e2:cce9:6122:fed4:1214] [lib/base.php:3281] View->sandbox()
Sun, 26 Jan 2025 16:54:27 -0500 [2603:9000:f801:55e2:cce9:6122:fed4:1214] [tmp/3hn69l4qoa804.3h31n1yj254w8.php:7] Preview->render()
Sun, 26 Jan 2025 16:54:27 -0500 [2603:9000:f801:55e2:cce9:6122:fed4:1214] [lib/base.php:3036] require('/home/u991737198/domains/tas2023.online/public_html/tmp/3hn69l4qoa804.3h31n1yj254w8.php')
Sun, 26 Jan 2025 16:54:27 -0500 [2603:9000:f801:55e2:cce9:6122:fed4:1214] [lib/base.php:3281] View->sandbox()
Sun, 26 Jan 2025 16:54:27 -0500 [2603:9000:f801:55e2:cce9:6122:fed4:1214] [app/controllers/Controller.php:87] Preview->render()
Sun, 26 Jan 2025 16:54:27 -0500 [2603:9000:f801:55e2:cce9:6122:fed4:1214] [lib/base.php:2078] Controller->afterroute()
Sun, 26 Jan 2025 16:54:27 -0500 [2603:9000:f801:55e2:cce9:6122:fed4:1214] [lib/base.php:1871] Base->call()
Sun, 26 Jan 2025 16:54:27 -0500 [2603:9000:f801:55e2:cce9:6122:fed4:1214] [index.php:19] Base->run()
Sun, 26 Jan 2025 16:54:29 -0500 [2603:9000:f801:55e2:cce9:6122:fed4:1214] 500: Undefined variable $token trace: [tmp/3hn69l4qoa804.2r4f9cgm96ecs.php:226]
Sun, 26 Jan 2025 16:54:29 -0500 [2603:9000:f801:55e2:cce9:6122:fed4:1214] [tmp/3hn69l4qoa804.2r4f9cgm96ecs.php:226] Base->{closure}()
Sun, 26 Jan 2025 16:54:29 -0500 [2603:9000:f801:55e2:cce9:6122:fed4:1214] [lib/base.php:3036] require('/home/u991737198/domains/tas2023.online/public_html/tmp/3hn69l4qoa804.2r4f9cgm96ecs.php')
Sun, 26 Jan 2025 16:54:29 -0500 [2603:9000:f801:55e2:cce9:6122:fed4:1214] [lib/base.php:3281] View->sandbox()
Sun, 26 Jan 2025 16:54:29 -0500 [2603:9000:f801:55e2:cce9:6122:fed4:1214] [tmp/3hn69l4qoa804.3h31n1yj254w8.php:7] Preview->render()
Sun, 26 Jan 2025 16:54:29 -0500 [2603:9000:f801:55e2:cce9:6122:fed4:1214] [lib/base.php:3036] require('/home/u991737198/domains/tas2023.online/public_html/tmp/3hn69l4qoa804.3h31n1yj254w8.php')
Sun, 26 Jan 2025 16:54:29 -0500 [2603:9000:f801:55e2:cce9:6122:fed4:1214] [lib/base.php:3281] View->sandbox()
Sun, 26 Jan 2025 16:54:29 -0500 [2603:9000:f801:55e2:cce9:6122:fed4:1214] [app/controllers/Controller.php:87] Preview->render()
Sun, 26 Jan 2025 16:54:29 -0500 [2603:9000:f801:55e2:cce9:6122:fed4:1214] [lib/base.php:2078] Controller->afterroute()
Sun, 26 Jan 2025 16:54:29 -0500 [2603:9000:f801:55e2:cce9:6122:fed4:1214] [lib/base.php:1871] Base->call()
Sun, 26 Jan 2025 16:54:29 -0500 [2603:9000:f801:55e2:cce9:6122:fed4:1214] [index.php:19] Base->run()
Sun, 26 Jan 2025 16:54:33 -0500 [2603:9000:f801:55e2:cce9:6122:fed4:1214] 500: Undefined variable $token trace: [tmp/3hn69l4qoa804.2r4f9cgm96ecs.php:226]
Sun, 26 Jan 2025 16:54:33 -0500 [2603:9000:f801:55e2:cce9:6122:fed4:1214] [tmp/3hn69l4qoa804.2r4f9cgm96ecs.php:226] Base->{closure}()
Sun, 26 Jan 2025 16:54:33 -0500 [2603:9000:f801:55e2:cce9:6122:fed4:1214] [lib/base.php:3036] require('/home/u991737198/domains/tas2023.online/public_html/tmp/3hn69l4qoa804.2r4f9cgm96ecs.php')
Sun, 26 Jan 2025 16:54:33 -0500 [2603:9000:f801:55e2:cce9:6122:fed4:1214] [lib/base.php:3281] View->sandbox()
Sun, 26 Jan 2025 16:54:33 -0500 [2603:9000:f801:55e2:cce9:6122:fed4:1214] [tmp/3hn69l4qoa804.3h31n1yj254w8.php:7] Preview->render()
Sun, 26 Jan 2025 16:54:33 -0500 [2603:9000:f801:55e2:cce9:6122:fed4:1214] [lib/base.php:3036] require('/home/u991737198/domains/tas2023.online/public_html/tmp/3hn69l4qoa804.3h31n1yj254w8.php')
Sun, 26 Jan 2025 16:54:33 -0500 [2603:9000:f801:55e2:cce9:6122:fed4:1214] [lib/base.php:3281] View->sandbox()
Sun, 26 Jan 2025 16:54:33 -0500 [2603:9000:f801:55e2:cce9:6122:fed4:1214] [app/controllers/Controller.php:87] Preview->render()
Sun, 26 Jan 2025 16:54:33 -0500 [2603:9000:f801:55e2:cce9:6122:fed4:1214] [lib/base.php:2078] Controller->afterroute()
Sun, 26 Jan 2025 16:54:33 -0500 [2603:9000:f801:55e2:cce9:6122:fed4:1214] [lib/base.php:1871] Base->call()
Sun, 26 Jan 2025 16:54:33 -0500 [2603:9000:f801:55e2:cce9:6122:fed4:1214] [index.php:19] Base->run()
Sun, 26 Jan 2025 16:54:35 -0500 [2603:9000:f801:55e2:cce9:6122:fed4:1214] 500: Undefined variable $modal trace: [tmp/3hn69l4qoa804.s6y49d7myqde.php:84]
Sun, 26 Jan 2025 16:54:35 -0500 [2603:9000:f801:55e2:cce9:6122:fed4:1214] [tmp/3hn69l4qoa804.s6y49d7myqde.php:84] Base->{closure}()
Sun, 26 Jan 2025 16:54:35 -0500 [2603:9000:f801:55e2:cce9:6122:fed4:1214] [lib/base.php:3036] require('/home/u991737198/domains/tas2023.online/public_html/tmp/3hn69l4qoa804.s6y49d7myqde.php')
Sun, 26 Jan 2025 16:54:35 -0500 [2603:9000:f801:55e2:cce9:6122:fed4:1214] [lib/base.php:3281] View->sandbox()
Sun, 26 Jan 2025 16:54:35 -0500 [2603:9000:f801:55e2:cce9:6122:fed4:1214] [tmp/3hn69l4qoa804.3h31n1yj254w8.php:7] Preview->render()
Sun, 26 Jan 2025 16:54:35 -0500 [2603:9000:f801:55e2:cce9:6122:fed4:1214] [lib/base.php:3036] require('/home/u991737198/domains/tas2023.online/public_html/tmp/3hn69l4qoa804.3h31n1yj254w8.php')
Sun, 26 Jan 2025 16:54:35 -0500 [2603:9000:f801:55e2:cce9:6122:fed4:1214] [lib/base.php:3281] View->sandbox()
Sun, 26 Jan 2025 16:54:35 -0500 [2603:9000:f801:55e2:cce9:6122:fed4:1214] [app/controllers/Controller.php:87] Preview->render()
Sun, 26 Jan 2025 16:54:35 -0500 [2603:9000:f801:55e2:cce9:6122:fed4:1214] [lib/base.php:2078] Controller->afterroute()
Sun, 26 Jan 2025 16:54:35 -0500 [2603:9000:f801:55e2:cce9:6122:fed4:1214] [lib/base.php:1871] Base->call()
Sun, 26 Jan 2025 16:54:35 -0500 [2603:9000:f801:55e2:cce9:6122:fed4:1214] [index.php:19] Base->run()
Sun, 26 Jan 2025 16:54:46 -0500 [2603:9000:f801:55e2:cce9:6122:fed4:1214] 500: Undefined variable $token trace: [tmp/3hn69l4qoa804.2r4f9cgm96ecs.php:226]
Sun, 26 Jan 2025 16:54:46 -0500 [2603:9000:f801:55e2:cce9:6122:fed4:1214] [tmp/3hn69l4qoa804.2r4f9cgm96ecs.php:226] Base->{closure}()
Sun, 26 Jan 2025 16:54:46 -0500 [2603:9000:f801:55e2:cce9:6122:fed4:1214] [lib/base.php:3036] require('/home/u991737198/domains/tas2023.online/public_html/tmp/3hn69l4qoa804.2r4f9cgm96ecs.php')
Sun, 26 Jan 2025 16:54:46 -0500 [2603:9000:f801:55e2:cce9:6122:fed4:1214] [lib/base.php:3281] View->sandbox()
Sun, 26 Jan 2025 16:54:46 -0500 [2603:9000:f801:55e2:cce9:6122:fed4:1214] [tmp/3hn69l4qoa804.3h31n1yj254w8.php:7] Preview->render()
Sun, 26 Jan 2025 16:54:46 -0500 [2603:9000:f801:55e2:cce9:6122:fed4:1214] [lib/base.php:3036] require('/home/u991737198/domains/tas2023.online/public_html/tmp/3hn69l4qoa804.3h31n1yj254w8.php')
Sun, 26 Jan 2025 16:54:46 -0500 [2603:9000:f801:55e2:cce9:6122:fed4:1214] [lib/base.php:3281] View->sandbox()
Sun, 26 Jan 2025 16:54:46 -0500 [2603:9000:f801:55e2:cce9:6122:fed4:1214] [app/controllers/Controller.php:87] Preview->render()
Sun, 26 Jan 2025 16:54:46 -0500 [2603:9000:f801:55e2:cce9:6122:fed4:1214] [lib/base.php:2078] Controller->afterroute()
Sun, 26 Jan 2025 16:54:46 -0500 [2603:9000:f801:55e2:cce9:6122:fed4:1214] [lib/base.php:1871] Base->call()
Sun, 26 Jan 2025 16:54:46 -0500 [2603:9000:f801:55e2:cce9:6122:fed4:1214] [index.php:19] Base->run()
Sun, 26 Jan 2025 17:11:46 -0500 [2603:9000:f801:55e2:cce9:6122:fed4:1214] 500: Undefined variable $entity_num trace: [tmp/3hn69l4qoa804.1zo7dt0fljr4w.php:200]
Sun, 26 Jan 2025 17:11:46 -0500 [2603:9000:f801:55e2:cce9:6122:fed4:1214] [tmp/3hn69l4qoa804.1zo7dt0fljr4w.php:200] Base->{closure}()
Sun, 26 Jan 2025 17:11:46 -0500 [2603:9000:f801:55e2:cce9:6122:fed4:1214] [lib/base.php:3036] require('/home/u991737198/domains/tas2023.online/public_html/tmp/3hn69l4qoa804.1zo7dt0fljr4w.php')
Sun, 26 Jan 2025 17:11:46 -0500 [2603:9000:f801:55e2:cce9:6122:fed4:1214] [lib/base.php:3281] View->sandbox()
Sun, 26 Jan 2025 17:11:46 -0500 [2603:9000:f801:55e2:cce9:6122:fed4:1214] [tmp/3hn69l4qoa804.3h31n1yj254w8.php:7] Preview->render()
Sun, 26 Jan 2025 17:11:46 -0500 [2603:9000:f801:55e2:cce9:6122:fed4:1214] [lib/base.php:3036] require('/home/u991737198/domains/tas2023.online/public_html/tmp/3hn69l4qoa804.3h31n1yj254w8.php')
Sun, 26 Jan 2025 17:11:46 -0500 [2603:9000:f801:55e2:cce9:6122:fed4:1214] [lib/base.php:3281] View->sandbox()
Sun, 26 Jan 2025 17:11:46 -0500 [2603:9000:f801:55e2:cce9:6122:fed4:1214] [app/controllers/Controller.php:87] Preview->render()
Sun, 26 Jan 2025 17:11:46 -0500 [2603:9000:f801:55e2:cce9:6122:fed4:1214] [lib/base.php:2078] Controller->afterroute()
Sun, 26 Jan 2025 17:11:46 -0500 [2603:9000:f801:55e2:cce9:6122:fed4:1214] [lib/base.php:1871] Base->call()
Sun, 26 Jan 2025 17:11:46 -0500 [2603:9000:f801:55e2:cce9:6122:fed4:1214] [index.php:19] Base->run()
Sun, 26 Jan 2025 17:11:48 -0500 [2603:9000:f801:55e2:cce9:6122:fed4:1214] 500: Undefined variable $token trace: [tmp/3hn69l4qoa804.2r4f9cgm96ecs.php:226]
Sun, 26 Jan 2025 17:11:48 -0500 [2603:9000:f801:55e2:cce9:6122:fed4:1214] [tmp/3hn69l4qoa804.2r4f9cgm96ecs.php:226] Base->{closure}()
Sun, 26 Jan 2025 17:11:48 -0500 [2603:9000:f801:55e2:cce9:6122:fed4:1214] [lib/base.php:3036] require('/home/u991737198/domains/tas2023.online/public_html/tmp/3hn69l4qoa804.2r4f9cgm96ecs.php')
Sun, 26 Jan 2025 17:11:48 -0500 [2603:9000:f801:55e2:cce9:6122:fed4:1214] [lib/base.php:3281] View->sandbox()
Sun, 26 Jan 2025 17:11:48 -0500 [2603:9000:f801:55e2:cce9:6122:fed4:1214] [tmp/3hn69l4qoa804.3h31n1yj254w8.php:7] Preview->render()
Sun, 26 Jan 2025 17:11:48 -0500 [2603:9000:f801:55e2:cce9:6122:fed4:1214] [lib/base.php:3036] require('/home/u991737198/domains/tas2023.online/public_html/tmp/3hn69l4qoa804.3h31n1yj254w8.php')
Sun, 26 Jan 2025 17:11:48 -0500 [2603:9000:f801:55e2:cce9:6122:fed4:1214] [lib/base.php:3281] View->sandbox()
Sun, 26 Jan 2025 17:11:48 -0500 [2603:9000:f801:55e2:cce9:6122:fed4:1214] [app/controllers/Controller.php:87] Preview->render()
Sun, 26 Jan 2025 17:11:48 -0500 [2603:9000:f801:55e2:cce9:6122:fed4:1214] [lib/base.php:2078] Controller->afterroute()
Sun, 26 Jan 2025 17:11:48 -0500 [2603:9000:f801:55e2:cce9:6122:fed4:1214] [lib/base.php:1871] Base->call()
Sun, 26 Jan 2025 17:11:48 -0500 [2603:9000:f801:55e2:cce9:6122:fed4:1214] [index.php:19] Base->run()
Sun, 26 Jan 2025 17:11:51 -0500 [2603:9000:f801:55e2:cce9:6122:fed4:1214] 500: Undefined variable $token trace: [tmp/3hn69l4qoa804.2r4f9cgm96ecs.php:226]
Sun, 26 Jan 2025 17:11:51 -0500 [2603:9000:f801:55e2:cce9:6122:fed4:1214] [tmp/3hn69l4qoa804.2r4f9cgm96ecs.php:226] Base->{closure}()
Sun, 26 Jan 2025 17:11:51 -0500 [2603:9000:f801:55e2:cce9:6122:fed4:1214] [lib/base.php:3036] require('/home/u991737198/domains/tas2023.online/public_html/tmp/3hn69l4qoa804.2r4f9cgm96ecs.php')
Sun, 26 Jan 2025 17:11:51 -0500 [2603:9000:f801:55e2:cce9:6122:fed4:1214] [lib/base.php:3281] View->sandbox()
Sun, 26 Jan 2025 17:11:51 -0500 [2603:9000:f801:55e2:cce9:6122:fed4:1214] [tmp/3hn69l4qoa804.3h31n1yj254w8.php:7] Preview->render()
Sun, 26 Jan 2025 17:11:51 -0500 [2603:9000:f801:55e2:cce9:6122:fed4:1214] [lib/base.php:3036] require('/home/u991737198/domains/tas2023.online/public_html/tmp/3hn69l4qoa804.3h31n1yj254w8.php')
Sun, 26 Jan 2025 17:11:51 -0500 [2603:9000:f801:55e2:cce9:6122:fed4:1214] [lib/base.php:3281] View->sandbox()
Sun, 26 Jan 2025 17:11:51 -0500 [2603:9000:f801:55e2:cce9:6122:fed4:1214] [app/controllers/Controller.php:87] Preview->render()
Sun, 26 Jan 2025 17:11:51 -0500 [2603:9000:f801:55e2:cce9:6122:fed4:1214] [lib/base.php:2078] Controller->afterroute()
Sun, 26 Jan 2025 17:11:51 -0500 [2603:9000:f801:55e2:cce9:6122:fed4:1214] [lib/base.php:1871] Base->call()
Sun, 26 Jan 2025 17:11:51 -0500 [2603:9000:f801:55e2:cce9:6122:fed4:1214] [index.php:19] Base->run()
Sun, 26 Jan 2025 17:11:53 -0500 [2603:9000:f801:55e2:cce9:6122:fed4:1214] 500: Undefined variable $modal trace: [tmp/3hn69l4qoa804.s6y49d7myqde.php:84]
Sun, 26 Jan 2025 17:11:53 -0500 [2603:9000:f801:55e2:cce9:6122:fed4:1214] [tmp/3hn69l4qoa804.s6y49d7myqde.php:84] Base->{closure}()
Sun, 26 Jan 2025 17:11:53 -0500 [2603:9000:f801:55e2:cce9:6122:fed4:1214] [lib/base.php:3036] require('/home/u991737198/domains/tas2023.online/public_html/tmp/3hn69l4qoa804.s6y49d7myqde.php')
Sun, 26 Jan 2025 17:11:53 -0500 [2603:9000:f801:55e2:cce9:6122:fed4:1214] [lib/base.php:3281] View->sandbox()
Sun, 26 Jan 2025 17:11:53 -0500 [2603:9000:f801:55e2:cce9:6122:fed4:1214] [tmp/3hn69l4qoa804.3h31n1yj254w8.php:7] Preview->render()
Sun, 26 Jan 2025 17:11:53 -0500 [2603:9000:f801:55e2:cce9:6122:fed4:1214] [lib/base.php:3036] require('/home/u991737198/domains/tas2023.online/public_html/tmp/3hn69l4qoa804.3h31n1yj254w8.php')
Sun, 26 Jan 2025 17:11:53 -0500 [2603:9000:f801:55e2:cce9:6122:fed4:1214] [lib/base.php:3281] View->sandbox()
Sun, 26 Jan 2025 17:11:53 -0500 [2603:9000:f801:55e2:cce9:6122:fed4:1214] [app/controllers/Controller.php:87] Preview->render()
Sun, 26 Jan 2025 17:11:53 -0500 [2603:9000:f801:55e2:cce9:6122:fed4:1214] [lib/base.php:2078] Controller->afterroute()
Sun, 26 Jan 2025 17:11:53 -0500 [2603:9000:f801:55e2:cce9:6122:fed4:1214] [lib/base.php:1871] Base->call()
Sun, 26 Jan 2025 17:11:53 -0500 [2603:9000:f801:55e2:cce9:6122:fed4:1214] [index.php:19] Base->run()
Sun, 26 Jan 2025 17:12:01 -0500 [2603:9000:f801:55e2:cce9:6122:fed4:1214] 500: Undefined variable $token trace: [tmp/3hn69l4qoa804.2r4f9cgm96ecs.php:226]
Sun, 26 Jan 2025 17:12:01 -0500 [2603:9000:f801:55e2:cce9:6122:fed4:1214] [tmp/3hn69l4qoa804.2r4f9cgm96ecs.php:226] Base->{closure}()
Sun, 26 Jan 2025 17:12:01 -0500 [2603:9000:f801:55e2:cce9:6122:fed4:1214] [lib/base.php:3036] require('/home/u991737198/domains/tas2023.online/public_html/tmp/3hn69l4qoa804.2r4f9cgm96ecs.php')
Sun, 26 Jan 2025 17:12:01 -0500 [2603:9000:f801:55e2:cce9:6122:fed4:1214] [lib/base.php:3281] View->sandbox()
Sun, 26 Jan 2025 17:12:01 -0500 [2603:9000:f801:55e2:cce9:6122:fed4:1214] [tmp/3hn69l4qoa804.3h31n1yj254w8.php:7] Preview->render()
Sun, 26 Jan 2025 17:12:01 -0500 [2603:9000:f801:55e2:cce9:6122:fed4:1214] [lib/base.php:3036] require('/home/u991737198/domains/tas2023.online/public_html/tmp/3hn69l4qoa804.3h31n1yj254w8.php')
Sun, 26 Jan 2025 17:12:01 -0500 [2603:9000:f801:55e2:cce9:6122:fed4:1214] [lib/base.php:3281] View->sandbox()
Sun, 26 Jan 2025 17:12:01 -0500 [2603:9000:f801:55e2:cce9:6122:fed4:1214] [app/controllers/Controller.php:87] Preview->render()
Sun, 26 Jan 2025 17:12:01 -0500 [2603:9000:f801:55e2:cce9:6122:fed4:1214] [lib/base.php:2078] Controller->afterroute()
Sun, 26 Jan 2025 17:12:01 -0500 [2603:9000:f801:55e2:cce9:6122:fed4:1214] [lib/base.php:1871] Base->call()
Sun, 26 Jan 2025 17:12:01 -0500 [2603:9000:f801:55e2:cce9:6122:fed4:1214] [index.php:19] Base->run()
Sun, 26 Jan 2025 17:19:08 -0500 [2603:9000:f801:55e2:cce9:6122:fed4:1214] 500: Undefined variable $token trace: [tmp/3hn69l4qoa804.2r4f9cgm96ecs.php:226]
Sun, 26 Jan 2025 17:19:08 -0500 [2603:9000:f801:55e2:cce9:6122:fed4:1214] [tmp/3hn69l4qoa804.2r4f9cgm96ecs.php:226] Base->{closure}()
Sun, 26 Jan 2025 17:19:08 -0500 [2603:9000:f801:55e2:cce9:6122:fed4:1214] [lib/base.php:3036] require('/home/u991737198/domains/tas2023.online/public_html/tmp/3hn69l4qoa804.2r4f9cgm96ecs.php')
Sun, 26 Jan 2025 17:19:08 -0500 [2603:9000:f801:55e2:cce9:6122:fed4:1214] [lib/base.php:3281] View->sandbox()
Sun, 26 Jan 2025 17:19:08 -0500 [2603:9000:f801:55e2:cce9:6122:fed4:1214] [tmp/3hn69l4qoa804.3h31n1yj254w8.php:7] Preview->render()
Sun, 26 Jan 2025 17:19:08 -0500 [2603:9000:f801:55e2:cce9:6122:fed4:1214] [lib/base.php:3036] require('/home/u991737198/domains/tas2023.online/public_html/tmp/3hn69l4qoa804.3h31n1yj254w8.php')
Sun, 26 Jan 2025 17:19:08 -0500 [2603:9000:f801:55e2:cce9:6122:fed4:1214] [lib/base.php:3281] View->sandbox()
Sun, 26 Jan 2025 17:19:08 -0500 [2603:9000:f801:55e2:cce9:6122:fed4:1214] [app/controllers/Controller.php:87] Preview->render()
Sun, 26 Jan 2025 17:19:08 -0500 [2603:9000:f801:55e2:cce9:6122:fed4:1214] [lib/base.php:2078] Controller->afterroute()
Sun, 26 Jan 2025 17:19:08 -0500 [2603:9000:f801:55e2:cce9:6122:fed4:1214] [lib/base.php:1871] Base->call()
Sun, 26 Jan 2025 17:19:08 -0500 [2603:9000:f801:55e2:cce9:6122:fed4:1214] [index.php:19] Base->run()
Sun, 26 Jan 2025 17:19:09 -0500 [2603:9000:f801:55e2:cce9:6122:fed4:1214] 500: Undefined variable $modal trace: [tmp/3hn69l4qoa804.s6y49d7myqde.php:84]
Sun, 26 Jan 2025 17:19:09 -0500 [2603:9000:f801:55e2:cce9:6122:fed4:1214] [tmp/3hn69l4qoa804.s6y49d7myqde.php:84] Base->{closure}()
Sun, 26 Jan 2025 17:19:09 -0500 [2603:9000:f801:55e2:cce9:6122:fed4:1214] [lib/base.php:3036] require('/home/u991737198/domains/tas2023.online/public_html/tmp/3hn69l4qoa804.s6y49d7myqde.php')
Sun, 26 Jan 2025 17:19:09 -0500 [2603:9000:f801:55e2:cce9:6122:fed4:1214] [lib/base.php:3281] View->sandbox()
Sun, 26 Jan 2025 17:19:09 -0500 [2603:9000:f801:55e2:cce9:6122:fed4:1214] [tmp/3hn69l4qoa804.3h31n1yj254w8.php:7] Preview->render()
Sun, 26 Jan 2025 17:19:09 -0500 [2603:9000:f801:55e2:cce9:6122:fed4:1214] [lib/base.php:3036] require('/home/u991737198/domains/tas2023.online/public_html/tmp/3hn69l4qoa804.3h31n1yj254w8.php')
Sun, 26 Jan 2025 17:19:09 -0500 [2603:9000:f801:55e2:cce9:6122:fed4:1214] [lib/base.php:3281] View->sandbox()
Sun, 26 Jan 2025 17:19:09 -0500 [2603:9000:f801:55e2:cce9:6122:fed4:1214] [app/controllers/Controller.php:87] Preview->render()
Sun, 26 Jan 2025 17:19:09 -0500 [2603:9000:f801:55e2:cce9:6122:fed4:1214] [lib/base.php:2078] Controller->afterroute()
Sun, 26 Jan 2025 17:19:09 -0500 [2603:9000:f801:55e2:cce9:6122:fed4:1214] [lib/base.php:1871] Base->call()
Sun, 26 Jan 2025 17:19:09 -0500 [2603:9000:f801:55e2:cce9:6122:fed4:1214] [index.php:19] Base->run()
Sun, 26 Jan 2025 17:19:19 -0500 [2603:9000:f801:55e2:cce9:6122:fed4:1214] 500: Undefined variable $token trace: [tmp/3hn69l4qoa804.2r4f9cgm96ecs.php:226]
Sun, 26 Jan 2025 17:19:19 -0500 [2603:9000:f801:55e2:cce9:6122:fed4:1214] [tmp/3hn69l4qoa804.2r4f9cgm96ecs.php:226] Base->{closure}()
Sun, 26 Jan 2025 17:19:19 -0500 [2603:9000:f801:55e2:cce9:6122:fed4:1214] [lib/base.php:3036] require('/home/u991737198/domains/tas2023.online/public_html/tmp/3hn69l4qoa804.2r4f9cgm96ecs.php')
Sun, 26 Jan 2025 17:19:19 -0500 [2603:9000:f801:55e2:cce9:6122:fed4:1214] [lib/base.php:3281] View->sandbox()
Sun, 26 Jan 2025 17:19:19 -0500 [2603:9000:f801:55e2:cce9:6122:fed4:1214] [tmp/3hn69l4qoa804.3h31n1yj254w8.php:7] Preview->render()
Sun, 26 Jan 2025 17:19:19 -0500 [2603:9000:f801:55e2:cce9:6122:fed4:1214] [lib/base.php:3036] require('/home/u991737198/domains/tas2023.online/public_html/tmp/3hn69l4qoa804.3h31n1yj254w8.php')
Sun, 26 Jan 2025 17:19:19 -0500 [2603:9000:f801:55e2:cce9:6122:fed4:1214] [lib/base.php:3281] View->sandbox()
Sun, 26 Jan 2025 17:19:19 -0500 [2603:9000:f801:55e2:cce9:6122:fed4:1214] [app/controllers/Controller.php:87] Preview->render()
Sun, 26 Jan 2025 17:19:19 -0500 [2603:9000:f801:55e2:cce9:6122:fed4:1214] [lib/base.php:2078] Controller->afterroute()
Sun, 26 Jan 2025 17:19:19 -0500 [2603:9000:f801:55e2:cce9:6122:fed4:1214] [lib/base.php:1871] Base->call()
Sun, 26 Jan 2025 17:19:19 -0500 [2603:9000:f801:55e2:cce9:6122:fed4:1214] [index.php:19] Base->run()
Sun, 26 Jan 2025 17:42:35 -0500 [2603:9000:f801:55e2:cce9:6122:fed4:1214] 500: Undefined variable $token trace: [tmp/3hn69l4qoa804.2r4f9cgm96ecs.php:226]
Sun, 26 Jan 2025 17:42:35 -0500 [2603:9000:f801:55e2:cce9:6122:fed4:1214] [tmp/3hn69l4qoa804.2r4f9cgm96ecs.php:226] Base->{closure}()
Sun, 26 Jan 2025 17:42:35 -0500 [2603:9000:f801:55e2:cce9:6122:fed4:1214] [lib/base.php:3036] require('/home/u991737198/domains/tas2023.online/public_html/tmp/3hn69l4qoa804.2r4f9cgm96ecs.php')
Sun, 26 Jan 2025 17:42:35 -0500 [2603:9000:f801:55e2:cce9:6122:fed4:1214] [lib/base.php:3281] View->sandbox()
Sun, 26 Jan 2025 17:42:35 -0500 [2603:9000:f801:55e2:cce9:6122:fed4:1214] [tmp/3hn69l4qoa804.3h31n1yj254w8.php:7] Preview->render()
Sun, 26 Jan 2025 17:42:35 -0500 [2603:9000:f801:55e2:cce9:6122:fed4:1214] [lib/base.php:3036] require('/home/u991737198/domains/tas2023.online/public_html/tmp/3hn69l4qoa804.3h31n1yj254w8.php')
Sun, 26 Jan 2025 17:42:35 -0500 [2603:9000:f801:55e2:cce9:6122:fed4:1214] [lib/base.php:3281] View->sandbox()
Sun, 26 Jan 2025 17:42:35 -0500 [2603:9000:f801:55e2:cce9:6122:fed4:1214] [app/controllers/Controller.php:87] Preview->render()
Sun, 26 Jan 2025 17:42:35 -0500 [2603:9000:f801:55e2:cce9:6122:fed4:1214] [lib/base.php:2078] Controller->afterroute()
Sun, 26 Jan 2025 17:42:35 -0500 [2603:9000:f801:55e2:cce9:6122:fed4:1214] [lib/base.php:1871] Base->call()
Sun, 26 Jan 2025 17:42:35 -0500 [2603:9000:f801:55e2:cce9:6122:fed4:1214] [index.php:19] Base->run()
Sun, 26 Jan 2025 17:42:37 -0500 [2603:9000:f801:55e2:cce9:6122:fed4:1214] 500: Undefined variable $modal trace: [tmp/3hn69l4qoa804.s6y49d7myqde.php:84]
Sun, 26 Jan 2025 17:42:37 -0500 [2603:9000:f801:55e2:cce9:6122:fed4:1214] [tmp/3hn69l4qoa804.s6y49d7myqde.php:84] Base->{closure}()
Sun, 26 Jan 2025 17:42:37 -0500 [2603:9000:f801:55e2:cce9:6122:fed4:1214] [lib/base.php:3036] require('/home/u991737198/domains/tas2023.online/public_html/tmp/3hn69l4qoa804.s6y49d7myqde.php')
Sun, 26 Jan 2025 17:42:37 -0500 [2603:9000:f801:55e2:cce9:6122:fed4:1214] [lib/base.php:3281] View->sandbox()
Sun, 26 Jan 2025 17:42:37 -0500 [2603:9000:f801:55e2:cce9:6122:fed4:1214] [tmp/3hn69l4qoa804.3h31n1yj254w8.php:7] Preview->render()
Sun, 26 Jan 2025 17:42:37 -0500 [2603:9000:f801:55e2:cce9:6122:fed4:1214] [lib/base.php:3036] require('/home/u991737198/domains/tas2023.online/public_html/tmp/3hn69l4qoa804.3h31n1yj254w8.php')
Sun, 26 Jan 2025 17:42:37 -0500 [2603:9000:f801:55e2:cce9:6122:fed4:1214] [lib/base.php:3281] View->sandbox()
Sun, 26 Jan 2025 17:42:37 -0500 [2603:9000:f801:55e2:cce9:6122:fed4:1214] [app/controllers/Controller.php:87] Preview->render()
Sun, 26 Jan 2025 17:42:37 -0500 [2603:9000:f801:55e2:cce9:6122:fed4:1214] [lib/base.php:2078] Controller->afterroute()
Sun, 26 Jan 2025 17:42:37 -0500 [2603:9000:f801:55e2:cce9:6122:fed4:1214] [lib/base.php:1871] Base->call()
Sun, 26 Jan 2025 17:42:37 -0500 [2603:9000:f801:55e2:cce9:6122:fed4:1214] [index.php:19] Base->run()
Sun, 26 Jan 2025 17:42:46 -0500 [2603:9000:f801:55e2:cce9:6122:fed4:1214] 500: Undefined variable $token trace: [tmp/3hn69l4qoa804.2r4f9cgm96ecs.php:226]
Sun, 26 Jan 2025 17:42:46 -0500 [2603:9000:f801:55e2:cce9:6122:fed4:1214] [tmp/3hn69l4qoa804.2r4f9cgm96ecs.php:226] Base->{closure}()
Sun, 26 Jan 2025 17:42:46 -0500 [2603:9000:f801:55e2:cce9:6122:fed4:1214] [lib/base.php:3036] require('/home/u991737198/domains/tas2023.online/public_html/tmp/3hn69l4qoa804.2r4f9cgm96ecs.php')
Sun, 26 Jan 2025 17:42:46 -0500 [2603:9000:f801:55e2:cce9:6122:fed4:1214] [lib/base.php:3281] View->sandbox()
Sun, 26 Jan 2025 17:42:46 -0500 [2603:9000:f801:55e2:cce9:6122:fed4:1214] [tmp/3hn69l4qoa804.3h31n1yj254w8.php:7] Preview->render()
Sun, 26 Jan 2025 17:42:46 -0500 [2603:9000:f801:55e2:cce9:6122:fed4:1214] [lib/base.php:3036] require('/home/u991737198/domains/tas2023.online/public_html/tmp/3hn69l4qoa804.3h31n1yj254w8.php')
Sun, 26 Jan 2025 17:42:46 -0500 [2603:9000:f801:55e2:cce9:6122:fed4:1214] [lib/base.php:3281] View->sandbox()
Sun, 26 Jan 2025 17:42:46 -0500 [2603:9000:f801:55e2:cce9:6122:fed4:1214] [app/controllers/Controller.php:87] Preview->render()
Sun, 26 Jan 2025 17:42:46 -0500 [2603:9000:f801:55e2:cce9:6122:fed4:1214] [lib/base.php:2078] Controller->afterroute()
Sun, 26 Jan 2025 17:42:46 -0500 [2603:9000:f801:55e2:cce9:6122:fed4:1214] [lib/base.php:1871] Base->call()
Sun, 26 Jan 2025 17:42:46 -0500 [2603:9000:f801:55e2:cce9:6122:fed4:1214] [index.php:19] Base->run()
Sun, 26 Jan 2025 18:47:18 -0500 [2600:1006:b146:9ee4:8076:eff:fef6:e1a] 401: HTTP 401 (GET /task/taskData) trace: [/home/u991737198/domains/tas2023.online/public_html/lib/access.php:112] Base->error()
Sun, 26 Jan 2025 18:47:18 -0500 [2600:1006:b146:9ee4:8076:eff:fef6:e1a] [/home/u991737198/domains/tas2023.online/public_html/app/controllers/Controller.php:78] Access->authorize()
Sun, 26 Jan 2025 18:47:18 -0500 [2600:1006:b146:9ee4:8076:eff:fef6:e1a] [/home/u991737198/domains/tas2023.online/public_html/lib/base.php:2069] Controller->beforeroute()
Sun, 26 Jan 2025 18:47:18 -0500 [2600:1006:b146:9ee4:8076:eff:fef6:e1a] [/home/u991737198/domains/tas2023.online/public_html/lib/base.php:1871] Base->call()
Sun, 26 Jan 2025 18:47:18 -0500 [2600:1006:b146:9ee4:8076:eff:fef6:e1a] [/home/u991737198/domains/tas2023.online/public_html/index.php:19] Base->run()
Sun, 26 Jan 2025 18:51:41 -0500 [24.173.132.66] 401: HTTP 401 (GET /task/taskData) trace: [/home/u991737198/domains/tas2023.online/public_html/lib/access.php:112] Base->error()
Sun, 26 Jan 2025 18:51:41 -0500 [24.173.132.66] [/home/u991737198/domains/tas2023.online/public_html/app/controllers/Controller.php:78] Access->authorize()
Sun, 26 Jan 2025 18:51:41 -0500 [24.173.132.66] [/home/u991737198/domains/tas2023.online/public_html/lib/base.php:2069] Controller->beforeroute()
Sun, 26 Jan 2025 18:51:41 -0500 [24.173.132.66] [/home/u991737198/domains/tas2023.online/public_html/lib/base.php:1871] Base->call()
Sun, 26 Jan 2025 18:51:41 -0500 [24.173.132.66] [/home/u991737198/domains/tas2023.online/public_html/index.php:19] Base->run()
Sun, 26 Jan 2025 18:52:05 -0500 [24.173.132.66] 500: Undefined variable $entity_num trace: [tmp/3hn69l4qoa804.1zo7dt0fljr4w.php:200]
Sun, 26 Jan 2025 18:52:05 -0500 [24.173.132.66] [tmp/3hn69l4qoa804.1zo7dt0fljr4w.php:200] Base->{closure}()
Sun, 26 Jan 2025 18:52:05 -0500 [24.173.132.66] [lib/base.php:3036] require('/home/u991737198/domains/tas2023.online/public_html/tmp/3hn69l4qoa804.1zo7dt0fljr4w.php')
Sun, 26 Jan 2025 18:52:05 -0500 [24.173.132.66] [lib/base.php:3281] View->sandbox()
Sun, 26 Jan 2025 18:52:05 -0500 [24.173.132.66] [tmp/3hn69l4qoa804.3h31n1yj254w8.php:7] Preview->render()
Sun, 26 Jan 2025 18:52:05 -0500 [24.173.132.66] [lib/base.php:3036] require('/home/u991737198/domains/tas2023.online/public_html/tmp/3hn69l4qoa804.3h31n1yj254w8.php')
Sun, 26 Jan 2025 18:52:05 -0500 [24.173.132.66] [lib/base.php:3281] View->sandbox()
Sun, 26 Jan 2025 18:52:05 -0500 [24.173.132.66] [app/controllers/Controller.php:87] Preview->render()
Sun, 26 Jan 2025 18:52:05 -0500 [24.173.132.66] [lib/base.php:2078] Controller->afterroute()
Sun, 26 Jan 2025 18:52:05 -0500 [24.173.132.66] [lib/base.php:1871] Base->call()
Sun, 26 Jan 2025 18:52:05 -0500 [24.173.132.66] [index.php:19] Base->run()
Sun, 26 Jan 2025 18:52:07 -0500 [24.173.132.66] 500: Undefined variable $token trace: [tmp/3hn69l4qoa804.2r4f9cgm96ecs.php:226]
Sun, 26 Jan 2025 18:52:07 -0500 [24.173.132.66] [tmp/3hn69l4qoa804.2r4f9cgm96ecs.php:226] Base->{closure}()
Sun, 26 Jan 2025 18:52:07 -0500 [24.173.132.66] [lib/base.php:3036] require('/home/u991737198/domains/tas2023.online/public_html/tmp/3hn69l4qoa804.2r4f9cgm96ecs.php')
Sun, 26 Jan 2025 18:52:07 -0500 [24.173.132.66] [lib/base.php:3281] View->sandbox()
Sun, 26 Jan 2025 18:52:07 -0500 [24.173.132.66] [tmp/3hn69l4qoa804.3h31n1yj254w8.php:7] Preview->render()
Sun, 26 Jan 2025 18:52:07 -0500 [24.173.132.66] [lib/base.php:3036] require('/home/u991737198/domains/tas2023.online/public_html/tmp/3hn69l4qoa804.3h31n1yj254w8.php')
Sun, 26 Jan 2025 18:52:07 -0500 [24.173.132.66] [lib/base.php:3281] View->sandbox()
Sun, 26 Jan 2025 18:52:07 -0500 [24.173.132.66] [app/controllers/Controller.php:87] Preview->render()
Sun, 26 Jan 2025 18:52:07 -0500 [24.173.132.66] [lib/base.php:2078] Controller->afterroute()
Sun, 26 Jan 2025 18:52:07 -0500 [24.173.132.66] [lib/base.php:1871] Base->call()
Sun, 26 Jan 2025 18:52:07 -0500 [24.173.132.66] [index.php:19] Base->run()
Sun, 26 Jan 2025 18:52:11 -0500 [24.173.132.66] 500: Undefined variable $token trace: [tmp/3hn69l4qoa804.2r4f9cgm96ecs.php:226]
Sun, 26 Jan 2025 18:52:11 -0500 [24.173.132.66] [tmp/3hn69l4qoa804.2r4f9cgm96ecs.php:226] Base->{closure}()
Sun, 26 Jan 2025 18:52:11 -0500 [24.173.132.66] [lib/base.php:3036] require('/home/u991737198/domains/tas2023.online/public_html/tmp/3hn69l4qoa804.2r4f9cgm96ecs.php')
Sun, 26 Jan 2025 18:52:11 -0500 [24.173.132.66] [lib/base.php:3281] View->sandbox()
Sun, 26 Jan 2025 18:52:11 -0500 [24.173.132.66] [tmp/3hn69l4qoa804.3h31n1yj254w8.php:7] Preview->render()
Sun, 26 Jan 2025 18:52:11 -0500 [24.173.132.66] [lib/base.php:3036] require('/home/u991737198/domains/tas2023.online/public_html/tmp/3hn69l4qoa804.3h31n1yj254w8.php')
Sun, 26 Jan 2025 18:52:11 -0500 [24.173.132.66] [lib/base.php:3281] View->sandbox()
Sun, 26 Jan 2025 18:52:11 -0500 [24.173.132.66] [app/controllers/Controller.php:87] Preview->render()
Sun, 26 Jan 2025 18:52:11 -0500 [24.173.132.66] [lib/base.php:2078] Controller->afterroute()
Sun, 26 Jan 2025 18:52:11 -0500 [24.173.132.66] [lib/base.php:1871] Base->call()
Sun, 26 Jan 2025 18:52:11 -0500 [24.173.132.66] [index.php:19] Base->run()
Sun, 26 Jan 2025 18:52:12 -0500 [24.173.132.66] 500: Undefined variable $modal trace: [tmp/3hn69l4qoa804.s6y49d7myqde.php:84]
Sun, 26 Jan 2025 18:52:12 -0500 [24.173.132.66] [tmp/3hn69l4qoa804.s6y49d7myqde.php:84] Base->{closure}()
Sun, 26 Jan 2025 18:52:12 -0500 [24.173.132.66] [lib/base.php:3036] require('/home/u991737198/domains/tas2023.online/public_html/tmp/3hn69l4qoa804.s6y49d7myqde.php')
Sun, 26 Jan 2025 18:52:12 -0500 [24.173.132.66] [lib/base.php:3281] View->sandbox()
Sun, 26 Jan 2025 18:52:12 -0500 [24.173.132.66] [tmp/3hn69l4qoa804.3h31n1yj254w8.php:7] Preview->render()
Sun, 26 Jan 2025 18:52:12 -0500 [24.173.132.66] [lib/base.php:3036] require('/home/u991737198/domains/tas2023.online/public_html/tmp/3hn69l4qoa804.3h31n1yj254w8.php')
Sun, 26 Jan 2025 18:52:12 -0500 [24.173.132.66] [lib/base.php:3281] View->sandbox()
Sun, 26 Jan 2025 18:52:12 -0500 [24.173.132.66] [app/controllers/Controller.php:87] Preview->render()
Sun, 26 Jan 2025 18:52:12 -0500 [24.173.132.66] [lib/base.php:2078] Controller->afterroute()
Sun, 26 Jan 2025 18:52:12 -0500 [24.173.132.66] [lib/base.php:1871] Base->call()
Sun, 26 Jan 2025 18:52:12 -0500 [24.173.132.66] [index.php:19] Base->run()
Sun, 26 Jan 2025 19:00:52 -0500 [24.173.132.66] 500: Undefined variable $entity_num trace: [tmp/3hn69l4qoa804.1zo7dt0fljr4w.php:200]
Sun, 26 Jan 2025 19:00:52 -0500 [24.173.132.66] [tmp/3hn69l4qoa804.1zo7dt0fljr4w.php:200] Base->{closure}()
Sun, 26 Jan 2025 19:00:52 -0500 [24.173.132.66] [lib/base.php:3036] require('/home/u991737198/domains/tas2023.online/public_html/tmp/3hn69l4qoa804.1zo7dt0fljr4w.php')
Sun, 26 Jan 2025 19:00:52 -0500 [24.173.132.66] [lib/base.php:3281] View->sandbox()
Sun, 26 Jan 2025 19:00:52 -0500 [24.173.132.66] [tmp/3hn69l4qoa804.3h31n1yj254w8.php:7] Preview->render()
Sun, 26 Jan 2025 19:00:52 -0500 [24.173.132.66] [lib/base.php:3036] require('/home/u991737198/domains/tas2023.online/public_html/tmp/3hn69l4qoa804.3h31n1yj254w8.php')
Sun, 26 Jan 2025 19:00:52 -0500 [24.173.132.66] [lib/base.php:3281] View->sandbox()
Sun, 26 Jan 2025 19:00:52 -0500 [24.173.132.66] [app/controllers/Controller.php:87] Preview->render()
Sun, 26 Jan 2025 19:00:52 -0500 [24.173.132.66] [lib/base.php:2078] Controller->afterroute()
Sun, 26 Jan 2025 19:00:52 -0500 [24.173.132.66] [lib/base.php:1871] Base->call()
Sun, 26 Jan 2025 19:00:52 -0500 [24.173.132.66] [index.php:19] Base->run()
Sun, 26 Jan 2025 19:00:54 -0500 [24.173.132.66] 500: Undefined variable $token trace: [tmp/3hn69l4qoa804.2r4f9cgm96ecs.php:226]
Sun, 26 Jan 2025 19:00:54 -0500 [24.173.132.66] [tmp/3hn69l4qoa804.2r4f9cgm96ecs.php:226] Base->{closure}()
Sun, 26 Jan 2025 19:00:54 -0500 [24.173.132.66] [lib/base.php:3036] require('/home/u991737198/domains/tas2023.online/public_html/tmp/3hn69l4qoa804.2r4f9cgm96ecs.php')
Sun, 26 Jan 2025 19:00:54 -0500 [24.173.132.66] [lib/base.php:3281] View->sandbox()
Sun, 26 Jan 2025 19:00:54 -0500 [24.173.132.66] [tmp/3hn69l4qoa804.3h31n1yj254w8.php:7] Preview->render()
Sun, 26 Jan 2025 19:00:54 -0500 [24.173.132.66] [lib/base.php:3036] require('/home/u991737198/domains/tas2023.online/public_html/tmp/3hn69l4qoa804.3h31n1yj254w8.php')
Sun, 26 Jan 2025 19:00:54 -0500 [24.173.132.66] [lib/base.php:3281] View->sandbox()
Sun, 26 Jan 2025 19:00:54 -0500 [24.173.132.66] [app/controllers/Controller.php:87] Preview->render()
Sun, 26 Jan 2025 19:00:54 -0500 [24.173.132.66] [lib/base.php:2078] Controller->afterroute()
Sun, 26 Jan 2025 19:00:54 -0500 [24.173.132.66] [lib/base.php:1871] Base->call()
Sun, 26 Jan 2025 19:00:54 -0500 [24.173.132.66] [index.php:19] Base->run()
Sun, 26 Jan 2025 19:00:58 -0500 [24.173.132.66] 500: Undefined variable $token trace: [tmp/3hn69l4qoa804.2r4f9cgm96ecs.php:226]
Sun, 26 Jan 2025 19:00:58 -0500 [24.173.132.66] [tmp/3hn69l4qoa804.2r4f9cgm96ecs.php:226] Base->{closure}()
Sun, 26 Jan 2025 19:00:58 -0500 [24.173.132.66] [lib/base.php:3036] require('/home/u991737198/domains/tas2023.online/public_html/tmp/3hn69l4qoa804.2r4f9cgm96ecs.php')
Sun, 26 Jan 2025 19:00:58 -0500 [24.173.132.66] [lib/base.php:3281] View->sandbox()
Sun, 26 Jan 2025 19:00:58 -0500 [24.173.132.66] [tmp/3hn69l4qoa804.3h31n1yj254w8.php:7] Preview->render()
Sun, 26 Jan 2025 19:00:58 -0500 [24.173.132.66] [lib/base.php:3036] require('/home/u991737198/domains/tas2023.online/public_html/tmp/3hn69l4qoa804.3h31n1yj254w8.php')
Sun, 26 Jan 2025 19:00:58 -0500 [24.173.132.66] [lib/base.php:3281] View->sandbox()
Sun, 26 Jan 2025 19:00:58 -0500 [24.173.132.66] [app/controllers/Controller.php:87] Preview->render()
Sun, 26 Jan 2025 19:00:58 -0500 [24.173.132.66] [lib/base.php:2078] Controller->afterroute()
Sun, 26 Jan 2025 19:00:58 -0500 [24.173.132.66] [lib/base.php:1871] Base->call()
Sun, 26 Jan 2025 19:00:58 -0500 [24.173.132.66] [index.php:19] Base->run()
Sun, 26 Jan 2025 19:00:59 -0500 [24.173.132.66] 500: Undefined variable $modal trace: [tmp/3hn69l4qoa804.s6y49d7myqde.php:84]
Sun, 26 Jan 2025 19:00:59 -0500 [24.173.132.66] [tmp/3hn69l4qoa804.s6y49d7myqde.php:84] Base->{closure}()
Sun, 26 Jan 2025 19:00:59 -0500 [24.173.132.66] [lib/base.php:3036] require('/home/u991737198/domains/tas2023.online/public_html/tmp/3hn69l4qoa804.s6y49d7myqde.php')
Sun, 26 Jan 2025 19:00:59 -0500 [24.173.132.66] [lib/base.php:3281] View->sandbox()
Sun, 26 Jan 2025 19:00:59 -0500 [24.173.132.66] [tmp/3hn69l4qoa804.3h31n1yj254w8.php:7] Preview->render()
Sun, 26 Jan 2025 19:00:59 -0500 [24.173.132.66] [lib/base.php:3036] require('/home/u991737198/domains/tas2023.online/public_html/tmp/3hn69l4qoa804.3h31n1yj254w8.php')
Sun, 26 Jan 2025 19:00:59 -0500 [24.173.132.66] [lib/base.php:3281] View->sandbox()
Sun, 26 Jan 2025 19:00:59 -0500 [24.173.132.66] [app/controllers/Controller.php:87] Preview->render()
Sun, 26 Jan 2025 19:00:59 -0500 [24.173.132.66] [lib/base.php:2078] Controller->afterroute()
Sun, 26 Jan 2025 19:00:59 -0500 [24.173.132.66] [lib/base.php:1871] Base->call()
Sun, 26 Jan 2025 19:00:59 -0500 [24.173.132.66] [index.php:19] Base->run()
Sun, 26 Jan 2025 19:05:31 -0500 [24.173.132.66] 500: Undefined variable $entity_num trace: [tmp/3hn69l4qoa804.1zo7dt0fljr4w.php:200]
Sun, 26 Jan 2025 19:05:31 -0500 [24.173.132.66] [tmp/3hn69l4qoa804.1zo7dt0fljr4w.php:200] Base->{closure}()
Sun, 26 Jan 2025 19:05:31 -0500 [24.173.132.66] [lib/base.php:3036] require('/home/u991737198/domains/tas2023.online/public_html/tmp/3hn69l4qoa804.1zo7dt0fljr4w.php')
Sun, 26 Jan 2025 19:05:31 -0500 [24.173.132.66] [lib/base.php:3281] View->sandbox()
Sun, 26 Jan 2025 19:05:31 -0500 [24.173.132.66] [tmp/3hn69l4qoa804.3h31n1yj254w8.php:7] Preview->render()
Sun, 26 Jan 2025 19:05:31 -0500 [24.173.132.66] [lib/base.php:3036] require('/home/u991737198/domains/tas2023.online/public_html/tmp/3hn69l4qoa804.3h31n1yj254w8.php')
Sun, 26 Jan 2025 19:05:31 -0500 [24.173.132.66] [lib/base.php:3281] View->sandbox()
Sun, 26 Jan 2025 19:05:31 -0500 [24.173.132.66] [app/controllers/Controller.php:87] Preview->render()
Sun, 26 Jan 2025 19:05:31 -0500 [24.173.132.66] [lib/base.php:2078] Controller->afterroute()
Sun, 26 Jan 2025 19:05:31 -0500 [24.173.132.66] [lib/base.php:1871] Base->call()
Sun, 26 Jan 2025 19:05:31 -0500 [24.173.132.66] [index.php:19] Base->run()
Sun, 26 Jan 2025 19:05:32 -0500 [24.173.132.66] 500: Undefined variable $token trace: [tmp/3hn69l4qoa804.2r4f9cgm96ecs.php:226]
Sun, 26 Jan 2025 19:05:32 -0500 [24.173.132.66] [tmp/3hn69l4qoa804.2r4f9cgm96ecs.php:226] Base->{closure}()
Sun, 26 Jan 2025 19:05:32 -0500 [24.173.132.66] [lib/base.php:3036] require('/home/u991737198/domains/tas2023.online/public_html/tmp/3hn69l4qoa804.2r4f9cgm96ecs.php')
Sun, 26 Jan 2025 19:05:32 -0500 [24.173.132.66] [lib/base.php:3281] View->sandbox()
Sun, 26 Jan 2025 19:05:32 -0500 [24.173.132.66] [tmp/3hn69l4qoa804.3h31n1yj254w8.php:7] Preview->render()
Sun, 26 Jan 2025 19:05:32 -0500 [24.173.132.66] [lib/base.php:3036] require('/home/u991737198/domains/tas2023.online/public_html/tmp/3hn69l4qoa804.3h31n1yj254w8.php')
Sun, 26 Jan 2025 19:05:32 -0500 [24.173.132.66] [lib/base.php:3281] View->sandbox()
Sun, 26 Jan 2025 19:05:32 -0500 [24.173.132.66] [app/controllers/Controller.php:87] Preview->render()
Sun, 26 Jan 2025 19:05:32 -0500 [24.173.132.66] [lib/base.php:2078] Controller->afterroute()
Sun, 26 Jan 2025 19:05:32 -0500 [24.173.132.66] [lib/base.php:1871] Base->call()
Sun, 26 Jan 2025 19:05:32 -0500 [24.173.132.66] [index.php:19] Base->run()
Sun, 26 Jan 2025 19:05:36 -0500 [24.173.132.66] 500: Undefined variable $token trace: [tmp/3hn69l4qoa804.2r4f9cgm96ecs.php:226]
Sun, 26 Jan 2025 19:05:36 -0500 [24.173.132.66] [tmp/3hn69l4qoa804.2r4f9cgm96ecs.php:226] Base->{closure}()
Sun, 26 Jan 2025 19:05:36 -0500 [24.173.132.66] [lib/base.php:3036] require('/home/u991737198/domains/tas2023.online/public_html/tmp/3hn69l4qoa804.2r4f9cgm96ecs.php')
Sun, 26 Jan 2025 19:05:36 -0500 [24.173.132.66] [lib/base.php:3281] View->sandbox()
Sun, 26 Jan 2025 19:05:36 -0500 [24.173.132.66] [tmp/3hn69l4qoa804.3h31n1yj254w8.php:7] Preview->render()
Sun, 26 Jan 2025 19:05:36 -0500 [24.173.132.66] [lib/base.php:3036] require('/home/u991737198/domains/tas2023.online/public_html/tmp/3hn69l4qoa804.3h31n1yj254w8.php')
Sun, 26 Jan 2025 19:05:36 -0500 [24.173.132.66] [lib/base.php:3281] View->sandbox()
Sun, 26 Jan 2025 19:05:36 -0500 [24.173.132.66] [app/controllers/Controller.php:87] Preview->render()
Sun, 26 Jan 2025 19:05:36 -0500 [24.173.132.66] [lib/base.php:2078] Controller->afterroute()
Sun, 26 Jan 2025 19:05:36 -0500 [24.173.132.66] [lib/base.php:1871] Base->call()
Sun, 26 Jan 2025 19:05:36 -0500 [24.173.132.66] [index.php:19] Base->run()
Sun, 26 Jan 2025 19:05:38 -0500 [24.173.132.66] 500: Undefined variable $modal trace: [tmp/3hn69l4qoa804.s6y49d7myqde.php:84]
Sun, 26 Jan 2025 19:05:38 -0500 [24.173.132.66] [tmp/3hn69l4qoa804.s6y49d7myqde.php:84] Base->{closure}()
Sun, 26 Jan 2025 19:05:38 -0500 [24.173.132.66] [lib/base.php:3036] require('/home/u991737198/domains/tas2023.online/public_html/tmp/3hn69l4qoa804.s6y49d7myqde.php')
Sun, 26 Jan 2025 19:05:38 -0500 [24.173.132.66] [lib/base.php:3281] View->sandbox()
Sun, 26 Jan 2025 19:05:38 -0500 [24.173.132.66] [tmp/3hn69l4qoa804.3h31n1yj254w8.php:7] Preview->render()
Sun, 26 Jan 2025 19:05:38 -0500 [24.173.132.66] [lib/base.php:3036] require('/home/u991737198/domains/tas2023.online/public_html/tmp/3hn69l4qoa804.3h31n1yj254w8.php')
Sun, 26 Jan 2025 19:05:38 -0500 [24.173.132.66] [lib/base.php:3281] View->sandbox()
Sun, 26 Jan 2025 19:05:38 -0500 [24.173.132.66] [app/controllers/Controller.php:87] Preview->render()
Sun, 26 Jan 2025 19:05:38 -0500 [24.173.132.66] [lib/base.php:2078] Controller->afterroute()
Sun, 26 Jan 2025 19:05:38 -0500 [24.173.132.66] [lib/base.php:1871] Base->call()
Sun, 26 Jan 2025 19:05:38 -0500 [24.173.132.66] [index.php:19] Base->run()
Sun, 26 Jan 2025 19:05:56 -0500 [24.173.132.66] 500: Undefined variable $entity_num trace: [tmp/3hn69l4qoa804.1zo7dt0fljr4w.php:200]
Sun, 26 Jan 2025 19:05:56 -0500 [24.173.132.66] [tmp/3hn69l4qoa804.1zo7dt0fljr4w.php:200] Base->{closure}()
Sun, 26 Jan 2025 19:05:56 -0500 [24.173.132.66] [lib/base.php:3036] require('/home/u991737198/domains/tas2023.online/public_html/tmp/3hn69l4qoa804.1zo7dt0fljr4w.php')
Sun, 26 Jan 2025 19:05:56 -0500 [24.173.132.66] [lib/base.php:3281] View->sandbox()
Sun, 26 Jan 2025 19:05:56 -0500 [24.173.132.66] [tmp/3hn69l4qoa804.3h31n1yj254w8.php:7] Preview->render()
Sun, 26 Jan 2025 19:05:56 -0500 [24.173.132.66] [lib/base.php:3036] require('/home/u991737198/domains/tas2023.online/public_html/tmp/3hn69l4qoa804.3h31n1yj254w8.php')
Sun, 26 Jan 2025 19:05:56 -0500 [24.173.132.66] [lib/base.php:3281] View->sandbox()
Sun, 26 Jan 2025 19:05:56 -0500 [24.173.132.66] [app/controllers/Controller.php:87] Preview->render()
Sun, 26 Jan 2025 19:05:56 -0500 [24.173.132.66] [lib/base.php:2078] Controller->afterroute()
Sun, 26 Jan 2025 19:05:56 -0500 [24.173.132.66] [lib/base.php:1871] Base->call()
Sun, 26 Jan 2025 19:05:56 -0500 [24.173.132.66] [index.php:19] Base->run()
Sun, 26 Jan 2025 19:05:57 -0500 [24.173.132.66] 500: Undefined variable $token trace: [tmp/3hn69l4qoa804.2r4f9cgm96ecs.php:226]
Sun, 26 Jan 2025 19:05:57 -0500 [24.173.132.66] [tmp/3hn69l4qoa804.2r4f9cgm96ecs.php:226] Base->{closure}()
Sun, 26 Jan 2025 19:05:57 -0500 [24.173.132.66] [lib/base.php:3036] require('/home/u991737198/domains/tas2023.online/public_html/tmp/3hn69l4qoa804.2r4f9cgm96ecs.php')
Sun, 26 Jan 2025 19:05:57 -0500 [24.173.132.66] [lib/base.php:3281] View->sandbox()
Sun, 26 Jan 2025 19:05:57 -0500 [24.173.132.66] [tmp/3hn69l4qoa804.3h31n1yj254w8.php:7] Preview->render()
Sun, 26 Jan 2025 19:05:57 -0500 [24.173.132.66] [lib/base.php:3036] require('/home/u991737198/domains/tas2023.online/public_html/tmp/3hn69l4qoa804.3h31n1yj254w8.php')
Sun, 26 Jan 2025 19:05:57 -0500 [24.173.132.66] [lib/base.php:3281] View->sandbox()
Sun, 26 Jan 2025 19:05:57 -0500 [24.173.132.66] [app/controllers/Controller.php:87] Preview->render()
Sun, 26 Jan 2025 19:05:57 -0500 [24.173.132.66] [lib/base.php:2078] Controller->afterroute()
Sun, 26 Jan 2025 19:05:57 -0500 [24.173.132.66] [lib/base.php:1871] Base->call()
Sun, 26 Jan 2025 19:05:57 -0500 [24.173.132.66] [index.php:19] Base->run()
Sun, 26 Jan 2025 19:06:00 -0500 [24.173.132.66] 500: Undefined variable $token trace: [tmp/3hn69l4qoa804.2r4f9cgm96ecs.php:226]
Sun, 26 Jan 2025 19:06:00 -0500 [24.173.132.66] [tmp/3hn69l4qoa804.2r4f9cgm96ecs.php:226] Base->{closure}()
Sun, 26 Jan 2025 19:06:00 -0500 [24.173.132.66] [lib/base.php:3036] require('/home/u991737198/domains/tas2023.online/public_html/tmp/3hn69l4qoa804.2r4f9cgm96ecs.php')
Sun, 26 Jan 2025 19:06:00 -0500 [24.173.132.66] [lib/base.php:3281] View->sandbox()
Sun, 26 Jan 2025 19:06:00 -0500 [24.173.132.66] [tmp/3hn69l4qoa804.3h31n1yj254w8.php:7] Preview->render()
Sun, 26 Jan 2025 19:06:00 -0500 [24.173.132.66] [lib/base.php:3036] require('/home/u991737198/domains/tas2023.online/public_html/tmp/3hn69l4qoa804.3h31n1yj254w8.php')
Sun, 26 Jan 2025 19:06:00 -0500 [24.173.132.66] [lib/base.php:3281] View->sandbox()
Sun, 26 Jan 2025 19:06:00 -0500 [24.173.132.66] [app/controllers/Controller.php:87] Preview->render()
Sun, 26 Jan 2025 19:06:00 -0500 [24.173.132.66] [lib/base.php:2078] Controller->afterroute()
Sun, 26 Jan 2025 19:06:00 -0500 [24.173.132.66] [lib/base.php:1871] Base->call()
Sun, 26 Jan 2025 19:06:00 -0500 [24.173.132.66] [index.php:19] Base->run()
Sun, 26 Jan 2025 19:07:06 -0500 [24.173.132.66] 500: Undefined variable $modal trace: [tmp/3hn69l4qoa804.s6y49d7myqde.php:84]
Sun, 26 Jan 2025 19:07:06 -0500 [24.173.132.66] [tmp/3hn69l4qoa804.s6y49d7myqde.php:84] Base->{closure}()
Sun, 26 Jan 2025 19:07:06 -0500 [24.173.132.66] [lib/base.php:3036] require('/home/u991737198/domains/tas2023.online/public_html/tmp/3hn69l4qoa804.s6y49d7myqde.php')
Sun, 26 Jan 2025 19:07:06 -0500 [24.173.132.66] [lib/base.php:3281] View->sandbox()
Sun, 26 Jan 2025 19:07:06 -0500 [24.173.132.66] [tmp/3hn69l4qoa804.3h31n1yj254w8.php:7] Preview->render()
Sun, 26 Jan 2025 19:07:06 -0500 [24.173.132.66] [lib/base.php:3036] require('/home/u991737198/domains/tas2023.online/public_html/tmp/3hn69l4qoa804.3h31n1yj254w8.php')
Sun, 26 Jan 2025 19:07:06 -0500 [24.173.132.66] [lib/base.php:3281] View->sandbox()
Sun, 26 Jan 2025 19:07:06 -0500 [24.173.132.66] [app/controllers/Controller.php:87] Preview->render()
Sun, 26 Jan 2025 19:07:06 -0500 [24.173.132.66] [lib/base.php:2078] Controller->afterroute()
Sun, 26 Jan 2025 19:07:06 -0500 [24.173.132.66] [lib/base.php:1871] Base->call()
Sun, 26 Jan 2025 19:07:06 -0500 [24.173.132.66] [index.php:19] Base->run()
Sun, 26 Jan 2025 19:09:48 -0500 [24.173.132.66] 500: Undefined variable $entity_num trace: [tmp/3hn69l4qoa804.1zo7dt0fljr4w.php:200]
Sun, 26 Jan 2025 19:09:48 -0500 [24.173.132.66] [tmp/3hn69l4qoa804.1zo7dt0fljr4w.php:200] Base->{closure}()
Sun, 26 Jan 2025 19:09:48 -0500 [24.173.132.66] [lib/base.php:3036] require('/home/u991737198/domains/tas2023.online/public_html/tmp/3hn69l4qoa804.1zo7dt0fljr4w.php')
Sun, 26 Jan 2025 19:09:48 -0500 [24.173.132.66] [lib/base.php:3281] View->sandbox()
Sun, 26 Jan 2025 19:09:48 -0500 [24.173.132.66] [tmp/3hn69l4qoa804.3h31n1yj254w8.php:7] Preview->render()
Sun, 26 Jan 2025 19:09:48 -0500 [24.173.132.66] [lib/base.php:3036] require('/home/u991737198/domains/tas2023.online/public_html/tmp/3hn69l4qoa804.3h31n1yj254w8.php')
Sun, 26 Jan 2025 19:09:48 -0500 [24.173.132.66] [lib/base.php:3281] View->sandbox()
Sun, 26 Jan 2025 19:09:48 -0500 [24.173.132.66] [app/controllers/Controller.php:87] Preview->render()
Sun, 26 Jan 2025 19:09:48 -0500 [24.173.132.66] [lib/base.php:2078] Controller->afterroute()
Sun, 26 Jan 2025 19:09:48 -0500 [24.173.132.66] [lib/base.php:1871] Base->call()
Sun, 26 Jan 2025 19:09:48 -0500 [24.173.132.66] [index.php:19] Base->run()
Sun, 26 Jan 2025 19:09:49 -0500 [24.173.132.66] 500: Undefined variable $token trace: [tmp/3hn69l4qoa804.2r4f9cgm96ecs.php:226]
Sun, 26 Jan 2025 19:09:49 -0500 [24.173.132.66] [tmp/3hn69l4qoa804.2r4f9cgm96ecs.php:226] Base->{closure}()
Sun, 26 Jan 2025 19:09:49 -0500 [24.173.132.66] [lib/base.php:3036] require('/home/u991737198/domains/tas2023.online/public_html/tmp/3hn69l4qoa804.2r4f9cgm96ecs.php')
Sun, 26 Jan 2025 19:09:49 -0500 [24.173.132.66] [lib/base.php:3281] View->sandbox()
Sun, 26 Jan 2025 19:09:49 -0500 [24.173.132.66] [tmp/3hn69l4qoa804.3cndbbhzhn8ko.php:19] Preview->render()
Sun, 26 Jan 2025 19:09:49 -0500 [24.173.132.66] [lib/base.php:3036] require('/home/u991737198/domains/tas2023.online/public_html/tmp/3hn69l4qoa804.3cndbbhzhn8ko.php')
Sun, 26 Jan 2025 19:09:49 -0500 [24.173.132.66] [lib/base.php:3281] View->sandbox()
Sun, 26 Jan 2025 19:09:49 -0500 [24.173.132.66] [app/controllers/Controller.php:90] Preview->render()
Sun, 26 Jan 2025 19:09:49 -0500 [24.173.132.66] [lib/base.php:2078] Controller->afterroute()
Sun, 26 Jan 2025 19:09:49 -0500 [24.173.132.66] [lib/base.php:1871] Base->call()
Sun, 26 Jan 2025 19:09:49 -0500 [24.173.132.66] [index.php:19] Base->run()
Sun, 26 Jan 2025 19:09:50 -0500 [24.173.132.66] 401: HTTP 401 (GET /task/taskData) trace: [/home/u991737198/domains/tas2023.online/public_html/lib/access.php:112] Base->error()
Sun, 26 Jan 2025 19:09:50 -0500 [24.173.132.66] [/home/u991737198/domains/tas2023.online/public_html/app/controllers/Controller.php:78] Access->authorize()
Sun, 26 Jan 2025 19:09:50 -0500 [24.173.132.66] [/home/u991737198/domains/tas2023.online/public_html/lib/base.php:2069] Controller->beforeroute()
Sun, 26 Jan 2025 19:09:50 -0500 [24.173.132.66] [/home/u991737198/domains/tas2023.online/public_html/lib/base.php:1871] Base->call()
Sun, 26 Jan 2025 19:09:50 -0500 [24.173.132.66] [/home/u991737198/domains/tas2023.online/public_html/index.php:19] Base->run()
Sun, 26 Jan 2025 19:10:23 -0500 [24.173.132.66] 500: Undefined variable $entity_num trace: [tmp/3hn69l4qoa804.1zo7dt0fljr4w.php:200]
Sun, 26 Jan 2025 19:10:23 -0500 [24.173.132.66] [tmp/3hn69l4qoa804.1zo7dt0fljr4w.php:200] Base->{closure}()
Sun, 26 Jan 2025 19:10:23 -0500 [24.173.132.66] [lib/base.php:3036] require('/home/u991737198/domains/tas2023.online/public_html/tmp/3hn69l4qoa804.1zo7dt0fljr4w.php')
Sun, 26 Jan 2025 19:10:23 -0500 [24.173.132.66] [lib/base.php:3281] View->sandbox()
Sun, 26 Jan 2025 19:10:23 -0500 [24.173.132.66] [tmp/3hn69l4qoa804.3h31n1yj254w8.php:7] Preview->render()
Sun, 26 Jan 2025 19:10:23 -0500 [24.173.132.66] [lib/base.php:3036] require('/home/u991737198/domains/tas2023.online/public_html/tmp/3hn69l4qoa804.3h31n1yj254w8.php')
Sun, 26 Jan 2025 19:10:23 -0500 [24.173.132.66] [lib/base.php:3281] View->sandbox()
Sun, 26 Jan 2025 19:10:23 -0500 [24.173.132.66] [app/controllers/Controller.php:87] Preview->render()
Sun, 26 Jan 2025 19:10:23 -0500 [24.173.132.66] [lib/base.php:2078] Controller->afterroute()
Sun, 26 Jan 2025 19:10:23 -0500 [24.173.132.66] [lib/base.php:1871] Base->call()
Sun, 26 Jan 2025 19:10:23 -0500 [24.173.132.66] [index.php:19] Base->run()
Sun, 26 Jan 2025 19:10:25 -0500 [24.173.132.66] 500: Undefined variable $token trace: [tmp/3hn69l4qoa804.2r4f9cgm96ecs.php:226]
Sun, 26 Jan 2025 19:10:25 -0500 [24.173.132.66] [tmp/3hn69l4qoa804.2r4f9cgm96ecs.php:226] Base->{closure}()
Sun, 26 Jan 2025 19:10:25 -0500 [24.173.132.66] [lib/base.php:3036] require('/home/u991737198/domains/tas2023.online/public_html/tmp/3hn69l4qoa804.2r4f9cgm96ecs.php')
Sun, 26 Jan 2025 19:10:25 -0500 [24.173.132.66] [lib/base.php:3281] View->sandbox()
Sun, 26 Jan 2025 19:10:25 -0500 [24.173.132.66] [tmp/3hn69l4qoa804.3h31n1yj254w8.php:7] Preview->render()
Sun, 26 Jan 2025 19:10:25 -0500 [24.173.132.66] [lib/base.php:3036] require('/home/u991737198/domains/tas2023.online/public_html/tmp/3hn69l4qoa804.3h31n1yj254w8.php')
Sun, 26 Jan 2025 19:10:25 -0500 [24.173.132.66] [lib/base.php:3281] View->sandbox()
Sun, 26 Jan 2025 19:10:25 -0500 [24.173.132.66] [app/controllers/Controller.php:87] Preview->render()
Sun, 26 Jan 2025 19:10:25 -0500 [24.173.132.66] [lib/base.php:2078] Controller->afterroute()
Sun, 26 Jan 2025 19:10:25 -0500 [24.173.132.66] [lib/base.php:1871] Base->call()
Sun, 26 Jan 2025 19:10:25 -0500 [24.173.132.66] [index.php:19] Base->run()
Sun, 26 Jan 2025 19:10:27 -0500 [24.173.132.66] 500: Undefined variable $modal trace: [tmp/3hn69l4qoa804.s6y49d7myqde.php:84]
Sun, 26 Jan 2025 19:10:27 -0500 [24.173.132.66] [tmp/3hn69l4qoa804.s6y49d7myqde.php:84] Base->{closure}()
Sun, 26 Jan 2025 19:10:27 -0500 [24.173.132.66] [lib/base.php:3036] require('/home/u991737198/domains/tas2023.online/public_html/tmp/3hn69l4qoa804.s6y49d7myqde.php')
Sun, 26 Jan 2025 19:10:27 -0500 [24.173.132.66] [lib/base.php:3281] View->sandbox()
Sun, 26 Jan 2025 19:10:27 -0500 [24.173.132.66] [tmp/3hn69l4qoa804.3h31n1yj254w8.php:7] Preview->render()
Sun, 26 Jan 2025 19:10:27 -0500 [24.173.132.66] [lib/base.php:3036] require('/home/u991737198/domains/tas2023.online/public_html/tmp/3hn69l4qoa804.3h31n1yj254w8.php')
Sun, 26 Jan 2025 19:10:27 -0500 [24.173.132.66] [lib/base.php:3281] View->sandbox()
Sun, 26 Jan 2025 19:10:27 -0500 [24.173.132.66] [app/controllers/Controller.php:87] Preview->render()
Sun, 26 Jan 2025 19:10:27 -0500 [24.173.132.66] [lib/base.php:2078] Controller->afterroute()
Sun, 26 Jan 2025 19:10:27 -0500 [24.173.132.66] [lib/base.php:1871] Base->call()
Sun, 26 Jan 2025 19:10:27 -0500 [24.173.132.66] [index.php:19] Base->run()
Sun, 26 Jan 2025 19:17:35 -0500 [24.173.132.66] 500: Undefined variable $entity_num trace: [tmp/3hn69l4qoa804.1zo7dt0fljr4w.php:200]
Sun, 26 Jan 2025 19:17:35 -0500 [24.173.132.66] [tmp/3hn69l4qoa804.1zo7dt0fljr4w.php:200] Base->{closure}()
Sun, 26 Jan 2025 19:17:35 -0500 [24.173.132.66] [lib/base.php:3036] require('/home/u991737198/domains/tas2023.online/public_html/tmp/3hn69l4qoa804.1zo7dt0fljr4w.php')
Sun, 26 Jan 2025 19:17:35 -0500 [24.173.132.66] [lib/base.php:3281] View->sandbox()
Sun, 26 Jan 2025 19:17:35 -0500 [24.173.132.66] [tmp/3hn69l4qoa804.3h31n1yj254w8.php:7] Preview->render()
Sun, 26 Jan 2025 19:17:35 -0500 [24.173.132.66] [lib/base.php:3036] require('/home/u991737198/domains/tas2023.online/public_html/tmp/3hn69l4qoa804.3h31n1yj254w8.php')
Sun, 26 Jan 2025 19:17:35 -0500 [24.173.132.66] [lib/base.php:3281] View->sandbox()
Sun, 26 Jan 2025 19:17:35 -0500 [24.173.132.66] [app/controllers/Controller.php:87] Preview->render()
Sun, 26 Jan 2025 19:17:35 -0500 [24.173.132.66] [lib/base.php:2078] Controller->afterroute()
Sun, 26 Jan 2025 19:17:35 -0500 [24.173.132.66] [lib/base.php:1871] Base->call()
Sun, 26 Jan 2025 19:17:35 -0500 [24.173.132.66] [index.php:19] Base->run()
Sun, 26 Jan 2025 19:17:38 -0500 [24.173.132.66] 500: Undefined variable $token trace: [tmp/3hn69l4qoa804.2r4f9cgm96ecs.php:226]
Sun, 26 Jan 2025 19:17:38 -0500 [24.173.132.66] [tmp/3hn69l4qoa804.2r4f9cgm96ecs.php:226] Base->{closure}()
Sun, 26 Jan 2025 19:17:38 -0500 [24.173.132.66] [lib/base.php:3036] require('/home/u991737198/domains/tas2023.online/public_html/tmp/3hn69l4qoa804.2r4f9cgm96ecs.php')
Sun, 26 Jan 2025 19:17:38 -0500 [24.173.132.66] [lib/base.php:3281] View->sandbox()
Sun, 26 Jan 2025 19:17:38 -0500 [24.173.132.66] [tmp/3hn69l4qoa804.3h31n1yj254w8.php:7] Preview->render()
Sun, 26 Jan 2025 19:17:38 -0500 [24.173.132.66] [lib/base.php:3036] require('/home/u991737198/domains/tas2023.online/public_html/tmp/3hn69l4qoa804.3h31n1yj254w8.php')
Sun, 26 Jan 2025 19:17:38 -0500 [24.173.132.66] [lib/base.php:3281] View->sandbox()
Sun, 26 Jan 2025 19:17:38 -0500 [24.173.132.66] [app/controllers/Controller.php:87] Preview->render()
Sun, 26 Jan 2025 19:17:38 -0500 [24.173.132.66] [lib/base.php:2078] Controller->afterroute()
Sun, 26 Jan 2025 19:17:38 -0500 [24.173.132.66] [lib/base.php:1871] Base->call()
Sun, 26 Jan 2025 19:17:38 -0500 [24.173.132.66] [index.php:19] Base->run()
Sun, 26 Jan 2025 19:17:39 -0500 [24.173.132.66] 500: Undefined variable $modal trace: [tmp/3hn69l4qoa804.s6y49d7myqde.php:84]
Sun, 26 Jan 2025 19:17:39 -0500 [24.173.132.66] [tmp/3hn69l4qoa804.s6y49d7myqde.php:84] Base->{closure}()
Sun, 26 Jan 2025 19:17:39 -0500 [24.173.132.66] [lib/base.php:3036] require('/home/u991737198/domains/tas2023.online/public_html/tmp/3hn69l4qoa804.s6y49d7myqde.php')
Sun, 26 Jan 2025 19:17:39 -0500 [24.173.132.66] [lib/base.php:3281] View->sandbox()
Sun, 26 Jan 2025 19:17:39 -0500 [24.173.132.66] [tmp/3hn69l4qoa804.3h31n1yj254w8.php:7] Preview->render()
Sun, 26 Jan 2025 19:17:39 -0500 [24.173.132.66] [lib/base.php:3036] require('/home/u991737198/domains/tas2023.online/public_html/tmp/3hn69l4qoa804.3h31n1yj254w8.php')
Sun, 26 Jan 2025 19:17:39 -0500 [24.173.132.66] [lib/base.php:3281] View->sandbox()
Sun, 26 Jan 2025 19:17:39 -0500 [24.173.132.66] [app/controllers/Controller.php:87] Preview->render()
Sun, 26 Jan 2025 19:17:39 -0500 [24.173.132.66] [lib/base.php:2078] Controller->afterroute()
Sun, 26 Jan 2025 19:17:39 -0500 [24.173.132.66] [lib/base.php:1871] Base->call()
Sun, 26 Jan 2025 19:17:39 -0500 [24.173.132.66] [index.php:19] Base->run()
Sun, 26 Jan 2025 19:18:15 -0500 [24.173.132.66] 500: Undefined variable $entity_num trace: [tmp/3hn69l4qoa804.1zo7dt0fljr4w.php:200]
Sun, 26 Jan 2025 19:18:15 -0500 [24.173.132.66] [tmp/3hn69l4qoa804.1zo7dt0fljr4w.php:200] Base->{closure}()
Sun, 26 Jan 2025 19:18:15 -0500 [24.173.132.66] [lib/base.php:3036] require('/home/u991737198/domains/tas2023.online/public_html/tmp/3hn69l4qoa804.1zo7dt0fljr4w.php')
Sun, 26 Jan 2025 19:18:15 -0500 [24.173.132.66] [lib/base.php:3281] View->sandbox()
Sun, 26 Jan 2025 19:18:15 -0500 [24.173.132.66] [tmp/3hn69l4qoa804.3h31n1yj254w8.php:7] Preview->render()
Sun, 26 Jan 2025 19:18:15 -0500 [24.173.132.66] [lib/base.php:3036] require('/home/u991737198/domains/tas2023.online/public_html/tmp/3hn69l4qoa804.3h31n1yj254w8.php')
Sun, 26 Jan 2025 19:18:15 -0500 [24.173.132.66] [lib/base.php:3281] View->sandbox()
Sun, 26 Jan 2025 19:18:15 -0500 [24.173.132.66] [app/controllers/Controller.php:87] Preview->render()
Sun, 26 Jan 2025 19:18:15 -0500 [24.173.132.66] [lib/base.php:2078] Controller->afterroute()
Sun, 26 Jan 2025 19:18:15 -0500 [24.173.132.66] [lib/base.php:1871] Base->call()
Sun, 26 Jan 2025 19:18:15 -0500 [24.173.132.66] [index.php:19] Base->run()
Sun, 26 Jan 2025 19:18:18 -0500 [24.173.132.66] 500: Undefined variable $token trace: [tmp/3hn69l4qoa804.2r4f9cgm96ecs.php:226]
Sun, 26 Jan 2025 19:18:18 -0500 [24.173.132.66] [tmp/3hn69l4qoa804.2r4f9cgm96ecs.php:226] Base->{closure}()
Sun, 26 Jan 2025 19:18:18 -0500 [24.173.132.66] [lib/base.php:3036] require('/home/u991737198/domains/tas2023.online/public_html/tmp/3hn69l4qoa804.2r4f9cgm96ecs.php')
Sun, 26 Jan 2025 19:18:18 -0500 [24.173.132.66] [lib/base.php:3281] View->sandbox()
Sun, 26 Jan 2025 19:18:18 -0500 [24.173.132.66] [tmp/3hn69l4qoa804.3h31n1yj254w8.php:7] Preview->render()
Sun, 26 Jan 2025 19:18:18 -0500 [24.173.132.66] [lib/base.php:3036] require('/home/u991737198/domains/tas2023.online/public_html/tmp/3hn69l4qoa804.3h31n1yj254w8.php')
Sun, 26 Jan 2025 19:18:18 -0500 [24.173.132.66] [lib/base.php:3281] View->sandbox()
Sun, 26 Jan 2025 19:18:18 -0500 [24.173.132.66] [app/controllers/Controller.php:87] Preview->render()
Sun, 26 Jan 2025 19:18:18 -0500 [24.173.132.66] [lib/base.php:2078] Controller->afterroute()
Sun, 26 Jan 2025 19:18:18 -0500 [24.173.132.66] [lib/base.php:1871] Base->call()
Sun, 26 Jan 2025 19:18:18 -0500 [24.173.132.66] [index.php:19] Base->run()
Sun, 26 Jan 2025 19:18:22 -0500 [24.173.132.66] 500: Undefined variable $token trace: [tmp/3hn69l4qoa804.2r4f9cgm96ecs.php:226]
Sun, 26 Jan 2025 19:18:22 -0500 [24.173.132.66] [tmp/3hn69l4qoa804.2r4f9cgm96ecs.php:226] Base->{closure}()
Sun, 26 Jan 2025 19:18:22 -0500 [24.173.132.66] [lib/base.php:3036] require('/home/u991737198/domains/tas2023.online/public_html/tmp/3hn69l4qoa804.2r4f9cgm96ecs.php')
Sun, 26 Jan 2025 19:18:22 -0500 [24.173.132.66] [lib/base.php:3281] View->sandbox()
Sun, 26 Jan 2025 19:18:22 -0500 [24.173.132.66] [tmp/3hn69l4qoa804.3h31n1yj254w8.php:7] Preview->render()
Sun, 26 Jan 2025 19:18:22 -0500 [24.173.132.66] [lib/base.php:3036] require('/home/u991737198/domains/tas2023.online/public_html/tmp/3hn69l4qoa804.3h31n1yj254w8.php')
Sun, 26 Jan 2025 19:18:22 -0500 [24.173.132.66] [lib/base.php:3281] View->sandbox()
Sun, 26 Jan 2025 19:18:22 -0500 [24.173.132.66] [app/controllers/Controller.php:87] Preview->render()
Sun, 26 Jan 2025 19:18:22 -0500 [24.173.132.66] [lib/base.php:2078] Controller->afterroute()
Sun, 26 Jan 2025 19:18:22 -0500 [24.173.132.66] [lib/base.php:1871] Base->call()
Sun, 26 Jan 2025 19:18:22 -0500 [24.173.132.66] [index.php:19] Base->run()
Sun, 26 Jan 2025 19:18:23 -0500 [24.173.132.66] 500: Undefined variable $modal trace: [tmp/3hn69l4qoa804.s6y49d7myqde.php:84]
Sun, 26 Jan 2025 19:18:23 -0500 [24.173.132.66] [tmp/3hn69l4qoa804.s6y49d7myqde.php:84] Base->{closure}()
Sun, 26 Jan 2025 19:18:23 -0500 [24.173.132.66] [lib/base.php:3036] require('/home/u991737198/domains/tas2023.online/public_html/tmp/3hn69l4qoa804.s6y49d7myqde.php')
Sun, 26 Jan 2025 19:18:23 -0500 [24.173.132.66] [lib/base.php:3281] View->sandbox()
Sun, 26 Jan 2025 19:18:23 -0500 [24.173.132.66] [tmp/3hn69l4qoa804.3h31n1yj254w8.php:7] Preview->render()
Sun, 26 Jan 2025 19:18:23 -0500 [24.173.132.66] [lib/base.php:3036] require('/home/u991737198/domains/tas2023.online/public_html/tmp/3hn69l4qoa804.3h31n1yj254w8.php')
Sun, 26 Jan 2025 19:18:23 -0500 [24.173.132.66] [lib/base.php:3281] View->sandbox()
Sun, 26 Jan 2025 19:18:23 -0500 [24.173.132.66] [app/controllers/Controller.php:87] Preview->render()
Sun, 26 Jan 2025 19:18:23 -0500 [24.173.132.66] [lib/base.php:2078] Controller->afterroute()
Sun, 26 Jan 2025 19:18:23 -0500 [24.173.132.66] [lib/base.php:1871] Base->call()
Sun, 26 Jan 2025 19:18:23 -0500 [24.173.132.66] [index.php:19] Base->run()
Sun, 26 Jan 2025 19:18:30 -0500 [24.173.132.66] 500: Undefined variable $token trace: [tmp/3hn69l4qoa804.2r4f9cgm96ecs.php:226]
Sun, 26 Jan 2025 19:18:30 -0500 [24.173.132.66] [tmp/3hn69l4qoa804.2r4f9cgm96ecs.php:226] Base->{closure}()
Sun, 26 Jan 2025 19:18:30 -0500 [24.173.132.66] [lib/base.php:3036] require('/home/u991737198/domains/tas2023.online/public_html/tmp/3hn69l4qoa804.2r4f9cgm96ecs.php')
Sun, 26 Jan 2025 19:18:30 -0500 [24.173.132.66] [lib/base.php:3281] View->sandbox()
Sun, 26 Jan 2025 19:18:30 -0500 [24.173.132.66] [tmp/3hn69l4qoa804.3h31n1yj254w8.php:7] Preview->render()
Sun, 26 Jan 2025 19:18:30 -0500 [24.173.132.66] [lib/base.php:3036] require('/home/u991737198/domains/tas2023.online/public_html/tmp/3hn69l4qoa804.3h31n1yj254w8.php')
Sun, 26 Jan 2025 19:18:30 -0500 [24.173.132.66] [lib/base.php:3281] View->sandbox()
Sun, 26 Jan 2025 19:18:30 -0500 [24.173.132.66] [app/controllers/Controller.php:87] Preview->render()
Sun, 26 Jan 2025 19:18:30 -0500 [24.173.132.66] [lib/base.php:2078] Controller->afterroute()
Sun, 26 Jan 2025 19:18:30 -0500 [24.173.132.66] [lib/base.php:1871] Base->call()
Sun, 26 Jan 2025 19:18:30 -0500 [24.173.132.66] [index.php:19] Base->run()
Sun, 26 Jan 2025 19:21:18 -0500 [24.173.132.66] 500: Undefined variable $token trace: [tmp/3hn69l4qoa804.2r4f9cgm96ecs.php:226]
Sun, 26 Jan 2025 19:21:18 -0500 [24.173.132.66] [tmp/3hn69l4qoa804.2r4f9cgm96ecs.php:226] Base->{closure}()
Sun, 26 Jan 2025 19:21:18 -0500 [24.173.132.66] [lib/base.php:3036] require('/home/u991737198/domains/tas2023.online/public_html/tmp/3hn69l4qoa804.2r4f9cgm96ecs.php')
Sun, 26 Jan 2025 19:21:18 -0500 [24.173.132.66] [lib/base.php:3281] View->sandbox()
Sun, 26 Jan 2025 19:21:18 -0500 [24.173.132.66] [tmp/3hn69l4qoa804.3h31n1yj254w8.php:7] Preview->render()
Sun, 26 Jan 2025 19:21:18 -0500 [24.173.132.66] [lib/base.php:3036] require('/home/u991737198/domains/tas2023.online/public_html/tmp/3hn69l4qoa804.3h31n1yj254w8.php')
Sun, 26 Jan 2025 19:21:18 -0500 [24.173.132.66] [lib/base.php:3281] View->sandbox()
Sun, 26 Jan 2025 19:21:18 -0500 [24.173.132.66] [app/controllers/Controller.php:87] Preview->render()
Sun, 26 Jan 2025 19:21:18 -0500 [24.173.132.66] [lib/base.php:2078] Controller->afterroute()
Sun, 26 Jan 2025 19:21:18 -0500 [24.173.132.66] [lib/base.php:1871] Base->call()
Sun, 26 Jan 2025 19:21:18 -0500 [24.173.132.66] [index.php:19] Base->run()
Sun, 26 Jan 2025 19:21:19 -0500 [24.173.132.66] 500: Undefined variable $modal trace: [tmp/3hn69l4qoa804.s6y49d7myqde.php:84]
Sun, 26 Jan 2025 19:21:19 -0500 [24.173.132.66] [tmp/3hn69l4qoa804.s6y49d7myqde.php:84] Base->{closure}()
Sun, 26 Jan 2025 19:21:19 -0500 [24.173.132.66] [lib/base.php:3036] require('/home/u991737198/domains/tas2023.online/public_html/tmp/3hn69l4qoa804.s6y49d7myqde.php')
Sun, 26 Jan 2025 19:21:19 -0500 [24.173.132.66] [lib/base.php:3281] View->sandbox()
Sun, 26 Jan 2025 19:21:19 -0500 [24.173.132.66] [tmp/3hn69l4qoa804.3h31n1yj254w8.php:7] Preview->render()
Sun, 26 Jan 2025 19:21:19 -0500 [24.173.132.66] [lib/base.php:3036] require('/home/u991737198/domains/tas2023.online/public_html/tmp/3hn69l4qoa804.3h31n1yj254w8.php')
Sun, 26 Jan 2025 19:21:19 -0500 [24.173.132.66] [lib/base.php:3281] View->sandbox()
Sun, 26 Jan 2025 19:21:19 -0500 [24.173.132.66] [app/controllers/Controller.php:87] Preview->render()
Sun, 26 Jan 2025 19:21:19 -0500 [24.173.132.66] [lib/base.php:2078] Controller->afterroute()
Sun, 26 Jan 2025 19:21:19 -0500 [24.173.132.66] [lib/base.php:1871] Base->call()
Sun, 26 Jan 2025 19:21:19 -0500 [24.173.132.66] [index.php:19] Base->run()
Sun, 26 Jan 2025 19:21:27 -0500 [24.173.132.66] 500: Undefined variable $token trace: [tmp/3hn69l4qoa804.2r4f9cgm96ecs.php:226]
Sun, 26 Jan 2025 19:21:27 -0500 [24.173.132.66] [tmp/3hn69l4qoa804.2r4f9cgm96ecs.php:226] Base->{closure}()
Sun, 26 Jan 2025 19:21:27 -0500 [24.173.132.66] [lib/base.php:3036] require('/home/u991737198/domains/tas2023.online/public_html/tmp/3hn69l4qoa804.2r4f9cgm96ecs.php')
Sun, 26 Jan 2025 19:21:27 -0500 [24.173.132.66] [lib/base.php:3281] View->sandbox()
Sun, 26 Jan 2025 19:21:27 -0500 [24.173.132.66] [tmp/3hn69l4qoa804.3h31n1yj254w8.php:7] Preview->render()
Sun, 26 Jan 2025 19:21:27 -0500 [24.173.132.66] [lib/base.php:3036] require('/home/u991737198/domains/tas2023.online/public_html/tmp/3hn69l4qoa804.3h31n1yj254w8.php')
Sun, 26 Jan 2025 19:21:27 -0500 [24.173.132.66] [lib/base.php:3281] View->sandbox()
Sun, 26 Jan 2025 19:21:27 -0500 [24.173.132.66] [app/controllers/Controller.php:87] Preview->render()
Sun, 26 Jan 2025 19:21:27 -0500 [24.173.132.66] [lib/base.php:2078] Controller->afterroute()
Sun, 26 Jan 2025 19:21:27 -0500 [24.173.132.66] [lib/base.php:1871] Base->call()
Sun, 26 Jan 2025 19:21:27 -0500 [24.173.132.66] [index.php:19] Base->run()
Sun, 26 Jan 2025 19:28:01 -0500 [24.173.132.66] 500: Undefined variable $entity_num trace: [tmp/3hn69l4qoa804.1zo7dt0fljr4w.php:200]
Sun, 26 Jan 2025 19:28:01 -0500 [24.173.132.66] [tmp/3hn69l4qoa804.1zo7dt0fljr4w.php:200] Base->{closure}()
Sun, 26 Jan 2025 19:28:01 -0500 [24.173.132.66] [lib/base.php:3036] require('/home/u991737198/domains/tas2023.online/public_html/tmp/3hn69l4qoa804.1zo7dt0fljr4w.php')
Sun, 26 Jan 2025 19:28:01 -0500 [24.173.132.66] [lib/base.php:3281] View->sandbox()
Sun, 26 Jan 2025 19:28:01 -0500 [24.173.132.66] [tmp/3hn69l4qoa804.3h31n1yj254w8.php:7] Preview->render()
Sun, 26 Jan 2025 19:28:01 -0500 [24.173.132.66] [lib/base.php:3036] require('/home/u991737198/domains/tas2023.online/public_html/tmp/3hn69l4qoa804.3h31n1yj254w8.php')
Sun, 26 Jan 2025 19:28:01 -0500 [24.173.132.66] [lib/base.php:3281] View->sandbox()
Sun, 26 Jan 2025 19:28:01 -0500 [24.173.132.66] [app/controllers/Controller.php:87] Preview->render()
Sun, 26 Jan 2025 19:28:01 -0500 [24.173.132.66] [lib/base.php:2078] Controller->afterroute()
Sun, 26 Jan 2025 19:28:01 -0500 [24.173.132.66] [lib/base.php:1871] Base->call()
Sun, 26 Jan 2025 19:28:01 -0500 [24.173.132.66] [index.php:19] Base->run()
Sun, 26 Jan 2025 19:28:03 -0500 [24.173.132.66] 500: Undefined variable $token trace: [tmp/3hn69l4qoa804.2r4f9cgm96ecs.php:226]
Sun, 26 Jan 2025 19:28:03 -0500 [24.173.132.66] [tmp/3hn69l4qoa804.2r4f9cgm96ecs.php:226] Base->{closure}()
Sun, 26 Jan 2025 19:28:03 -0500 [24.173.132.66] [lib/base.php:3036] require('/home/u991737198/domains/tas2023.online/public_html/tmp/3hn69l4qoa804.2r4f9cgm96ecs.php')
Sun, 26 Jan 2025 19:28:03 -0500 [24.173.132.66] [lib/base.php:3281] View->sandbox()
Sun, 26 Jan 2025 19:28:03 -0500 [24.173.132.66] [tmp/3hn69l4qoa804.3h31n1yj254w8.php:7] Preview->render()
Sun, 26 Jan 2025 19:28:03 -0500 [24.173.132.66] [lib/base.php:3036] require('/home/u991737198/domains/tas2023.online/public_html/tmp/3hn69l4qoa804.3h31n1yj254w8.php')
Sun, 26 Jan 2025 19:28:03 -0500 [24.173.132.66] [lib/base.php:3281] View->sandbox()
Sun, 26 Jan 2025 19:28:03 -0500 [24.173.132.66] [app/controllers/Controller.php:87] Preview->render()
Sun, 26 Jan 2025 19:28:03 -0500 [24.173.132.66] [lib/base.php:2078] Controller->afterroute()
Sun, 26 Jan 2025 19:28:03 -0500 [24.173.132.66] [lib/base.php:1871] Base->call()
Sun, 26 Jan 2025 19:28:03 -0500 [24.173.132.66] [index.php:19] Base->run()
Sun, 26 Jan 2025 19:28:08 -0500 [24.173.132.66] 500: Undefined variable $token trace: [tmp/3hn69l4qoa804.2r4f9cgm96ecs.php:226]
Sun, 26 Jan 2025 19:28:08 -0500 [24.173.132.66] [tmp/3hn69l4qoa804.2r4f9cgm96ecs.php:226] Base->{closure}()
Sun, 26 Jan 2025 19:28:08 -0500 [24.173.132.66] [lib/base.php:3036] require('/home/u991737198/domains/tas2023.online/public_html/tmp/3hn69l4qoa804.2r4f9cgm96ecs.php')
Sun, 26 Jan 2025 19:28:08 -0500 [24.173.132.66] [lib/base.php:3281] View->sandbox()
Sun, 26 Jan 2025 19:28:08 -0500 [24.173.132.66] [tmp/3hn69l4qoa804.3h31n1yj254w8.php:7] Preview->render()
Sun, 26 Jan 2025 19:28:08 -0500 [24.173.132.66] [lib/base.php:3036] require('/home/u991737198/domains/tas2023.online/public_html/tmp/3hn69l4qoa804.3h31n1yj254w8.php')
Sun, 26 Jan 2025 19:28:08 -0500 [24.173.132.66] [lib/base.php:3281] View->sandbox()
Sun, 26 Jan 2025 19:28:08 -0500 [24.173.132.66] [app/controllers/Controller.php:87] Preview->render()
Sun, 26 Jan 2025 19:28:08 -0500 [24.173.132.66] [lib/base.php:2078] Controller->afterroute()
Sun, 26 Jan 2025 19:28:08 -0500 [24.173.132.66] [lib/base.php:1871] Base->call()
Sun, 26 Jan 2025 19:28:08 -0500 [24.173.132.66] [index.php:19] Base->run()
Sun, 26 Jan 2025 19:29:17 -0500 [24.173.132.66] 500: Undefined variable $modal trace: [tmp/3hn69l4qoa804.s6y49d7myqde.php:84]
Sun, 26 Jan 2025 19:29:17 -0500 [24.173.132.66] [tmp/3hn69l4qoa804.s6y49d7myqde.php:84] Base->{closure}()
Sun, 26 Jan 2025 19:29:17 -0500 [24.173.132.66] [lib/base.php:3036] require('/home/u991737198/domains/tas2023.online/public_html/tmp/3hn69l4qoa804.s6y49d7myqde.php')
Sun, 26 Jan 2025 19:29:17 -0500 [24.173.132.66] [lib/base.php:3281] View->sandbox()
Sun, 26 Jan 2025 19:29:17 -0500 [24.173.132.66] [tmp/3hn69l4qoa804.3h31n1yj254w8.php:7] Preview->render()
Sun, 26 Jan 2025 19:29:17 -0500 [24.173.132.66] [lib/base.php:3036] require('/home/u991737198/domains/tas2023.online/public_html/tmp/3hn69l4qoa804.3h31n1yj254w8.php')
Sun, 26 Jan 2025 19:29:17 -0500 [24.173.132.66] [lib/base.php:3281] View->sandbox()
Sun, 26 Jan 2025 19:29:17 -0500 [24.173.132.66] [app/controllers/Controller.php:87] Preview->render()
Sun, 26 Jan 2025 19:29:17 -0500 [24.173.132.66] [lib/base.php:2078] Controller->afterroute()
Sun, 26 Jan 2025 19:29:17 -0500 [24.173.132.66] [lib/base.php:1871] Base->call()
Sun, 26 Jan 2025 19:29:17 -0500 [24.173.132.66] [index.php:19] Base->run()
Sun, 26 Jan 2025 19:29:27 -0500 [24.173.132.66] 500: Undefined variable $token trace: [tmp/3hn69l4qoa804.2r4f9cgm96ecs.php:226]
Sun, 26 Jan 2025 19:29:27 -0500 [24.173.132.66] [tmp/3hn69l4qoa804.2r4f9cgm96ecs.php:226] Base->{closure}()
Sun, 26 Jan 2025 19:29:27 -0500 [24.173.132.66] [lib/base.php:3036] require('/home/u991737198/domains/tas2023.online/public_html/tmp/3hn69l4qoa804.2r4f9cgm96ecs.php')
Sun, 26 Jan 2025 19:29:27 -0500 [24.173.132.66] [lib/base.php:3281] View->sandbox()
Sun, 26 Jan 2025 19:29:27 -0500 [24.173.132.66] [tmp/3hn69l4qoa804.3h31n1yj254w8.php:7] Preview->render()
Sun, 26 Jan 2025 19:29:27 -0500 [24.173.132.66] [lib/base.php:3036] require('/home/u991737198/domains/tas2023.online/public_html/tmp/3hn69l4qoa804.3h31n1yj254w8.php')
Sun, 26 Jan 2025 19:29:27 -0500 [24.173.132.66] [lib/base.php:3281] View->sandbox()
Sun, 26 Jan 2025 19:29:27 -0500 [24.173.132.66] [app/controllers/Controller.php:87] Preview->render()
Sun, 26 Jan 2025 19:29:27 -0500 [24.173.132.66] [lib/base.php:2078] Controller->afterroute()
Sun, 26 Jan 2025 19:29:27 -0500 [24.173.132.66] [lib/base.php:1871] Base->call()
Sun, 26 Jan 2025 19:29:27 -0500 [24.173.132.66] [index.php:19] Base->run()
Sun, 26 Jan 2025 20:30:47 -0500 [24.173.132.66] 500: Undefined variable $entity_num trace: [tmp/3hn69l4qoa804.1zo7dt0fljr4w.php:200]
Sun, 26 Jan 2025 20:30:47 -0500 [24.173.132.66] [tmp/3hn69l4qoa804.1zo7dt0fljr4w.php:200] Base->{closure}()
Sun, 26 Jan 2025 20:30:47 -0500 [24.173.132.66] [lib/base.php:3036] require('/home/u991737198/domains/tas2023.online/public_html/tmp/3hn69l4qoa804.1zo7dt0fljr4w.php')
Sun, 26 Jan 2025 20:30:47 -0500 [24.173.132.66] [lib/base.php:3281] View->sandbox()
Sun, 26 Jan 2025 20:30:47 -0500 [24.173.132.66] [tmp/3hn69l4qoa804.3h31n1yj254w8.php:7] Preview->render()
Sun, 26 Jan 2025 20:30:47 -0500 [24.173.132.66] [lib/base.php:3036] require('/home/u991737198/domains/tas2023.online/public_html/tmp/3hn69l4qoa804.3h31n1yj254w8.php')
Sun, 26 Jan 2025 20:30:47 -0500 [24.173.132.66] [lib/base.php:3281] View->sandbox()
Sun, 26 Jan 2025 20:30:47 -0500 [24.173.132.66] [app/controllers/Controller.php:87] Preview->render()
Sun, 26 Jan 2025 20:30:47 -0500 [24.173.132.66] [lib/base.php:2078] Controller->afterroute()
Sun, 26 Jan 2025 20:30:47 -0500 [24.173.132.66] [lib/base.php:1871] Base->call()
Sun, 26 Jan 2025 20:30:47 -0500 [24.173.132.66] [index.php:19] Base->run()
Sun, 26 Jan 2025 20:30:49 -0500 [24.173.132.66] 500: Undefined variable $token trace: [tmp/3hn69l4qoa804.2r4f9cgm96ecs.php:226]
Sun, 26 Jan 2025 20:30:49 -0500 [24.173.132.66] [tmp/3hn69l4qoa804.2r4f9cgm96ecs.php:226] Base->{closure}()
Sun, 26 Jan 2025 20:30:49 -0500 [24.173.132.66] [lib/base.php:3036] require('/home/u991737198/domains/tas2023.online/public_html/tmp/3hn69l4qoa804.2r4f9cgm96ecs.php')
Sun, 26 Jan 2025 20:30:49 -0500 [24.173.132.66] [lib/base.php:3281] View->sandbox()
Sun, 26 Jan 2025 20:30:49 -0500 [24.173.132.66] [tmp/3hn69l4qoa804.3h31n1yj254w8.php:7] Preview->render()
Sun, 26 Jan 2025 20:30:49 -0500 [24.173.132.66] [lib/base.php:3036] require('/home/u991737198/domains/tas2023.online/public_html/tmp/3hn69l4qoa804.3h31n1yj254w8.php')
Sun, 26 Jan 2025 20:30:49 -0500 [24.173.132.66] [lib/base.php:3281] View->sandbox()
Sun, 26 Jan 2025 20:30:49 -0500 [24.173.132.66] [app/controllers/Controller.php:87] Preview->render()
Sun, 26 Jan 2025 20:30:49 -0500 [24.173.132.66] [lib/base.php:2078] Controller->afterroute()
Sun, 26 Jan 2025 20:30:49 -0500 [24.173.132.66] [lib/base.php:1871] Base->call()
Sun, 26 Jan 2025 20:30:49 -0500 [24.173.132.66] [index.php:19] Base->run()
Sun, 26 Jan 2025 20:30:51 -0500 [24.173.132.66] 500: Undefined variable $token trace: [tmp/3hn69l4qoa804.2r4f9cgm96ecs.php:226]
Sun, 26 Jan 2025 20:30:51 -0500 [24.173.132.66] [tmp/3hn69l4qoa804.2r4f9cgm96ecs.php:226] Base->{closure}()
Sun, 26 Jan 2025 20:30:51 -0500 [24.173.132.66] [lib/base.php:3036] require('/home/u991737198/domains/tas2023.online/public_html/tmp/3hn69l4qoa804.2r4f9cgm96ecs.php')
Sun, 26 Jan 2025 20:30:51 -0500 [24.173.132.66] [lib/base.php:3281] View->sandbox()
Sun, 26 Jan 2025 20:30:51 -0500 [24.173.132.66] [tmp/3hn69l4qoa804.3h31n1yj254w8.php:7] Preview->render()
Sun, 26 Jan 2025 20:30:51 -0500 [24.173.132.66] [lib/base.php:3036] require('/home/u991737198/domains/tas2023.online/public_html/tmp/3hn69l4qoa804.3h31n1yj254w8.php')
Sun, 26 Jan 2025 20:30:51 -0500 [24.173.132.66] [lib/base.php:3281] View->sandbox()
Sun, 26 Jan 2025 20:30:51 -0500 [24.173.132.66] [app/controllers/Controller.php:87] Preview->render()
Sun, 26 Jan 2025 20:30:51 -0500 [24.173.132.66] [lib/base.php:2078] Controller->afterroute()
Sun, 26 Jan 2025 20:30:51 -0500 [24.173.132.66] [lib/base.php:1871] Base->call()
Sun, 26 Jan 2025 20:30:51 -0500 [24.173.132.66] [index.php:19] Base->run()
Sun, 26 Jan 2025 20:30:53 -0500 [24.173.132.66] 500: Undefined variable $modal trace: [tmp/3hn69l4qoa804.s6y49d7myqde.php:84]
Sun, 26 Jan 2025 20:30:53 -0500 [24.173.132.66] [tmp/3hn69l4qoa804.s6y49d7myqde.php:84] Base->{closure}()
Sun, 26 Jan 2025 20:30:53 -0500 [24.173.132.66] [lib/base.php:3036] require('/home/u991737198/domains/tas2023.online/public_html/tmp/3hn69l4qoa804.s6y49d7myqde.php')
Sun, 26 Jan 2025 20:30:53 -0500 [24.173.132.66] [lib/base.php:3281] View->sandbox()
Sun, 26 Jan 2025 20:30:53 -0500 [24.173.132.66] [tmp/3hn69l4qoa804.3h31n1yj254w8.php:7] Preview->render()
Sun, 26 Jan 2025 20:30:53 -0500 [24.173.132.66] [lib/base.php:3036] require('/home/u991737198/domains/tas2023.online/public_html/tmp/3hn69l4qoa804.3h31n1yj254w8.php')
Sun, 26 Jan 2025 20:30:53 -0500 [24.173.132.66] [lib/base.php:3281] View->sandbox()
Sun, 26 Jan 2025 20:30:53 -0500 [24.173.132.66] [app/controllers/Controller.php:87] Preview->render()
Sun, 26 Jan 2025 20:30:53 -0500 [24.173.132.66] [lib/base.php:2078] Controller->afterroute()
Sun, 26 Jan 2025 20:30:53 -0500 [24.173.132.66] [lib/base.php:1871] Base->call()
Sun, 26 Jan 2025 20:30:53 -0500 [24.173.132.66] [index.php:19] Base->run()
Sun, 26 Jan 2025 20:31:01 -0500 [24.173.132.66] 500: Undefined variable $token trace: [tmp/3hn69l4qoa804.2r4f9cgm96ecs.php:226]
Sun, 26 Jan 2025 20:31:01 -0500 [24.173.132.66] [tmp/3hn69l4qoa804.2r4f9cgm96ecs.php:226] Base->{closure}()
Sun, 26 Jan 2025 20:31:01 -0500 [24.173.132.66] [lib/base.php:3036] require('/home/u991737198/domains/tas2023.online/public_html/tmp/3hn69l4qoa804.2r4f9cgm96ecs.php')
Sun, 26 Jan 2025 20:31:01 -0500 [24.173.132.66] [lib/base.php:3281] View->sandbox()
Sun, 26 Jan 2025 20:31:01 -0500 [24.173.132.66] [tmp/3hn69l4qoa804.3h31n1yj254w8.php:7] Preview->render()
Sun, 26 Jan 2025 20:31:01 -0500 [24.173.132.66] [lib/base.php:3036] require('/home/u991737198/domains/tas2023.online/public_html/tmp/3hn69l4qoa804.3h31n1yj254w8.php')
Sun, 26 Jan 2025 20:31:01 -0500 [24.173.132.66] [lib/base.php:3281] View->sandbox()
Sun, 26 Jan 2025 20:31:01 -0500 [24.173.132.66] [app/controllers/Controller.php:87] Preview->render()
Sun, 26 Jan 2025 20:31:01 -0500 [24.173.132.66] [lib/base.php:2078] Controller->afterroute()
Sun, 26 Jan 2025 20:31:01 -0500 [24.173.132.66] [lib/base.php:1871] Base->call()
Sun, 26 Jan 2025 20:31:01 -0500 [24.173.132.66] [index.php:19] Base->run()
Sun, 26 Jan 2025 21:05:00 -0500 [2603:9000:f801:55e2:9ce:f9a:d312:4b30] 500: Undefined variable $entity_num trace: [tmp/3hn69l4qoa804.1zo7dt0fljr4w.php:200]
Sun, 26 Jan 2025 21:05:00 -0500 [2603:9000:f801:55e2:9ce:f9a:d312:4b30] [tmp/3hn69l4qoa804.1zo7dt0fljr4w.php:200] Base->{closure}()
Sun, 26 Jan 2025 21:05:00 -0500 [2603:9000:f801:55e2:9ce:f9a:d312:4b30] [lib/base.php:3036] require('/home/u991737198/domains/tas2023.online/public_html/tmp/3hn69l4qoa804.1zo7dt0fljr4w.php')
Sun, 26 Jan 2025 21:05:00 -0500 [2603:9000:f801:55e2:9ce:f9a:d312:4b30] [lib/base.php:3281] View->sandbox()
Sun, 26 Jan 2025 21:05:00 -0500 [2603:9000:f801:55e2:9ce:f9a:d312:4b30] [tmp/3hn69l4qoa804.3h31n1yj254w8.php:7] Preview->render()
Sun, 26 Jan 2025 21:05:00 -0500 [2603:9000:f801:55e2:9ce:f9a:d312:4b30] [lib/base.php:3036] require('/home/u991737198/domains/tas2023.online/public_html/tmp/3hn69l4qoa804.3h31n1yj254w8.php')
Sun, 26 Jan 2025 21:05:00 -0500 [2603:9000:f801:55e2:9ce:f9a:d312:4b30] [lib/base.php:3281] View->sandbox()
Sun, 26 Jan 2025 21:05:00 -0500 [2603:9000:f801:55e2:9ce:f9a:d312:4b30] [app/controllers/Controller.php:87] Preview->render()
Sun, 26 Jan 2025 21:05:00 -0500 [2603:9000:f801:55e2:9ce:f9a:d312:4b30] [lib/base.php:2078] Controller->afterroute()
Sun, 26 Jan 2025 21:05:00 -0500 [2603:9000:f801:55e2:9ce:f9a:d312:4b30] [lib/base.php:1871] Base->call()
Sun, 26 Jan 2025 21:05:00 -0500 [2603:9000:f801:55e2:9ce:f9a:d312:4b30] [index.php:19] Base->run()
Sun, 26 Jan 2025 21:05:05 -0500 [2603:9000:f801:55e2:9ce:f9a:d312:4b30] 500: Undefined variable $token trace: [tmp/3hn69l4qoa804.2r4f9cgm96ecs.php:226]
Sun, 26 Jan 2025 21:05:05 -0500 [2603:9000:f801:55e2:9ce:f9a:d312:4b30] [tmp/3hn69l4qoa804.2r4f9cgm96ecs.php:226] Base->{closure}()
Sun, 26 Jan 2025 21:05:05 -0500 [2603:9000:f801:55e2:9ce:f9a:d312:4b30] [lib/base.php:3036] require('/home/u991737198/domains/tas2023.online/public_html/tmp/3hn69l4qoa804.2r4f9cgm96ecs.php')
Sun, 26 Jan 2025 21:05:05 -0500 [2603:9000:f801:55e2:9ce:f9a:d312:4b30] [lib/base.php:3281] View->sandbox()
Sun, 26 Jan 2025 21:05:05 -0500 [2603:9000:f801:55e2:9ce:f9a:d312:4b30] [tmp/3hn69l4qoa804.3h31n1yj254w8.php:7] Preview->render()
Sun, 26 Jan 2025 21:05:05 -0500 [2603:9000:f801:55e2:9ce:f9a:d312:4b30] [lib/base.php:3036] require('/home/u991737198/domains/tas2023.online/public_html/tmp/3hn69l4qoa804.3h31n1yj254w8.php')
Sun, 26 Jan 2025 21:05:05 -0500 [2603:9000:f801:55e2:9ce:f9a:d312:4b30] [lib/base.php:3281] View->sandbox()
Sun, 26 Jan 2025 21:05:05 -0500 [2603:9000:f801:55e2:9ce:f9a:d312:4b30] [app/controllers/Controller.php:87] Preview->render()
Sun, 26 Jan 2025 21:05:05 -0500 [2603:9000:f801:55e2:9ce:f9a:d312:4b30] [lib/base.php:2078] Controller->afterroute()
Sun, 26 Jan 2025 21:05:05 -0500 [2603:9000:f801:55e2:9ce:f9a:d312:4b30] [lib/base.php:1871] Base->call()
Sun, 26 Jan 2025 21:05:05 -0500 [2603:9000:f801:55e2:9ce:f9a:d312:4b30] [index.php:19] Base->run()
Sun, 26 Jan 2025 21:05:11 -0500 [2603:9000:f801:55e2:9ce:f9a:d312:4b30] 500: Undefined variable $token trace: [tmp/3hn69l4qoa804.2r4f9cgm96ecs.php:226]
Sun, 26 Jan 2025 21:05:11 -0500 [2603:9000:f801:55e2:9ce:f9a:d312:4b30] [tmp/3hn69l4qoa804.2r4f9cgm96ecs.php:226] Base->{closure}()
Sun, 26 Jan 2025 21:05:11 -0500 [2603:9000:f801:55e2:9ce:f9a:d312:4b30] [lib/base.php:3036] require('/home/u991737198/domains/tas2023.online/public_html/tmp/3hn69l4qoa804.2r4f9cgm96ecs.php')
Sun, 26 Jan 2025 21:05:11 -0500 [2603:9000:f801:55e2:9ce:f9a:d312:4b30] [lib/base.php:3281] View->sandbox()
Sun, 26 Jan 2025 21:05:11 -0500 [2603:9000:f801:55e2:9ce:f9a:d312:4b30] [tmp/3hn69l4qoa804.3h31n1yj254w8.php:7] Preview->render()
Sun, 26 Jan 2025 21:05:11 -0500 [2603:9000:f801:55e2:9ce:f9a:d312:4b30] [lib/base.php:3036] require('/home/u991737198/domains/tas2023.online/public_html/tmp/3hn69l4qoa804.3h31n1yj254w8.php')
Sun, 26 Jan 2025 21:05:11 -0500 [2603:9000:f801:55e2:9ce:f9a:d312:4b30] [lib/base.php:3281] View->sandbox()
Sun, 26 Jan 2025 21:05:11 -0500 [2603:9000:f801:55e2:9ce:f9a:d312:4b30] [app/controllers/Controller.php:87] Preview->render()
Sun, 26 Jan 2025 21:05:11 -0500 [2603:9000:f801:55e2:9ce:f9a:d312:4b30] [lib/base.php:2078] Controller->afterroute()
Sun, 26 Jan 2025 21:05:11 -0500 [2603:9000:f801:55e2:9ce:f9a:d312:4b30] [lib/base.php:1871] Base->call()
Sun, 26 Jan 2025 21:05:11 -0500 [2603:9000:f801:55e2:9ce:f9a:d312:4b30] [index.php:19] Base->run()
Sun, 26 Jan 2025 21:05:25 -0500 [2603:9000:f801:55e2:9ce:f9a:d312:4b30] 500: Undefined variable $token trace: [tmp/3hn69l4qoa804.2r4f9cgm96ecs.php:226]
Sun, 26 Jan 2025 21:05:25 -0500 [2603:9000:f801:55e2:9ce:f9a:d312:4b30] [tmp/3hn69l4qoa804.2r4f9cgm96ecs.php:226] Base->{closure}()
Sun, 26 Jan 2025 21:05:25 -0500 [2603:9000:f801:55e2:9ce:f9a:d312:4b30] [lib/base.php:3036] require('/home/u991737198/domains/tas2023.online/public_html/tmp/3hn69l4qoa804.2r4f9cgm96ecs.php')
Sun, 26 Jan 2025 21:05:25 -0500 [2603:9000:f801:55e2:9ce:f9a:d312:4b30] [lib/base.php:3281] View->sandbox()
Sun, 26 Jan 2025 21:05:25 -0500 [2603:9000:f801:55e2:9ce:f9a:d312:4b30] [tmp/3hn69l4qoa804.3h31n1yj254w8.php:7] Preview->render()
Sun, 26 Jan 2025 21:05:25 -0500 [2603:9000:f801:55e2:9ce:f9a:d312:4b30] [lib/base.php:3036] require('/home/u991737198/domains/tas2023.online/public_html/tmp/3hn69l4qoa804.3h31n1yj254w8.php')
Sun, 26 Jan 2025 21:05:25 -0500 [2603:9000:f801:55e2:9ce:f9a:d312:4b30] [lib/base.php:3281] View->sandbox()
Sun, 26 Jan 2025 21:05:25 -0500 [2603:9000:f801:55e2:9ce:f9a:d312:4b30] [app/controllers/Controller.php:87] Preview->render()
Sun, 26 Jan 2025 21:05:25 -0500 [2603:9000:f801:55e2:9ce:f9a:d312:4b30] [lib/base.php:2078] Controller->afterroute()
Sun, 26 Jan 2025 21:05:25 -0500 [2603:9000:f801:55e2:9ce:f9a:d312:4b30] [lib/base.php:1871] Base->call()
Sun, 26 Jan 2025 21:05:25 -0500 [2603:9000:f801:55e2:9ce:f9a:d312:4b30] [index.php:19] Base->run()
Sun, 26 Jan 2025 21:05:27 -0500 [2603:9000:f801:55e2:9ce:f9a:d312:4b30] 500: Undefined variable $modal trace: [tmp/3hn69l4qoa804.s6y49d7myqde.php:84]
Sun, 26 Jan 2025 21:05:27 -0500 [2603:9000:f801:55e2:9ce:f9a:d312:4b30] [tmp/3hn69l4qoa804.s6y49d7myqde.php:84] Base->{closure}()
Sun, 26 Jan 2025 21:05:27 -0500 [2603:9000:f801:55e2:9ce:f9a:d312:4b30] [lib/base.php:3036] require('/home/u991737198/domains/tas2023.online/public_html/tmp/3hn69l4qoa804.s6y49d7myqde.php')
Sun, 26 Jan 2025 21:05:27 -0500 [2603:9000:f801:55e2:9ce:f9a:d312:4b30] [lib/base.php:3281] View->sandbox()
Sun, 26 Jan 2025 21:05:27 -0500 [2603:9000:f801:55e2:9ce:f9a:d312:4b30] [tmp/3hn69l4qoa804.3h31n1yj254w8.php:7] Preview->render()
Sun, 26 Jan 2025 21:05:27 -0500 [2603:9000:f801:55e2:9ce:f9a:d312:4b30] [lib/base.php:3036] require('/home/u991737198/domains/tas2023.online/public_html/tmp/3hn69l4qoa804.3h31n1yj254w8.php')
Sun, 26 Jan 2025 21:05:27 -0500 [2603:9000:f801:55e2:9ce:f9a:d312:4b30] [lib/base.php:3281] View->sandbox()
Sun, 26 Jan 2025 21:05:27 -0500 [2603:9000:f801:55e2:9ce:f9a:d312:4b30] [app/controllers/Controller.php:87] Preview->render()
Sun, 26 Jan 2025 21:05:27 -0500 [2603:9000:f801:55e2:9ce:f9a:d312:4b30] [lib/base.php:2078] Controller->afterroute()
Sun, 26 Jan 2025 21:05:27 -0500 [2603:9000:f801:55e2:9ce:f9a:d312:4b30] [lib/base.php:1871] Base->call()
Sun, 26 Jan 2025 21:05:27 -0500 [2603:9000:f801:55e2:9ce:f9a:d312:4b30] [index.php:19] Base->run()
Sun, 26 Jan 2025 21:05:35 -0500 [2603:9000:f801:55e2:9ce:f9a:d312:4b30] 500: Undefined variable $token trace: [tmp/3hn69l4qoa804.2r4f9cgm96ecs.php:226]
Sun, 26 Jan 2025 21:05:35 -0500 [2603:9000:f801:55e2:9ce:f9a:d312:4b30] [tmp/3hn69l4qoa804.2r4f9cgm96ecs.php:226] Base->{closure}()
Sun, 26 Jan 2025 21:05:35 -0500 [2603:9000:f801:55e2:9ce:f9a:d312:4b30] [lib/base.php:3036] require('/home/u991737198/domains/tas2023.online/public_html/tmp/3hn69l4qoa804.2r4f9cgm96ecs.php')
Sun, 26 Jan 2025 21:05:35 -0500 [2603:9000:f801:55e2:9ce:f9a:d312:4b30] [lib/base.php:3281] View->sandbox()
Sun, 26 Jan 2025 21:05:35 -0500 [2603:9000:f801:55e2:9ce:f9a:d312:4b30] [tmp/3hn69l4qoa804.3h31n1yj254w8.php:7] Preview->render()
Sun, 26 Jan 2025 21:05:35 -0500 [2603:9000:f801:55e2:9ce:f9a:d312:4b30] [lib/base.php:3036] require('/home/u991737198/domains/tas2023.online/public_html/tmp/3hn69l4qoa804.3h31n1yj254w8.php')
Sun, 26 Jan 2025 21:05:35 -0500 [2603:9000:f801:55e2:9ce:f9a:d312:4b30] [lib/base.php:3281] View->sandbox()
Sun, 26 Jan 2025 21:05:35 -0500 [2603:9000:f801:55e2:9ce:f9a:d312:4b30] [app/controllers/Controller.php:87] Preview->render()
Sun, 26 Jan 2025 21:05:35 -0500 [2603:9000:f801:55e2:9ce:f9a:d312:4b30] [lib/base.php:2078] Controller->afterroute()
Sun, 26 Jan 2025 21:05:35 -0500 [2603:9000:f801:55e2:9ce:f9a:d312:4b30] [lib/base.php:1871] Base->call()
Sun, 26 Jan 2025 21:05:35 -0500 [2603:9000:f801:55e2:9ce:f9a:d312:4b30] [index.php:19] Base->run()
Sun, 26 Jan 2025 21:05:52 -0500 [2603:9000:f801:55e2:9ce:f9a:d312:4b30] 500: Undefined variable $i18n_select_task_type trace: [/home/u991737198/domains/tas2023.online/public_html/tmp/3hn69l4qoa804.9b9764piwerh.php:214]
Sun, 26 Jan 2025 21:05:52 -0500 [2603:9000:f801:55e2:9ce:f9a:d312:4b30] [/home/u991737198/domains/tas2023.online/public_html/tmp/3hn69l4qoa804.9b9764piwerh.php:214] Base->{closure}()
Sun, 26 Jan 2025 21:05:52 -0500 [2603:9000:f801:55e2:9ce:f9a:d312:4b30] [/home/u991737198/domains/tas2023.online/public_html/lib/base.php:3036] require('/home/u991737198/domains/tas2023.online/public_html/tmp/3hn69l4qoa804.9b9764piwerh.php')
Sun, 26 Jan 2025 21:05:52 -0500 [2603:9000:f801:55e2:9ce:f9a:d312:4b30] [/home/u991737198/domains/tas2023.online/public_html/lib/base.php:3281] View->sandbox()
Sun, 26 Jan 2025 21:05:52 -0500 [2603:9000:f801:55e2:9ce:f9a:d312:4b30] [/home/u991737198/domains/tas2023.online/public_html/tmp/3hn69l4qoa804.3h31n1yj254w8.php:7] Preview->render()
Sun, 26 Jan 2025 21:05:52 -0500 [2603:9000:f801:55e2:9ce:f9a:d312:4b30] [/home/u991737198/domains/tas2023.online/public_html/lib/base.php:3036] require('/home/u991737198/domains/tas2023.online/public_html/tmp/3hn69l4qoa804.3h31n1yj254w8.php')
Sun, 26 Jan 2025 21:05:52 -0500 [2603:9000:f801:55e2:9ce:f9a:d312:4b30] [/home/u991737198/domains/tas2023.online/public_html/lib/base.php:3281] View->sandbox()
Sun, 26 Jan 2025 21:05:52 -0500 [2603:9000:f801:55e2:9ce:f9a:d312:4b30] [/home/u991737198/domains/tas2023.online/public_html/app/controllers/Controller.php:87] Preview->render()
Sun, 26 Jan 2025 21:05:52 -0500 [2603:9000:f801:55e2:9ce:f9a:d312:4b30] [/home/u991737198/domains/tas2023.online/public_html/lib/base.php:2078] Controller->afterroute()
Sun, 26 Jan 2025 21:05:52 -0500 [2603:9000:f801:55e2:9ce:f9a:d312:4b30] [/home/u991737198/domains/tas2023.online/public_html/lib/base.php:1871] Base->call()
Sun, 26 Jan 2025 21:05:52 -0500 [2603:9000:f801:55e2:9ce:f9a:d312:4b30] [/home/u991737198/domains/tas2023.online/public_html/index.php:19] Base->run()
Sun, 26 Jan 2025 21:06:22 -0500 [71.44.157.248] 500: Undefined variable $entity_num trace: [tmp/3hn69l4qoa804.1zo7dt0fljr4w.php:200]
Sun, 26 Jan 2025 21:06:22 -0500 [71.44.157.248] [tmp/3hn69l4qoa804.1zo7dt0fljr4w.php:200] Base->{closure}()
Sun, 26 Jan 2025 21:06:22 -0500 [71.44.157.248] [lib/base.php:3036] require('/home/u991737198/domains/tas2023.online/public_html/tmp/3hn69l4qoa804.1zo7dt0fljr4w.php')
Sun, 26 Jan 2025 21:06:22 -0500 [71.44.157.248] [lib/base.php:3281] View->sandbox()
Sun, 26 Jan 2025 21:06:22 -0500 [71.44.157.248] [tmp/3hn69l4qoa804.3h31n1yj254w8.php:7] Preview->render()
Sun, 26 Jan 2025 21:06:22 -0500 [71.44.157.248] [lib/base.php:3036] require('/home/u991737198/domains/tas2023.online/public_html/tmp/3hn69l4qoa804.3h31n1yj254w8.php')
Sun, 26 Jan 2025 21:06:22 -0500 [71.44.157.248] [lib/base.php:3281] View->sandbox()
Sun, 26 Jan 2025 21:06:22 -0500 [71.44.157.248] [app/controllers/Controller.php:87] Preview->render()
Sun, 26 Jan 2025 21:06:22 -0500 [71.44.157.248] [lib/base.php:2078] Controller->afterroute()
Sun, 26 Jan 2025 21:06:22 -0500 [71.44.157.248] [lib/base.php:1871] Base->call()
Sun, 26 Jan 2025 21:06:22 -0500 [71.44.157.248] [index.php:19] Base->run()
Sun, 26 Jan 2025 21:06:43 -0500 [2603:9000:f801:55e2:9ce:f9a:d312:4b30] 500: Undefined variable $i18n_select_task_type trace: [/home/u991737198/domains/tas2023.online/public_html/tmp/3hn69l4qoa804.9b9764piwerh.php:214]
Sun, 26 Jan 2025 21:06:43 -0500 [2603:9000:f801:55e2:9ce:f9a:d312:4b30] [/home/u991737198/domains/tas2023.online/public_html/tmp/3hn69l4qoa804.9b9764piwerh.php:214] Base->{closure}()
Sun, 26 Jan 2025 21:06:43 -0500 [2603:9000:f801:55e2:9ce:f9a:d312:4b30] [/home/u991737198/domains/tas2023.online/public_html/lib/base.php:3036] require('/home/u991737198/domains/tas2023.online/public_html/tmp/3hn69l4qoa804.9b9764piwerh.php')
Sun, 26 Jan 2025 21:06:43 -0500 [2603:9000:f801:55e2:9ce:f9a:d312:4b30] [/home/u991737198/domains/tas2023.online/public_html/lib/base.php:3281] View->sandbox()
Sun, 26 Jan 2025 21:06:43 -0500 [2603:9000:f801:55e2:9ce:f9a:d312:4b30] [/home/u991737198/domains/tas2023.online/public_html/tmp/3hn69l4qoa804.3h31n1yj254w8.php:7] Preview->render()
Sun, 26 Jan 2025 21:06:43 -0500 [2603:9000:f801:55e2:9ce:f9a:d312:4b30] [/home/u991737198/domains/tas2023.online/public_html/lib/base.php:3036] require('/home/u991737198/domains/tas2023.online/public_html/tmp/3hn69l4qoa804.3h31n1yj254w8.php')
Sun, 26 Jan 2025 21:06:43 -0500 [2603:9000:f801:55e2:9ce:f9a:d312:4b30] [/home/u991737198/domains/tas2023.online/public_html/lib/base.php:3281] View->sandbox()
Sun, 26 Jan 2025 21:06:43 -0500 [2603:9000:f801:55e2:9ce:f9a:d312:4b30] [/home/u991737198/domains/tas2023.online/public_html/app/controllers/Controller.php:87] Preview->render()
Sun, 26 Jan 2025 21:06:43 -0500 [2603:9000:f801:55e2:9ce:f9a:d312:4b30] [/home/u991737198/domains/tas2023.online/public_html/lib/base.php:2078] Controller->afterroute()
Sun, 26 Jan 2025 21:06:43 -0500 [2603:9000:f801:55e2:9ce:f9a:d312:4b30] [/home/u991737198/domains/tas2023.online/public_html/lib/base.php:1871] Base->call()
Sun, 26 Jan 2025 21:06:43 -0500 [2603:9000:f801:55e2:9ce:f9a:d312:4b30] [/home/u991737198/domains/tas2023.online/public_html/index.php:19] Base->run()
Sun, 26 Jan 2025 21:13:49 -0500 [2603:9000:f801:55e2:2991:3af1:b55a:fd4f] 500: Undefined variable $entity_num trace: [tmp/3hn69l4qoa804.1zo7dt0fljr4w.php:200]
Sun, 26 Jan 2025 21:13:49 -0500 [2603:9000:f801:55e2:2991:3af1:b55a:fd4f] [tmp/3hn69l4qoa804.1zo7dt0fljr4w.php:200] Base->{closure}()
Sun, 26 Jan 2025 21:13:49 -0500 [2603:9000:f801:55e2:2991:3af1:b55a:fd4f] [lib/base.php:3036] require('/home/u991737198/domains/tas2023.online/public_html/tmp/3hn69l4qoa804.1zo7dt0fljr4w.php')
Sun, 26 Jan 2025 21:13:49 -0500 [2603:9000:f801:55e2:2991:3af1:b55a:fd4f] [lib/base.php:3281] View->sandbox()
Sun, 26 Jan 2025 21:13:49 -0500 [2603:9000:f801:55e2:2991:3af1:b55a:fd4f] [tmp/3hn69l4qoa804.3h31n1yj254w8.php:7] Preview->render()
Sun, 26 Jan 2025 21:13:49 -0500 [2603:9000:f801:55e2:2991:3af1:b55a:fd4f] [lib/base.php:3036] require('/home/u991737198/domains/tas2023.online/public_html/tmp/3hn69l4qoa804.3h31n1yj254w8.php')
Sun, 26 Jan 2025 21:13:49 -0500 [2603:9000:f801:55e2:2991:3af1:b55a:fd4f] [lib/base.php:3281] View->sandbox()
Sun, 26 Jan 2025 21:13:49 -0500 [2603:9000:f801:55e2:2991:3af1:b55a:fd4f] [app/controllers/Controller.php:87] Preview->render()
Sun, 26 Jan 2025 21:13:49 -0500 [2603:9000:f801:55e2:2991:3af1:b55a:fd4f] [lib/base.php:2078] Controller->afterroute()
Sun, 26 Jan 2025 21:13:49 -0500 [2603:9000:f801:55e2:2991:3af1:b55a:fd4f] [lib/base.php:1871] Base->call()
Sun, 26 Jan 2025 21:13:49 -0500 [2603:9000:f801:55e2:2991:3af1:b55a:fd4f] [index.php:19] Base->run()
Sun, 26 Jan 2025 21:13:50 -0500 [2603:9000:f801:55e2:2991:3af1:b55a:fd4f] 500: Undefined variable $token trace: [tmp/3hn69l4qoa804.2r4f9cgm96ecs.php:226]
Sun, 26 Jan 2025 21:13:50 -0500 [2603:9000:f801:55e2:2991:3af1:b55a:fd4f] [tmp/3hn69l4qoa804.2r4f9cgm96ecs.php:226] Base->{closure}()
Sun, 26 Jan 2025 21:13:50 -0500 [2603:9000:f801:55e2:2991:3af1:b55a:fd4f] [lib/base.php:3036] require('/home/u991737198/domains/tas2023.online/public_html/tmp/3hn69l4qoa804.2r4f9cgm96ecs.php')
Sun, 26 Jan 2025 21:13:50 -0500 [2603:9000:f801:55e2:2991:3af1:b55a:fd4f] [lib/base.php:3281] View->sandbox()
Sun, 26 Jan 2025 21:13:50 -0500 [2603:9000:f801:55e2:2991:3af1:b55a:fd4f] [tmp/3hn69l4qoa804.3h31n1yj254w8.php:7] Preview->render()
Sun, 26 Jan 2025 21:13:50 -0500 [2603:9000:f801:55e2:2991:3af1:b55a:fd4f] [lib/base.php:3036] require('/home/u991737198/domains/tas2023.online/public_html/tmp/3hn69l4qoa804.3h31n1yj254w8.php')
Sun, 26 Jan 2025 21:13:50 -0500 [2603:9000:f801:55e2:2991:3af1:b55a:fd4f] [lib/base.php:3281] View->sandbox()
Sun, 26 Jan 2025 21:13:50 -0500 [2603:9000:f801:55e2:2991:3af1:b55a:fd4f] [app/controllers/Controller.php:87] Preview->render()
Sun, 26 Jan 2025 21:13:50 -0500 [2603:9000:f801:55e2:2991:3af1:b55a:fd4f] [lib/base.php:2078] Controller->afterroute()
Sun, 26 Jan 2025 21:13:50 -0500 [2603:9000:f801:55e2:2991:3af1:b55a:fd4f] [lib/base.php:1871] Base->call()
Sun, 26 Jan 2025 21:13:50 -0500 [2603:9000:f801:55e2:2991:3af1:b55a:fd4f] [index.php:19] Base->run()
Sun, 26 Jan 2025 21:13:54 -0500 [2603:9000:f801:55e2:2991:3af1:b55a:fd4f] 500: Undefined variable $token trace: [tmp/3hn69l4qoa804.2r4f9cgm96ecs.php:226]
Sun, 26 Jan 2025 21:13:54 -0500 [2603:9000:f801:55e2:2991:3af1:b55a:fd4f] [tmp/3hn69l4qoa804.2r4f9cgm96ecs.php:226] Base->{closure}()
Sun, 26 Jan 2025 21:13:54 -0500 [2603:9000:f801:55e2:2991:3af1:b55a:fd4f] [lib/base.php:3036] require('/home/u991737198/domains/tas2023.online/public_html/tmp/3hn69l4qoa804.2r4f9cgm96ecs.php')
Sun, 26 Jan 2025 21:13:54 -0500 [2603:9000:f801:55e2:2991:3af1:b55a:fd4f] [lib/base.php:3281] View->sandbox()
Sun, 26 Jan 2025 21:13:54 -0500 [2603:9000:f801:55e2:2991:3af1:b55a:fd4f] [tmp/3hn69l4qoa804.3h31n1yj254w8.php:7] Preview->render()
Sun, 26 Jan 2025 21:13:54 -0500 [2603:9000:f801:55e2:2991:3af1:b55a:fd4f] [lib/base.php:3036] require('/home/u991737198/domains/tas2023.online/public_html/tmp/3hn69l4qoa804.3h31n1yj254w8.php')
Sun, 26 Jan 2025 21:13:54 -0500 [2603:9000:f801:55e2:2991:3af1:b55a:fd4f] [lib/base.php:3281] View->sandbox()
Sun, 26 Jan 2025 21:13:54 -0500 [2603:9000:f801:55e2:2991:3af1:b55a:fd4f] [app/controllers/Controller.php:87] Preview->render()
Sun, 26 Jan 2025 21:13:54 -0500 [2603:9000:f801:55e2:2991:3af1:b55a:fd4f] [lib/base.php:2078] Controller->afterroute()
Sun, 26 Jan 2025 21:13:54 -0500 [2603:9000:f801:55e2:2991:3af1:b55a:fd4f] [lib/base.php:1871] Base->call()
Sun, 26 Jan 2025 21:13:54 -0500 [2603:9000:f801:55e2:2991:3af1:b55a:fd4f] [index.php:19] Base->run()
Sun, 26 Jan 2025 21:13:55 -0500 [2603:9000:f801:55e2:2991:3af1:b55a:fd4f] 500: Undefined variable $modal trace: [tmp/3hn69l4qoa804.s6y49d7myqde.php:84]
Sun, 26 Jan 2025 21:13:55 -0500 [2603:9000:f801:55e2:2991:3af1:b55a:fd4f] [tmp/3hn69l4qoa804.s6y49d7myqde.php:84] Base->{closure}()
Sun, 26 Jan 2025 21:13:55 -0500 [2603:9000:f801:55e2:2991:3af1:b55a:fd4f] [lib/base.php:3036] require('/home/u991737198/domains/tas2023.online/public_html/tmp/3hn69l4qoa804.s6y49d7myqde.php')
Sun, 26 Jan 2025 21:13:55 -0500 [2603:9000:f801:55e2:2991:3af1:b55a:fd4f] [lib/base.php:3281] View->sandbox()
Sun, 26 Jan 2025 21:13:55 -0500 [2603:9000:f801:55e2:2991:3af1:b55a:fd4f] [tmp/3hn69l4qoa804.3h31n1yj254w8.php:7] Preview->render()
Sun, 26 Jan 2025 21:13:55 -0500 [2603:9000:f801:55e2:2991:3af1:b55a:fd4f] [lib/base.php:3036] require('/home/u991737198/domains/tas2023.online/public_html/tmp/3hn69l4qoa804.3h31n1yj254w8.php')
Sun, 26 Jan 2025 21:13:55 -0500 [2603:9000:f801:55e2:2991:3af1:b55a:fd4f] [lib/base.php:3281] View->sandbox()
Sun, 26 Jan 2025 21:13:55 -0500 [2603:9000:f801:55e2:2991:3af1:b55a:fd4f] [app/controllers/Controller.php:87] Preview->render()
Sun, 26 Jan 2025 21:13:55 -0500 [2603:9000:f801:55e2:2991:3af1:b55a:fd4f] [lib/base.php:2078] Controller->afterroute()
Sun, 26 Jan 2025 21:13:55 -0500 [2603:9000:f801:55e2:2991:3af1:b55a:fd4f] [lib/base.php:1871] Base->call()
Sun, 26 Jan 2025 21:13:55 -0500 [2603:9000:f801:55e2:2991:3af1:b55a:fd4f] [index.php:19] Base->run()
Sun, 26 Jan 2025 21:14:03 -0500 [2603:9000:f801:55e2:2991:3af1:b55a:fd4f] 500: Undefined variable $token trace: [tmp/3hn69l4qoa804.2r4f9cgm96ecs.php:226]
Sun, 26 Jan 2025 21:14:03 -0500 [2603:9000:f801:55e2:2991:3af1:b55a:fd4f] [tmp/3hn69l4qoa804.2r4f9cgm96ecs.php:226] Base->{closure}()
Sun, 26 Jan 2025 21:14:03 -0500 [2603:9000:f801:55e2:2991:3af1:b55a:fd4f] [lib/base.php:3036] require('/home/u991737198/domains/tas2023.online/public_html/tmp/3hn69l4qoa804.2r4f9cgm96ecs.php')
Sun, 26 Jan 2025 21:14:03 -0500 [2603:9000:f801:55e2:2991:3af1:b55a:fd4f] [lib/base.php:3281] View->sandbox()
Sun, 26 Jan 2025 21:14:03 -0500 [2603:9000:f801:55e2:2991:3af1:b55a:fd4f] [tmp/3hn69l4qoa804.3h31n1yj254w8.php:7] Preview->render()
Sun, 26 Jan 2025 21:14:03 -0500 [2603:9000:f801:55e2:2991:3af1:b55a:fd4f] [lib/base.php:3036] require('/home/u991737198/domains/tas2023.online/public_html/tmp/3hn69l4qoa804.3h31n1yj254w8.php')
Sun, 26 Jan 2025 21:14:03 -0500 [2603:9000:f801:55e2:2991:3af1:b55a:fd4f] [lib/base.php:3281] View->sandbox()
Sun, 26 Jan 2025 21:14:03 -0500 [2603:9000:f801:55e2:2991:3af1:b55a:fd4f] [app/controllers/Controller.php:87] Preview->render()
Sun, 26 Jan 2025 21:14:03 -0500 [2603:9000:f801:55e2:2991:3af1:b55a:fd4f] [lib/base.php:2078] Controller->afterroute()
Sun, 26 Jan 2025 21:14:03 -0500 [2603:9000:f801:55e2:2991:3af1:b55a:fd4f] [lib/base.php:1871] Base->call()
Sun, 26 Jan 2025 21:14:03 -0500 [2603:9000:f801:55e2:2991:3af1:b55a:fd4f] [index.php:19] Base->run()
Sun, 26 Jan 2025 21:21:41 -0500 [2603:9000:f801:55e2:2991:3af1:b55a:fd4f] 500: Undefined variable $i18n_select_task_type trace: [/home/u991737198/domains/tas2023.online/public_html/tmp/3hn69l4qoa804.9b9764piwerh.php:214]
Sun, 26 Jan 2025 21:21:41 -0500 [2603:9000:f801:55e2:2991:3af1:b55a:fd4f] [/home/u991737198/domains/tas2023.online/public_html/tmp/3hn69l4qoa804.9b9764piwerh.php:214] Base->{closure}()
Sun, 26 Jan 2025 21:21:41 -0500 [2603:9000:f801:55e2:2991:3af1:b55a:fd4f] [/home/u991737198/domains/tas2023.online/public_html/lib/base.php:3036] require('/home/u991737198/domains/tas2023.online/public_html/tmp/3hn69l4qoa804.9b9764piwerh.php')
Sun, 26 Jan 2025 21:21:41 -0500 [2603:9000:f801:55e2:2991:3af1:b55a:fd4f] [/home/u991737198/domains/tas2023.online/public_html/lib/base.php:3281] View->sandbox()
Sun, 26 Jan 2025 21:21:41 -0500 [2603:9000:f801:55e2:2991:3af1:b55a:fd4f] [/home/u991737198/domains/tas2023.online/public_html/tmp/3hn69l4qoa804.3h31n1yj254w8.php:7] Preview->render()
Sun, 26 Jan 2025 21:21:41 -0500 [2603:9000:f801:55e2:2991:3af1:b55a:fd4f] [/home/u991737198/domains/tas2023.online/public_html/lib/base.php:3036] require('/home/u991737198/domains/tas2023.online/public_html/tmp/3hn69l4qoa804.3h31n1yj254w8.php')
Sun, 26 Jan 2025 21:21:41 -0500 [2603:9000:f801:55e2:2991:3af1:b55a:fd4f] [/home/u991737198/domains/tas2023.online/public_html/lib/base.php:3281] View->sandbox()
Sun, 26 Jan 2025 21:21:41 -0500 [2603:9000:f801:55e2:2991:3af1:b55a:fd4f] [/home/u991737198/domains/tas2023.online/public_html/app/controllers/Controller.php:87] Preview->render()
Sun, 26 Jan 2025 21:21:41 -0500 [2603:9000:f801:55e2:2991:3af1:b55a:fd4f] [/home/u991737198/domains/tas2023.online/public_html/lib/base.php:2078] Controller->afterroute()
Sun, 26 Jan 2025 21:21:41 -0500 [2603:9000:f801:55e2:2991:3af1:b55a:fd4f] [/home/u991737198/domains/tas2023.online/public_html/lib/base.php:1871] Base->call()
Sun, 26 Jan 2025 21:21:41 -0500 [2603:9000:f801:55e2:2991:3af1:b55a:fd4f] [/home/u991737198/domains/tas2023.online/public_html/index.php:19] Base->run()
Sun, 26 Jan 2025 21:22:43 -0500 [2603:9000:f801:55e2:2991:3af1:b55a:fd4f] 500: Undefined variable $selected_note trace: [/home/u991737198/domains/tas2023.online/public_html/tmp/3hn69l4qoa804.3g8shy2588w00.php:371]
Sun, 26 Jan 2025 21:22:43 -0500 [2603:9000:f801:55e2:2991:3af1:b55a:fd4f] [/home/u991737198/domains/tas2023.online/public_html/tmp/3hn69l4qoa804.3g8shy2588w00.php:371] Base->{closure}()
Sun, 26 Jan 2025 21:22:43 -0500 [2603:9000:f801:55e2:2991:3af1:b55a:fd4f] [/home/u991737198/domains/tas2023.online/public_html/lib/base.php:3036] require('/home/u991737198/domains/tas2023.online/public_html/tmp/3hn69l4qoa804.3g8shy2588w00.php')
Sun, 26 Jan 2025 21:22:43 -0500 [2603:9000:f801:55e2:2991:3af1:b55a:fd4f] [/home/u991737198/domains/tas2023.online/public_html/lib/base.php:3281] View->sandbox()
Sun, 26 Jan 2025 21:22:43 -0500 [2603:9000:f801:55e2:2991:3af1:b55a:fd4f] [/home/u991737198/domains/tas2023.online/public_html/tmp/3hn69l4qoa804.3h31n1yj254w8.php:7] Preview->render()
Sun, 26 Jan 2025 21:22:43 -0500 [2603:9000:f801:55e2:2991:3af1:b55a:fd4f] [/home/u991737198/domains/tas2023.online/public_html/lib/base.php:3036] require('/home/u991737198/domains/tas2023.online/public_html/tmp/3hn69l4qoa804.3h31n1yj254w8.php')
Sun, 26 Jan 2025 21:22:43 -0500 [2603:9000:f801:55e2:2991:3af1:b55a:fd4f] [/home/u991737198/domains/tas2023.online/public_html/lib/base.php:3281] View->sandbox()
Sun, 26 Jan 2025 21:22:43 -0500 [2603:9000:f801:55e2:2991:3af1:b55a:fd4f] [/home/u991737198/domains/tas2023.online/public_html/app/controllers/Controller.php:87] Preview->render()
Sun, 26 Jan 2025 21:22:43 -0500 [2603:9000:f801:55e2:2991:3af1:b55a:fd4f] [/home/u991737198/domains/tas2023.online/public_html/lib/base.php:2078] Controller->afterroute()
Sun, 26 Jan 2025 21:22:43 -0500 [2603:9000:f801:55e2:2991:3af1:b55a:fd4f] [/home/u991737198/domains/tas2023.online/public_html/lib/base.php:1871] Base->call()
Sun, 26 Jan 2025 21:22:43 -0500 [2603:9000:f801:55e2:2991:3af1:b55a:fd4f] [/home/u991737198/domains/tas2023.online/public_html/index.php:19] Base->run()
Sun, 26 Jan 2025 21:24:12 -0500 [2603:9000:f801:55e2:2991:3af1:b55a:fd4f] 500: Undefined variable $selected_note trace: [/home/u991737198/domains/tas2023.online/public_html/tmp/3hn69l4qoa804.3g8shy2588w00.php:371]
Sun, 26 Jan 2025 21:24:12 -0500 [2603:9000:f801:55e2:2991:3af1:b55a:fd4f] [/home/u991737198/domains/tas2023.online/public_html/tmp/3hn69l4qoa804.3g8shy2588w00.php:371] Base->{closure}()
Sun, 26 Jan 2025 21:24:12 -0500 [2603:9000:f801:55e2:2991:3af1:b55a:fd4f] [/home/u991737198/domains/tas2023.online/public_html/lib/base.php:3036] require('/home/u991737198/domains/tas2023.online/public_html/tmp/3hn69l4qoa804.3g8shy2588w00.php')
Sun, 26 Jan 2025 21:24:12 -0500 [2603:9000:f801:55e2:2991:3af1:b55a:fd4f] [/home/u991737198/domains/tas2023.online/public_html/lib/base.php:3281] View->sandbox()
Sun, 26 Jan 2025 21:24:12 -0500 [2603:9000:f801:55e2:2991:3af1:b55a:fd4f] [/home/u991737198/domains/tas2023.online/public_html/tmp/3hn69l4qoa804.3h31n1yj254w8.php:7] Preview->render()
Sun, 26 Jan 2025 21:24:12 -0500 [2603:9000:f801:55e2:2991:3af1:b55a:fd4f] [/home/u991737198/domains/tas2023.online/public_html/lib/base.php:3036] require('/home/u991737198/domains/tas2023.online/public_html/tmp/3hn69l4qoa804.3h31n1yj254w8.php')
Sun, 26 Jan 2025 21:24:12 -0500 [2603:9000:f801:55e2:2991:3af1:b55a:fd4f] [/home/u991737198/domains/tas2023.online/public_html/lib/base.php:3281] View->sandbox()
Sun, 26 Jan 2025 21:24:12 -0500 [2603:9000:f801:55e2:2991:3af1:b55a:fd4f] [/home/u991737198/domains/tas2023.online/public_html/app/controllers/Controller.php:87] Preview->render()
Sun, 26 Jan 2025 21:24:12 -0500 [2603:9000:f801:55e2:2991:3af1:b55a:fd4f] [/home/u991737198/domains/tas2023.online/public_html/lib/base.php:2078] Controller->afterroute()
Sun, 26 Jan 2025 21:24:12 -0500 [2603:9000:f801:55e2:2991:3af1:b55a:fd4f] [/home/u991737198/domains/tas2023.online/public_html/lib/base.php:1871] Base->call()
Sun, 26 Jan 2025 21:24:12 -0500 [2603:9000:f801:55e2:2991:3af1:b55a:fd4f] [/home/u991737198/domains/tas2023.online/public_html/index.php:19] Base->run()
Sun, 26 Jan 2025 21:24:17 -0500 [2603:9000:f801:55e2:2991:3af1:b55a:fd4f] 500: Undefined variable $i18n_select_task_type trace: [/home/u991737198/domains/tas2023.online/public_html/tmp/3hn69l4qoa804.9b9764piwerh.php:214]
Sun, 26 Jan 2025 21:24:17 -0500 [2603:9000:f801:55e2:2991:3af1:b55a:fd4f] [/home/u991737198/domains/tas2023.online/public_html/tmp/3hn69l4qoa804.9b9764piwerh.php:214] Base->{closure}()
Sun, 26 Jan 2025 21:24:17 -0500 [2603:9000:f801:55e2:2991:3af1:b55a:fd4f] [/home/u991737198/domains/tas2023.online/public_html/lib/base.php:3036] require('/home/u991737198/domains/tas2023.online/public_html/tmp/3hn69l4qoa804.9b9764piwerh.php')
Sun, 26 Jan 2025 21:24:17 -0500 [2603:9000:f801:55e2:2991:3af1:b55a:fd4f] [/home/u991737198/domains/tas2023.online/public_html/lib/base.php:3281] View->sandbox()
Sun, 26 Jan 2025 21:24:17 -0500 [2603:9000:f801:55e2:2991:3af1:b55a:fd4f] [/home/u991737198/domains/tas2023.online/public_html/tmp/3hn69l4qoa804.3h31n1yj254w8.php:7] Preview->render()
Sun, 26 Jan 2025 21:24:17 -0500 [2603:9000:f801:55e2:2991:3af1:b55a:fd4f] [/home/u991737198/domains/tas2023.online/public_html/lib/base.php:3036] require('/home/u991737198/domains/tas2023.online/public_html/tmp/3hn69l4qoa804.3h31n1yj254w8.php')
Sun, 26 Jan 2025 21:24:17 -0500 [2603:9000:f801:55e2:2991:3af1:b55a:fd4f] [/home/u991737198/domains/tas2023.online/public_html/lib/base.php:3281] View->sandbox()
Sun, 26 Jan 2025 21:24:17 -0500 [2603:9000:f801:55e2:2991:3af1:b55a:fd4f] [/home/u991737198/domains/tas2023.online/public_html/app/controllers/Controller.php:87] Preview->render()
Sun, 26 Jan 2025 21:24:17 -0500 [2603:9000:f801:55e2:2991:3af1:b55a:fd4f] [/home/u991737198/domains/tas2023.online/public_html/lib/base.php:2078] Controller->afterroute()
Sun, 26 Jan 2025 21:24:17 -0500 [2603:9000:f801:55e2:2991:3af1:b55a:fd4f] [/home/u991737198/domains/tas2023.online/public_html/lib/base.php:1871] Base->call()
Sun, 26 Jan 2025 21:24:17 -0500 [2603:9000:f801:55e2:2991:3af1:b55a:fd4f] [/home/u991737198/domains/tas2023.online/public_html/index.php:19] Base->run()
Sun, 26 Jan 2025 21:24:49 -0500 [2603:9000:f801:55e2:2991:3af1:b55a:fd4f] 500: Undefined variable $selected_note trace: [/home/u991737198/domains/tas2023.online/public_html/tmp/3hn69l4qoa804.3g8shy2588w00.php:371]
Sun, 26 Jan 2025 21:24:49 -0500 [2603:9000:f801:55e2:2991:3af1:b55a:fd4f] [/home/u991737198/domains/tas2023.online/public_html/tmp/3hn69l4qoa804.3g8shy2588w00.php:371] Base->{closure}()
Sun, 26 Jan 2025 21:24:49 -0500 [2603:9000:f801:55e2:2991:3af1:b55a:fd4f] [/home/u991737198/domains/tas2023.online/public_html/lib/base.php:3036] require('/home/u991737198/domains/tas2023.online/public_html/tmp/3hn69l4qoa804.3g8shy2588w00.php')
Sun, 26 Jan 2025 21:24:49 -0500 [2603:9000:f801:55e2:2991:3af1:b55a:fd4f] [/home/u991737198/domains/tas2023.online/public_html/lib/base.php:3281] View->sandbox()
Sun, 26 Jan 2025 21:24:49 -0500 [2603:9000:f801:55e2:2991:3af1:b55a:fd4f] [/home/u991737198/domains/tas2023.online/public_html/tmp/3hn69l4qoa804.3h31n1yj254w8.php:7] Preview->render()
Sun, 26 Jan 2025 21:24:49 -0500 [2603:9000:f801:55e2:2991:3af1:b55a:fd4f] [/home/u991737198/domains/tas2023.online/public_html/lib/base.php:3036] require('/home/u991737198/domains/tas2023.online/public_html/tmp/3hn69l4qoa804.3h31n1yj254w8.php')
Sun, 26 Jan 2025 21:24:49 -0500 [2603:9000:f801:55e2:2991:3af1:b55a:fd4f] [/home/u991737198/domains/tas2023.online/public_html/lib/base.php:3281] View->sandbox()
Sun, 26 Jan 2025 21:24:49 -0500 [2603:9000:f801:55e2:2991:3af1:b55a:fd4f] [/home/u991737198/domains/tas2023.online/public_html/app/controllers/Controller.php:87] Preview->render()
Sun, 26 Jan 2025 21:24:49 -0500 [2603:9000:f801:55e2:2991:3af1:b55a:fd4f] [/home/u991737198/domains/tas2023.online/public_html/lib/base.php:2078] Controller->afterroute()
Sun, 26 Jan 2025 21:24:49 -0500 [2603:9000:f801:55e2:2991:3af1:b55a:fd4f] [/home/u991737198/domains/tas2023.online/public_html/lib/base.php:1871] Base->call()
Sun, 26 Jan 2025 21:24:49 -0500 [2603:9000:f801:55e2:2991:3af1:b55a:fd4f] [/home/u991737198/domains/tas2023.online/public_html/index.php:19] Base->run()
Sun, 26 Jan 2025 21:25:10 -0500 [2603:9000:f801:55e2:2991:3af1:b55a:fd4f] 500: Undefined variable $entity_num trace: [tmp/3hn69l4qoa804.1zo7dt0fljr4w.php:200]
Sun, 26 Jan 2025 21:25:10 -0500 [2603:9000:f801:55e2:2991:3af1:b55a:fd4f] [tmp/3hn69l4qoa804.1zo7dt0fljr4w.php:200] Base->{closure}()
Sun, 26 Jan 2025 21:25:10 -0500 [2603:9000:f801:55e2:2991:3af1:b55a:fd4f] [lib/base.php:3036] require('/home/u991737198/domains/tas2023.online/public_html/tmp/3hn69l4qoa804.1zo7dt0fljr4w.php')
Sun, 26 Jan 2025 21:25:10 -0500 [2603:9000:f801:55e2:2991:3af1:b55a:fd4f] [lib/base.php:3281] View->sandbox()
Sun, 26 Jan 2025 21:25:10 -0500 [2603:9000:f801:55e2:2991:3af1:b55a:fd4f] [tmp/3hn69l4qoa804.3h31n1yj254w8.php:7] Preview->render()
Sun, 26 Jan 2025 21:25:10 -0500 [2603:9000:f801:55e2:2991:3af1:b55a:fd4f] [lib/base.php:3036] require('/home/u991737198/domains/tas2023.online/public_html/tmp/3hn69l4qoa804.3h31n1yj254w8.php')
Sun, 26 Jan 2025 21:25:10 -0500 [2603:9000:f801:55e2:2991:3af1:b55a:fd4f] [lib/base.php:3281] View->sandbox()
Sun, 26 Jan 2025 21:25:10 -0500 [2603:9000:f801:55e2:2991:3af1:b55a:fd4f] [app/controllers/Controller.php:87] Preview->render()
Sun, 26 Jan 2025 21:25:10 -0500 [2603:9000:f801:55e2:2991:3af1:b55a:fd4f] [lib/base.php:2078] Controller->afterroute()
Sun, 26 Jan 2025 21:25:10 -0500 [2603:9000:f801:55e2:2991:3af1:b55a:fd4f] [lib/base.php:1871] Base->call()
Sun, 26 Jan 2025 21:25:10 -0500 [2603:9000:f801:55e2:2991:3af1:b55a:fd4f] [index.php:19] Base->run()
Sun, 26 Jan 2025 21:25:13 -0500 [2603:9000:f801:55e2:2991:3af1:b55a:fd4f] 500: Undefined variable $token trace: [tmp/3hn69l4qoa804.2r4f9cgm96ecs.php:226]
Sun, 26 Jan 2025 21:25:13 -0500 [2603:9000:f801:55e2:2991:3af1:b55a:fd4f] [tmp/3hn69l4qoa804.2r4f9cgm96ecs.php:226] Base->{closure}()
Sun, 26 Jan 2025 21:25:13 -0500 [2603:9000:f801:55e2:2991:3af1:b55a:fd4f] [lib/base.php:3036] require('/home/u991737198/domains/tas2023.online/public_html/tmp/3hn69l4qoa804.2r4f9cgm96ecs.php')
Sun, 26 Jan 2025 21:25:13 -0500 [2603:9000:f801:55e2:2991:3af1:b55a:fd4f] [lib/base.php:3281] View->sandbox()
Sun, 26 Jan 2025 21:25:13 -0500 [2603:9000:f801:55e2:2991:3af1:b55a:fd4f] [tmp/3hn69l4qoa804.3h31n1yj254w8.php:7] Preview->render()
Sun, 26 Jan 2025 21:25:13 -0500 [2603:9000:f801:55e2:2991:3af1:b55a:fd4f] [lib/base.php:3036] require('/home/u991737198/domains/tas2023.online/public_html/tmp/3hn69l4qoa804.3h31n1yj254w8.php')
Sun, 26 Jan 2025 21:25:13 -0500 [2603:9000:f801:55e2:2991:3af1:b55a:fd4f] [lib/base.php:3281] View->sandbox()
Sun, 26 Jan 2025 21:25:13 -0500 [2603:9000:f801:55e2:2991:3af1:b55a:fd4f] [app/controllers/Controller.php:87] Preview->render()
Sun, 26 Jan 2025 21:25:13 -0500 [2603:9000:f801:55e2:2991:3af1:b55a:fd4f] [lib/base.php:2078] Controller->afterroute()
Sun, 26 Jan 2025 21:25:13 -0500 [2603:9000:f801:55e2:2991:3af1:b55a:fd4f] [lib/base.php:1871] Base->call()
Sun, 26 Jan 2025 21:25:13 -0500 [2603:9000:f801:55e2:2991:3af1:b55a:fd4f] [index.php:19] Base->run()
Sun, 26 Jan 2025 21:25:17 -0500 [2603:9000:f801:55e2:2991:3af1:b55a:fd4f] 500: Undefined variable $entity_num trace: [tmp/3hn69l4qoa804.1zo7dt0fljr4w.php:200]
Sun, 26 Jan 2025 21:25:17 -0500 [2603:9000:f801:55e2:2991:3af1:b55a:fd4f] [tmp/3hn69l4qoa804.1zo7dt0fljr4w.php:200] Base->{closure}()
Sun, 26 Jan 2025 21:25:17 -0500 [2603:9000:f801:55e2:2991:3af1:b55a:fd4f] [lib/base.php:3036] require('/home/u991737198/domains/tas2023.online/public_html/tmp/3hn69l4qoa804.1zo7dt0fljr4w.php')
Sun, 26 Jan 2025 21:25:17 -0500 [2603:9000:f801:55e2:2991:3af1:b55a:fd4f] [lib/base.php:3281] View->sandbox()
Sun, 26 Jan 2025 21:25:17 -0500 [2603:9000:f801:55e2:2991:3af1:b55a:fd4f] [tmp/3hn69l4qoa804.3h31n1yj254w8.php:7] Preview->render()
Sun, 26 Jan 2025 21:25:17 -0500 [2603:9000:f801:55e2:2991:3af1:b55a:fd4f] [lib/base.php:3036] require('/home/u991737198/domains/tas2023.online/public_html/tmp/3hn69l4qoa804.3h31n1yj254w8.php')
Sun, 26 Jan 2025 21:25:17 -0500 [2603:9000:f801:55e2:2991:3af1:b55a:fd4f] [lib/base.php:3281] View->sandbox()
Sun, 26 Jan 2025 21:25:17 -0500 [2603:9000:f801:55e2:2991:3af1:b55a:fd4f] [app/controllers/Controller.php:87] Preview->render()
Sun, 26 Jan 2025 21:25:17 -0500 [2603:9000:f801:55e2:2991:3af1:b55a:fd4f] [lib/base.php:2078] Controller->afterroute()
Sun, 26 Jan 2025 21:25:17 -0500 [2603:9000:f801:55e2:2991:3af1:b55a:fd4f] [lib/base.php:1871] Base->call()
Sun, 26 Jan 2025 21:25:17 -0500 [2603:9000:f801:55e2:2991:3af1:b55a:fd4f] [index.php:19] Base->run()
Sun, 26 Jan 2025 21:25:21 -0500 [2603:9000:f801:55e2:2991:3af1:b55a:fd4f] 500: Undefined variable $entity_num trace: [tmp/3hn69l4qoa804.1zo7dt0fljr4w.php:200]
Sun, 26 Jan 2025 21:25:21 -0500 [2603:9000:f801:55e2:2991:3af1:b55a:fd4f] [tmp/3hn69l4qoa804.1zo7dt0fljr4w.php:200] Base->{closure}()
Sun, 26 Jan 2025 21:25:21 -0500 [2603:9000:f801:55e2:2991:3af1:b55a:fd4f] [lib/base.php:3036] require('/home/u991737198/domains/tas2023.online/public_html/tmp/3hn69l4qoa804.1zo7dt0fljr4w.php')
Sun, 26 Jan 2025 21:25:21 -0500 [2603:9000:f801:55e2:2991:3af1:b55a:fd4f] [lib/base.php:3281] View->sandbox()
Sun, 26 Jan 2025 21:25:21 -0500 [2603:9000:f801:55e2:2991:3af1:b55a:fd4f] [tmp/3hn69l4qoa804.3h31n1yj254w8.php:7] Preview->render()
Sun, 26 Jan 2025 21:25:21 -0500 [2603:9000:f801:55e2:2991:3af1:b55a:fd4f] [lib/base.php:3036] require('/home/u991737198/domains/tas2023.online/public_html/tmp/3hn69l4qoa804.3h31n1yj254w8.php')
Sun, 26 Jan 2025 21:25:21 -0500 [2603:9000:f801:55e2:2991:3af1:b55a:fd4f] [lib/base.php:3281] View->sandbox()
Sun, 26 Jan 2025 21:25:21 -0500 [2603:9000:f801:55e2:2991:3af1:b55a:fd4f] [app/controllers/Controller.php:87] Preview->render()
Sun, 26 Jan 2025 21:25:21 -0500 [2603:9000:f801:55e2:2991:3af1:b55a:fd4f] [lib/base.php:2078] Controller->afterroute()
Sun, 26 Jan 2025 21:25:21 -0500 [2603:9000:f801:55e2:2991:3af1:b55a:fd4f] [lib/base.php:1871] Base->call()
Sun, 26 Jan 2025 21:25:21 -0500 [2603:9000:f801:55e2:2991:3af1:b55a:fd4f] [index.php:19] Base->run()
Sun, 26 Jan 2025 21:25:32 -0500 [2603:9000:f801:55e2:2991:3af1:b55a:fd4f] 500: Undefined variable $i18n_select_task_type trace: [/home/u991737198/domains/tas2023.online/public_html/tmp/3hn69l4qoa804.9b9764piwerh.php:214]
Sun, 26 Jan 2025 21:25:32 -0500 [2603:9000:f801:55e2:2991:3af1:b55a:fd4f] [/home/u991737198/domains/tas2023.online/public_html/tmp/3hn69l4qoa804.9b9764piwerh.php:214] Base->{closure}()
Sun, 26 Jan 2025 21:25:32 -0500 [2603:9000:f801:55e2:2991:3af1:b55a:fd4f] [/home/u991737198/domains/tas2023.online/public_html/lib/base.php:3036] require('/home/u991737198/domains/tas2023.online/public_html/tmp/3hn69l4qoa804.9b9764piwerh.php')
Sun, 26 Jan 2025 21:25:32 -0500 [2603:9000:f801:55e2:2991:3af1:b55a:fd4f] [/home/u991737198/domains/tas2023.online/public_html/lib/base.php:3281] View->sandbox()
Sun, 26 Jan 2025 21:25:32 -0500 [2603:9000:f801:55e2:2991:3af1:b55a:fd4f] [/home/u991737198/domains/tas2023.online/public_html/tmp/3hn69l4qoa804.3h31n1yj254w8.php:7] Preview->render()
Sun, 26 Jan 2025 21:25:32 -0500 [2603:9000:f801:55e2:2991:3af1:b55a:fd4f] [/home/u991737198/domains/tas2023.online/public_html/lib/base.php:3036] require('/home/u991737198/domains/tas2023.online/public_html/tmp/3hn69l4qoa804.3h31n1yj254w8.php')
Sun, 26 Jan 2025 21:25:32 -0500 [2603:9000:f801:55e2:2991:3af1:b55a:fd4f] [/home/u991737198/domains/tas2023.online/public_html/lib/base.php:3281] View->sandbox()
Sun, 26 Jan 2025 21:25:32 -0500 [2603:9000:f801:55e2:2991:3af1:b55a:fd4f] [/home/u991737198/domains/tas2023.online/public_html/app/controllers/Controller.php:87] Preview->render()
Sun, 26 Jan 2025 21:25:32 -0500 [2603:9000:f801:55e2:2991:3af1:b55a:fd4f] [/home/u991737198/domains/tas2023.online/public_html/lib/base.php:2078] Controller->afterroute()
Sun, 26 Jan 2025 21:25:32 -0500 [2603:9000:f801:55e2:2991:3af1:b55a:fd4f] [/home/u991737198/domains/tas2023.online/public_html/lib/base.php:1871] Base->call()
Sun, 26 Jan 2025 21:25:32 -0500 [2603:9000:f801:55e2:2991:3af1:b55a:fd4f] [/home/u991737198/domains/tas2023.online/public_html/index.php:19] Base->run()
Sun, 26 Jan 2025 21:31:14 -0500 [2603:9000:f801:55e2:2991:3af1:b55a:fd4f] 500: Undefined variable $entity_num trace: [tmp/3hn69l4qoa804.1zo7dt0fljr4w.php:200]
Sun, 26 Jan 2025 21:31:14 -0500 [2603:9000:f801:55e2:2991:3af1:b55a:fd4f] [tmp/3hn69l4qoa804.1zo7dt0fljr4w.php:200] Base->{closure}()
Sun, 26 Jan 2025 21:31:14 -0500 [2603:9000:f801:55e2:2991:3af1:b55a:fd4f] [lib/base.php:3036] require('/home/u991737198/domains/tas2023.online/public_html/tmp/3hn69l4qoa804.1zo7dt0fljr4w.php')
Sun, 26 Jan 2025 21:31:14 -0500 [2603:9000:f801:55e2:2991:3af1:b55a:fd4f] [lib/base.php:3281] View->sandbox()
Sun, 26 Jan 2025 21:31:14 -0500 [2603:9000:f801:55e2:2991:3af1:b55a:fd4f] [tmp/3hn69l4qoa804.3h31n1yj254w8.php:7] Preview->render()
Sun, 26 Jan 2025 21:31:14 -0500 [2603:9000:f801:55e2:2991:3af1:b55a:fd4f] [lib/base.php:3036] require('/home/u991737198/domains/tas2023.online/public_html/tmp/3hn69l4qoa804.3h31n1yj254w8.php')
Sun, 26 Jan 2025 21:31:14 -0500 [2603:9000:f801:55e2:2991:3af1:b55a:fd4f] [lib/base.php:3281] View->sandbox()
Sun, 26 Jan 2025 21:31:14 -0500 [2603:9000:f801:55e2:2991:3af1:b55a:fd4f] [app/controllers/Controller.php:87] Preview->render()
Sun, 26 Jan 2025 21:31:14 -0500 [2603:9000:f801:55e2:2991:3af1:b55a:fd4f] [lib/base.php:2078] Controller->afterroute()
Sun, 26 Jan 2025 21:31:14 -0500 [2603:9000:f801:55e2:2991:3af1:b55a:fd4f] [lib/base.php:1871] Base->call()
Sun, 26 Jan 2025 21:31:14 -0500 [2603:9000:f801:55e2:2991:3af1:b55a:fd4f] [index.php:19] Base->run()
Sun, 26 Jan 2025 21:31:18 -0500 [2603:9000:f801:55e2:2991:3af1:b55a:fd4f] 500: Undefined variable $token trace: [tmp/3hn69l4qoa804.2r4f9cgm96ecs.php:226]
Sun, 26 Jan 2025 21:31:18 -0500 [2603:9000:f801:55e2:2991:3af1:b55a:fd4f] [tmp/3hn69l4qoa804.2r4f9cgm96ecs.php:226] Base->{closure}()
Sun, 26 Jan 2025 21:31:18 -0500 [2603:9000:f801:55e2:2991:3af1:b55a:fd4f] [lib/base.php:3036] require('/home/u991737198/domains/tas2023.online/public_html/tmp/3hn69l4qoa804.2r4f9cgm96ecs.php')
Sun, 26 Jan 2025 21:31:18 -0500 [2603:9000:f801:55e2:2991:3af1:b55a:fd4f] [lib/base.php:3281] View->sandbox()
Sun, 26 Jan 2025 21:31:18 -0500 [2603:9000:f801:55e2:2991:3af1:b55a:fd4f] [tmp/3hn69l4qoa804.3h31n1yj254w8.php:7] Preview->render()
Sun, 26 Jan 2025 21:31:18 -0500 [2603:9000:f801:55e2:2991:3af1:b55a:fd4f] [lib/base.php:3036] require('/home/u991737198/domains/tas2023.online/public_html/tmp/3hn69l4qoa804.3h31n1yj254w8.php')
Sun, 26 Jan 2025 21:31:18 -0500 [2603:9000:f801:55e2:2991:3af1:b55a:fd4f] [lib/base.php:3281] View->sandbox()
Sun, 26 Jan 2025 21:31:18 -0500 [2603:9000:f801:55e2:2991:3af1:b55a:fd4f] [app/controllers/Controller.php:87] Preview->render()
Sun, 26 Jan 2025 21:31:18 -0500 [2603:9000:f801:55e2:2991:3af1:b55a:fd4f] [lib/base.php:2078] Controller->afterroute()
Sun, 26 Jan 2025 21:31:18 -0500 [2603:9000:f801:55e2:2991:3af1:b55a:fd4f] [lib/base.php:1871] Base->call()
Sun, 26 Jan 2025 21:31:18 -0500 [2603:9000:f801:55e2:2991:3af1:b55a:fd4f] [index.php:19] Base->run()
Sun, 26 Jan 2025 21:31:25 -0500 [2603:9000:f801:55e2:2991:3af1:b55a:fd4f] 500: Undefined variable $token trace: [tmp/3hn69l4qoa804.2r4f9cgm96ecs.php:226]
Sun, 26 Jan 2025 21:31:25 -0500 [2603:9000:f801:55e2:2991:3af1:b55a:fd4f] [tmp/3hn69l4qoa804.2r4f9cgm96ecs.php:226] Base->{closure}()
Sun, 26 Jan 2025 21:31:25 -0500 [2603:9000:f801:55e2:2991:3af1:b55a:fd4f] [lib/base.php:3036] require('/home/u991737198/domains/tas2023.online/public_html/tmp/3hn69l4qoa804.2r4f9cgm96ecs.php')
Sun, 26 Jan 2025 21:31:25 -0500 [2603:9000:f801:55e2:2991:3af1:b55a:fd4f] [lib/base.php:3281] View->sandbox()
Sun, 26 Jan 2025 21:31:25 -0500 [2603:9000:f801:55e2:2991:3af1:b55a:fd4f] [tmp/3hn69l4qoa804.3h31n1yj254w8.php:7] Preview->render()
Sun, 26 Jan 2025 21:31:25 -0500 [2603:9000:f801:55e2:2991:3af1:b55a:fd4f] [lib/base.php:3036] require('/home/u991737198/domains/tas2023.online/public_html/tmp/3hn69l4qoa804.3h31n1yj254w8.php')
Sun, 26 Jan 2025 21:31:25 -0500 [2603:9000:f801:55e2:2991:3af1:b55a:fd4f] [lib/base.php:3281] View->sandbox()
Sun, 26 Jan 2025 21:31:25 -0500 [2603:9000:f801:55e2:2991:3af1:b55a:fd4f] [app/controllers/Controller.php:87] Preview->render()
Sun, 26 Jan 2025 21:31:25 -0500 [2603:9000:f801:55e2:2991:3af1:b55a:fd4f] [lib/base.php:2078] Controller->afterroute()
Sun, 26 Jan 2025 21:31:25 -0500 [2603:9000:f801:55e2:2991:3af1:b55a:fd4f] [lib/base.php:1871] Base->call()
Sun, 26 Jan 2025 21:31:25 -0500 [2603:9000:f801:55e2:2991:3af1:b55a:fd4f] [index.php:19] Base->run()
Sun, 26 Jan 2025 21:31:30 -0500 [2603:9000:f801:55e2:2991:3af1:b55a:fd4f] 500: Undefined variable $entity_num trace: [tmp/3hn69l4qoa804.1zo7dt0fljr4w.php:200]
Sun, 26 Jan 2025 21:31:30 -0500 [2603:9000:f801:55e2:2991:3af1:b55a:fd4f] [tmp/3hn69l4qoa804.1zo7dt0fljr4w.php:200] Base->{closure}()
Sun, 26 Jan 2025 21:31:30 -0500 [2603:9000:f801:55e2:2991:3af1:b55a:fd4f] [lib/base.php:3036] require('/home/u991737198/domains/tas2023.online/public_html/tmp/3hn69l4qoa804.1zo7dt0fljr4w.php')
Sun, 26 Jan 2025 21:31:30 -0500 [2603:9000:f801:55e2:2991:3af1:b55a:fd4f] [lib/base.php:3281] View->sandbox()
Sun, 26 Jan 2025 21:31:30 -0500 [2603:9000:f801:55e2:2991:3af1:b55a:fd4f] [tmp/3hn69l4qoa804.3h31n1yj254w8.php:7] Preview->render()
Sun, 26 Jan 2025 21:31:30 -0500 [2603:9000:f801:55e2:2991:3af1:b55a:fd4f] [lib/base.php:3036] require('/home/u991737198/domains/tas2023.online/public_html/tmp/3hn69l4qoa804.3h31n1yj254w8.php')
Sun, 26 Jan 2025 21:31:30 -0500 [2603:9000:f801:55e2:2991:3af1:b55a:fd4f] [lib/base.php:3281] View->sandbox()
Sun, 26 Jan 2025 21:31:30 -0500 [2603:9000:f801:55e2:2991:3af1:b55a:fd4f] [app/controllers/Controller.php:87] Preview->render()
Sun, 26 Jan 2025 21:31:30 -0500 [2603:9000:f801:55e2:2991:3af1:b55a:fd4f] [lib/base.php:2078] Controller->afterroute()
Sun, 26 Jan 2025 21:31:30 -0500 [2603:9000:f801:55e2:2991:3af1:b55a:fd4f] [lib/base.php:1871] Base->call()
Sun, 26 Jan 2025 21:31:30 -0500 [2603:9000:f801:55e2:2991:3af1:b55a:fd4f] [index.php:19] Base->run()
Sun, 26 Jan 2025 21:31:39 -0500 [2603:9000:f801:55e2:2991:3af1:b55a:fd4f] 500: Undefined variable $entity_num trace: [tmp/3hn69l4qoa804.1zo7dt0fljr4w.php:200]
Sun, 26 Jan 2025 21:31:39 -0500 [2603:9000:f801:55e2:2991:3af1:b55a:fd4f] [tmp/3hn69l4qoa804.1zo7dt0fljr4w.php:200] Base->{closure}()
Sun, 26 Jan 2025 21:31:39 -0500 [2603:9000:f801:55e2:2991:3af1:b55a:fd4f] [lib/base.php:3036] require('/home/u991737198/domains/tas2023.online/public_html/tmp/3hn69l4qoa804.1zo7dt0fljr4w.php')
Sun, 26 Jan 2025 21:31:39 -0500 [2603:9000:f801:55e2:2991:3af1:b55a:fd4f] [lib/base.php:3281] View->sandbox()
Sun, 26 Jan 2025 21:31:39 -0500 [2603:9000:f801:55e2:2991:3af1:b55a:fd4f] [tmp/3hn69l4qoa804.3h31n1yj254w8.php:7] Preview->render()
Sun, 26 Jan 2025 21:31:39 -0500 [2603:9000:f801:55e2:2991:3af1:b55a:fd4f] [lib/base.php:3036] require('/home/u991737198/domains/tas2023.online/public_html/tmp/3hn69l4qoa804.3h31n1yj254w8.php')
Sun, 26 Jan 2025 21:31:39 -0500 [2603:9000:f801:55e2:2991:3af1:b55a:fd4f] [lib/base.php:3281] View->sandbox()
Sun, 26 Jan 2025 21:31:39 -0500 [2603:9000:f801:55e2:2991:3af1:b55a:fd4f] [app/controllers/Controller.php:87] Preview->render()
Sun, 26 Jan 2025 21:31:39 -0500 [2603:9000:f801:55e2:2991:3af1:b55a:fd4f] [lib/base.php:2078] Controller->afterroute()
Sun, 26 Jan 2025 21:31:39 -0500 [2603:9000:f801:55e2:2991:3af1:b55a:fd4f] [lib/base.php:1871] Base->call()
Sun, 26 Jan 2025 21:31:39 -0500 [2603:9000:f801:55e2:2991:3af1:b55a:fd4f] [index.php:19] Base->run()
Sun, 26 Jan 2025 21:31:48 -0500 [2603:9000:f801:55e2:2991:3af1:b55a:fd4f] 500: Undefined variable $i18n_select_task_type trace: [/home/u991737198/domains/tas2023.online/public_html/tmp/3hn69l4qoa804.9b9764piwerh.php:214]
Sun, 26 Jan 2025 21:31:48 -0500 [2603:9000:f801:55e2:2991:3af1:b55a:fd4f] [/home/u991737198/domains/tas2023.online/public_html/tmp/3hn69l4qoa804.9b9764piwerh.php:214] Base->{closure}()
Sun, 26 Jan 2025 21:31:48 -0500 [2603:9000:f801:55e2:2991:3af1:b55a:fd4f] [/home/u991737198/domains/tas2023.online/public_html/lib/base.php:3036] require('/home/u991737198/domains/tas2023.online/public_html/tmp/3hn69l4qoa804.9b9764piwerh.php')
Sun, 26 Jan 2025 21:31:48 -0500 [2603:9000:f801:55e2:2991:3af1:b55a:fd4f] [/home/u991737198/domains/tas2023.online/public_html/lib/base.php:3281] View->sandbox()
Sun, 26 Jan 2025 21:31:48 -0500 [2603:9000:f801:55e2:2991:3af1:b55a:fd4f] [/home/u991737198/domains/tas2023.online/public_html/tmp/3hn69l4qoa804.3h31n1yj254w8.php:7] Preview->render()
Sun, 26 Jan 2025 21:31:48 -0500 [2603:9000:f801:55e2:2991:3af1:b55a:fd4f] [/home/u991737198/domains/tas2023.online/public_html/lib/base.php:3036] require('/home/u991737198/domains/tas2023.online/public_html/tmp/3hn69l4qoa804.3h31n1yj254w8.php')
Sun, 26 Jan 2025 21:31:48 -0500 [2603:9000:f801:55e2:2991:3af1:b55a:fd4f] [/home/u991737198/domains/tas2023.online/public_html/lib/base.php:3281] View->sandbox()
Sun, 26 Jan 2025 21:31:48 -0500 [2603:9000:f801:55e2:2991:3af1:b55a:fd4f] [/home/u991737198/domains/tas2023.online/public_html/app/controllers/Controller.php:87] Preview->render()
Sun, 26 Jan 2025 21:31:48 -0500 [2603:9000:f801:55e2:2991:3af1:b55a:fd4f] [/home/u991737198/domains/tas2023.online/public_html/lib/base.php:2078] Controller->afterroute()
Sun, 26 Jan 2025 21:31:48 -0500 [2603:9000:f801:55e2:2991:3af1:b55a:fd4f] [/home/u991737198/domains/tas2023.online/public_html/lib/base.php:1871] Base->call()
Sun, 26 Jan 2025 21:31:48 -0500 [2603:9000:f801:55e2:2991:3af1:b55a:fd4f] [/home/u991737198/domains/tas2023.online/public_html/index.php:19] Base->run()
Sun, 26 Jan 2025 21:32:15 -0500 [2603:9000:f801:55e2:2991:3af1:b55a:fd4f] 500: Undefined variable $i18n_select_task_type trace: [/home/u991737198/domains/tas2023.online/public_html/tmp/3hn69l4qoa804.9b9764piwerh.php:214]
Sun, 26 Jan 2025 21:32:15 -0500 [2603:9000:f801:55e2:2991:3af1:b55a:fd4f] [/home/u991737198/domains/tas2023.online/public_html/tmp/3hn69l4qoa804.9b9764piwerh.php:214] Base->{closure}()
Sun, 26 Jan 2025 21:32:15 -0500 [2603:9000:f801:55e2:2991:3af1:b55a:fd4f] [/home/u991737198/domains/tas2023.online/public_html/lib/base.php:3036] require('/home/u991737198/domains/tas2023.online/public_html/tmp/3hn69l4qoa804.9b9764piwerh.php')
Sun, 26 Jan 2025 21:32:15 -0500 [2603:9000:f801:55e2:2991:3af1:b55a:fd4f] [/home/u991737198/domains/tas2023.online/public_html/lib/base.php:3281] View->sandbox()
Sun, 26 Jan 2025 21:32:15 -0500 [2603:9000:f801:55e2:2991:3af1:b55a:fd4f] [/home/u991737198/domains/tas2023.online/public_html/tmp/3hn69l4qoa804.3h31n1yj254w8.php:7] Preview->render()
Sun, 26 Jan 2025 21:32:15 -0500 [2603:9000:f801:55e2:2991:3af1:b55a:fd4f] [/home/u991737198/domains/tas2023.online/public_html/lib/base.php:3036] require('/home/u991737198/domains/tas2023.online/public_html/tmp/3hn69l4qoa804.3h31n1yj254w8.php')
Sun, 26 Jan 2025 21:32:15 -0500 [2603:9000:f801:55e2:2991:3af1:b55a:fd4f] [/home/u991737198/domains/tas2023.online/public_html/lib/base.php:3281] View->sandbox()
Sun, 26 Jan 2025 21:32:15 -0500 [2603:9000:f801:55e2:2991:3af1:b55a:fd4f] [/home/u991737198/domains/tas2023.online/public_html/app/controllers/Controller.php:87] Preview->render()
Sun, 26 Jan 2025 21:32:15 -0500 [2603:9000:f801:55e2:2991:3af1:b55a:fd4f] [/home/u991737198/domains/tas2023.online/public_html/lib/base.php:2078] Controller->afterroute()
Sun, 26 Jan 2025 21:32:15 -0500 [2603:9000:f801:55e2:2991:3af1:b55a:fd4f] [/home/u991737198/domains/tas2023.online/public_html/lib/base.php:1871] Base->call()
Sun, 26 Jan 2025 21:32:15 -0500 [2603:9000:f801:55e2:2991:3af1:b55a:fd4f] [/home/u991737198/domains/tas2023.online/public_html/index.php:19] Base->run()
Sun, 26 Jan 2025 21:32:28 -0500 [2603:9000:f801:55e2:2991:3af1:b55a:fd4f] 500: Undefined variable $entity_num trace: [tmp/3hn69l4qoa804.1zo7dt0fljr4w.php:200]
Sun, 26 Jan 2025 21:32:28 -0500 [2603:9000:f801:55e2:2991:3af1:b55a:fd4f] [tmp/3hn69l4qoa804.1zo7dt0fljr4w.php:200] Base->{closure}()
Sun, 26 Jan 2025 21:32:28 -0500 [2603:9000:f801:55e2:2991:3af1:b55a:fd4f] [lib/base.php:3036] require('/home/u991737198/domains/tas2023.online/public_html/tmp/3hn69l4qoa804.1zo7dt0fljr4w.php')
Sun, 26 Jan 2025 21:32:28 -0500 [2603:9000:f801:55e2:2991:3af1:b55a:fd4f] [lib/base.php:3281] View->sandbox()
Sun, 26 Jan 2025 21:32:28 -0500 [2603:9000:f801:55e2:2991:3af1:b55a:fd4f] [tmp/3hn69l4qoa804.3h31n1yj254w8.php:7] Preview->render()
Sun, 26 Jan 2025 21:32:28 -0500 [2603:9000:f801:55e2:2991:3af1:b55a:fd4f] [lib/base.php:3036] require('/home/u991737198/domains/tas2023.online/public_html/tmp/3hn69l4qoa804.3h31n1yj254w8.php')
Sun, 26 Jan 2025 21:32:28 -0500 [2603:9000:f801:55e2:2991:3af1:b55a:fd4f] [lib/base.php:3281] View->sandbox()
Sun, 26 Jan 2025 21:32:28 -0500 [2603:9000:f801:55e2:2991:3af1:b55a:fd4f] [app/controllers/Controller.php:87] Preview->render()
Sun, 26 Jan 2025 21:32:28 -0500 [2603:9000:f801:55e2:2991:3af1:b55a:fd4f] [lib/base.php:2078] Controller->afterroute()
Sun, 26 Jan 2025 21:32:28 -0500 [2603:9000:f801:55e2:2991:3af1:b55a:fd4f] [lib/base.php:1871] Base->call()
Sun, 26 Jan 2025 21:32:28 -0500 [2603:9000:f801:55e2:2991:3af1:b55a:fd4f] [index.php:19] Base->run()
Sun, 26 Jan 2025 21:32:32 -0500 [2603:9000:f801:55e2:2991:3af1:b55a:fd4f] 500: Undefined variable $token trace: [tmp/3hn69l4qoa804.2r4f9cgm96ecs.php:226]
Sun, 26 Jan 2025 21:32:32 -0500 [2603:9000:f801:55e2:2991:3af1:b55a:fd4f] [tmp/3hn69l4qoa804.2r4f9cgm96ecs.php:226] Base->{closure}()
Sun, 26 Jan 2025 21:32:32 -0500 [2603:9000:f801:55e2:2991:3af1:b55a:fd4f] [lib/base.php:3036] require('/home/u991737198/domains/tas2023.online/public_html/tmp/3hn69l4qoa804.2r4f9cgm96ecs.php')
Sun, 26 Jan 2025 21:32:32 -0500 [2603:9000:f801:55e2:2991:3af1:b55a:fd4f] [lib/base.php:3281] View->sandbox()
Sun, 26 Jan 2025 21:32:32 -0500 [2603:9000:f801:55e2:2991:3af1:b55a:fd4f] [tmp/3hn69l4qoa804.3h31n1yj254w8.php:7] Preview->render()
Sun, 26 Jan 2025 21:32:32 -0500 [2603:9000:f801:55e2:2991:3af1:b55a:fd4f] [lib/base.php:3036] require('/home/u991737198/domains/tas2023.online/public_html/tmp/3hn69l4qoa804.3h31n1yj254w8.php')
Sun, 26 Jan 2025 21:32:32 -0500 [2603:9000:f801:55e2:2991:3af1:b55a:fd4f] [lib/base.php:3281] View->sandbox()
Sun, 26 Jan 2025 21:32:32 -0500 [2603:9000:f801:55e2:2991:3af1:b55a:fd4f] [app/controllers/Controller.php:87] Preview->render()
Sun, 26 Jan 2025 21:32:32 -0500 [2603:9000:f801:55e2:2991:3af1:b55a:fd4f] [lib/base.php:2078] Controller->afterroute()
Sun, 26 Jan 2025 21:32:32 -0500 [2603:9000:f801:55e2:2991:3af1:b55a:fd4f] [lib/base.php:1871] Base->call()
Sun, 26 Jan 2025 21:32:32 -0500 [2603:9000:f801:55e2:2991:3af1:b55a:fd4f] [index.php:19] Base->run()
Sun, 26 Jan 2025 22:16:25 -0500 [71.44.157.248] 401: HTTP 401 (GET /task/taskData) trace: [/home/u991737198/domains/tas2023.online/public_html/lib/access.php:112] Base->error()
Sun, 26 Jan 2025 22:16:25 -0500 [71.44.157.248] [/home/u991737198/domains/tas2023.online/public_html/app/controllers/Controller.php:78] Access->authorize()
Sun, 26 Jan 2025 22:16:25 -0500 [71.44.157.248] [/home/u991737198/domains/tas2023.online/public_html/lib/base.php:2069] Controller->beforeroute()
Sun, 26 Jan 2025 22:16:25 -0500 [71.44.157.248] [/home/u991737198/domains/tas2023.online/public_html/lib/base.php:1871] Base->call()
Sun, 26 Jan 2025 22:16:25 -0500 [71.44.157.248] [/home/u991737198/domains/tas2023.online/public_html/index.php:19] Base->run()
